scheme,block_length_samples,block_length_m,replicate,unique_fraction_19A,unique_fraction_BT2,bootstrap_success,hierarchy_evaluated,pooled_fit_nfev,pooled_fit_bound_hit,Vcem_fraction,Cn,A_raw,Gamma_raw,A_adjusted,Gamma_adjusted,beta_raw,beta_adjusted,beta_raw_at_BT2,beta_adjusted_at_BT2,beta_raw_at_pooled,beta_adjusted_at_pooled,beta_raw_at_19A,beta_adjusted_at_19A,hierarchy_separate_objective,hierarchy_qstar_objective,hierarchy_Cn_objective,hierarchy_qstar_delta,hierarchy_Cn_delta,hierarchy_delta_Cn_minus_qstar,hierarchy_qstar_success,hierarchy_Cn_success,hierarchy_qstar_bound_hit,hierarchy_Cn_bound_hit
IID,1,4,0,0.5862068965517241,0.7,True,False,22,False,0.029389155793424136,4.473840221019319,0.2948431154389121,1.4776278494638038,0.29476716221311106,1.5960554894928434,6.045371331581013,5.723239782562194,105.09305830090119,104.76693925487645,19.687193510315698,19.375483516328472,8.052967664304008,7.734414790639318,,,,,,,,,,
IID,1,4,1,0.7241379310344828,0.6666666666666666,True,False,16,False,0.017405847127405203,5.093140564640882,0.3000525309653665,1.4757659175932258,0.30025092655859614,1.6008331279613446,13.381343360072567,13.065848941429117,107.02028799841771,106.7787056863698,20.10722276351844,19.800243711673765,8.269754858485733,7.94467135824627,,,,,,,,,,
IID,1,4,2,0.6206896551724138,0.6,True,False,28,False,0.0047692394502102465,7.034770180037158,0.30895386001339764,1.5020339882395766,0.30914995138332396,1.6516702967635057,60.980132668831864,60.64264361134436,110.2392196322204,109.93494527457793,20.748918927341354,20.378344554829706,8.561732220988663,8.171108508161439,,,,,,,,,,
IID,1,4,3,0.5517241379310345,0.5333333333333333,True,False,21,False,0.009243430098910948,6.036001519045186,0.3048399144301963,1.4959211478009418,0.3052997974741935,1.638721092350477,29.15082143456765,28.83512908821559,108.73634777398672,108.546633630431,20.43678813013999,20.104883965478724,8.410732471669357,8.04904569252759,,,,,,,,,,
IID,1,4,4,0.5862068965517241,0.6333333333333333,True,False,11,False,0.012552870285827944,5.4355450291122445,0.3025661875941534,1.4967237958755693,0.30297071082225147,1.6129859934672957,20.24030684749185,19.972459984418784,107.89520494761581,107.75185703294014,20.253485980056027,19.985661931531354,8.316139168964426,8.022891878060928,,,,,,,,,,
IID,1,4,5,0.4827586206896552,0.5666666666666667,True,False,26,False,0.006023707065349617,6.848659907707326,0.30788267469813035,1.4803143912475198,0.3081643645295589,1.6193066727904508,47.35445800500118,47.04842802337005,109.89856630985201,109.65267375782953,20.71959584872429,20.38331594155492,8.576031327546373,8.217241534144204,,,,,,,,,,
IID,1,4,6,0.5517241379310345,0.6,True,False,22,False,0.01952513368512209,4.878453251929815,0.29881716130687924,1.4883431544810888,0.2987856009124746,1.6109594266650595,11.392427127566108,11.06853905492141,106.53271530860783,106.21243650797354,19.97629466702247,19.657312407380438,8.186018828932948,7.85811350697357,,,,,,,,,,
IID,1,4,7,0.6551724137931034,0.6333333333333333,True,False,20,False,0.014852297141957908,5.1249524376762166,0.30136371089245134,1.4862152490632263,0.3015058720888232,1.6093865559352767,16.43189488472987,16.121663766584433,107.4778795465023,107.22031592589965,20.1847629585061,19.87819490162692,8.295235949827482,7.9729160809202755,,,,,,,,,,
IID,1,4,8,0.5517241379310345,0.7333333333333333,True,False,19,False,0.008372923033122875,5.883128149543985,0.3054186003313643,1.5121827949503885,0.30561199863749655,1.623220829873745,32.615656172222714,32.355224210510954,108.90898133802041,108.7008669165418,20.44094256497218,20.16977382374649,8.39094589152051,8.103029737973632,,,,,,,,,,
IID,1,4,9,0.5517241379310345,0.6666666666666666,True,False,25,False,0.005032402407346686,6.908157355808169,0.3083887956615539,1.5106397678493046,0.3089636852368531,1.648090676374894,57.45591291519268,57.22214498460614,110.00902054616525,109.8752135421053,20.68166858589811,20.37273678090049,8.515831489080144,8.173069774965875,,,,,,,,,,
IID,1,4,10,0.6896551724137931,0.5666666666666667,True,False,24,False,0.006231494982458484,6.635518261022229,0.3074523228671736,1.5037206857324925,0.30784350206272426,1.6460984729282842,45.51965939036602,45.220856537497134,109.6808294469011,109.46682262985121,20.624883539522685,20.288592807043713,8.496183110254925,8.132827198196702,,,,,,,,,,
IID,1,4,11,0.6206896551724138,0.7,True,False,27,False,0.005403209054793306,6.974184428202737,0.3082861517918076,1.4946249800022027,0.3086637671316234,1.624221875622818,53.26839424806364,53.009852822013926,110.01144969674579,109.82460727050773,20.7148206100898,20.41043561742059,8.554317511741353,8.224455463253609,,,,,,,,,,
IID,1,4,12,0.5517241379310345,0.6666666666666666,True,False,19,False,0.018465995677389366,4.9919093948484745,0.2992199922899351,1.4914098981719923,0.2995182079091924,1.591178300961745,12.294854550271095,12.049511177119665,106.67366157661985,106.53259638860185,20.00048775196769,19.766759998110427,8.194229799383251,7.940595520776861,,,,,,,,,,
IID,1,4,13,0.6551724137931034,0.6333333333333333,True,False,23,False,0.0069962232713999244,6.206001472432974,0.30643243305256307,1.508738903343362,0.30685879899497953,1.6342860135186046,39.960699833829864,39.70218690888878,109.29180637319375,109.13314895042636,20.530640027921315,20.240593070951437,8.441344528761507,8.124252509556584,,,,,,,,,,
IID,1,4,14,0.5517241379310345,0.6333333333333333,True,False,31,False,0.005201724802877326,7.067996532469898,0.30880440769718304,1.492105349160566,0.3087526015576224,1.636665461458625,55.58635978989603,55.21023840903125,110.20905490521109,109.82607061955535,20.76263196239851,20.38539999278302,8.582102776084621,8.194920789191016,,,,,,,,,,
IID,1,4,15,0.6551724137931034,0.6333333333333333,True,False,16,False,0.011131785119159443,5.64923542267653,0.30345319315639907,1.4996703340971493,0.3038048696938293,1.611868739204402,23.403565487515824,23.14663207061448,108.2151391806642,108.06251688253853,20.316581116536963,20.05503330189901,8.34435804846169,8.059786906867874,,,,,,,,,,
IID,1,4,16,0.6896551724137931,0.6333333333333333,True,False,20,False,0.025275291572954803,4.568419064544329,0.2960134579271841,1.4834396516406667,0.2963189238485541,1.5931533035224645,7.752829178559872,7.472130058597845,105.5103464640924,105.34692431441078,19.765477301530833,19.50665923402144,8.085075293435462,7.805243936751133,,,,,,,,,,
IID,1,4,17,0.6206896551724138,0.6,True,False,17,False,0.03670946254525092,4.366552768164137,0.292625418590268,1.4632517117710895,0.2922725091087846,1.5906386227276588,3.9436166370769596,3.5833555750329245,104.31079920581233,103.85991807117448,19.547533023377156,19.190624399656922,8.001085526538963,7.6474054717833395,,,,,,,,,,
IID,1,4,18,0.5862068965517241,0.6666666666666666,True,False,20,False,0.020447640119590663,4.868488055582759,0.2985782123778479,1.4759937593423207,0.29863617362581224,1.5896088794047492,10.71331154685352,10.416806384401006,106.47561487968666,106.21103054134888,19.989122105140126,19.700506832509248,8.209198581700193,7.908910458354711,,,,,,,,,,
IID,1,4,19,0.6896551724137931,0.7,True,False,26,False,0.005404767758922397,6.689447505894803,0.30824523576359747,1.5001734724477114,0.30852383599252886,1.641427132494115,53.23029304323289,52.92386914055823,109.98238373380521,109.7296589544627,20.697238949413585,20.35487627215477,8.537873838914681,8.172934614241207,,,,,,,,,,
IID,1,4,20,0.6206896551724138,0.6333333333333333,True,False,15,False,0.012623303194866313,5.481683256941424,0.30253000150121134,1.4923718116996918,0.30287049557369616,1.6258872622977556,20.113485465745374,19.79579324373278,107.89280457749547,107.68239928629714,20.26183397889338,19.944376582356398,8.326260455900325,7.98445082328372,,,,,,,,,,
IID,1,4,21,0.5862068965517241,0.6,True,False,17,False,0.010084667821134168,5.6761370569090115,0.30400043441905034,1.5035496358548521,0.30437782401390184,1.6297179593467037,26.28872124840636,26.002564593254213,108.40733504307325,108.22903919553407,20.350187450054015,20.054633443649237,8.356276619190304,8.035538331603487,,,,,,,,,,
IID,1,4,22,0.6896551724137931,0.6333333333333333,True,False,19,False,0.008461563599425495,5.98857688081858,0.30560351751252196,1.487693965041165,0.30578462935212647,1.6298107044119206,32.3170604959398,31.975494474285462,109.03886494812178,108.74798950848329,20.518886136484422,20.16652544563323,8.463697771997259,8.092495385737806,,,,,,,,,,
IID,1,4,23,0.6206896551724138,0.6666666666666666,True,False,21,False,0.027187649112865975,4.461297861496747,0.2954918012228113,1.4753402472896116,0.29561127022677713,1.5896866921628596,6.911277704555781,6.608958807761301,105.33821483641114,105.09448925196035,19.744802102347556,19.459201876675365,8.085438450961743,7.785703297878865,,,,,,,,,,
IID,1,4,24,0.6206896551724138,0.6333333333333333,True,False,20,False,0.021164046889287805,4.835488030049821,0.29795511070712083,1.4816919218824387,0.2982406298334182,1.5885289310537216,10.167191585545492,9.89866843579011,106.23131564828893,106.06777275787891,19.924750238279145,19.67176676010348,8.168683145956615,7.895703429536197,,,,,,,,,,
IID,1,4,25,0.6206896551724138,0.6666666666666666,True,False,20,False,0.02032435250625103,4.842106604690053,0.2986882101248124,1.4846856861048714,0.2987231928478292,1.6052157220914676,10.785669709648063,10.469935659560612,106.49433170263062,106.20386190826306,19.97545618380832,19.667162310895396,8.190518030170114,7.870875773330212,,,,,,,,,,
IID,1,4,26,0.5862068965517241,0.6,True,False,22,False,0.022758884830839578,4.706519315423423,0.29767341043148093,1.481965127216203,0.2976890243979361,1.617085722597184,9.151007938919037,8.793513011085489,106.12666603993313,105.79232299574436,19.901591796916918,19.554096579104513,8.156500774559158,7.797204988990687,,,,,,,,,,
IID,1,4,27,0.6206896551724138,0.6666666666666666,True,False,12,False,0.013799475545129815,5.501607812398505,0.3023530911173165,1.470661129559017,0.30238280205740337,1.5898498937334082,18.10245228650192,17.795986478661302,107.8821624077325,107.59312310275,20.30376731638877,19.998515006664363,8.376899195927507,8.06061542021601,,,,,,,,,,
IID,1,4,28,0.6896551724137931,0.6666666666666666,True,False,14,False,0.010792016553106248,5.532560486946986,0.30364649034445257,1.4992811661743681,0.3038181039474477,1.6309425091936034,24.284080648144997,23.961702380836833,108.28745537207888,108.01939135685804,20.33299256093304,20.006859674507496,8.353254634697588,8.009516836913782,,,,,,,,,,
IID,1,4,29,0.6206896551724138,0.7333333333333333,True,False,20,False,0.008000190220962745,6.172938114051142,0.3058920666908637,1.4958851898251924,0.30616271621211155,1.6211492664979763,34.41956368552364,34.13384270020684,109.1247367543123,108.90932434731113,20.520744192569037,20.219016137912863,8.45361131007223,8.130941421936438,,,,,,,,,,
IID,1,4,30,0.6551724137931034,0.6,True,False,21,False,0.016260391931505244,5.087929055275366,0.3003459000158151,1.4901193487325644,0.30058281441775403,1.606356892487418,14.587860021339692,14.299522712029702,107.092427999637,106.88728583492609,20.09356063630497,19.81244072396815,8.243449661040097,7.943452662313291,,,,,,,,,,
IID,1,4,31,0.5862068965517241,0.6333333333333333,True,False,10,False,0.012324493781487892,5.38308743847416,0.3026685187576036,1.4854465611674614,0.30272566732253625,1.6269110626999148,20.726617098574238,20.36634968029308,107.96135579963439,107.62637323126313,20.290748427291867,19.930190465992162,8.350340202586832,7.975834583892891,,,,,,,,,,
IID,1,4,32,0.6896551724137931,0.8,True,False,16,False,0.01201301293372574,5.619659705053783,0.3029698957434055,1.4897692028984066,0.3032316502007679,1.6106690641784316,21.380402181824266,21.09058339329211,108.06169914874637,107.85398895608114,20.30361356816832,20.012440349890063,8.351080380085511,8.039674079296772,,,,,,,,,,
IID,1,4,33,0.5517241379310345,0.6333333333333333,True,False,30,False,0.0039850873535588445,7.388661439140209,0.3098400987524698,1.49813195420121,0.3101136526147191,1.6377165388366386,73.96686980006305,73.68304113164156,110.57610907227547,110.3257230708567,20.82962877836407,20.491171676713595,8.608162966214085,8.247464583241065,,,,,,,,,,
IID,1,4,34,0.6896551724137931,0.7,True,False,22,False,0.021914692381931253,4.739058013000595,0.2976487810304136,1.4895680546186358,0.2976987054720622,1.6028505186203972,9.64238937840094,9.345046065728674,106.09843956558902,105.83172654324964,19.880005886763875,19.59160859860356,8.135246805575283,7.835518006718862,,,,,,,,,,
IID,1,4,35,0.6896551724137931,0.6666666666666666,True,False,20,False,0.01407034104561897,5.245146574752939,0.30165125949023697,1.4935261759351224,0.30188965771562604,1.626978605468105,17.56885824553862,17.240006863753017,107.5655978414093,107.31767254199768,20.18881326845368,19.86338083502021,8.287453716297389,7.941660493576714,,,,,,,,,,
IID,1,4,36,0.6551724137931034,0.5666666666666667,True,False,20,False,0.015460166385230666,5.109754945482136,0.3007554372120922,1.488864383276092,0.3010526891616742,1.6171941181862566,15.58176258621017,15.267266678087912,107.24672716783996,107.03341601196847,20.12944237250625,19.821922385031556,8.263445377462451,7.933690988613329,,,,,,,,,,
IID,1,4,37,0.5862068965517241,0.7,True,False,10,False,0.01214859431556485,5.373734363092924,0.3027836450627223,1.495692781749821,0.30297881236939994,1.6314213433238653,21.06699290957812,20.733108018596216,107.97805308864518,107.70844420964819,20.27347972729724,19.938726926267684,8.327727903643098,7.9741137066070635,,,,,,,,,,
IID,1,4,38,0.5862068965517241,0.6666666666666666,True,False,17,False,0.0239885162730833,4.688235655313316,0.29692469862471726,1.4847577547432906,0.2968228718338164,1.6073616522598462,8.429081856816723,8.098772805842026,105.84332356645437,105.49714398763179,19.834707045748807,19.510156043844937,8.118617414750485,7.787887854554312,,,,,,,,,,
IID,1,4,39,0.6551724137931034,0.5666666666666667,True,False,23,False,0.010853946078787924,5.757296785023858,0.303681439967558,1.4911891561608583,0.3040587619390123,1.6146013309450244,24.146944651673234,23.864572350729766,108.32072158662956,108.14933814889251,20.356663357381137,20.06821744806689,8.376231054251113,8.062831773351611,,,,,,,,,,
IID,1,4,40,0.6551724137931034,0.6333333333333333,True,False,23,False,0.00843803776945743,5.898548492625356,0.3054896542389172,1.4913886805829972,0.30564976181466735,1.6338586470266974,32.39505466607283,32.05017879529511,108.98754373840727,108.68802755115728,20.500274623272283,20.145328096343093,8.44922592996955,8.07622854257992,,,,,,,,,,
IID,1,4,41,0.7241379310344828,0.7,True,False,19,False,0.011786534526192759,5.60707492374883,0.3030994921744169,1.4899086620670914,0.3034700311223513,1.6153620472737018,21.877883644059974,21.58616544756805,108.10917589278682,107.93015133904798,20.313583294219544,20.01932846878185,8.355978596604725,8.036866178948308,,,,,,,,,,
IID,1,4,42,0.6551724137931034,0.6666666666666666,True,False,21,False,0.01775523338540153,5.129820837523019,0.2998052819338746,1.4790094668460838,0.3001636445892715,1.5940772492733195,13.016186640216057,12.735338459525327,106.92087617018524,106.76349902607947,20.079143991764695,19.81072337873781,8.251061033973922,7.959118394283587,,,,,,,,,,
IID,1,4,43,0.6206896551724138,0.6666666666666666,True,False,35,False,0.0029134646046837724,8.190840996598686,0.31107650482539745,1.5117102834167098,0.311574713353177,1.6480917341191776,102.96501665734958,102.79256350588452,110.99822936376037,110.83881497631518,20.89313322697724,20.58084967177942,8.622268630004228,8.279237672735334,,,,,,,,,,
IID,1,4,44,0.6896551724137931,0.5666666666666667,True,False,17,False,0.009858071036248046,5.785882656179977,0.30465377093812035,1.4810695704726768,0.3047243974568311,1.623236257681318,27.107761525594967,26.7505285045606,108.7050333956093,108.37325745058466,20.460282510671433,20.09898652096854,8.442724668248543,8.066896632007161,,,,,,,,,,
IID,1,4,45,0.6206896551724138,0.7,True,False,22,False,0.015405902285232606,5.1272006224015,0.300788945639827,1.4977958656537784,0.3011562610978283,1.6133004300806655,15.629781948784482,15.353295974420396,107.2366125117011,107.08144001121161,20.109061482287995,19.840227151511492,8.241016463354526,7.948274377861744,,,,,,,,,,
IID,1,4,46,0.6206896551724138,0.6,True,False,29,False,0.05015939884936728,4.2878641369253865,0.28922906836483286,1.45292692631286,0.2889123008546711,1.5506685673561573,1.6130876367104108,1.3273833468751342,103.0833587400942,102.7204345082131,19.30346998768671,19.02595512420646,7.890484607584987,7.617242462836585,,,,,,,,,,
IID,1,4,47,0.5862068965517241,0.6,True,False,20,False,0.0333970711977408,4.64515851071028,0.2942293486061308,1.4509091564660372,0.29414595785750347,1.5586012664540179,4.852321531145269,4.556067764771512,104.93379897870109,104.63195697753589,19.707232032959585,19.422637107015344,8.099182972589748,7.808924693757265,,,,,,,,,,
IID,1,4,48,0.6896551724137931,0.6333333333333333,True,False,23,False,0.008726363053765054,6.028076504176433,0.3054102675901226,1.490264350550998,0.305717841752897,1.6167916059097844,31.18982225194422,30.901695988884462,108.96107596468772,108.75611117068804,20.496848841895343,20.194803713686902,8.448992837672721,8.12445957257482,,,,,,,,,,
IID,1,4,49,0.6896551724137931,0.6333333333333333,True,False,22,False,0.018775489894874965,4.91271488366809,0.2990763953816354,1.495811323929568,0.2991757662699406,1.6006000078259837,12.005384242784444,11.73580288638589,106.60958829601343,106.3825028398436,19.97768229308432,19.715148240080982,8.176666399807493,7.901573720996979,,,,,,,,,,
IID,1,4,50,0.6206896551724138,0.6333333333333333,True,False,22,False,0.022818917389364795,4.8383624954353,0.2975254537461242,1.475927202666625,0.2976741044536861,1.5915163761298652,9.125497063496097,8.825556042460494,106.08726015174031,105.8511761106115,19.90538229644357,19.618900616315088,8.166568162615814,7.864709260423793,,,,,,,,,,
IID,1,4,51,0.5517241379310345,0.6666666666666666,True,False,18,False,0.019180027249476903,4.931806210725367,0.2989623160193565,1.4820221269777727,0.2991320494337562,1.6005448020623132,11.695507757392004,11.393127048196135,106.60219523445448,106.36650802733811,20.004178692528328,19.71180621237933,8.20875895722152,7.899943144413328,,,,,,,,,,
IID,1,4,52,0.5862068965517241,0.5666666666666667,True,False,20,False,0.01905064758297642,5.101277892057872,0.29924747427098086,1.4850329608944497,0.29936700323313314,1.6080833336876403,11.809752344784135,11.493016821220195,106.69985492072963,106.43424323516116,20.01913680948661,19.711076943993568,8.212334000924105,7.88941599167789,,,,,,,,,,
IID,1,4,53,0.5517241379310345,0.7666666666666667,True,False,21,False,0.00818683425940386,5.9318132665538235,0.30551494600168344,1.500118693400022,0.305939169242297,1.6411654959598048,33.48917873766809,33.18101162953717,108.97490381805821,108.77644211456622,20.47975879560103,20.149537091867646,8.426999575715627,8.068532756271061,,,,,,,,,,
IID,1,4,54,0.6206896551724138,0.6,True,False,15,False,0.012299545606801401,5.567283086358184,0.3033581152687804,1.4735570912856935,0.3031455266775978,1.609877475922003,20.86341072395589,20.494513808943108,108.2457788932358,107.82419740015912,20.376399823865036,20.007618806086928,8.410051720908443,8.038280700613551,,,,,,,,,,
IID,1,4,55,0.6206896551724138,0.6,True,False,18,False,0.015972154305488474,5.18102128323241,0.30074529447033493,1.483418202708531,0.3009153994464136,1.617973266048781,14.96656254927156,14.626834242082143,107.25669228597933,106.98078786852044,20.142690261007306,19.80896857456171,8.277540341579021,7.9260329833152525,,,,,,,,,,
IID,1,4,56,0.5862068965517241,0.6666666666666666,True,False,19,False,0.0178326235041441,4.9961896021862655,0.2994914637345816,1.4924042134170432,0.29965306093972977,1.606370360688403,12.889476079900694,12.600327929676947,106.77134580486633,106.54412492873331,20.01955948057164,19.73829867146002,8.202619853812736,7.90561076198166,,,,,,,,,,
IID,1,4,57,0.6551724137931034,0.6,True,False,19,False,0.01076425366302816,5.377940928355903,0.3034392148682808,1.5118865269937494,0.30368934464291264,1.633362082919028,24.30528281034353,24.016432527258747,108.17923169293745,107.96578233987323,20.283937552014432,19.990351932100772,8.31124848422287,7.99783597548116,,,,,,,,,,
IID,1,4,58,0.6206896551724138,0.6,True,False,17,False,0.01454822179561209,5.1825024756290565,0.30130275860720807,1.485833231408245,0.3013409897437001,1.6034282030566924,16.85584079098049,16.55338519703992,107.4563465661278,107.17446330999819,20.1808906411651,19.880430947292744,8.293775091136686,7.982083269809307,,,,,,,,,,
IID,1,4,59,0.6206896551724138,0.7666666666666667,True,False,19,False,0.026275904992223244,4.660466760821145,0.2961924618647524,1.4752843242370752,0.2961020303808446,1.5951897005849767,7.324875478633071,7.000594567940855,105.59693552656368,105.26175371886853,19.80079356623692,19.484115596300654,8.11407797286377,7.791000023093777,,,,,,,,,,
IID,1,4,60,0.6551724137931034,0.6666666666666666,True,False,18,False,0.027402796219012773,4.631130446744018,0.2957901902835797,1.4816600476216868,0.295514673708544,1.5875006382301362,6.817587675354266,6.5234716640739006,105.43242853735153,105.06434256143687,19.752274516323844,19.45714461702887,8.080737153665293,7.787598602880534,,,,,,,,,,
IID,1,4,61,0.7586206896551724,0.6333333333333333,True,False,20,False,0.008206746027671569,5.868973095008401,0.30553837367865655,1.494556740135577,0.3057734213725496,1.634232130687945,33.41549189864694,33.08762989302846,108.9975495586079,108.73272423114965,20.4959812646886,20.15422060973234,8.442767986478323,8.080261963198815,,,,,,,,,,
IID,1,4,62,0.6206896551724138,0.6333333333333333,True,False,23,False,0.032040183253662716,4.50376682882063,0.29438875552538574,1.4649997137183435,0.29435542129399556,1.5780942372938218,5.206698626497349,4.898302602000567,104.95716170837107,104.66019499536921,19.683570732946716,19.38902226185597,8.068130787581332,7.7655171205647635,,,,,,,,,,
IID,1,4,63,0.6206896551724138,0.6,True,False,17,False,0.00958703356182814,5.66870360664331,0.30451542734816395,1.4999216183431363,0.3046977846656581,1.6404031134842418,27.921373975771985,27.580567276816346,108.60652591049832,108.32022610926974,20.40059941493702,20.05255848325059,8.386881694282591,8.02008587272362,,,,,,,,,,
IID,1,4,64,0.5862068965517241,0.6333333333333333,True,False,18,False,0.03051045024775774,4.582067203387411,0.2947795357650545,1.466808582925526,0.2946318635524903,1.583391468194965,5.69176817798502,5.37140394968657,105.0968267642714,104.74888305308738,19.710049810136802,19.3973845779536,8.07920243863016,7.76264730677967,,,,,,,,,,
IID,1,4,65,0.6551724137931034,0.6333333333333333,True,False,21,False,0.016828355821185005,4.95901759223166,0.29986794278756584,1.4948811127926445,0.3002314015920087,1.6232879691705682,13.917870789801336,13.604353029310086,106.90405151910566,106.71497999011213,20.043174508123546,19.740732583134676,8.211330502849968,7.8840628106374355,,,,,,,,,,
IID,1,4,66,0.6551724137931034,0.6666666666666666,True,False,16,False,0.015613012087344764,5.129846921953476,0.30086737932143875,1.4856282859038907,0.30094012732669595,1.6230314157763697,15.40536829787345,15.052567336167659,107.29618500358326,106.97718211238714,20.146717085240496,19.79788470368961,8.276617445292185,7.913564712533744,,,,,,,,,,
IID,1,4,67,0.5862068965517241,0.6,True,False,20,False,0.02432796351943167,4.904816838863433,0.2973148853045416,1.4620052213928403,0.2973279754420226,1.5833392881378339,8.329410592748816,8.006969960277914,106.04459186623869,105.7440187919447,19.924530609808762,19.61241659329881,8.19509094818694,7.872416729912317,,,,,,,,,,
IID,1,4,68,0.6896551724137931,0.6333333333333333,True,False,20,False,0.007546686333605835,6.284942591631916,0.30628621206024276,1.4909932567253414,0.30654482198624755,1.6201423526911625,36.786362209350905,36.4915487941239,109.28250997655152,109.0528755467555,20.56478594020843,20.25207120516552,8.48266921632945,8.14916095696061,,,,,,,,,,
IID,1,4,69,0.6206896551724138,0.5666666666666667,True,False,28,False,0.0038781155885883782,7.100017330999878,0.3096644969467446,1.5159951943070156,0.3097948849128438,1.6626237681574378,76.02212521422238,75.68558644399961,110.46634026250756,110.14538857972542,20.769528030046672,20.401479494889166,8.553438943233065,8.168155495663576,,,,,,,,,,
IID,1,4,70,0.6896551724137931,0.7333333333333333,True,False,20,False,0.008375296896007488,6.143370061318886,0.30561708415339717,1.4957447652818845,0.30588186334481327,1.62404102803841,32.670966534731136,32.37498081425137,109.02360746537406,108.79839643734793,20.499188756650696,20.18916687292178,8.44280391453368,8.111818267077027,,,,,,,,,,
IID,1,4,71,0.6551724137931034,0.6,True,False,24,False,0.006724716021980442,6.478799889745691,0.3069204193271033,1.4884046872673595,0.30741012552751895,1.616579806146226,41.85601307903361,41.60291787380578,109.52308074216766,109.38118431135615,20.622017284007423,20.3302361863091,8.51535298021527,8.193836108579005,,,,,,,,,,
IID,1,4,72,0.6551724137931034,0.6,True,False,15,False,0.014559747263059267,5.321523264997245,0.30134790132829053,1.496811180380299,0.3016973251601364,1.6065670066421947,16.81394996641952,16.553194824928188,107.44537450414109,107.29806893647182,20.15615524670619,19.90073205543308,8.26636793164699,7.988211666866528,,,,,,,,,,
IID,1,4,73,0.6551724137931034,0.6333333333333333,True,False,17,False,0.0101640863352159,5.651188809219965,0.3040414801277668,1.5020869747970846,0.30424087145358253,1.6318379461768118,26.060185242286003,25.746967649353422,108.42616461962604,108.17316051985219,20.357234113014112,20.03824586576749,8.361841834980218,8.024322344273655,,,,,,,,,,
IID,1,4,74,0.6551724137931034,0.6333333333333333,True,False,25,False,0.030895407232296116,4.386608137214329,0.29411907795125153,1.476111070146543,0.2938729710203514,1.5983390415882979,5.520664283636036,5.181551222473142,104.82966892026563,104.43118875036468,19.633397831576072,19.298317027909828,8.02756690653922,7.691971949042061,,,,,,,,,,
IID,1,4,75,0.6896551724137931,0.6666666666666666,True,False,12,False,0.012661807827705531,5.397755134488991,0.30245704117342076,1.489187805321857,0.30268060652837797,1.625323958238265,20.042679752950992,19.708870556956395,107.87389275781186,107.61373829577256,20.2642363418298,19.930695073033682,8.331775185014713,7.97822999017913,,,,,,,,,,
IID,1,4,76,0.6551724137931034,0.6333333333333333,True,False,29,False,0.005845328884294788,6.587290568915745,0.30780741128551303,1.5008224046658494,0.3079648600263249,1.6530236412911912,48.8509993425556,48.49178919797576,109.81917051552212,109.494178979542,20.660666678752932,20.28039228591102,8.518342228626246,8.119314825083002,,,,,,,,,,
IID,1,4,77,0.6551724137931034,0.6,True,False,27,False,0.025999425654189674,4.501712168134849,0.2959445178195591,1.4824484384455312,0.29584117039463975,1.5984351404894634,7.418973110597795,7.104873726308817,105.48739894123503,105.15731398719393,19.76254060807418,19.45494706482479,8.084912389629098,7.771747707990835,,,,,,,,,,
IID,1,4,78,0.5862068965517241,0.6333333333333333,True,False,21,False,0.008538190523297682,6.1340785566483875,0.30562895531359374,1.4909527376019842,0.3056571240630673,1.6073558552128402,31.986838390776306,31.692782560566208,109.04005031313677,108.75745347417194,20.512502956662683,20.214317344147354,8.45605150186968,8.147125348990102,,,,,,,,,,
IID,1,4,79,0.5517241379310345,0.7,True,False,16,False,0.009171865516412395,5.727069285593463,0.3048083433861394,1.4997724159014303,0.3049940840074418,1.6248432626200224,29.395549458187755,29.09578563399417,108.7150025922783,108.4687407897495,20.42433177871317,20.116334659516827,8.399189810049108,8.07358204164301,,,,,,,,,,
IID,1,4,80,0.6206896551724138,0.6666666666666666,True,False,20,False,0.011904369728719515,5.703072597879703,0.3033777665994879,1.483808974599395,0.3034799111815436,1.6111801194457704,21.661264322412656,21.341649493667035,108.22722673706711,107.94432371548108,20.351506543251432,20.03090932698216,8.383542094459967,8.048407635368969,,,,,,,,,,
IID,1,4,81,0.6551724137931034,0.6,True,False,14,False,0.011729467984966938,5.310508966351671,0.302968463179318,1.5022032525803097,0.30312106978842857,1.6312608931060173,21.960724747564193,21.641344252697507,108.029873323914,107.7613483987012,20.271407700123554,19.95047986563204,8.317900634141765,7.98032564024071,,,,,,,,,,
IID,1,4,82,0.6206896551724138,0.7666666666666667,True,False,23,False,0.006018853957167651,6.599587624396921,0.3073887728253409,1.5097938096287513,0.30796144553577987,1.6297038323403321,47.23883309551678,47.02962484265346,109.64208984106685,109.55161600025737,20.60414375485457,20.340307433266204,8.477421584260336,8.181294677223168,,,,,,,,,,
IID,1,4,83,0.5862068965517241,0.6333333333333333,True,False,25,False,0.023332237937120387,4.77756632029396,0.2972912325096301,1.4758010481408543,0.2976202522811152,1.5930860962696916,8.823606499848765,8.526332680751317,106.00113796766985,105.82735081497032,19.887038966379418,19.610556882038487,8.157380208017806,7.858338121687726,,,,,,,,,,
IID,1,4,84,0.5862068965517241,0.6333333333333333,True,False,14,False,0.012701865600528807,5.346402547715306,0.30236396591327924,1.4976054098679552,0.3026625907308909,1.6051173368985887,19.937886898656103,19.683802464765385,107.8183556460955,107.65795062945558,20.23509221697533,19.98141141562231,8.305567926390687,8.031323290624233,,,,,,,,,,
IID,1,4,85,0.6896551724137931,0.5666666666666667,True,False,21,False,0.0062724193744791564,6.626237362313615,0.3075514979989973,1.4826952288001873,0.30761334588047284,1.6302653396152627,45.26656611958346,44.90162383640961,109.77035233100905,109.42173592415052,20.687054123064605,20.311112443737706,8.55622286990398,8.16564437540202,,,,,,,,,,
IID,1,4,86,0.6896551724137931,0.5666666666666667,True,False,22,False,0.018132635587189083,5.041352382461423,0.2994495343376828,1.4893636992896373,0.29969707422095865,1.6092215075362657,12.614184478313112,12.313963223254724,106.76352482250574,106.55319161899777,20.02406486034533,19.73444813841044,8.209014144712683,7.899805638433685,,,,,,,,,,
IID,1,4,87,0.5862068965517241,0.6,True,False,13,False,0.01304907756391578,5.296531775951835,0.30188882384484,1.5045549826016553,0.3023775835536252,1.6179206665019161,19.246646428898607,18.99113019062662,107.62551127920408,107.52054164438697,20.179283846170158,19.925649745654898,8.267735412216672,7.98562903722846,,,,,,,,,,
IID,1,4,88,0.5517241379310345,0.7,True,False,19,False,0.008372027963191577,5.9460519906464135,0.30589948539812983,1.4799302612921623,0.3057403993065421,1.6322830541786417,32.759359344995524,32.351332959745676,109.16763400579408,108.72544330954526,20.562514413252437,20.156619012740535,8.496413291524616,8.08411110489294,,,,,,,,,,
IID,1,4,89,0.6551724137931034,0.6333333333333333,True,False,24,False,0.006853877516396599,6.379515429854089,0.30667332084489757,1.5031974800048142,0.3070671785719777,1.6399609806609967,40.92099140908167,40.63058697176568,109.39465444177355,109.19576758551969,20.564142470650413,20.242555437479048,8.46590070644735,8.117608898738688,,,,,,,,,,
IID,1,4,90,0.6206896551724138,0.5666666666666667,True,False,21,False,0.025606489227143182,4.594058498034045,0.29643896783958895,1.4751144800868548,0.2963854731645445,1.5870322094577758,7.636701841991471,7.335681995419865,105.68833645664617,105.38689155051439,19.820880026755923,19.527761888695125,8.124553928106995,7.824255202156361,,,,,,,,,,
IID,1,4,91,0.5862068965517241,0.6,True,False,19,False,0.01905478114595591,5.0393260035299985,0.2991887678424781,1.4807976681727382,0.29923076825128136,1.5970752772686942,11.814339426092104,11.511309156315555,106.68884966648292,106.41167333479387,20.02538861868886,19.728629409216495,8.221228716947614,7.91319931905445,,,,,,,,,,
IID,1,4,92,0.5862068965517241,0.5666666666666667,True,False,17,False,0.010895907736008726,5.621089364992652,0.3036657630778714,1.490261892840904,0.30372630664491257,1.6305917133181305,24.03972506627143,23.684633074020965,108.31726997433837,107.98639638678176,20.357807031106173,20.000448230331944,8.378063613654666,8.006718577497317,,,,,,,,,,
IID,1,4,93,0.5862068965517241,0.6333333333333333,True,False,14,False,0.022278742657622818,4.824749879009121,0.2976995015915974,1.4798687094050496,0.2979370433545884,1.602698838835362,9.444605458616405,9.130080489234235,106.14157181438662,105.92006730518908,19.909082182485058,19.610997128633382,8.163146086817076,7.845613441824308,,,,,,,,,,
IID,1,4,94,0.6206896551724138,0.6333333333333333,True,False,22,False,0.007253959242130551,6.147137359091159,0.3061022068436624,1.5139508770668535,0.3064834293716534,1.6362407252304534,38.34316635245353,38.08434876305738,109.15681706070981,108.98969808271686,20.49086703626613,20.205628697193912,8.41403321430013,8.10378216358442,,,,,,,,,,
IID,1,4,95,0.6551724137931034,0.7,True,False,26,False,0.004652102881982929,6.887975274532416,0.30889048211995224,1.5047673263823997,0.30922452129046046,1.6488953378015294,62.591848080967445,62.29909203506122,110.20894996844441,109.96945013059862,20.736812690219946,20.391450288270292,8.551874128389798,8.181532563536727,,,,,,,,,,
IID,1,4,96,0.6206896551724138,0.7333333333333333,True,False,21,False,0.024730920744129335,4.729491333908405,0.29680635888001633,1.4706545474914678,0.29680314056216195,1.5928280667063583,8.082494315179806,7.756801736180029,105.8351485838366,105.526443903538,19.861674310962155,19.546093819973326,8.151373187091925,7.825799716192936,,,,,,,,,,
IID,1,4,97,0.6551724137931034,0.6333333333333333,True,False,30,False,0.004909277999259754,6.996633265145259,0.3086260197087697,1.5050150546328491,0.3090841710509362,1.6411829772163482,59.05657760241456,58.80525141084849,110.1107261486116,109.93706605396135,20.715093971900703,20.400168708906534,8.54046055541793,8.196369566729668,,,,,,,,,,
IID,1,4,98,0.6206896551724138,0.6333333333333333,True,False,19,False,0.009209539809910865,5.850936456485668,0.3047424666995701,1.4965195335688886,0.30509565019225005,1.619022349246151,29.2604011638986,28.98527648051219,108.69887836597853,108.52087548716888,20.42747651863001,20.13945363042363,8.405176047096376,8.093217564160554,,,,,,,,,,
IID,1,4,99,0.6551724137931034,0.7,True,False,18,False,0.01040468016572871,5.616623611028661,0.30396156654253903,1.4952044859597033,0.3041294367910157,1.6321040073572295,25.376087015210008,25.040832094987216,108.41399595743366,108.13136569014239,20.368627862061288,20.028677120188455,8.37692574811292,8.01908241472799,,,,,,,,,,
IID,1,4,100,0.6551724137931034,0.6,True,False,17,False,0.010540459970088704,5.4609085280920615,0.30373997111062045,1.4964377452458397,0.3039442625129742,1.6299532509991663,24.974231942847627,24.65079105068591,108.32911163307718,108.06844039009847,20.34778230768567,20.019468545884514,8.364630018503414,8.017281909128672,,,,,,,,,,
IID,1,4,101,0.5172413793103449,0.6333333333333333,True,False,22,False,0.01719548411639649,5.005628433755537,0.3000750325037294,1.4858397338240428,0.3003121343611058,1.6132360508277215,13.5693463352939,13.250337627132735,107.00323591983098,106.77007573665401,20.083016245229995,19.773111017823517,8.243835458781648,7.914121635833532,,,,,,,,,,
IID,1,4,102,0.5862068965517241,0.5666666666666667,True,False,21,False,0.008880556450786092,5.908081700315052,0.3052910172250774,1.4871090357464611,0.3053482961537726,1.6280946294861742,30.575278431693462,30.221261507455772,108.9250085146742,108.5912794925032,20.495487541579365,20.136176009058214,8.45254887410821,8.079324258299092,,,,,,,,,,
IID,1,4,103,0.5172413793103449,0.5,True,False,15,False,0.01280308597557926,5.283431042667888,0.30219673289637927,1.5004031454237388,0.30257028263495994,1.6337314620847507,19.728390155823732,19.41322428972524,107.74959599157332,107.55186097237046,20.214541856436192,19.900202191337222,8.291315293268308,7.951348266405468,,,,,,,,,,
IID,1,4,104,0.6896551724137931,0.6333333333333333,True,False,25,False,0.021936848984280208,4.705216501623992,0.2975544342313398,1.4836309055549695,0.2978682488482394,1.59990000669967,9.639843553319665,9.34661008231599,106.07856483453546,105.9017233854256,19.887809340025733,19.612737417978142,8.147225658121766,7.850271546296403,,,,,,,,,,
IID,1,4,105,0.7241379310344828,0.6,True,False,21,False,0.01065938765578845,5.368864141284702,0.3035664791354069,1.5004249436745751,0.3037734187696635,1.6448871770384277,24.625032412617607,24.27340293160538,108.25504816151019,107.96780078319496,20.32366312178191,19.96730746409808,8.346954421096697,7.970554390213399,,,,,,,,,,
IID,1,4,106,0.6206896551724138,0.6666666666666666,True,False,22,False,0.027558918533967854,4.647450522133268,0.29597254188219063,1.463716969026121,0.295690346507867,1.5900528765717419,6.809565169442985,6.460115006081316,105.54488932649949,105.1227507750341,19.813119325551725,19.464559657112428,8.135948311211258,7.787943298239892,,,,,,,,,,
IID,1,4,107,0.5517241379310345,0.6,True,False,21,False,0.014991645056044087,5.170880638972547,0.3014992549936716,1.4877439585892516,0.30136219995660135,1.6292522923835395,16.246966004515073,15.87027777235482,107.52405447400179,107.11729042810367,20.19162116358784,19.81547080562301,8.296675364442702,7.914156198578886,,,,,,,,,,
IID,1,4,108,0.6896551724137931,0.5666666666666667,True,False,19,False,0.014990634545879183,5.146810205793414,0.30107943789165664,1.4958966748230502,0.301098362221029,1.6120761685560152,16.199151164456698,15.898655996341947,107.34859950101699,107.0631538667108,20.13711729059544,19.838772001203495,8.257887595148429,7.949181225201959,,,,,,,,,,
IID,1,4,109,0.7241379310344828,0.5666666666666667,True,False,16,False,0.012897750548726975,5.336299543679476,0.3022623884731998,1.4959127483757098,0.3026349541910943,1.6149528569470128,19.570892849629466,19.29226301923407,107.78512884456947,107.62299481664249,20.231364523905867,19.953823603181064,8.305946409266063,8.003999922555064,,,,,,,,,,
IID,1,4,110,0.7241379310344828,0.6666666666666666,True,False,18,False,0.015393584493985485,5.1580759034890145,0.3007960623188984,1.4896560582204401,0.30117632460915944,1.6093971354933512,15.66715610651646,15.380524692813307,107.25972724233593,107.09866927289859,20.130637178130925,19.851900556924104,8.26298844962706,7.959487702168826,,,,,,,,,,
IID,1,4,111,0.6206896551724138,0.6,True,False,16,False,0.014036484661581071,5.27802223256946,0.3015821726574582,1.4908257408241599,0.3018594814758269,1.6143378905744235,17.62298335001916,17.322729727088767,107.54689836779966,107.3383532741086,20.19027629953146,19.89360067242989,8.291837826664327,7.9741054584944004,,,,,,,,,,
IID,1,4,112,0.6896551724137931,0.6666666666666666,True,False,21,False,0.010305196660505877,5.7064084646690505,0.30416555598733414,1.4983496583236644,0.3044443454653909,1.6167921709870114,25.67081384758364,25.393930540313143,108.48136202921052,108.28612390945557,20.376769585521604,20.093296465676744,8.376842424682861,8.072674629614253,,,,,,,,,,
IID,1,4,113,0.6206896551724138,0.7,True,False,16,False,0.018774645807304886,4.98861275616516,0.2992886840474753,1.4815124749304234,0.2994709323893722,1.6000190964008525,12.054923886617047,11.753773903484987,106.72392469659584,106.49289655122325,20.031507696696476,19.740174169822996,8.223387467954051,7.915123305547616,,,,,,,,,,
IID,1,4,114,0.6206896551724138,0.6666666666666666,True,False,28,False,0.005759108371702195,6.536030336740446,0.3077101119491416,1.512939694446321,0.30803065152166204,1.6380457998266302,49.59256308960558,49.330886768479004,109.75276220602711,109.55615942390037,20.62163715858651,20.324293376028322,8.482108084655895,8.161887646386813,,,,,,,,,,
IID,1,4,115,0.6551724137931034,0.5666666666666667,True,False,25,False,0.00671365426407987,6.250602448944953,0.3068838125180383,1.5056256471415959,0.3072454923488159,1.6486665977053234,41.88207946086036,41.572244854101136,109.46622490989121,109.2396620892666,20.574653019215862,20.23429940619245,8.467991719001956,8.101669774324602,,,,,,,,,,
IID,1,4,116,0.6896551724137931,0.6,True,False,16,False,0.011186111563383908,5.452515131609269,0.303332652199193,1.4960173845672715,0.3034623384110694,1.6238098072660312,23.26925463296149,22.952175661260675,108.17984800743866,107.90604889056915,20.316401319046317,19.996912048764898,8.349187192589383,8.014050453888586,,,,,,,,,,
IID,1,4,117,0.6551724137931034,0.6,True,False,17,False,0.0208610011519154,4.8773105026518335,0.2981908433423481,1.4837417504455466,0.2983241476864211,1.6000236842651148,10.380726402103678,10.08041651660641,106.31315363119056,106.06966227709242,19.938249126411204,19.6487562619521,8.172808325388726,7.868480046145587,,,,,,,,,,
IID,1,4,118,0.6551724137931034,0.6666666666666666,True,False,19,False,0.018954151161498123,5.115122560164162,0.299488000375697,1.4730812116887295,0.2994902059058795,1.593362763695002,11.934765172349055,11.619219908249905,106.81870462380388,106.51676380087262,20.06915516581097,19.758890066427888,8.25395112891761,7.933637977267928,,,,,,,,,,
IID,1,4,119,0.5517241379310345,0.6333333333333333,True,False,20,False,0.026134872874261608,4.81312375364356,0.29618590008167744,1.464287690459572,0.2965339771709962,1.5788702710153384,7.416356348271983,7.123193779783162,105.62219297594731,105.46224120501394,19.828652332504305,19.560664176821874,8.143103698655324,7.852035290963347,,,,,,,,,,
MBB_12m,3,12,0,0.5862068965517241,0.6333333333333333,True,False,27,False,0.005498904744007468,6.87729646914946,0.3082348597266381,1.4994733969858078,0.30835728516047367,1.6511139665608732,52.2529282378942,51.89080616674005,109.98031656629828,109.64381085039065,20.6982187740417,20.316599854555772,8.539316766765552,8.140358721030296,,,,,,,,,,
MBB_12m,3,12,1,0.6206896551724138,0.5666666666666667,True,False,21,False,0.010382871043586143,5.332556672766448,0.30335590255333744,1.514800734734511,0.303798274663061,1.6346791792057835,25.329036251915994,25.06395951905414,108.14114994110163,108.00266793952007,20.269775598429355,19.995634988484195,8.300098014177877,7.998756887000146,,,,,,,,,,
MBB_12m,3,12,2,0.6896551724137931,0.6,True,False,17,False,0.0118338804465751,5.56096925642777,0.30301311816650717,1.489551718659732,0.3031352722953363,1.615516009558794,21.768150647984495,21.453961757877583,108.0781978719041,107.80622052837495,20.30761998775499,19.99224868248894,8.353417237092232,8.02284395507906,,,,,,,,,,
MBB_12m,3,12,3,0.5517241379310345,0.7333333333333333,True,False,30,False,0.004862013977748002,6.982247001953141,0.30869544890746314,1.5035998048600099,0.30899325431379226,1.6383763411477692,59.68601888941455,59.40618307108474,110.13991136086096,109.91057753248539,20.724280614090254,20.400165856708817,8.547053619593807,8.200148915728343,,,,,,,,,,
MBB_12m,3,12,4,0.6896551724137931,0.7333333333333333,True,False,25,False,0.006920467729208508,6.06735655676664,0.3065822677908498,1.50992125846414,0.3069405116095517,1.638129986875486,40.45954013021428,40.1851411148744,109.34412707476203,109.15362964510943,20.53953121211308,20.237184978187802,8.44428764498014,8.117335666905145,,,,,,,,,,
MBB_12m,3,12,5,0.6896551724137931,0.8333333333333334,True,False,23,False,0.0075442228545932145,6.104653532937621,0.3061602569497372,1.4944157237977873,0.3064924947043511,1.6309957428294934,36.77422257656723,36.4702474935345,109.22741151834512,109.00624554540522,20.545913290540028,20.219888309155305,8.468430899291757,8.118122228060756,,,,,,,,,,
MBB_12m,3,12,6,0.6206896551724138,0.6666666666666666,True,False,23,False,0.0060520026768896415,6.352680088713138,0.3072748297854767,1.5136774687358885,0.3077086203800623,1.6530143354521651,46.93009320534079,46.64807685080115,109.59026361293364,109.39963675209808,20.585038229517473,20.25999236709414,8.4624431958452,8.108920290256716,,,,,,,,,,
MBB_12m,3,12,7,0.6551724137931034,0.7,True,False,17,False,0.018714227934190766,4.963452593752379,0.29936932393051746,1.4727325056995293,0.29939354232990056,1.60518598667737,12.134340976394565,11.788248721531808,106.77578460285397,106.45133030083694,20.060595888359153,19.72067019267289,8.250054331596921,7.8982130122524925,,,,,,,,,,
MBB_12m,3,12,8,0.5862068965517241,0.6666666666666666,True,False,16,False,0.019591767042233272,4.851625120148442,0.29860246769684373,1.4920845335478246,0.29869784606888306,1.6086101246021507,11.318897334673569,11.017448406561298,106.4440650477266,106.18596375543585,19.9495258955528,19.656381221249713,8.167322680598987,7.8608031919152985,,,,,,,,,,
MBB_12m,3,12,9,0.7241379310344828,0.6,True,False,26,False,0.03095565970040268,4.415075436211863,0.2940051348823302,1.4798567756267376,0.29429846616154914,1.5796597930426093,5.487651248423788,5.226690716044827,104.77818991769665,104.63523502941378,19.614648355591676,19.380441949947453,8.012955994184685,7.759030900974054,,,,,,,,,,
MBB_12m,3,12,10,0.5517241379310345,0.6333333333333333,True,False,22,False,0.006880120180364272,6.369247061523111,0.3064978905397655,1.5127363128574294,0.3070795397503056,1.6378763444347468,40.70030580313389,40.466520991823614,109.30590188055565,109.20557663341712,20.52554028633009,20.24892104808423,8.433357994135623,8.123664533268984,,,,,,,,,,
MBB_12m,3,12,11,0.6551724137931034,0.7,True,False,21,False,0.008331553995611708,6.162379501587113,0.3055944333266417,1.4985618768632052,0.3058883236206173,1.632576581681145,32.85306570519259,32.54617642292663,109.00815732860752,108.77929619027952,20.49011251170953,20.167651945204437,8.434378729442427,8.08934417427076,,,,,,,,,,
MBB_12m,3,12,12,0.6551724137931034,0.7666666666666667,True,False,25,False,0.005765603159138317,6.83394078893281,0.30775372218198105,1.5127316917453681,0.30826361346317566,1.6378660997884773,49.54040378561513,49.31142936132777,109.7693801854758,109.64258671462345,20.62565001769439,20.343325728140524,8.484435454273342,8.171839122347457,,,,,,,,,,
MBB_12m,3,12,13,0.6206896551724138,0.7333333333333333,True,False,23,False,0.02643735316700655,4.712275379419234,0.29606877519001196,1.4739552384822394,0.2959897600177988,1.5838061657639186,7.253210288743644,6.956158586402421,105.55463413807092,105.24897309756184,19.794365254452607,19.50454728641201,8.11258895732456,7.816757999294739,,,,,,,,,,
MBB_12m,3,12,14,0.5517241379310345,0.6666666666666666,True,False,32,False,0.005061945476049916,6.4452420335769265,0.3081495501647881,1.522710517434819,0.3085408134721282,1.6416645906641814,57.02014702296726,56.796245281392395,109.89034392349863,109.73532682614665,20.631445167957846,20.355616617632393,8.47394944362076,8.172992424778393,,,,,,,,,,
MBB_12m,3,12,15,0.7931034482758621,0.6666666666666666,True,False,22,False,0.026844380541285313,4.566727094493051,0.2959470418396417,1.4666751197818264,0.29582941725205986,1.584495364682901,7.094078482889223,6.773956521678805,105.52803267932617,105.18806359507576,19.803451964592092,19.48998815444184,8.12703157367564,7.808402204862954,,,,,,,,,,
MBB_12m,3,12,16,0.5172413793103449,0.6666666666666666,True,False,21,False,0.05705670393923911,4.295209941145486,0.2881351340142528,1.4288690262098223,0.2877350465227408,1.5280662035253847,0.883490898348346,0.5872263781267097,102.74019547763845,102.34285821481662,19.278368713369115,18.990456046068036,7.9100873936815645,7.629580037836238,,,,,,,,,,
MBB_12m,3,12,17,0.6896551724137931,0.6,True,False,20,False,0.017795171849144684,5.162565084705145,0.30016614052791035,1.4632512027903564,0.3000673587360463,1.5906500662808205,13.03939391018773,12.700516716645442,107.09371596190475,106.73659097187301,20.14857804775218,19.811894175420562,8.30771086600128,7.964332418613021,,,,,,,,,,
MBB_12m,3,12,18,0.5862068965517241,0.7333333333333333,True,False,25,False,0.005911948310210374,6.517563277674883,0.3075201149725323,1.5098456203994293,0.30803158793516744,1.6424123873320966,48.18547312707982,47.93559955588506,109.69043145992256,109.54551408620212,20.614478841932495,20.3130980620643,8.482624261316428,8.150294122303876,,,,,,,,,,
MBB_12m,3,12,19,0.7241379310344828,0.6,True,False,20,False,0.02189502323232818,4.833282569344026,0.29782979828488365,1.4908401233707869,0.2979795368696016,1.6090544708238286,9.659698884939377,9.353888276337642,106.16204241079066,105.91975215615817,19.89115097013538,19.59798055309912,8.139218901474507,7.830411365587258,,,,,,,,,,
MBB_12m,3,12,20,0.6896551724137931,0.6666666666666666,True,False,21,False,0.009842675225032477,5.772872014136725,0.30421846472401576,1.496272934138638,0.3044609890222217,1.6251215389228557,27.073057359551285,26.76744962188897,108.50611530327033,108.27130079841423,20.386346674959547,20.073125365892686,8.384525745072139,8.051163845694212,,,,,,,,,,
MBB_12m,3,12,21,0.6896551724137931,0.5666666666666667,True,False,29,False,0.004739195080142007,7.182538270590464,0.30892314606336874,1.5043444692692514,0.30916739100896296,1.6384229108145147,61.378774736993165,61.09109683784792,110.22206900176968,109.97472573974824,20.740507589025526,20.413925469681416,8.55432871894746,8.20710568367571,,,,,,,,,,
MBB_12m,3,12,22,0.4827586206896552,0.7,True,False,35,False,0.0033546314713274726,7.785766569691498,0.3104362336238089,1.5179265752643045,0.3110098067491997,1.6506340074757748,88.712682646253,88.54908760450785,110.74628953178464,110.62393626066087,20.826055572027812,20.52926152153323,8.579674860410353,8.24949516367335,,,,,,,,,,
MBB_12m,3,12,23,0.6551724137931034,0.6333333333333333,True,False,23,False,0.009551318871454446,5.5497983753265245,0.30431126143310205,1.5098234221662066,0.3047405319941906,1.6281344799456832,27.993760157238757,27.735690666582087,108.50625481016638,108.36688285307072,20.35877000833612,20.0876304708509,8.35220365008091,8.054504945697161,,,,,,,,,,
MBB_12m,3,12,24,0.5172413793103449,0.7,True,False,24,False,0.007059669798517938,6.209548086057341,0.3063336264141688,1.511971564071724,0.30679161405778066,1.6319715250101723,39.544221437433414,39.30370546281941,109.24720485419222,109.11417992721135,20.51442116594739,20.24121158565881,8.428715735377093,8.127685881189386,,,,,,,,,,
MBB_12m,3,12,25,0.6896551724137931,0.5333333333333333,True,False,15,False,0.017953312070095085,5.296070073951422,0.3001455501287191,1.4737545716736462,0.3000732684748406,1.5958592644172898,12.860591001709322,12.536958181223838,107.05967952908821,106.7256601540484,20.11982817204376,19.79892052978578,8.278895012886753,7.9506965979280615,,,,,,,,,,
MBB_12m,3,12,26,0.4482758620689655,0.7,True,False,30,False,0.00336614490909139,7.651713400003124,0.3101272545475842,1.5322953022153145,0.3107076661212685,1.6677711878338222,88.26803568266222,88.09889778249061,110.59609349446288,110.46929562572576,20.764342973392793,20.46094874596933,8.528835987379018,8.191559825129012,,,,,,,,,,
MBB_12m,3,12,27,0.6551724137931034,0.7333333333333333,True,False,18,False,0.01754437544494865,5.05244489958882,0.299819514878035,1.4846232992475183,0.300076355639988,1.6097833979765825,13.207391470282575,12.894777052805662,106.91199855959205,106.69175172568508,20.065789417213676,19.76322907829365,8.236685800830665,7.913731388870325,,,,,,,,,,
MBB_12m,3,12,28,0.5862068965517241,0.5333333333333333,True,False,25,False,0.004501246393226223,7.618530639605343,0.309386238061604,1.492217982456278,0.30969571177872224,1.639422051518045,64.9604568130651,64.65701114099251,110.42349682675959,110.16718847573756,20.808716858228777,20.45345727604787,8.605461375664865,8.225926998667259,,,,,,,,,,
MBB_12m,3,12,29,0.4827586206896552,0.6333333333333333,True,False,17,False,0.009747965918647546,5.613612683689085,0.30439339980763513,1.4955538325906457,0.3044744761819229,1.6334014438758326,27.394073593777044,27.049163710916456,108.57248539041316,108.25543731481177,20.40214608513037,20.052830342670596,8.39355455226229,8.029656473228787,,,,,,,,,,
MBB_12m,3,12,30,0.6206896551724138,0.7333333333333333,True,False,18,False,0.021377250665320646,4.80916440927792,0.29781554895175827,1.4815059099124661,0.2980816846089132,1.5925624773372715,10.018542889129826,9.73767516202874,106.18027836114626,105.99896112798938,19.91410636275442,19.648687421578348,8.163503721385496,7.878495877983684,,,,,,,,,,
MBB_12m,3,12,31,0.6206896551724138,0.7,True,False,21,False,0.02030255090435591,4.781934802579491,0.2984917777473789,1.4777058749668386,0.2984725032029387,1.6009539212839876,10.810382711237482,10.484837943088,106.43940655924875,106.12207166357571,19.977813824933264,19.65818024740082,8.201123252112065,7.872034599198145,,,,,,,,,,
MBB_12m,3,12,32,0.6551724137931034,0.6666666666666666,True,False,17,False,0.009237687836069779,5.8574536649204,0.30471302416177687,1.5075103113813035,0.30489238125230766,1.6402782332057033,29.127983924175506,28.80763327774405,108.66034820423482,108.39235662038384,20.396763091947452,20.06839138433124,8.374701897543746,8.028331293173933,,,,,,,,,,
MBB_12m,3,12,33,0.6551724137931034,0.7,True,False,19,False,0.009090599390768242,5.761023505314573,0.3050054264272372,1.500010687503553,0.30502927629276533,1.6418871053284687,29.71450631226066,29.354190500881483,108.78713666164408,108.43882834083789,20.439425588579134,20.075150372097994,8.406568981322463,8.029612105228178,,,,,,,,,,
MBB_12m,3,12,34,0.6551724137931034,0.6333333333333333,True,False,25,False,0.006910854152801737,6.305024085297009,0.30671728759469286,1.4971044877503616,0.30710842037290187,1.628952056405698,40.5734028020337,40.29458576808771,109.4262168120704,109.23869795968606,20.583372621115323,20.274256175905553,8.483918853255016,8.148611172872048,,,,,,,,,,
MBB_12m,3,12,35,0.6551724137931034,0.6666666666666666,True,False,23,False,0.018437901558398175,4.889613030705166,0.29928618225986253,1.48389683457216,0.29954490895258934,1.5984903415827205,12.34311256997028,12.056817618969573,106.71699985352467,106.5240456735787,20.025154370812075,19.75001621707164,8.216934344736293,7.922203628311797,,,,,,,,,,
MBB_12m,3,12,36,0.5517241379310345,0.7,True,False,19,False,0.016694637621726793,4.884701315181635,0.30001554435627137,1.493593477416231,0.30031281931153464,1.6217227561976866,14.07415794247304,13.757689871978954,106.96176515744385,106.748967050116,20.058262620977935,19.75126183481933,8.220762308700072,7.891542825079575,,,,,,,,,,
MBB_12m,3,12,37,0.6551724137931034,0.7,True,False,21,False,0.016694233767566704,4.905126157396642,0.2997332707787796,1.5000234495196485,0.29988994255510815,1.621304365226703,14.040913288934021,13.733890321137157,106.84140707636692,106.59395681907789,20.019168165208633,19.71863570282516,8.192156392116038,7.875462132721607,,,,,,,,,,
MBB_12m,3,12,38,0.6551724137931034,0.6,True,False,19,False,0.015905964183087384,5.0888409582828045,0.30068709834490626,1.483709007290439,0.300975217753361,1.5984811874684552,15.041167663105309,14.76046887483222,107.23448294303316,107.0519264623319,20.137301105413336,19.864044592043317,8.274399308835434,7.98038782640633,,,,,,,,,,
MBB_12m,3,12,39,0.6206896551724138,0.6333333333333333,True,False,14,False,0.01318996759558992,5.576478317134569,0.3025335103085153,1.4776009419179166,0.30250079557103376,1.600131102810422,19.116672469348998,18.797421298166988,107.93127853811777,107.61079047182281,20.30023655694712,19.98138453788464,8.365749386816987,8.038026507470253,,,,,,,,,,
MBB_12m,3,12,40,0.7931034482758621,0.7333333333333333,True,False,19,False,0.011246010465084666,5.69714224741765,0.30361628123550305,1.4865188963577243,0.30384531153873423,1.6014468257436796,23.173884372939906,22.898618333092934,108.3084299336941,108.10367449566499,20.363523505864812,20.085155232123924,8.386022057882048,8.089192988944232,,,,,,,,,,
MBB_12m,3,12,41,0.6551724137931034,0.6333333333333333,True,False,24,False,0.0060977732781508105,6.210211731016911,0.307180830045405,1.5263628563702754,0.3075046377953649,1.6501664391683357,46.50092315917671,46.23972549454407,109.52364309356226,109.3315249530543,20.54480547504759,20.251083935178322,8.424829937319547,8.108212016433487,,,,,,,,,,
MBB_12m,3,12,42,0.5172413793103449,0.6666666666666666,True,False,20,False,0.029570225137933247,4.647641698053611,0.29523425787500596,1.452668377226206,0.2948306032207644,1.5776682955065233,6.0625978599788874,5.711501491331946,105.30023430136696,104.83663376151218,19.782789257260642,19.42799663226173,8.135358846847831,7.785973778985019,,,,,,,,,,
MBB_12m,3,12,43,0.7931034482758621,0.8,True,False,25,False,0.005500528514797218,6.64194218110141,0.3079686691163667,1.5079170558609742,0.308357306233157,1.6466184461763824,52.166568226206536,51.88563445154653,109.86082537805049,109.65513408050315,20.655209004902645,20.328204255838436,8.506000816663176,8.152334626827535,,,,,,,,,,
MBB_12m,3,12,44,0.7586206896551724,0.5333333333333333,True,False,19,False,0.011290288094139478,5.612793739393951,0.30344469289576803,1.4961999170658489,0.30362538456703575,1.6152793700894117,23.027467363960458,22.737126078672244,108.22073736188605,107.98769287860918,20.324860570721416,20.031924516597257,8.353256812902506,8.043403458883994,,,,,,,,,,
MBB_12m,3,12,45,0.5172413793103449,0.7,True,False,25,False,0.005632967462452236,6.684391556168528,0.30783551785431307,1.516347876116137,0.30835199800081325,1.649776531003394,50.80389068157799,50.55724327312914,109.79046488920879,109.64522600892073,20.62283645757004,20.31963029093191,8.478128767259687,8.143706357989256,,,,,,,,,,
MBB_12m,3,12,46,0.6206896551724138,0.6,True,False,21,False,0.0076823032511060645,6.17649545100806,0.3064092827175536,1.4816253028833222,0.3065656129377071,1.6268607851078638,36.10848474607326,35.75863548933723,109.35150901496205,109.04363784487215,20.59877369561038,20.236388426237248,8.512627675768604,8.132109983787508,,,,,,,,,,
MBB_12m,3,12,47,0.5862068965517241,0.7333333333333333,True,False,24,False,0.006129060220716801,6.66964026378545,0.30756405237308987,1.4911931558915634,0.3078534809246717,1.6227701212493977,46.39527998024663,46.1084412028311,109.75359582858881,109.52922399117594,20.66612204622906,20.349597538522822,8.534096806484207,8.195374412321765,,,,,,,,,,
MBB_12m,3,12,48,0.6896551724137931,0.5333333333333333,True,False,21,False,0.006594739547530422,6.759312263613341,0.30717066200356075,1.5007996056771704,0.30741018970811596,1.6359008814746079,42.76323934399205,42.456145348641826,109.5842345622285,109.33257586908898,20.60997253633668,20.280374536790795,8.492511194829198,8.142371746160915,,,,,,,,,,
MBB_12m,3,12,49,0.6551724137931034,0.6333333333333333,True,False,28,False,0.026227320226978615,4.541380326288411,0.2958652858547154,1.4782662859721485,0.29575578031679217,1.6018083266073486,7.325817500991365,6.991115045102631,105.46868494831388,105.1173101617459,19.767019248484797,19.43943489917114,8.0928309341291,7.759290136557102,,,,,,,,,,
MBB_12m,3,12,50,0.6206896551724138,0.7,True,False,21,False,0.016439055621939962,5.041930388841129,0.3002380030804625,1.4863116006568702,0.30054546801786153,1.6017605088630553,14.388667654523783,14.106378630436257,107.06219275867568,106.88507241750115,20.094788175722954,19.821327022138004,8.2492052899571,7.954177793184703,,,,,,,,,,
MBB_12m,3,12,51,0.6896551724137931,0.7,True,False,24,False,0.0072172168654769464,6.274337889782887,0.30633725906974424,1.5006077399530546,0.30680836281161633,1.6444017729647415,38.62489297446137,38.32407749384251,109.27714881418615,109.08907351593817,20.54404019469071,20.21046469687518,8.45913410365986,8.095255558526919,,,,,,,,,,
MBB_12m,3,12,52,0.5862068965517241,0.7333333333333333,True,False,24,True,0.05999999999999999,4.257701149633948,0.28760052256554286,1.4319967446756967,0.28716332062501626,1.5234867563962653,0.581586911359941,0.3052119425847861,102.53502364233842,102.14338856019859,19.227684274893722,18.956705172212743,7.880017265591118,7.6185308914748155,,,,,,,,,,
MBB_12m,3,12,53,0.6551724137931034,0.6,True,False,17,False,0.009515492098449716,5.980786243196205,0.30459897825160553,1.4942848090907346,0.30484641294584075,1.6142086158978148,28.184103302490104,27.902991252402007,108.65154864012848,108.44101049470731,20.421807288959137,20.132011843679003,8.405294260192571,8.095905671443862,,,,,,,,,,
MBB_12m,3,12,54,0.7241379310344828,0.5333333333333333,True,False,23,False,0.022719606290610782,4.8055612587225385,0.29777015331778445,1.4616626689837764,0.2977765741166324,1.5837834319430764,9.232099941878177,8.908695541330454,106.2134714754872,105.9084569167786,19.961702490120658,19.64702645966593,8.214515728309502,7.889474737923874,,,,,,,,,,
MBB_12m,3,12,55,0.6896551724137931,0.5666666666666667,True,False,24,False,0.023712797487391492,4.604094906832089,0.29653160026098724,1.4927279281297972,0.29686551983455434,1.5904817468366097,8.538138415080837,8.292435117645132,105.67818865612902,105.55537087996339,19.78280396118417,19.557121585089273,8.081402346781566,7.834586273351574,,,,,,,,,,
MBB_12m,3,12,56,0.7586206896551724,0.7,True,False,16,False,0.019761999275923557,5.042137409776676,0.29904054827849486,1.4774968664143644,0.29895155953088504,1.5966471925560644,11.24638399538545,10.928523743192578,106.64245728538668,106.30970842155634,20.022093782976714,19.707479556566902,8.22399434004147,7.902986338292403,,,,,,,,,,
MBB_12m,3,12,57,0.6551724137931034,0.7333333333333333,True,False,20,False,0.00892154082238711,5.840157642540212,0.3050499946737803,1.4992991503018112,0.30541981518159045,1.6294691200641171,30.35876816146242,30.06737196591107,108.80537561950105,108.6142140413316,20.444814405800845,20.13832903845872,8.410276608049195,8.078571063026057,,,,,,,,,,
MBB_12m,3,12,58,0.6551724137931034,0.5,True,False,27,False,0.049955135621424354,4.281671752240551,0.2893960546138504,1.4354041292111421,0.2891243228263514,1.5334367721530386,1.6924901660133358,1.4069932827608254,103.18909105256088,102.84205485949528,19.36200535409448,19.087329063522862,7.94395143808436,7.671765391491384,,,,,,,,,,
MBB_12m,3,12,59,0.5517241379310345,0.6666666666666666,True,False,21,False,0.019711958274109254,4.9826135282702095,0.29871599763294465,1.4853031888648112,0.29897192009344237,1.5949119642549423,11.248317775140936,10.973075212594019,106.50303244106911,106.32159017748067,19.976077280830083,19.713580964166596,8.190003049820454,7.908436503485304,,,,,,,,,,
MBB_12m,3,12,60,0.7241379310344828,0.7,True,False,17,False,0.020701855825417604,4.845334800885665,0.29816132651314625,1.4926827259476751,0.2985136417641657,1.600378143164528,10.467256529350408,10.200341649443178,106.27975550864015,106.13870317808153,19.912820219294627,19.6629453091384,8.14779136443528,7.875241135156869,,,,,,,,,,
MBB_12m,3,12,61,0.5862068965517241,0.6666666666666666,True,False,18,False,0.020346771389609344,4.798861294935346,0.2984735883306236,1.4703768616505304,0.2986069335390499,1.592413454798063,10.796387071161742,10.481498437521934,106.45114122481502,106.19318018187471,19.995279842699524,19.690937736749085,8.21990645931251,7.900250731589873,,,,,,,,,,
MBB_12m,3,12,62,0.6896551724137931,0.5666666666666667,True,False,12,False,0.01284143732073599,5.569500729608103,0.30257975072015975,1.4836199131289343,0.30294492690608993,1.6009438864107968,19.730690411148103,19.456089180885662,107.93319357955417,107.77265203276603,20.28838753826716,20.014686887189292,8.351596456577091,8.053920889667772,,,,,,,,,,
MBB_12m,3,12,63,0.6551724137931034,0.5333333333333333,True,False,23,False,0.005132572502046108,7.004430046304818,0.3083918063989679,1.5056892395991541,0.3086708463883002,1.6500295120577417,56.27208009996922,55.960905500721054,110.0225923947364,109.7622607494138,20.69468563595149,20.344391612389035,8.529140999854924,8.155997619962225,,,,,,,,,,
MBB_12m,3,12,64,0.6551724137931034,0.7666666666666667,True,False,14,False,0.015301901899621917,5.274000857549531,0.30116262660528265,1.4865102457804868,0.30129271859669127,1.605136234233152,15.817289621359809,15.517430053747262,107.40292654743048,107.15234956484838,20.167973883911472,19.872175082280684,8.286273572096063,7.9755706397640385,,,,,,,,,,
MBB_12m,3,12,65,0.41379310344827586,0.5666666666666667,True,False,26,False,0.058265644436036775,4.237172039425205,0.28744557877246907,1.4308562680613668,0.28671972905431686,1.5368525170777412,0.7463205815047447,0.42369151323650467,102.48071202561249,101.94603808384745,19.218277779988618,18.886851705474264,7.876754847989995,7.5648900241554236,,,,,,,,,,
MBB_12m,3,12,66,0.6206896551724138,0.6666666666666666,True,False,13,False,0.011992890553886614,5.3594486972267585,0.30258623340895874,1.5065598423291486,0.3028618519155714,1.6303895125745784,21.34765229254832,21.05149133020354,107.87784505893725,107.66787693777478,20.229697397258725,19.932067536402442,8.290753278481093,7.97210637540722,,,,,,,,,,
MBB_12m,3,12,67,0.6896551724137931,0.6333333333333333,True,False,26,False,0.007100419153436053,6.501747836061836,0.3066251542728928,1.4934911543226432,0.30712970748685703,1.624764210647566,39.38288881769833,39.11983494994627,109.40130980632163,109.25709502362946,20.585354846390462,20.286761523134896,8.489797592182974,8.160632231742662,,,,,,,,,,
MBB_12m,3,12,68,0.5862068965517241,0.6666666666666666,True,False,23,False,0.004457086978567954,7.336974670299852,0.30924438757303024,1.5050252578225949,0.309603689711179,1.6531282054536207,65.57766271531828,65.28384685360936,110.33891011461355,110.09872849893085,20.764355507051732,20.4107476060385,8.565577708692446,8.185675066669088,,,,,,,,,,
MBB_12m,3,12,69,0.6896551724137931,0.6,True,False,22,False,0.004948089589121154,6.872010106475285,0.3085467080740516,1.4995366963382804,0.30889380992892423,1.6493280675145363,58.560937760217996,58.251917589039074,110.09524536930243,109.84631137174605,20.722911706926162,20.363973625523474,8.551828659313825,8.16693234605798,,,,,,,,,,
MBB_12m,3,12,70,0.6896551724137931,0.5666666666666667,True,False,23,False,0.006905587682632507,6.130730224449326,0.3063317927446029,1.5121856131590246,0.3069630051161739,1.6414386677577493,40.5131124819123,40.275709326131725,109.24598936308264,109.15360279177456,20.513722560381026,20.230438308314852,8.42807099561216,8.109436730173762,,,,,,,,,,
MBB_12m,3,12,71,0.6896551724137931,0.6333333333333333,True,False,19,False,0.008593268830291038,5.876532364064629,0.30534830656304207,1.4932759190999787,0.30551639684335313,1.629211610006035,31.718277498469995,31.390537849703943,108.93062887763874,108.65050582376234,20.484137438792935,20.146691834953426,8.438451215449351,8.083184255397232,,,,,,,,,,
MBB_12m,3,12,72,0.6896551724137931,0.6333333333333333,True,False,11,False,0.013270315139245911,5.527111046403749,0.3024976966442558,1.4758413972580637,0.30268061565551757,1.6011471108835893,18.978855794449466,18.66862617523147,107.92249031142545,107.67459601726726,20.301923279163535,19.993095079443634,8.36898014542319,8.042632011243853,,,,,,,,,,
MBB_12m,3,12,73,0.7931034482758621,0.7,True,False,20,False,0.009995201520824866,5.813632986647673,0.30435563200019666,1.4960685945620456,0.304585736946897,1.6155923931994554,26.614148531195337,26.330702564859365,108.5572514387213,108.34132456317938,20.397807173743317,20.107662838702982,8.390647612511366,8.081619885572145,,,,,,,,,,
MBB_12m,3,12,74,0.6206896551724138,0.7666666666666667,True,False,19,False,0.01633036573430163,5.149963390138968,0.3005941907281095,1.4870117412160389,0.30050235781497,1.620635304196142,14.531309505922282,14.177408399526136,107.19188208957644,106.821653709472,20.121371577597287,19.769175925625028,8.261823724790741,7.902146644870678,,,,,,,,,,
MBB_12m,3,12,75,0.6206896551724138,0.6666666666666666,True,False,15,False,0.030667036771029554,4.767890924476422,0.2952180568533786,1.4433911234136223,0.29488702401755396,1.5577577708616663,5.718456961798386,5.398005245098892,105.31760660764152,104.90757174877727,19.80544207773506,19.48388183562406,8.159412578780321,7.841305116717731,,,,,,,,,,
MBB_12m,3,12,76,0.7241379310344828,0.6666666666666666,True,False,24,False,0.009457566070567842,5.94973717104272,0.3046803468652935,1.4954613108844232,0.3048511195027926,1.6144475737573787,28.386323112442376,28.09971060340878,108.67861654218268,108.44214598799469,20.425256392794562,20.131770247605075,8.405468970207115,8.095460521767862,,,,,,,,,,
MBB_12m,3,12,77,0.8275862068965517,0.6666666666666666,True,False,12,False,0.01281253280657432,5.453590354940262,0.3025357148221601,1.4845579431070963,0.30257836711550873,1.6204567066390878,19.77827343405813,19.43061281265874,107.91458099195208,107.58825779671704,20.282456585674726,19.93510808071498,8.347307150929886,7.987037945249532,,,,,,,,,,
MBB_12m,3,12,78,0.6551724137931034,0.8,True,False,17,False,0.011478516353590354,5.343939712774029,0.3031346320326771,1.5040416054874677,0.30339993559020073,1.619846137965876,22.53767587695851,22.262724248004584,108.0865709769816,107.89299578686396,20.279907718932925,20.002168184909475,8.319760505321689,8.022071322338071,,,,,,,,,,
MBB_12m,3,12,79,0.5172413793103449,0.4666666666666667,True,False,12,False,0.015538156450036682,5.242182220489449,0.30086019719911083,1.4792436905598612,0.30107665539430484,1.605549410512495,15.515100521956747,15.200505251698406,107.30960478072068,107.07157110922954,20.16262295737719,19.853887076694164,8.293332519945558,7.965684379520014,,,,,,,,,,
MBB_12m,3,12,80,0.6551724137931034,0.6333333333333333,True,False,33,False,0.0036666115944777515,7.177847623548296,0.3097168235060049,1.5209974346519348,0.3102305995355621,1.6545259403059849,80.63182158232117,80.43503486691638,110.47306056968776,110.32657240126996,20.760788249622035,20.457108837567553,8.542241831401185,8.207443486352972,,,,,,,,,,
MBB_12m,3,12,81,0.6551724137931034,0.5666666666666667,True,False,22,False,0.010238436991697684,5.820268218413014,0.3041323976561408,1.491226285340953,0.30435333403188575,1.6274837312071273,25.87896728321423,25.550954596266084,108.4870547858281,108.22562479429463,20.392511737381916,20.05844787088476,8.394469180324357,8.040493987869871,,,,,,,,,,
MBB_12m,3,12,82,0.6551724137931034,0.5333333333333333,True,False,34,False,0.04287418221499192,4.294887173215671,0.2908530530528123,1.4717362063961599,0.2910200626504717,1.5817666495202436,2.6628160767960427,2.358611478420716,103.63534896940051,103.42003191266252,19.38436609556067,19.113694551609925,7.906416085528501,7.620110899827448,,,,,,,,,,
MBB_12m,3,12,83,0.5862068965517241,0.7,True,False,19,False,0.008962301428502049,5.942770123405064,0.3049456024871553,1.507236142535343,0.3054949489062078,1.6192830798749576,30.170915541429647,29.94567335125368,108.7468717035993,108.66758104306685,20.416008686847352,20.17060735556165,8.384889418269871,8.108759487783637,,,,,,,,,,
MBB_12m,3,12,84,0.6206896551724138,0.6666666666666666,True,False,27,False,0.004286949848482256,7.135291596238839,0.3091786758458102,1.5152857005410614,0.30977231822880347,1.662431423820317,68.29164492249566,68.05827199676672,110.28883304112006,110.13754444940601,20.73263615398609,20.400177217481538,8.535574213626518,8.1677502415206,,,,,,,,,,
MBB_12m,3,12,85,0.5862068965517241,0.6,True,False,24,False,0.007815532085627085,6.318635464599454,0.30634497098630975,1.482198838079256,0.3065072847268788,1.6222313839025315,35.41760268231965,35.08131292345816,109.3263310506023,109.03376416353844,20.592167373063244,20.2436875568244,8.508484837336622,8.14206989486637,,,,,,,,,,
MBB_12m,3,12,86,0.7931034482758621,0.6666666666666666,True,False,19,False,0.038817441262587925,4.435423873822787,0.29214293064519975,1.461231965206243,0.29201386475771496,1.5639567065304845,3.4803858170986848,3.192648629257378,104.13782006378376,103.83162469896833,19.514288520518136,19.238873533565748,7.986846548043073,7.70796295360892,,,,,,,,,,
MBB_12m,3,12,87,0.5172413793103449,0.6666666666666666,True,False,26,False,0.004955154626383395,6.982853174641275,0.30894324224457476,1.4827311749553995,0.3089611030659036,1.6351689705999553,58.594527297772785,58.21225713037169,110.28388728940376,109.90678517772182,20.797892255001926,20.405881265811246,8.612718803043318,8.207385277548667,,,,,,,,,,
MBB_12m,3,12,88,0.6206896551724138,0.8,True,False,17,False,0.014665541353532499,5.233645740592426,0.3016416216659704,1.4796688848916666,0.30164387867221737,1.6087573938401223,16.728092366243175,16.39324246216529,107.5969204925538,107.27283110888077,20.223810073251585,19.89081874502273,8.32397450638397,7.980203707668432,,,,,,,,,,
MBB_12m,3,12,89,0.6206896551724138,0.6666666666666666,True,False,22,False,0.022558986343257887,4.636132807016324,0.29724103051142264,1.4814049423979307,0.29742492529589176,1.5942203816692324,9.251304836257162,8.96056101734736,105.96850555349599,105.75241002512304,19.868574165164905,19.592060537510577,8.140411367314117,7.847374174660005,,,,,,,,,,
MBB_12m,3,12,90,0.8275862068965517,0.6666666666666666,True,False,18,False,0.015923119908334532,5.0630061088368965,0.30041152348194805,1.4905480183994542,0.30056084180608056,1.618657909846072,14.985514765724574,14.661339490842927,107.11556746129536,106.8482145218424,20.097684870007253,19.778941032935943,8.24497619083644,7.909792076382032,,,,,,,,,,
MBB_12m,3,12,91,0.6896551724137931,0.5666666666666667,True,False,18,False,0.009208579986835703,5.689329033410653,0.30459071767864937,1.5107189488127766,0.304879436035349,1.6364223736295263,29.211045459146597,28.920734921560424,108.60713449785986,108.39728456184164,20.378733145197117,20.077311355750172,8.36118153628793,8.038076046655533,,,,,,,,,,
MBB_12m,3,12,92,0.6896551724137931,0.6,True,False,24,False,0.007460044757854619,6.237687510438968,0.30619956691192973,1.4972501916395915,0.30670940226177534,1.6224626067524555,37.23101020283138,36.98037228155849,109.23478442311281,109.10777396294903,20.54173092062866,20.25920084049794,8.462478956519051,8.149672557109119,,,,,,,,,,
MBB_12m,3,12,93,0.5862068965517241,0.7666666666666667,True,False,14,False,0.02477915863072865,4.99818343440768,0.2974368735246364,1.4534517998762333,0.2970488272409047,1.5859739506689556,8.129919533561118,7.761074937345245,106.11114121022,105.63436712302651,19.956329819337135,19.583366761256034,8.222835663332578,7.854047744478009,,,,,,,,,,
MBB_12m,3,12,94,0.7586206896551724,0.5,True,False,26,False,0.006787635505831487,6.017113268181798,0.30644199206252243,1.5115193605006645,0.3068297115194493,1.6532027569291947,41.30306209185447,40.99986068205352,109.28833558915916,109.07479976688444,20.52422571603547,20.1894514094221,8.434326712588632,8.072679819051693,,,,,,,,,,
MBB_12m,3,12,95,0.6206896551724138,0.6,True,False,18,False,0.024660305016808846,4.738620938985895,0.29670928986365636,1.4812467873541943,0.29647348120812955,1.599198409473278,8.085441508979102,7.7616262405855165,105.7726639024336,105.38874811601471,19.826599229179262,19.50337631554621,8.119210796339551,7.795425818437635,,,,,,,,,,
MBB_12m,3,12,96,0.5517241379310345,0.6,True,False,19,True,0.05999999999999999,4.1915950908591215,0.28695505798990845,1.4509707246373498,0.2864453784835051,1.539983379917587,0.5150233450160737,0.24472675928120236,102.24905543823212,101.83690802666965,19.127265696110356,18.856903606110514,7.803228726887626,7.545394356639394,,,,,,,,,,
MBB_12m,3,12,97,0.7586206896551724,0.6666666666666666,True,False,21,False,0.009376769353628751,5.8241583375235395,0.30481448137469025,1.4956665284867652,0.3048572194286885,1.6273555593077254,28.678485866104435,28.345918285726846,108.72760255398096,108.41190711996198,20.43541811333261,20.098941561475023,8.410376550378679,8.061324607178666,,,,,,,,,,
MBB_12m,3,12,98,0.7241379310344828,0.7,True,False,15,False,0.015389814494177355,5.170290575354747,0.3009350760197699,1.4886343853970145,0.3011444412909641,1.620349490227706,15.683670040739957,15.35481028407499,107.31360207307537,107.05933505008872,20.144354346513893,19.821091752565522,8.27136258795825,7.929016654968964,,,,,,,,,,
MBB_12m,3,12,99,0.6206896551724138,0.6666666666666666,True,False,25,False,0.007657038986770517,6.313444047283776,0.3062515026232934,1.4866308828881671,0.30646612988150973,1.623119937129055,36.206963985481266,35.887112044250436,109.2806807199891,109.01633936850878,20.573278453177252,20.238113939645313,8.492878223374252,8.138029534653427,,,,,,,,,,
MBB_12m,3,12,100,0.7241379310344828,0.6333333333333333,True,False,23,False,0.004760768483099935,6.755463868383558,0.3085353318357558,1.5163731932879851,0.3089484752540316,1.6566804929541072,60.97128820409588,60.703075677377484,110.04866863217994,109.8479792689119,20.678550760101523,20.349354545108557,8.506517456326627,8.149569972873492,,,,,,,,,,
MBB_12m,3,12,101,0.7241379310344828,0.7333333333333333,True,False,17,False,0.011186197618975777,5.593324366606974,0.3035314988282449,1.4851106847717233,0.30366771985080915,1.6148339212222567,23.314872455983025,22.993411599049374,108.28068539098977,108.00443800013264,20.360400332690794,20.036448591241882,8.386325757216989,8.04631148884097,,,,,,,,,,
MBB_12m,3,12,102,0.7241379310344828,0.6333333333333333,True,False,17,False,0.014916542703820208,5.304434480583325,0.30138238978199766,1.4886524096757163,0.30147509333012784,1.610169741371086,16.338782286784788,16.029436073317907,107.47863856344001,107.2069856583119,20.179961591136326,19.87372027403557,8.289503434310431,7.969578313424504,,,,,,,,,,
MBB_12m,3,12,103,0.5172413793103449,0.6,True,False,17,False,0.009735992507122938,5.902460344011612,0.30493748207073357,1.4808728552605919,0.30493117433165867,1.621859963960683,27.526095278391086,27.164186545835253,108.81023258442042,108.4530329877174,20.48340381285928,20.11902010666723,8.454785053577965,8.078970814625173,,,,,,,,,,
MBB_12m,3,12,104,0.5862068965517241,0.6666666666666666,True,False,14,False,0.012416783461607272,5.227589171782626,0.3025294862903156,1.5022111380017003,0.30253068432193114,1.6426189753772378,20.488720103290742,20.126551579285017,107.86784835389717,107.51487682920961,20.236398085867116,19.874107708945132,8.300029767631822,7.926063779175212,,,,,,,,,,
MBB_12m,3,12,105,0.5172413793103449,0.6333333333333333,True,False,21,False,0.009658031607429098,6.254375094432242,0.30518901153830785,1.4631522607483196,0.305141154611642,1.6025060910702682,27.851118602491574,27.489158982485236,108.9476635728576,108.57924122677008,20.54918831946509,20.185708290446335,8.51221650326532,8.139063457875086,,,,,,,,,,
MBB_12m,3,12,106,0.5862068965517241,0.6333333333333333,True,False,25,False,0.010104707919207128,5.9174900571724605,0.3045802083174269,1.4849387538931569,0.30475861625537304,1.6093933030466137,26.333848175819494,26.03230417014156,108.6681460617045,108.42072937295426,20.44443292375419,20.137441977192246,8.429426805249694,8.105162549451897,,,,,,,,,,
MBB_12m,3,12,107,0.5862068965517241,0.6,True,False,18,False,0.0187346876409546,4.954881695388976,0.2996093418020788,1.4719572355388755,0.2993135022019186,1.6042881982371553,12.131508715700413,11.76863404086067,106.86631497608732,106.4240511428835,20.081727780981215,19.716607631889588,8.261879182754909,7.897349892379836,,,,,,,,,,
MBB_12m,3,12,108,0.5862068965517241,0.6333333333333333,True,False,28,False,0.005202078518921859,6.5246335335540575,0.3081675030695314,1.5192920971167223,0.30862801247349286,1.6548389712639597,55.39102465956081,55.13621648670565,109.90557380928341,109.73434717157159,20.64169890739986,20.328564493105524,8.483785350239438,8.14144457853019,,,,,,,,,,
MBB_12m,3,12,109,0.6206896551724138,0.8,True,False,18,False,0.022951652632553762,4.750042921110936,0.29734992848433994,1.4781118656375754,0.29764024406070755,1.5861564757143876,9.03527258149337,8.761367857485869,106.01698336584289,105.85217102016004,19.885753301836218,19.630035371580487,8.153611433392586,7.877609976705128,,,,,,,,,,
MBB_12m,3,12,110,0.6551724137931034,0.5666666666666667,True,False,24,False,0.008337223069477475,6.096853231856396,0.3055078026134024,1.4923715464403893,0.30579499801381976,1.6370989652766603,32.833483960187365,32.498410845449136,108.99176750169913,108.7334711567613,20.499184435202356,20.148541243842594,8.447345754536295,8.073502723038256,,,,,,,,,,
MBB_12m,3,12,111,0.5862068965517241,0.6333333333333333,True,False,17,False,0.01780545853027436,5.075749187579035,0.30001460554915854,1.4665317011345969,0.2997376426024664,1.6116302901143196,13.012451961183043,12.617251119567126,107.02953455496815,106.56210041685969,20.128032933624805,19.73146474572683,8.292810582244703,7.895038795239109,,,,,,,,,,
MBB_12m,3,12,112,0.6206896551724138,0.5666666666666667,True,False,22,False,0.009082211956045977,6.032843006219137,0.3048186503412315,1.5081862609431964,0.3051244446563772,1.6295225374233457,29.704094882998323,29.427376248634598,108.69762831507711,108.50507262303528,20.403437579947663,20.114648253055613,8.377196336691352,8.066418291657504,,,,,,,,,,
MBB_12m,3,12,113,0.7241379310344828,0.6666666666666666,True,False,22,False,0.020947312862556813,4.614937671206316,0.2977847143551645,1.4904919807402675,0.2979196116274426,1.6063254892243797,10.283741015931918,9.984594024076396,106.14628040720935,105.9045056351613,19.888456032294187,19.600247498588452,8.138313053082047,7.835244049761934,,,,,,,,,,
MBB_12m,3,12,114,0.6896551724137931,0.8,True,False,21,False,0.00908305203499583,6.016132726241946,0.30488767426250724,1.499348721831666,0.3054990004206976,1.6108133438503827,29.73118887711477,29.51335659855313,108.74534623840698,108.69039501684358,20.431748490341423,20.192790268014356,8.40354422038073,8.131485692155756,,,,,,,,,,
MBB_12m,3,12,115,0.6206896551724138,0.6333333333333333,True,False,17,False,0.015853716599911243,5.099704445144498,0.30054295824038535,1.496050498129843,0.3010709608198276,1.6070016501155102,15.062774377681041,14.807253769094403,107.15022364778355,107.06581415656088,20.09395942465523,19.84968502223903,8.235663285112286,7.961584386706506,,,,,,,,,,
MBB_12m,3,12,116,0.7241379310344828,0.5666666666666667,True,False,16,False,0.016097060301963163,5.444170844679193,0.30082746693361206,1.4767000948273483,0.30085926518462464,1.594430887259139,14.841802717693472,14.537110005935887,107.30392798364977,107.01932879304735,20.166579044239317,19.865256061397027,8.298777191619827,7.98646199778791,,,,,,,,,,
MBB_12m,3,12,117,0.6896551724137931,0.7333333333333333,True,False,16,False,0.013913975634171469,5.317808084178124,0.30170562479117125,1.4892102355098453,0.30193347212544064,1.6155125244144137,17.8264410203597,17.51568135370583,107.59652488387422,107.36270302847164,20.204285764666388,19.8964665264946,8.301161029421369,7.973985138459404,,,,,,,,,,
MBB_12m,3,12,118,0.6551724137931034,0.6666666666666666,True,False,17,False,0.014481456425151999,5.569293909897114,0.3019073730320029,1.4680394051605745,0.3019539398733949,1.5926391112272793,17.039899235022247,16.719914561124824,107.72426844996535,107.42783022663268,20.27500728205215,19.95713311485233,8.365758901536404,8.035747002860653,,,,,,,,,,
MBB_12m,3,12,119,0.6551724137931034,0.6333333333333333,True,False,11,False,0.012510646751489128,5.394124442534496,0.3025255866908507,1.486066306230807,0.30280450523473423,1.620465866751375,20.34633542944163,20.021782818506665,107.90704656230037,107.67169137433203,20.277756296312646,19.953109091643526,8.342877378619558,7.99620886739921,,,,,,,,,,
MBB_20m_primary,5,20,0,0.5862068965517241,0.6333333333333333,True,True,28,False,0.005072220389482811,6.7824480878855375,0.308184653550269,1.520301166089957,0.3089157724263148,1.631926231955814,56.90975082959148,56.77124582811449,109.9093633437201,109.89821797069683,20.640461551843106,20.41063747655511,8.48179479886338,8.214179946045855,157.95292912298368,159.77082053058066,157.9529316136388,1.8178914075969885,2.490655134579356e-06,-1.817888916941854,True,True,True,False
MBB_20m_primary,5,20,1,0.41379310344827586,0.5333333333333333,True,True,29,False,0.0033436201775415976,7.660074233521077,0.31009062352822175,1.5337127629725877,0.3108338986859164,1.6572860010263886,88.87438040667746,88.78513968433072,110.57900693752,110.54227370322472,20.757764849175715,20.498072050074708,8.523570686902051,8.224622911145234,144.75685373455656,145.13057021869724,144.76659972356242,0.3737164841406866,0.00974598900586443,-0.36397049513482216,True,True,True,False
MBB_20m_primary,5,20,2,0.6896551724137931,0.6333333333333333,True,True,16,False,0.011719371722355518,5.5607170759862425,0.30319443164551896,1.4887650521575844,0.30343891150901275,1.611836561306428,22.036968801082573,21.74086461593966,108.1470919804762,107.92754042333563,20.324102178679055,20.025947146328814,8.362885383006152,8.044991877008712,189.10184631672465,190.46519725894132,189.14893991483947,1.3633509422166696,0.04709359811482727,-1.3162573441018424,True,True,True,False
MBB_20m_primary,5,20,3,0.6206896551724138,0.6,True,True,22,False,0.006150094135175376,6.199894204204974,0.30723763582863906,1.504578309560017,0.3073280965650829,1.6643608956178888,46.136392526459275,45.74540725663131,109.5994401696906,109.23064396201056,20.60555812526457,20.20037726268902,8.485168900473775,8.06322260356323,174.61772630248294,175.17953101001208,175.18317627559966,0.5618047075291486,0.5654499731167277,0.0036452655875791606,True,True,True,False
MBB_20m_primary,5,20,4,0.7586206896551724,0.6666666666666666,True,True,14,False,0.011050039401697414,5.563450710404662,0.3034565004863079,1.4969762203605277,0.30382907388317804,1.6085004761464479,23.613265809595532,23.36025110990034,108.22314097720039,108.07992756651933,20.323798109692785,20.065655855185696,8.351669041785472,8.069743398241052,141.47897423572644,142.4176711554038,141.52515684732788,0.9386969196773691,0.046182611601437884,-0.8925143080759312,True,True,False,False
MBB_20m_primary,5,20,5,0.6551724137931034,0.5,True,True,25,False,0.007201954717352922,6.432633879145983,0.30646674173246863,1.501287684787802,0.3068516685433047,1.6302277796533517,38.73123800493727,38.45642502074166,109.32322314197742,109.14073222666671,20.5526058852027,20.250498834605757,8.462587962587456,8.134772784758928,159.05202770197326,159.51200013468267,159.2617366114036,0.4599724327094066,0.20970890943033282,-0.25026352327907375,True,True,True,False
MBB_20m_primary,5,20,6,0.6551724137931034,0.6333333333333333,True,True,16,False,0.01554998106803874,5.307949475138908,0.30105822334068516,1.4746412840939422,0.30116883433938807,1.6017374066703443,15.524964513050215,15.201485712205148,107.3942711354541,107.11518490348026,20.19028549539318,19.87107292585319,8.313644510852175,7.979586913816989,140.44741898661368,140.59738710750483,140.7256208337495,0.14996812089114542,0.2782018471358185,0.1282337262446731,True,True,True,False
MBB_20m_primary,5,20,7,0.5517241379310345,0.7,True,True,24,False,0.01900701765991611,4.87540770334945,0.2990039121920198,1.478938739040737,0.2993315026922809,1.5877266321380847,11.849437196306809,11.581134648588291,106.62530741250303,106.4723805558922,20.015452249019663,19.760786990633854,8.218663805828783,7.942198099903192,159.5756616827002,159.6880452108344,160.0831031890871,0.11238352813418828,0.5074415063868969,0.3950579782527086,True,True,False,False
MBB_20m_primary,5,20,8,0.7241379310344828,0.4666666666666667,True,True,22,False,0.00953521709498538,5.551500947438979,0.30431676566707816,1.505603127203542,0.3044467780888052,1.635834074049341,28.05910719354026,27.739214143554427,108.51890885334184,108.2390922355701,20.370101109040064,20.044344126357938,8.363669376233872,8.022050225544598,182.0062681062626,182.07341958249467,182.0440437312227,0.06715147623205553,0.03777562496009068,-0.029375851271964848,True,True,False,False
MBB_20m_primary,5,20,9,0.4482758620689655,0.5,True,True,21,False,0.04275797126710773,4.6179086427333615,0.2925153436613153,1.4103131370626942,0.29166957096076207,1.518133590259505,2.8934079925698173,2.5718140628924173,104.40342495958643,103.81990163502613,19.67539126070443,19.32969837523524,8.137625996409666,7.816025547093037,130.50364141993953,136.78348760128443,130.55475527414106,6.279846181344908,0.051113854201531694,-6.228732327143376,True,True,False,False
MBB_20m_primary,5,20,10,0.5517241379310345,0.7333333333333333,True,True,20,False,0.010455914458042458,5.474324741773063,0.3036918448699908,1.4984167875140142,0.3038774282205662,1.6316102977896714,25.198390738690005,24.874218334000815,108.30636921717134,108.03960421678019,20.338838526059074,20.009864667842734,8.357401368485547,8.010150267581132,160.00183639279288,162.27741351859447,160.6697810921587,2.2755771258015898,0.6679446993658189,-1.6076324264357709,True,True,False,False
MBB_20m_primary,5,20,11,0.7241379310344828,0.5333333333333333,True,True,17,False,0.011245813198559388,5.809262125939215,0.3039019763062113,1.4732003695703624,0.30398489628512554,1.6131558169738436,23.234023967601185,22.881387241144665,108.44738956442345,108.12571634345456,20.420669704459545,20.066060685535977,8.433116651393075,8.063678739382128,133.96617886910735,134.0559903820404,134.35665701651607,0.08981151293303924,0.39047814740871445,0.3006666344756752,True,True,False,False
MBB_20m_primary,5,20,12,0.5517241379310345,0.5666666666666667,True,True,13,False,0.010727172686787124,5.821088674365273,0.3043027051431084,1.4637543755901128,0.30409140264194257,1.61234389881457,24.607238414140085,24.20583004562927,108.61905522847263,108.16706632380432,20.47699000837363,20.076645444242992,8.474573244918982,8.070172311561585,156.30066249421887,160.2282497734377,156.47678322323276,3.927587279218841,0.17612072901388842,-3.7514665502049525,True,True,True,False
MBB_20m_primary,5,20,13,0.7241379310344828,0.5,True,True,19,False,0.006468030167030091,6.534813492172349,0.30700105212565004,1.5056744915052833,0.30744922785706774,1.6308718978903747,43.638327804589714,43.38948089139244,109.50936943058788,109.35964116749221,20.583871699951843,20.29646569113684,8.472628854542801,8.157355205839869,138.39380350527242,141.9671912430952,138.45286975926606,3.5733877378227703,0.05906625399364884,-3.5143214838291215,True,True,True,False
MBB_20m_primary,5,20,14,0.6551724137931034,0.6666666666666666,True,True,21,False,0.01884762302935068,4.718507906754477,0.2989038062489229,1.4933971598421498,0.29905594816977,1.6130434599990324,11.94085507475966,11.635020541939518,106.55197057459122,106.30696297728907,19.970156677927115,19.673482021152783,8.176079295221456,7.8635550868509325,170.08956806357247,171.31427667733948,170.28236248151927,1.2247086137670067,0.19279441794679997,-1.0319141958202067,True,True,True,False
MBB_20m_primary,5,20,15,0.7586206896551724,0.6,True,True,16,False,0.013081018476157379,5.3050256974145205,0.30204999486946965,1.4925604070549023,0.3024459263461727,1.6153389097993787,19.233156474672228,18.94610056371166,107.71518265930442,107.55226207392002,20.22308762839279,19.937760492553135,8.306239850493796,7.995285235974649,173.15903725178686,173.27742512357796,173.60420636805316,0.1183878717911,0.4451691162662996,0.32678124447519963,True,True,False,False
MBB_20m_primary,5,20,16,0.6206896551724138,0.5333333333333333,True,True,27,False,0.00553180815533237,6.39001366412759,0.30765127640612533,1.5145257458185306,0.3082560195211489,1.6489035538067889,51.775546086237576,51.54421151943661,109.72705668302208,109.6120023256618,20.612854067725774,20.31423330507566,8.47549080732306,8.142129054668299,149.74599785482744,149.8671632695227,149.8816643947629,0.12116541469526965,0.13566653993547106,0.014501125240201418,True,True,True,False
MBB_20m_primary,5,20,17,0.6206896551724138,0.5333333333333333,True,True,23,False,0.007565226260731019,6.4659868092064725,0.3062619161717484,1.4882723402655378,0.3066835463602111,1.6069572132498138,36.69044261214627,36.44374317223149,109.28039222506474,109.13725966438614,20.56987195705825,20.297158634021304,8.488929192451156,8.189924052937743,132.25709574628934,138.0063452815968,133.03990980967174,5.749249535307456,0.7828140633824034,-4.9664354719250525,True,True,False,False
MBB_20m_primary,5,20,18,0.5517241379310345,0.6333333333333333,True,True,22,False,0.017996923581533115,5.1493923607055585,0.2997342584361098,1.4758112747687981,0.30000736942753276,1.5767328538796046,12.7914005581749,12.54238549686827,106.90271484684234,106.7494821524377,20.081737345034437,19.843032299403482,8.256692306772432,7.998965412561963,139.8099387072627,141.01587670012393,139.93725772855643,1.2059379928612373,0.12731902129374362,-1.0786189715674936,True,True,False,False
MBB_20m_primary,5,20,19,0.7931034482758621,0.6666666666666666,True,True,17,False,0.011135924684965713,5.414528301471387,0.30323719588427916,1.4962794820459109,0.3036669570493872,1.6340353676285482,23.382714481219423,23.06705477728334,108.14395998928926,107.95582547090524,20.308116379972923,19.986829782461506,8.344607539691411,7.995132163710201,144.82880626969333,145.89847153182686,145.385813739831,1.069665262133526,0.5570074701376768,-0.5126577919958493,True,True,True,False
MBB_20m_primary,5,20,20,0.6896551724137931,0.7666666666666667,True,True,16,False,0.012191658780930661,5.462163872443491,0.30275656256424455,1.4890709804332618,0.30300959671451755,1.6134488539904452,20.993381739913204,20.693416479635676,107.98472565966429,107.76504289013597,20.288411629519235,19.98756676483544,8.34426564392228,8.023240116762452,139.06214050045605,139.10564223304647,139.39705250228656,0.04350173259041412,0.33491200183050296,0.29141026924008884,True,True,True,False
MBB_20m_primary,5,20,21,0.5172413793103449,0.6,True,True,19,False,0.016292854744913293,5.233633422766699,0.3004841297794693,1.4758176253835837,0.30054484750365745,1.597837771508389,14.596485365227082,14.282208692523469,107.17944007896712,106.8947171449615,20.14149049086199,19.83140195942636,8.287166971804126,7.964601846142131,156.75989918914232,157.2734781582538,158.3219539420426,0.513578969111478,1.5620547529002806,1.0484757837888026,True,True,True,False
MBB_20m_primary,5,20,22,0.5172413793103449,0.5333333333333333,True,True,16,False,0.012954193752955876,5.309441507654716,0.30229171163963525,1.4951861415589134,0.3025800306078853,1.6213098014911052,19.472359485435913,19.168753930533676,107.7977795122503,107.58672442815106,20.23557710480393,19.933038874947314,8.309074276224816,7.984833135247667,163.32787332798486,168.28746111652134,163.59241537492358,4.959587788536481,0.26454204693871475,-4.695045741597767,True,True,True,False
MBB_20m_primary,5,20,23,0.6551724137931034,0.6,True,True,21,False,0.0061179659487589294,6.478995249098504,0.3074405194260265,1.5096681291899654,0.3077708277055265,1.6491468067479722,46.419288279909914,46.11916534583229,109.66150335074809,109.43232923115711,20.60859266466236,20.274932593697674,8.479860510387843,8.121752011710445,156.5532136033773,160.1420808900498,156.5771527776024,3.5888672866725244,0.02393917422512004,-3.5649281124474044,True,True,True,False
MBB_20m_primary,5,20,24,0.6206896551724138,0.5666666666666667,True,True,28,False,0.01867129390645861,4.91064029089284,0.29945805559636873,1.4697005084838086,0.29950401379550695,1.600181198898277,12.184263613300256,11.844551254763797,106.81616285689084,106.50469727677243,20.07549380779532,19.74239259048473,8.261738930055653,7.916036671127227,139.32337868877838,139.33523383331524,140.0047800774224,0.011855144536866646,0.6814013886440193,0.6695462441071527,True,True,False,False
MBB_20m_primary,5,20,25,0.5862068965517241,0.6333333333333333,True,True,22,False,0.004985980542716695,6.875449287020527,0.30854705811763655,1.4959196247100097,0.3088297079962213,1.6476597653356988,58.095920746263815,57.76847105078754,110.10447890650214,109.82685365244295,20.732275095348335,20.363170099581172,8.561477953176828,8.168769785961985,165.2740120069377,166.43836855475197,165.69335974862705,1.1643565478142648,0.41934774168933586,-0.7450088061249289,True,True,False,False
MBB_20m_primary,5,20,26,0.6896551724137931,0.7666666666666667,True,True,26,False,0.028574022833198858,4.604378430778616,0.29527566498990526,1.4749465120274867,0.29514696172339794,1.5974665609132077,6.362672406452184,6.028304227073833,105.25944046610782,104.90355313229996,19.728590875598194,19.402114056172785,8.07769865085598,7.746099581964773,122.60904996093721,127.30656686842877,122.97141100279646,4.697516907491561,0.3623610418592449,-4.335155865632316,True,True,True,False
MBB_20m_primary,5,20,27,0.5172413793103449,0.5,True,True,30,False,0.004971882790657529,7.281178010960367,0.308576006186376,1.498183317624189,0.30902382835563325,1.6373255160216567,58.27161655595962,58.00945384138138,110.10946440743254,109.92450591168915,20.728739958939666,20.405314932213038,8.556625086002605,8.204191290507817,118.07784676110671,118.66805713735036,118.60915135713898,0.5902103762436468,0.5313045960322711,-0.05890578021137571,True,True,False,False
MBB_20m_primary,5,20,28,0.6206896551724138,0.6333333333333333,True,True,15,False,0.01322996013680178,5.305768618491522,0.3019932172265263,1.4975831151670425,0.30235347686132746,1.6101079162565446,18.954440021905388,18.690735976165527,107.68158636799255,107.53131012039033,20.205598719741964,19.943892620481385,8.290551776541445,8.005460199405729,175.07352077480826,175.0771946030623,175.456257250553,0.003673828254051159,0.38273647574473557,0.3790626474906844,True,True,False,False
MBB_20m_primary,5,20,29,0.5517241379310345,0.7666666666666667,True,True,19,False,0.017906008556169244,5.083882069777874,0.2999886449459255,1.4679561667937726,0.29979390209525364,1.5974309583311421,12.91164656856225,12.561914861358225,107.01636830044642,106.61860351203208,20.122287230424384,19.772596778344965,8.28796050720985,7.9351502486676075,169.5201489027928,173.27179025155087,169.8395006833234,3.7516413487580564,0.31935178053058166,-3.4322895682274748,True,True,True,False
MBB_20m_primary,5,20,30,0.7241379310344828,0.6,True,True,22,False,0.007001396835948013,6.431533860058582,0.30670956292642226,1.4935827176459655,0.3068464229258821,1.624984175786446,40.006431827228255,39.691623311334965,109.43223048518561,109.1519947405158,20.591846434774638,20.2636142144901,8.492985948121305,8.148527259303957,154.51933016722788,156.90859214387345,154.91413343757498,2.389261976645571,0.39480327034709717,-1.9944587062984738,True,True,False,False
MBB_20m_primary,5,20,31,0.5862068965517241,0.8333333333333334,True,True,23,False,0.009173983914651143,5.616391818944786,0.3045496117601255,1.5033472168679667,0.3049465753645125,1.6381559428000758,29.350505171900558,29.048842916302366,108.610519316805,108.41769895682572,20.39448282609853,20.078188530631103,8.379146695884653,8.036188258139044,151.59733777570688,152.5678043334508,151.66193634768777,0.9704665577439187,0.0645985719808948,-0.9058679857630239,True,True,False,False
MBB_20m_primary,5,20,32,0.7931034482758621,0.6,True,True,23,False,0.006761341030662177,6.548480394282827,0.30705704389430927,1.4827607370277947,0.3073063238428031,1.6219802957818268,41.64299232444986,41.325827496957366,109.58770836640565,109.32928282703446,20.647473898625353,20.308024125203914,8.535942671573043,8.175229598924302,134.87294064238927,135.023910354646,135.31150731825468,0.15096971225673883,0.43856667586541676,0.2875969636086779,True,True,False,False
MBB_20m_primary,5,20,33,0.8275862068965517,0.8,True,True,20,False,0.007940653786995364,6.061166957404083,0.30576775783314847,1.5015463340118875,0.3060265148055558,1.6380764195493944,34.67672698585539,34.36107502845851,109.06461098429378,108.81645249646046,20.49622484192413,20.164471848725526,8.433476604451512,8.080313038504649,158.44818781241412,159.07032865156344,158.81997957592492,0.6221408391493242,0.37179176351079946,-0.2503490756385247,True,True,True,False
MBB_20m_primary,5,20,34,0.5517241379310345,0.5666666666666667,True,True,17,False,0.012905924498921998,5.330274904349152,0.3021459466488639,1.4971694581504102,0.30244266085344446,1.6065575087018404,19.54369966805104,19.284102443111728,107.73899260096925,107.57316017131933,20.218839859224076,19.96016458533422,8.297864012754843,8.018544118366446,130.54428078057924,130.65896847443776,130.86108565230495,0.11468769385851374,0.3168048717257079,0.2021171778671942,True,True,False,False
MBB_20m_primary,5,20,35,0.41379310344827586,0.6,True,True,31,False,0.043998905107734354,4.319781941520592,0.29115618187804876,1.4395683639693408,0.29012189441873865,1.5690636309912935,2.5736316945201194,2.1863749450697503,103.8281872401973,103.12053563522787,19.491551051842897,19.074890684963915,8.004429888752812,7.617427174770094,170.2532663439416,184.52512104173093,170.32500094039105,14.271854697789337,0.07173459644945979,-14.200120101339877,True,True,True,False
MBB_20m_primary,5,20,36,0.6896551724137931,0.7333333333333333,True,True,18,False,0.007281998419330568,6.273369936446108,0.30626139611049064,1.5087798026214545,0.30662914809768965,1.6445545586729127,38.21543689360519,37.92020749321942,109.22858197098462,109.0225494701359,20.516901731937725,20.195785806744105,8.434280806794654,8.087561268457826,183.79688712934683,184.30932686728784,183.84348787178618,0.5124397379410084,0.046600742439352416,-0.465838995501656,True,True,True,False
MBB_20m_primary,5,20,37,0.6896551724137931,0.8333333333333334,True,True,23,False,0.007056224626529673,6.188390072574392,0.306291773059276,1.5139018942100275,0.3069489467340056,1.6343637228197392,39.554597271820306,39.3411686592921,109.22690006769224,109.16622251923688,20.50610309704875,20.24757785767681,8.421871914147989,8.127711134565253,147.30340468689445,147.49332377253234,147.3426690248596,0.1899190856378823,0.039264337965136065,-0.15065474767274623,True,True,True,False
MBB_20m_primary,5,20,38,0.7586206896551724,0.6333333333333333,True,True,21,False,0.018677150215391444,4.859109040441356,0.29906668194483116,1.49082745097169,0.29922045088889604,1.615230511724694,12.10281647758185,11.784808704152034,106.61854819809002,106.36216804821484,19.98977120625196,19.680949263559164,8.18954733765312,7.864418354245991,152.1542001175613,152.16636476256025,152.1819536253115,0.012164644998961194,0.02775350775021934,0.015588862751258148,True,True,False,False
MBB_20m_primary,5,20,39,0.6206896551724138,0.6333333333333333,True,True,17,False,0.012474692159976057,5.472191502431432,0.30270918534915575,1.4868742357985893,0.3031048147770542,1.6131149094162327,20.429019940945775,20.134973397456754,107.97277034061818,107.80102382365484,20.290305054947318,19.996018147566616,8.348190802387885,8.02800146614581,181.93299376150057,188.29291858440433,181.9882859688234,6.359924822903764,0.055292207322821696,-6.3046326155809425,True,True,True,False
MBB_20m_primary,5,20,40,0.7241379310344828,0.3,True,True,20,False,0.008388659379866178,5.963463307944617,0.3055798800267601,1.4923253148548643,0.30573949654592186,1.6400762310776746,32.617006691271726,32.25874466955066,109.01848415346883,108.70549432210514,20.505048786994326,20.136433242613393,8.450399746891561,8.063315136864798,162.73127913589096,165.41402413395704,163.30830148330196,2.6827449980660845,0.5770223474110026,-2.105722650655082,True,True,True,False
MBB_20m_primary,5,20,41,0.5862068965517241,0.8,True,True,20,False,0.023373493832118387,4.800944754518875,0.2973066073947709,1.46958725215031,0.29706091940434703,1.5932712663073587,8.817843740043697,8.478932692987744,106.02245253379088,105.62046204105239,19.904301951204555,19.565496563630177,8.174557534301957,7.8351010436582635,158.7523576493714,167.05070482337413,159.0210341005987,8.298347174002743,0.2686764512273214,-8.029670722775421,True,True,True,False
MBB_20m_primary,5,20,42,0.6896551724137931,0.7,True,True,20,False,0.017056961631745086,5.004706646415879,0.30001665053400906,1.4830204296150498,0.3000729429989931,1.6142763332484564,13.716410767821245,13.37695534562441,106.98878629258957,106.67918333873006,20.085639317697794,19.75136101940144,8.24897149513561,7.901624459861411,184.01222962032824,187.72389858779363,184.05205325797104,3.7116689674653855,0.039823637642797394,-3.671845329822588,True,True,True,False
MBB_20m_primary,5,20,43,0.8620689655172413,0.5666666666666667,True,True,21,False,0.010015107273465457,5.55111385656967,0.30408071466815767,1.4931948652362101,0.304284748649739,1.6298290133479316,26.533349357859553,26.20336443736581,108.46302608095486,108.19441005516859,20.383311463150473,20.046928117503423,8.387123773754405,8.031457839560431,171.78443577366593,173.9563815833373,172.3232909132231,2.171945809671371,0.538855139557171,-1.6330906701141998,True,True,True,False
MBB_20m_primary,5,20,44,0.6551724137931034,0.5333333333333333,True,True,14,False,0.024178181378806084,4.485557811295942,0.296496349904736,1.4886463666289524,0.29625876068633944,1.6142764676284604,8.301928576329793,7.957820960060936,105.67545295351694,105.27155292607586,19.790528596310004,19.447345976166247,8.090841338226046,7.746530228298904,193.7767135129556,204.95801164634435,194.02585373464865,11.181298133388736,0.24914022169303962,-10.932157911695697,True,True,True,False
MBB_20m_primary,5,20,45,0.6551724137931034,0.7666666666666667,True,True,13,False,0.015463348662739533,5.226098666592172,0.30087388249386227,1.4893701282763723,0.30137041430301736,1.6080011114071253,15.58407163709593,15.307678166448902,107.28916660239507,107.17381224796341,20.137577914631347,19.87097381637375,8.26691445873378,7.971098550566187,160.85109071661265,165.42299664518563,160.87829049859906,4.571905928572988,0.027199781986411153,-4.544706146586577,True,True,True,False
MBB_20m_primary,5,20,46,0.6551724137931034,0.7666666666666667,True,True,14,False,0.013852706451088726,5.524003705793261,0.30223281641641103,1.4760815210538873,0.3022215115364113,1.6131491339918904,17.995013855917954,17.63923578549252,107.82413143648476,107.47495320690736,20.28019088491842,19.925524904511565,8.357569839561938,7.991993054474598,158.19637859896324,160.64589151389916,158.420221211935,2.449512914935923,0.22384261297176522,-2.2256703019641577,True,True,True,False
MBB_20m_primary,5,20,47,0.6551724137931034,0.6333333333333333,True,True,26,False,0.03614057283128597,4.6222266613259615,0.29331324536529324,1.4519206184818358,0.2933161906414143,1.5601882802856817,4.125565247494539,3.8280931992349503,104.59316371320843,104.32173546670887,19.631602217573747,19.352403352816992,8.059237694233083,7.770956907098553,137.47191460979644,143.7926038058935,137.4748216123889,6.3206891960970495,0.0029070025924511356,-6.317782193504598,True,True,False,False
MBB_20m_primary,5,20,48,0.6896551724137931,0.6333333333333333,True,True,15,False,0.016744186409018206,4.990451468478011,0.29990556955141556,1.4956366395852545,0.2998927609473995,1.6112251573940117,14.008576709180641,13.706215496625234,106.91603603707911,106.62036682944886,20.04422362329944,19.744874296802546,8.210847945637086,7.902425464024161,172.02719325016454,176.09122477558685,172.55641295729043,4.064031525422308,0.5292197071258897,-3.5348118182964186,True,True,True,False
MBB_20m_primary,5,20,49,0.6551724137931034,0.6666666666666666,True,True,22,False,0.00576688383226824,6.499319025544192,0.3076320683037452,1.5072432214565217,0.30793076290034327,1.6539728451593845,49.52136421009312,49.20096900992139,109.73829838597163,109.47920618637826,20.63011890398745,20.275224677667996,8.494108756249911,8.115399889218697,138.43633251062514,138.76467616833966,138.60390471053518,0.32834365771452667,0.16757219991004035,-0.16077145780448632,True,True,False,False
MBB_20m_primary,5,20,50,0.5517241379310345,0.8,True,True,27,False,0.005505975016279073,6.896079659632452,0.3078695065000487,1.5124854754210952,0.30856300824167643,1.6418947281648928,52.081540848020374,51.87945667894673,109.81273031198418,109.74293857351587,20.635514239985497,20.356791708743607,8.489799389121227,8.173281883544117,144.12734777130157,144.12739702543317,144.188026360486,4.925413159639902e-05,0.06067858918441971,0.06062933505282331,True,True,False,False
MBB_20m_primary,5,20,51,0.7586206896551724,0.7333333333333333,True,True,19,False,0.009588959403220942,5.811137289937055,0.3046377632244149,1.4990023396138026,0.3047044048914965,1.6312646468973142,27.93008834489601,27.598261110891197,108.65398803228709,108.34567129887301,20.412722979928382,20.076672099789814,8.394304917252093,8.044697873987896,167.3388851313859,167.40463713808631,167.5662369903114,0.06575200670042136,0.22735185892551613,0.16159985222509476,True,True,True,False
MBB_20m_primary,5,20,52,0.5172413793103449,0.5666666666666667,True,True,29,False,0.004789556259001852,6.932842411002086,0.30854499281941683,1.5144394593446384,0.3091940241313045,1.6349747995838972,60.58838896625289,60.418908391348786,110.05710134021012,109.99323380723679,20.684311676415835,20.424947708733335,8.512061324882833,8.217373638797985,150.66738477534994,157.84734750022648,150.66768465932603,7.179962724876532,0.0002998839760834926,-7.179662840900448,True,True,True,False
MBB_20m_primary,5,20,53,0.6206896551724138,0.6,True,True,32,False,0.05229148036571405,4.138091799825894,0.2884061070907146,1.4515052058743287,0.2879406068498582,1.564740367458188,1.3408670929471107,1.0063038995956406,102.78322211004027,102.32640984798655,19.241544108823984,18.912186266050636,7.860808154174608,7.540246944626573,156.68566429525794,165.89586209923417,157.46324613017634,9.210197803976229,0.7775818349184078,-8.43261596905782,True,True,True,True
MBB_20m_primary,5,20,54,0.5517241379310345,0.6333333333333333,True,True,19,False,0.010175806631934115,5.621464051398484,0.30415853004374194,1.4893567055970223,0.3045428997738693,1.6085157471989813,26.069775026119075,25.80187412884431,108.50140481241081,108.34332771357086,20.3994199509146,20.122512924946605,8.40051192371571,8.098728606000112,176.70821461821475,176.72852943352228,176.83437375143905,0.02031481530752899,0.1261591332242915,0.10584431791676252,True,True,False,False
MBB_20m_primary,5,20,55,0.6206896551724138,0.6333333333333333,True,True,22,False,0.009550767888501056,5.566588186997853,0.30410275029460704,1.5184469582433457,0.30477926125379184,1.6204678482091517,27.951685590274682,27.761227688327622,108.40759756304591,108.40047324977222,20.319893407173332,20.110504647622,8.320753934582516,8.076501942944603,153.6335598916022,153.66574000604834,153.70302793219807,0.03218011444613467,0.06946804059586498,0.03728792614973031,True,True,False,False
MBB_20m_primary,5,20,56,0.8275862068965517,0.5333333333333333,True,True,19,False,0.01081452478023564,5.699208899909176,0.3038811741440212,1.4814734320897445,0.30420565984393383,1.6150448034318907,24.292755289335282,23.979552415519645,108.41888877456385,108.20243481254559,20.397659263224362,20.078781568379387,8.41023321889983,8.067623686947343,156.84068176709695,156.89770493278195,157.07014825039204,0.05702316568499555,0.22946648329508434,0.1724433176100888,True,True,False,False
MBB_20m_primary,5,20,57,0.5517241379310345,0.7,True,True,18,False,0.023052283804028247,4.751613706672393,0.29734690582038814,1.4764269485508572,0.2972958057870736,1.6012363974898878,8.982009613774688,8.648687446989896,106.02010886879413,105.68709859589387,19.889861066082474,19.56366088879013,8.157976762377428,7.823434784921452,144.6023541662594,145.2446720521715,144.75538944383243,0.6423178859120924,0.15303527757302504,-0.48928260833906734,True,True,True,False
MBB_20m_primary,5,20,58,0.4482758620689655,0.8333333333333334,True,True,29,False,0.0035792565651805524,7.322095250735377,0.30986682280805156,1.5173670086160773,0.3103591813661959,1.6528828764127075,82.74528843239068,82.54099874291795,110.53755601846164,110.37816140652954,20.782114107028878,20.4715982996824,8.558011799009389,8.217048684805457,157.84623119503212,164.02653251518456,157.96202101033413,6.180301320152438,0.11578981530200849,-6.0645115048504294,True,True,True,False
MBB_20m_primary,5,20,59,0.6551724137931034,0.7666666666666667,True,True,21,False,0.017327875285830685,5.190597067530339,0.3004031713688186,1.456315304560473,0.3002168757178035,1.5901389415103637,13.530763476318409,13.170303915857438,107.19865058054899,106.79305697981093,20.185372139364528,19.82513082244602,8.33582477624733,7.971773661264787,142.63315928566456,142.63317483975285,143.7069278095985,1.5554088292901724e-05,1.0737685239339498,1.073752969845657,True,True,True,False
MBB_20m_primary,5,20,60,0.6206896551724138,0.7333333333333333,True,True,27,False,0.04396379401063217,4.460561812691902,0.2909844466371615,1.4437297832461504,0.29075997989205526,1.5364967643614171,2.5637208519693475,2.2980602251112563,103.75433357151326,103.43799455617574,19.467122233267236,19.209803688152338,7.9863616394990435,7.730124035236325,124.20814887833959,126.10345349931981,124.6999724120135,1.8953046209802267,0.49182353367390874,-1.403481087306318,True,True,True,True
MBB_20m_primary,5,20,61,0.5862068965517241,0.5666666666666667,True,True,16,False,0.008221396888419151,5.881412176069238,0.3052716096665732,1.5018963361156965,0.3055313339535415,1.6319875345967625,33.2978220521242,32.997360470459505,108.88062573790491,108.6490312449074,20.45577532493408,20.140717890348768,8.412369694165957,8.076397199512803,160.47923391389642,161.6398969276878,161.27140863786965,1.1606630137913783,0.7921747239732326,-0.36848828981814563,True,True,False,False
MBB_20m_primary,5,20,62,0.5172413793103449,0.7333333333333333,True,True,22,False,0.006349545518063312,6.208806755569763,0.30698854515468765,1.507350224864029,0.30716902905659216,1.6420754831928985,44.518954037055614,44.20513282238946,109.50053580697787,109.2280333592388,20.57854982735488,20.24521614253033,8.467656516432475,8.116117829450648,148.89237987343307,156.74448264234564,149.04290596403072,7.852102768912573,0.15052609059765132,-7.701576678314922,True,True,False,False
MBB_20m_primary,5,20,63,0.6551724137931034,0.6333333333333333,True,True,20,False,0.0075566021892451195,5.948247117837685,0.30580909440788395,1.514650178757175,0.3064464249999384,1.6452071269392041,36.60958916685891,36.36125291937895,109.0468832702501,108.95347267158917,20.46569923865678,20.179537361291434,8.400251772617832,8.078393011391,174.217442558847,175.31411350964277,174.30983571750846,1.0966709507957546,0.09239315866145148,-1.0042777921343031,True,True,True,False
MBB_20m_primary,5,20,64,0.6206896551724138,0.7333333333333333,True,True,28,False,0.005419354350522388,6.5461884874278065,0.3078141234911392,1.5163573327163264,0.3082710518144011,1.6424021643294513,52.956080582103006,52.72095476950632,109.78254546256574,109.63391434511678,20.621106783122006,20.332211248080625,8.477233630489444,8.160058534302086,131.1156281172943,132.80721956702905,131.18112148961427,1.6915914497347444,0.06549337231996333,-1.626098077414781,True,True,True,False
MBB_20m_primary,5,20,65,0.7931034482758621,0.6666666666666666,True,True,22,False,0.01097351634770661,5.690280723360657,0.30372317525534276,1.487803524713354,0.3040372154904267,1.615424788783216,23.853407685749843,23.553972804213302,108.34464586760738,108.13931371241354,20.368728078184002,20.06437475343847,8.38694666792722,8.059762137338007,143.35260363679222,143.43713513073416,143.8606353038266,0.08453149394193815,0.5080316670343734,0.42350017309243526,True,True,False,False
MBB_20m_primary,5,20,66,0.6896551724137931,0.6333333333333333,True,True,19,False,0.033539282084258444,4.3817547655572495,0.2934622182171617,1.4645200755358183,0.2932637691187123,1.5725426587706413,4.753415850068427,4.452726321957008,104.61642890859967,104.27129262171182,19.61095771355047,19.316338966561773,8.03173318830049,7.735916052870326,186.99030781264526,189.79396999937126,187.2350977968234,2.803662186726001,0.24478998417814068,-2.5588722025478603,True,True,True,False
MBB_20m_primary,5,20,67,0.7586206896551724,0.6666666666666666,True,True,15,False,0.011932610571155314,5.73829227623824,0.30320348308956424,1.478616721210623,0.3035595197584665,1.602563826064054,21.5994460199184,21.309887474917232,108.17597629494273,107.99539103614066,20.351015990129437,20.05949287747304,8.390286293594688,8.074596568190834,140.01060227573316,140.02310112391265,140.29074137498694,0.012498848179490096,0.28013909925377334,0.26764025107428324,True,True,False,False
MBB_20m_primary,5,20,68,0.6206896551724138,0.7333333333333333,True,True,23,False,0.00827347689074995,5.746308532780135,0.3054524599330969,1.497424533741341,0.3055363392952795,1.647512414845461,33.0968520534669,32.72384585171846,108.95862457138408,108.61180156193451,20.481731753112324,20.101047879654615,8.431635372727253,8.03524596123401,171.0855767737408,171.24869600457336,171.45037914939593,0.16311923083256374,0.3648023756551311,0.20168314482256733,True,True,False,False
MBB_20m_primary,5,20,69,0.6206896551724138,0.5,True,True,21,False,0.034363848351664616,4.45606343677992,0.29344997628775815,1.46232711189109,0.2929641755670525,1.5801396716693086,4.540091733826963,4.203742204867935,104.61743080590922,104.14160507553132,19.615641887148936,19.272851922106252,8.037076960719943,7.703497131698043,159.20112393281082,160.60256784563515,160.0473673044076,1.401443912824334,0.8462433715967848,-0.5552005412275491,True,True,True,False
MBB_20m_primary,5,20,70,0.5172413793103449,0.5666666666666667,True,True,50,False,0.0016044459630016436,9.771234462897354,0.3128620393931238,1.5214977283960789,0.3134150093176116,1.6825386307311394,191.17786838505094,191.11829326043483,111.6325482515269,111.43127455240489,21.010190814300046,20.63862723492859,8.668801243605785,8.262309818600322,148.03760451624174,148.05506863425438,148.19063326440266,0.01746411801264003,0.1530287481609207,0.13556463014828068,True,True,True,False
MBB_20m_primary,5,20,71,0.7931034482758621,0.6333333333333333,True,True,19,False,0.008952671541560908,5.829991291761965,0.30506126623822777,1.5001982314979212,0.30530537801214763,1.6299472535306343,30.23852670330146,29.933994854202503,108.80727237531417,108.57077733494515,20.443392336216466,20.127973625541554,8.408339988271637,8.072644131715805,142.28427898879914,142.41650986285197,142.29243536687423,0.13223087405282286,0.008156378075085513,-0.12407449597773734,True,True,False,False
MBB_20m_primary,5,20,72,0.7241379310344828,0.4666666666666667,True,True,24,False,0.006839202048056832,6.406045849742883,0.3069744237484654,1.4926251287702985,0.30716424103083256,1.641625027489556,41.08806296127684,40.73683772282797,109.53238809444137,109.22740015057585,20.615429025078868,20.24599711077111,8.506306629500195,8.117123048800096,175.73386614664258,179.4184773592332,176.00211929541643,3.6846112125906245,0.26825314877385154,-3.416358063816773,True,True,True,False
MBB_20m_primary,5,20,73,0.6896551724137931,0.7333333333333333,True,True,28,False,0.004470272236133293,7.021516017862678,0.30898109197430235,1.512720498826881,0.3094571120367499,1.6560344582688182,65.29453412089019,65.0386855893622,110.2223711408045,110.0373185880826,20.72350811931563,20.39156353042504,8.534373092593006,8.17197326428506,161.0597175305823,161.4755919120716,161.10509314277783,0.4158743814892887,0.04537561219552799,-0.3704987692937607,True,True,False,False
MBB_20m_primary,5,20,74,0.5172413793103449,0.6666666666666666,True,True,33,False,0.004020711751466716,7.097595626571112,0.30920097461077645,1.527427629042389,0.3099841548286282,1.6379974807662454,73.04470739230591,72.96026245281428,110.26650058503101,110.27722456095859,20.703075775170994,20.480124778300127,8.504137585608124,8.241450524477175,139.96350027769176,142.83684103924537,139.97682159125517,2.8733407615536066,0.013321313563409376,-2.8600194479901972,True,True,True,False
MBB_20m_primary,5,20,75,0.6896551724137931,0.7,True,True,18,False,0.007970873774444144,6.149264230925996,0.30614926601012654,1.486907054042356,0.3061731905851982,1.6374035098369981,34.61564663735917,34.23475713066373,109.24225499778368,108.87227717513845,20.564416757539654,20.1778995929373,8.487985378071288,8.088069709481893,167.6658557790077,168.15091408639285,167.87544499018662,0.4850583073851453,0.2095892111789226,-0.27546909620622273,True,True,True,False
MBB_20m_primary,5,20,76,0.3793103448275862,0.7333333333333333,True,True,18,False,0.006258224732620898,6.5569151822933875,0.30723958399158463,1.500792130222746,0.3076841846596349,1.6388826888538734,45.28211300597649,45.0024421173909,109.60968914808798,109.42618878289984,20.6154853528635,20.294517783511772,8.49533364239974,8.145570183220695,197.79114737730177,197.89372561994927,197.96173411684933,0.10257824264749615,0.17058673954755932,0.06800849690006316,True,True,True,False
MBB_20m_primary,5,20,77,0.6206896551724138,0.7666666666666667,True,True,18,False,0.010866387841218544,5.613921032216254,0.3035869732205439,1.4940593057833378,0.30363848657727477,1.629057379336176,24.09871771827618,23.756538741920885,108.27863417034455,107.95784824714099,20.34172603618423,19.997408452051445,8.364744378888714,8.007234719737973,152.61491174216306,152.62061786869242,153.1293191063021,0.0057061265293612,0.5144073641390321,0.5087012376096709,True,True,True,False
MBB_20m_primary,5,20,78,0.7241379310344828,0.8,True,True,25,False,0.00788270487540632,6.34402735096011,0.30614040572801876,1.4886317968110243,0.3064174152588451,1.6248990847995193,35.04058005340007,34.72820483666371,109.23464383134515,108.99388295413138,20.559259058413264,20.229639178543643,8.483030773168847,8.131309433570113,138.4453470866199,138.44747855962845,138.59440352916107,0.002131473008546436,0.14905644254116623,0.1469249695326198,True,True,False,False
MBB_20m_primary,5,20,79,0.5862068965517241,0.7,True,True,15,False,0.010897969532672767,5.591089640649624,0.3035098956574031,1.4957171062390735,0.30392102092630635,1.6131477420169977,24.006109641509127,23.74203550108378,108.24601580458832,108.10216336533865,20.33130375885443,20.060990252458822,8.357194213596493,8.061102922731695,161.57242159657588,161.84443091277598,161.7954529970039,0.27200931620009783,0.22303140042802738,-0.048977915772070446,True,True,False,False
MBB_20m_primary,5,20,80,0.7586206896551724,0.6333333333333333,True,True,18,False,0.01405457468307854,5.134151351208938,0.3015397692523692,1.4921531738815483,0.3015988692814897,1.6234854300416885,17.588691133298447,17.252609054748838,107.5279081069794,107.21914910595969,20.18347043645494,19.849218856760622,8.286577620447483,7.939141361666335,174.60197969628263,175.40636704909645,174.97577728249342,0.8043873528138192,0.3737975862107987,-0.4305897666030205,True,True,True,False
MBB_20m_primary,5,20,81,0.7241379310344828,0.6333333333333333,True,True,18,False,0.013910532453274825,5.152032408380514,0.3015915435166946,1.4951872124783483,0.301613996486117,1.6227611730732896,17.808160745219755,17.479348941636538,107.53937865262732,107.22655481657395,20.17976646853968,19.852293863969134,8.2806008950051,7.9416857270349395,174.69507880006688,176.75158629916425,174.75915326507643,2.056507499097364,0.06407446500955416,-1.99243303408781,True,True,True,False
MBB_20m_primary,5,20,82,0.8275862068965517,0.4666666666666667,True,True,20,False,0.015529723958065062,4.979998049440856,0.3003625117637782,1.5085445689700834,0.30064245021067276,1.628751643536946,15.417440336470968,15.122809959892411,107.05218137631378,106.85292579338288,20.047330092470858,19.75939430347216,8.195044517937468,7.8862230491433625,162.03722568819495,170.20552520736618,162.30183428319964,8.168299519171228,0.26460859500468814,-7.90369092416654,True,True,True,False
MBB_20m_primary,5,20,83,0.5517241379310345,0.6,True,True,26,False,0.023944278100118722,4.616180376470673,0.2966422832555065,1.4827221668209463,0.2967314710821728,1.6147166572653326,8.446033212150793,8.098760859503173,105.74422140159919,105.44489947298072,19.817450491087463,19.483887906265636,8.112556068655042,7.764579210195091,160.307265178313,171.31815031220543,160.7457768426843,11.01088513389243,0.43851166437130473,-10.572373469521125,True,True,True,False
MBB_20m_primary,5,20,84,0.6551724137931034,0.7666666666666667,True,True,33,False,0.002771594762946518,7.9695955794328,0.3111927659263241,1.5122553118087025,0.3114905061302443,1.6640148512246757,108.47229956741559,108.19767911732079,111.03976384459392,110.76765887146102,20.90099328739342,20.53304101961313,8.625544255136848,8.23339802304374,154.05141461296307,155.10767494886156,154.11149008201377,1.056260335898486,0.06007546905070171,-0.9961848668477842,True,True,True,False
MBB_20m_primary,5,20,85,0.6551724137931034,0.7,True,True,19,False,0.012994954209955048,5.073487316009106,0.30203327286431414,1.4983540002046838,0.3021265744827415,1.628200659830498,19.370684630820094,19.04234775539108,107.69442860828917,107.40203108038263,20.20680179279613,19.879110551383437,8.290127072325618,7.948038825812618,177.3525407511507,177.74797422379763,177.497841837166,0.3954334726469142,0.14530108601528013,-0.25013238663163406,True,True,True,False
MBB_20m_primary,5,20,86,0.5862068965517241,0.6666666666666666,True,True,14,False,0.012400857991468612,5.646542707769854,0.30302100783549013,1.470688588293748,0.3030848059141154,1.5947185894640923,20.64113268777637,20.32628178674106,108.12858902432598,107.83994399278387,20.35693367599817,20.041903329390394,8.403985160519536,8.076191490521136,149.54099247361913,150.46522611911024,150.11348710712937,0.924233645491114,0.5724946335102459,-0.3517390119808681,True,True,False,False
MBB_20m_primary,5,20,87,0.6551724137931034,0.6,True,True,21,False,0.023037120529081013,4.663305038538124,0.2972101285105457,1.4764916227415528,0.29749752313503497,1.5849140610743016,8.984548471437837,8.709402760951164,105.96946819591525,105.80262685536049,19.87879211974327,19.62186621442664,8.152242788892867,7.875116110272477,164.3967662003605,167.35740711386242,164.47845956621453,2.960640913501919,0.0816933658540222,-2.878947547647897,True,True,True,False
MBB_20m_primary,5,20,88,0.7586206896551724,0.6333333333333333,True,True,21,False,0.010340200157629976,5.9412237117572095,0.3042829235921068,1.4866343222672633,0.30451485868586764,1.6134247381592641,25.611968340045042,25.309011297361657,108.55416482726663,108.32062292560632,20.416361251673507,20.10760800179549,8.412821879205888,8.08451194659963,148.34519475928366,148.99329854688506,148.5133990917077,0.6481037876014,0.16820433242403965,-0.4798994551773603,True,True,True,False
MBB_20m_primary,5,20,89,0.7241379310344828,0.7,True,True,18,False,0.013661447916255606,5.1703612198322775,0.30151213402053323,1.5024293361062124,0.301986982809181,1.6026874932212638,18.18139810440707,17.956647861415878,107.4918436581266,107.41473248686776,20.154745452026347,19.933832457820593,8.258080534526606,8.010323992910529,140.24050118969217,140.27340507392134,140.4220664158399,0.0329038842291709,0.18156522614773962,0.14866134191856872,True,True,False,False
MBB_20m_primary,5,20,90,0.6206896551724138,0.8,True,True,37,False,0.002827292888707298,8.011038583135798,0.31100487398300636,1.5193604475301856,0.3114944977882082,1.6621929601267424,106.17549927553495,105.98905369679723,110.95253803522448,110.77371779166363,20.86767908601526,20.538061393453276,8.598977640882154,8.238413439082304,148.00680108334393,149.87917791515892,148.11291617869566,1.8723768318149894,0.10611509535172559,-1.7662617364632638,True,True,True,False
MBB_20m_primary,5,20,91,0.6896551724137931,0.6666666666666666,True,True,22,False,0.008152647932626862,5.974646434764937,0.3057005552201418,1.490171593668726,0.3059606616760486,1.6226378759503404,33.69414874428742,33.387997449941864,109.06844055197256,108.83100889243885,20.520226021495287,20.199069071285724,8.461043717821333,8.11876007733748,165.42109632903717,165.51407277440177,165.84213725266858,0.0929764453645987,0.4210409236314092,0.3280644782668105,True,True,False,False
MBB_20m_primary,5,20,92,0.6896551724137931,0.5,True,True,25,False,0.0050405441020834885,6.919968499383939,0.3084295580624783,1.5085715646437787,0.3087888690322396,1.6491260301781123,57.37017446934,57.08558801511848,110.02926974787567,109.80809130445571,20.69025554254412,20.356130614302533,8.522998212132789,8.163203377246061,161.61120649453326,161.63330228315382,161.83379334302305,0.022095788620561052,0.22258684848978305,0.200491059869222,True,True,False,False
MBB_20m_primary,5,20,93,0.5862068965517241,0.7666666666666667,True,True,19,False,0.033677365529967,4.250830886211164,0.2931950850206599,1.4700858350178414,0.29280254087260255,1.600383672362479,4.692907874276205,4.3255603785325025,104.5038336763838,104.0309983551333,19.575300534031545,19.207719813339907,8.006044983054286,7.642999237807908,174.39846903959636,176.11610241299294,175.1831933436387,1.7176333733965805,0.784724304042328,-0.9329090693542526,True,True,True,False
MBB_20m_primary,5,20,94,0.6206896551724138,0.6333333333333333,True,True,33,False,0.0028482158554194907,7.9899525842652235,0.31090933480886274,1.511727969365008,0.31140079060024833,1.6542904064204438,105.3529064035798,105.16649295381276,110.93649048572756,110.75902613345217,20.879763062148523,20.550988442556253,8.615423981635221,8.25565369294365,114.83646777459697,119.51691084437432,115.177552676276,4.680443069777354,0.34108490167902517,-4.339358168098329,True,True,True,False
MBB_20m_primary,5,20,95,0.5862068965517241,0.7,True,True,18,False,0.018877004929544958,5.108320247999148,0.2993333498402391,1.473556680230328,0.2997169148090499,1.5851736454930303,11.990681472207363,11.718137265305707,106.76043381821309,106.62104351024898,20.05560136877081,19.79809593406904,8.246396123686406,7.964670466963949,133.659843526024,133.7576299242864,134.06891468420136,0.0977863982624001,0.40907115817736894,0.31128475991496884,True,True,True,False
MBB_20m_primary,5,20,96,0.6551724137931034,0.6,True,True,13,False,0.014656618320298727,5.436305320635651,0.3016094187780811,1.4844461317661846,0.3017209683285744,1.5986387670056217,16.72610869973246,16.43737962357406,107.57301139225079,107.32675026750987,20.208913453204595,19.923078971757917,8.309939554568626,8.010292091418393,155.4876744258096,156.75028591264444,155.69062977856015,1.2626114868348566,0.2029553527505641,-1.0596561340842925,True,True,True,False
MBB_20m_primary,5,20,97,0.6551724137931034,0.6333333333333333,True,True,19,False,0.01841576354633706,4.827940257605864,0.29910733695343367,1.4943054367507567,0.29914106741317087,1.61602841965419,12.32586232400429,12.008700191495581,106.62479772704124,106.33086307491226,19.984035156321013,19.672562531472362,8.181935901567632,7.859064984062696,170.48448052950195,174.39242832806278,171.06694623464136,3.9079477985608264,0.5824657051394126,-3.3254820934214138,True,True,True,False
MBB_20m_primary,5,20,98,0.6206896551724138,0.5,True,True,22,False,0.008767827748831707,5.753009538835113,0.304966325847054,1.5081545346210863,0.30546257098250473,1.6323588436378285,30.92754295562589,30.666671799780318,108.7522080531296,108.62271955689867,20.415290145264876,20.134278711522963,8.383285691505275,8.072612047621107,156.06344864260583,157.77860440456124,156.07784233685555,1.7151557619554012,0.014393694249719147,-1.700762067705682,True,True,True,False
MBB_20m_primary,5,20,99,0.7931034482758621,0.4666666666666667,True,True,19,False,0.008256922464876183,6.1351679240152635,0.3058452283505161,1.4837304645238838,0.30613203020472435,1.6213119305729409,33.253559141659466,32.93709054593757,109.13804505110848,108.89759019353295,20.548381638384996,20.21615043894782,8.48408418741041,8.129260354409272,153.32092608696485,153.32863442706653,153.56250883830793,0.007708340101686417,0.24158275134308838,0.23387441124140196,True,True,False,False
MBB_20m_primary,5,20,100,0.6896551724137931,0.5333333333333333,True,True,34,False,0.0030396760366605898,7.856101348854161,0.3107221084039791,1.510732444833059,0.31119441876630166,1.6680847236893583,98.4163616192126,98.1753504659178,110.86990006779642,110.64814328112814,20.867409322506358,20.49893682034716,8.610462755451199,8.210517175835436,150.3838222934126,151.03827848878302,150.66628428649832,0.6544561953704147,0.2824619930857182,-0.3719942022846965,True,True,False,False
MBB_20m_primary,5,20,101,0.4827586206896552,0.7333333333333333,True,True,22,False,0.007191103199530492,6.023490940952502,0.3061859309914773,1.5031177607621133,0.30641168495787907,1.6429524002870437,38.75184863366157,38.4272557063082,109.2149830953045,108.9463270651172,20.525500137273895,20.182587698935173,8.44629461076549,8.082986478835082,153.8500320128054,155.43295893581765,154.8110745171113,1.582926923012252,0.9610425043059081,-0.6218844187063439,True,True,False,False
MBB_20m_primary,5,20,102,0.5862068965517241,0.7666666666666667,True,True,26,False,0.004330343038033834,7.0226301594928255,0.30901412635890074,1.517476560954548,0.30964369703131067,1.6488097509089608,67.52498478568837,67.33844428921263,110.22259128319273,110.12436303381453,20.71386600345187,20.42508216827942,8.523047277359211,8.198805246628334,151.0624564555846,152.85342828988158,151.07059292628742,1.7909718342969825,0.008136470702822862,-1.7828353635941596,True,True,True,False
MBB_20m_primary,5,20,103,0.7241379310344828,0.7333333333333333,True,True,18,False,0.014992307982115231,5.1657802844915786,0.3010876002687045,1.4902229634109823,0.30134925259702094,1.612147677595904,16.212173507528775,15.912944703461992,107.36589285918338,107.15556536880078,20.152411460157776,19.858585005540768,8.273332980325836,7.9591925505172005,187.62504573337986,192.86915173057574,187.74142243268975,5.244105997195874,0.11637669930988181,-5.127729297885992,True,True,True,False
MBB_20m_primary,5,20,104,0.6551724137931034,0.7333333333333333,True,True,25,False,0.007803533439691754,6.344015306962991,0.30614917949385356,1.4898633337811835,0.30644277927010005,1.6298331835670776,35.43335459118621,35.11409146927356,109.23478196251698,108.99082420571841,20.556779845977566,20.21892618092869,8.480106999916694,8.11919747309556,133.18926846748982,133.3731208256168,133.56249297404577,0.18385235812698397,0.3732245065559425,0.18937214842895855,True,True,True,False
MBB_20m_primary,5,20,105,0.7241379310344828,0.5666666666666667,True,True,27,False,0.005732011240375637,6.862817816660928,0.3080241435700595,1.4866454776046851,0.30827508691344996,1.633361589181287,49.966885893019196,49.638542366962746,109.93483995697328,109.65815909182467,20.714531592511673,20.355866160410166,8.564919212601005,8.18430465742234,147.25140185748202,147.42163158365994,147.4941158051569,0.1702297261779222,0.2427139476748721,0.07248422149694989,True,True,False,False
MBB_20m_primary,5,20,106,0.6206896551724138,0.8,True,True,23,False,0.006386284390447395,6.408830336904808,0.3069305374443852,1.5132432069487176,0.3076056012546435,1.6385306096753665,44.216406045512166,44.00381089999709,109.46429503353887,109.39807365295594,20.55871673925764,20.28916288352795,8.449600212054918,8.143312651251769,153.12394279062937,153.17255635400372,153.1803164681089,0.04861356337434586,0.056373677479541584,0.007760114105195726,True,True,False,False
MBB_20m_primary,5,20,107,0.5172413793103449,0.7333333333333333,True,True,26,False,0.005228435888973488,6.882224597681512,0.3082057166823189,1.5055142785339257,0.30868373101667557,1.6328984901503816,55.134342597605425,54.90309018833065,109.95435607347886,109.81013549458623,20.68030466282525,20.389632942273515,8.52204019878739,8.202154705570354,159.51179204674872,161.12655453692264,159.5501375924331,1.6147624901739164,0.03834554568436488,-1.5764169444895515,True,True,True,False
MBB_20m_primary,5,20,108,0.6896551724137931,0.6,True,True,13,False,0.013473040265056704,5.2938267009529705,0.3018494667896194,1.499860467749587,0.3021699372016708,1.6152086267116934,18.523609362578576,18.24897338539309,107.62280282750466,107.45073576848861,20.18826315423945,19.91609864901493,8.278640184364393,7.98440989481789,162.78585243165895,165.87400771120687,163.0049128364413,3.0881552795479195,0.2190604047823399,-2.8690948747655796,True,True,True,False
MBB_20m_primary,5,20,109,0.7586206896551724,0.8,True,True,21,False,0.009713692557942005,5.677486131021421,0.30425778035299267,1.4995391867683447,0.3046605656982184,1.6293880583591733,27.480414755350587,27.18917890340007,108.51240347512564,108.3342158432663,20.381050340979748,20.07802122068832,8.377423855766068,8.04791407358628,136.86867862834828,136.86937645870825,137.3113259739165,0.0006978303599680657,0.4426473455682185,0.44194951520825043,True,True,False,False
MBB_20m_primary,5,20,110,0.6551724137931034,0.6333333333333333,True,True,18,False,0.011936558480169595,5.81678725587086,0.30324912883369876,1.4828489449640607,0.30351242701265363,1.6110969109428157,21.583921263077986,21.275497436781748,108.18216920751216,107.95653317491518,20.343731081806993,20.03371580358174,8.380868673607559,8.04995145628991,160.29492051034498,161.28303460564666,160.43535151642072,0.9881140953016825,0.14043100607574388,-0.8476830892259386,True,True,True,False
MBB_20m_primary,5,20,111,0.8620689655172413,0.8,True,True,20,False,0.00917088560058046,5.872155277470066,0.3048987861923184,1.4940031788373482,0.3051761351304144,1.6310700804607596,29.423733529447464,29.103267846593795,108.76290211715136,108.52025383058867,20.446430771216527,20.114774179983826,8.418235375106356,8.064397846863457,144.53113553650363,144.55815667855535,144.87668263204856,0.02702114205172279,0.34554709554493,0.3185259534932072,True,True,True,False
MBB_20m_primary,5,20,112,0.7586206896551724,0.8333333333333334,True,True,18,False,0.01578975280548967,5.317472493060511,0.3010255584019059,1.4786324299840146,0.3011541831957957,1.6055919594046009,15.216116852368945,14.893820094430424,107.3721701706483,107.10007577047229,20.17738093572901,19.859956721100957,8.301684766052075,7.968723506732409,148.44171761548284,150.2295901366249,148.57721480057614,1.7878725211420488,0.13549718509329978,-1.652375336048749,True,True,True,False
MBB_20m_primary,5,20,113,0.6551724137931034,0.7,True,True,30,False,0.003079610448212492,7.6779790403323265,0.310590806930374,1.5253632824462482,0.31109230444323854,1.6749448572719259,97.01093134036105,96.79692044809643,110.78461648765078,110.5931905223469,20.81918226885692,20.473091981999097,8.566150479791098,8.188091117239455,164.03187432795212,164.53137131483857,164.09679539400074,0.4994969868864416,0.06492106604861192,-0.4345759208378297,True,True,True,False
MBB_20m_primary,5,20,114,0.5517241379310345,0.6,True,True,22,False,0.008966041928651147,5.724314960137417,0.3048247459294354,1.4991807022054207,0.30491299248483644,1.630340050435874,30.16380478496088,29.838230321291764,108.72254535051466,108.42497813961468,20.42716635075667,20.09568420244435,8.401432968489102,8.05564246552234,149.5026310115217,150.01443965225593,149.97515016962672,0.5118086407342446,0.47251915810502965,-0.039289482629214945,True,True,False,False
MBB_20m_primary,5,20,115,0.6896551724137931,0.5333333333333333,True,True,25,False,0.00691624412483217,6.645801702994157,0.3068007510378067,1.5010599651332817,0.3073154597034956,1.6187763524570287,40.54076785369288,40.31571914119446,109.44706299152458,109.34071891914118,20.57981629404891,20.31702153511655,8.47677618203361,8.184135665044469,143.06247578880806,143.31745420146243,143.07487355149078,0.25497841265436705,0.012397762682724078,-0.24258064997164297,True,True,False,False
MBB_20m_primary,5,20,116,0.7931034482758621,0.7333333333333333,True,True,17,False,0.020335585517792586,4.917575859252829,0.29870641524997577,1.475185453873962,0.2985726473684641,1.5973783462339437,10.803354110323864,10.474931620383568,106.52496290033852,106.16802993187086,20.001426890539665,19.6753907641847,8.21656476325242,7.8856312258178,152.3704046218262,154.54224082533875,152.9369608835957,2.171836203512555,0.5665562617695059,-1.6052799417430492,True,True,True,False
MBB_20m_primary,5,20,117,0.5517241379310345,0.6666666666666666,True,True,16,False,0.013163049301376618,5.38497169471402,0.3024453197567095,1.4745486186088763,0.30219721941404976,1.6278672300995152,19.165034069184685,18.749846720151595,107.9064145269616,107.42894196468743,20.301085106074417,19.88560196978993,8.370294044309599,7.951799600848926,169.9136465347687,173.78300875036928,170.54910326205749,3.8693622156005745,0.6354567272887834,-3.233905488311791,True,True,True,False
MBB_20m_primary,5,20,118,0.6206896551724138,0.6,True,True,44,False,0.0028681748960231418,7.960030457612789,0.3109434364934308,1.5195526041810934,0.3113907933148886,1.6699038703754314,104.58528453547679,104.36266433759546,110.92938076351706,110.71603673729771,20.862286178552083,20.509893996360667,8.595967582199716,8.21365644463193,140.06990218618,140.4951844442035,140.1864729660538,0.4252822580234863,0.11657077987379694,-0.30871147814968936,True,True,False,False
MBB_20m_primary,5,20,119,0.6551724137931034,0.7,True,True,22,False,0.007649571428548007,6.188104648454222,0.30600710527676983,1.502613718605238,0.30643113206567396,1.623828681769915,36.17339523537389,35.91988101649836,109.1502558793922,109.00163942240766,20.51254749395936,20.2334951543548,8.440365779131984,8.13471850352595,134.74188314801202,135.22089361465356,135.09883747198384,0.47901046664154023,0.35695432397182003,-0.1220561426697202,True,True,False,False
MBB_20m_primary,5,20,120,0.8620689655172413,0.5666666666666667,True,True,20,False,0.01008169120697624,5.859028497558535,0.30416237565377496,1.4982916862063067,0.3044317304120706,1.6246091774022309,26.327198576858713,26.02995693550587,108.48033424079564,108.26179250158498,20.37666571586363,20.072115648166037,8.376867529232973,8.051338935012197,172.712813129835,173.0904607428294,173.14357706572588,0.3776476129943944,0.4307639358908659,0.0531163228964715,True,True,True,False
MBB_20m_primary,5,20,121,0.5517241379310345,0.5666666666666667,True,True,21,False,0.035767052864631624,4.4427584074244395,0.2928312685634297,1.4558599312356464,0.2928564138658894,1.552914869708983,4.190121904299341,3.924361015190941,104.40537395433773,104.17036165730708,19.583018410917923,19.334528529109186,8.029145914614892,7.771635991640604,143.24345401581186,143.25984101111692,143.86163471414835,0.016386995305055052,0.6181806983364879,0.6017937030314329,True,True,True,False
MBB_20m_primary,5,20,122,0.5517241379310345,0.5333333333333333,True,True,17,False,0.014988987452595892,5.48179360938017,0.30173946295306847,1.4650750247371247,0.3017752423436835,1.5912629139154613,16.325462753086686,16.000098422185026,107.66976246328505,107.3653455764332,20.269274699242835,19.946441679161914,8.36682771038928,8.032146607495843,122.59668193138154,122.74808090616439,123.18677916955556,0.15139897478285036,0.5900972381740246,0.43869826339117424,True,True,True,False
MBB_20m_primary,5,20,123,0.6551724137931034,0.7333333333333333,True,True,26,False,0.005258160546296755,6.565134882754793,0.30805103999875444,1.5193539799621307,0.30838435261791863,1.656907164123056,54.736342787962805,54.4512687187663,109.86243716473506,109.63921836620177,20.632256340015136,20.30380533986054,8.47888483833702,8.126027582028158,161.29023292042206,161.29674016140712,161.31219747956175,0.0065072409850586155,0.021964559139689754,0.015457318154631139,True,True,False,False
MBB_20m_primary,5,20,124,0.5172413793103449,0.5333333333333333,True,True,19,False,0.00832204604916472,6.047678802199652,0.30559334784312536,1.4923618473600424,0.30583345094330183,1.6123607962975564,32.9107635385918,32.63324352319199,109.02336251843735,108.809929499959,20.506027969358062,20.215454210974535,8.45085006653718,8.140963195819747,146.2231965031459,153.7600460763228,146.61031846041405,7.53684957317688,0.3871219572681355,-7.149727615908745,True,True,False,False
MBB_20m_primary,5,20,125,0.6551724137931034,0.6333333333333333,True,True,20,False,0.020834542447214884,4.93013326899967,0.29830794885649337,1.4757336686537075,0.29838799615659944,1.5874214783666247,10.425893315861025,10.135173167576632,106.37652835694912,106.12494604949734,19.9682516575115,19.68637107954135,8.198901836294624,7.904645703827067,125.18701526720163,125.29437988385166,126.38205521588996,0.10736461665003105,1.1950399486883327,1.0876753320383017,True,True,True,False
MBB_20m_primary,5,20,126,0.5862068965517241,0.8,True,True,21,False,0.01475377408268433,5.152374011876042,0.3011504688405301,1.4882370791794455,0.30139886889701817,1.607789808052573,16.54867795111471,16.255186226150116,107.39409317753257,107.18484532260524,20.162547958536916,19.873787193075646,8.281179314611666,7.972818447463976,125.22691210767871,125.41670896172675,125.82472094709561,0.1897968540480406,0.5978088394168992,0.40801198536885863,True,True,False,False
MBB_20m_primary,5,20,127,0.6896551724137931,0.7333333333333333,True,True,16,False,0.016464804761357123,5.275255804993275,0.3005411066773555,1.483241844647304,0.3005959271675357,1.6036733763570221,14.38625811055109,14.075583806700571,107.18178035705608,106.89887966261408,20.12687036116125,19.820411919816266,8.269707350257047,7.951134138089011,142.4219147104356,144.83950601730857,142.8982681600735,2.417591306872964,0.47635344963791226,-1.941237857235052,True,True,True,False
MBB_20m_primary,5,20,128,0.7586206896551724,0.6666666666666666,True,True,17,False,0.020885423522623073,5.043200766553914,0.29878247610229913,1.462252571230819,0.2987677475194573,1.583451613087367,10.448769492942455,10.128374540336441,106.58558600204593,106.27508624908954,20.040868573758086,19.72688572026015,8.254107853928192,7.930662134979158,165.37876101744558,166.69916829643515,165.52743079551536,1.3204072789895633,0.14866977806977388,-1.1717375009197895,True,True,True,False
MBB_20m_primary,5,20,129,0.4827586206896552,0.6,True,True,20,False,0.0103172529574621,5.853888062802041,0.30458555085353556,1.466758673453832,0.3044201712338954,1.604444655340309,25.757980548220974,25.388622723526144,108.7158779193028,108.30828169491643,20.491780670263296,20.123237968351724,8.478071665671848,8.10458263425885,164.63895107741405,165.8421176590922,165.2776499733951,1.203166581678147,0.6386988959810651,-0.5644676856970818,True,True,False,False
MBB_20m_primary,5,20,130,0.6896551724137931,0.6666666666666666,True,True,22,False,0.03640932960659502,4.465770722195025,0.292981271504383,1.4476949555900336,0.29290117617597883,1.5599954733059769,4.065212104102979,3.7541470122158005,104.48128443780386,104.16905902035153,19.616048012575227,19.319821674221643,8.056995044144298,7.754595009798089,151.59614318580378,156.7817019406093,152.34008274382703,5.185558754805527,0.7439395580232429,-4.441619196782284,True,True,True,True
MBB_20m_primary,5,20,131,0.6206896551724138,0.6,True,True,17,False,0.011381506160068137,5.56028542429779,0.30328302388722556,1.4860247043063457,0.30358265353520086,1.6112978404388527,22.823137447205028,22.527108402013024,108.186684683542,107.98194463547564,20.33823625215326,20.038794716701272,8.37378742423778,8.052271805763606,142.26023708839355,143.4115369712275,142.98815004381504,1.1512998828339391,0.7279129554214876,-0.42338692741245154,True,True,False,False
MBB_20m_primary,5,20,132,0.6206896551724138,0.4666666666666667,True,True,28,False,0.005679123299255241,7.069493828550784,0.30809405510072413,1.4813523124127954,0.30822162294800187,1.635541141093802,50.49356662939538,50.125005472556886,109.97396408473625,109.6329420870875,20.733765392617368,20.345979422279036,8.581861778633016,8.176324850293884,159.2695075948842,159.5432965282255,159.7645751719775,0.27378893334130794,0.49506757709329463,0.2212786437519867,True,True,True,False
MBB_20m_primary,5,20,133,0.7586206896551724,0.7,True,True,32,False,0.004128440275559834,7.308931968715389,0.3095383485466229,1.507585915010138,0.3099288937817098,1.6604848004364658,71.16879797907309,70.87716314676659,110.44095157718932,110.2002286572415,20.781177141647294,20.417681430522343,8.57070986127852,8.179302346180284,157.48833405736622,157.7651871391838,157.6515666353885,0.27685308181759183,0.1632325780222743,-0.11362050379531752,True,True,True,False
MBB_20m_primary,5,20,134,0.6896551724137931,0.6333333333333333,True,True,19,False,0.018631107452014222,5.214423424738764,0.2994825817529354,1.4753690917606836,0.2996256350022348,1.5973802159867738,12.205716516474231,11.893465301502824,106.81094616204115,106.55663199365975,20.06281835865579,19.759315779640605,8.247636399871041,7.928443268002355,150.64853715075014,151.5727513790996,150.6873495695204,0.9242142283494559,0.03881241877024877,-0.8854018095792071,True,True,True,False
MBB_20m_primary,5,20,135,0.6206896551724138,0.6333333333333333,True,True,19,False,0.008331727137994243,6.024766588613028,0.30558858406645545,1.492637495708969,0.30571566827640284,1.6234060928070222,32.86672575173622,32.54810289686756,109.02091061815001,108.73866004614358,20.50493683080886,20.17755880152818,8.449922095041321,8.10675169758482,155.11156459689252,156.11441018268115,155.44402069310692,1.0028455857886343,0.33245609621440053,-0.6703894895742337,True,True,False,False
MBB_20m_primary,5,20,136,0.5517241379310345,0.6333333333333333,True,True,24,False,0.004977288863663907,6.850411803933378,0.30827784603214287,1.5215987744823225,0.3090606426232638,1.6386277595554066,58.08497336193485,57.94598817529231,109.94049003175137,109.93481446282154,20.64454052320724,20.40488823666508,8.482127695371066,8.202219365562563,156.6220265561347,156.931676534663,156.62610127086046,0.3096499785283129,0.0040747147257604865,-0.3055752638025524,True,True,False,False
MBB_20m_primary,5,20,137,0.6551724137931034,0.7333333333333333,True,True,18,False,0.01995197560027181,4.995066510768056,0.2987071030026185,1.4765490092765259,0.2986675342520367,1.6024507557562055,11.086140265318178,10.752878547196595,106.52178457832538,106.19028057533058,19.99796243797939,19.669862210227176,8.212960525928901,7.875977804853313,143.61201818534914,144.28740924766288,144.1815523041718,0.6753910623137358,0.569534118822645,-0.10585694349109076,True,True,True,False
MBB_20m_primary,5,20,138,0.7241379310344828,0.7333333333333333,True,True,20,False,0.009187804190133842,5.703854339944971,0.3046575037718147,1.496607589749786,0.3048733812278191,1.6349553721304482,29.329422286762743,28.99891769654863,108.66730101990842,108.3987425427571,20.42047716175737,20.080615009143884,8.401486687318195,8.041737603542913,189.02238482367574,189.61220283612042,189.2390385682166,0.589818012444681,0.21665374454087782,-0.3731642679038032,True,True,True,False
MBB_20m_primary,5,20,139,0.7931034482758621,0.7666666666666667,True,True,26,False,0.006205939279191598,6.582875244462415,0.307350787362732,1.5018380135748512,0.30768176033001243,1.6314022552173684,45.71149997860861,45.435816400924864,109.6480963882876,109.44412271169107,20.62164959736992,20.31363118799002,8.497069443746353,8.165397786441343,140.41287119518353,143.67626758761872,140.44954359483194,3.2633963924351974,0.03667239964840974,-3.2267239927867877,True,True,True,False
MBB_20m_primary,5,20,140,0.5517241379310345,0.5,True,True,25,False,0.008625913735364268,5.986321680067731,0.30532735586515825,1.4827259469244924,0.3055480456971924,1.6206326748453397,31.6080098838998,31.281228894423997,108.94945180508535,108.6837794994774,20.50969650454128,20.17135626936443,8.465702047755052,8.107323516089732,139.86602960531215,144.09662891667594,140.87722116985066,4.23059931136379,1.0111915645385068,-3.219407746825283,True,True,False,False
MBB_20m_primary,5,20,141,0.7241379310344828,0.7333333333333333,True,True,13,False,0.012314233950025733,5.54301550622797,0.3029941626830721,1.482535095624211,0.30308383230900904,1.609010098156915,20.781134068586102,20.46218514583354,108.08886351713076,107.80361222879685,20.324218680839753,20.00494003103698,8.371337157157992,8.038082556512276,147.44793658496098,147.47319106025265,147.74407805223058,0.025254475291660583,0.29614146726959234,0.27088699197793176,True,True,False,False
MBB_20m_primary,5,20,142,0.5862068965517241,0.6,True,True,21,False,0.00877189501879707,6.281412905204443,0.3056493897316112,1.48063268513925,0.3057970308246627,1.6097548492621432,31.059592204266,30.746380185243893,109.07356776410795,108.80304789809048,20.540767268820247,20.219277118680132,8.484372698954251,8.146423918905437,125.47266283898105,125.49487809662268,126.0613772840402,0.022215257641633457,0.5887144450591535,0.56649918741752,True,True,False,False
MBB_20m_primary,5,20,143,0.5862068965517241,0.8,True,True,18,False,0.01933751219766203,5.120300468158893,0.29935331001022525,1.467239391801248,0.2992384838180263,1.591103590863976,11.626009315101081,11.294680177510621,106.78370108675558,106.42955181509959,20.07349693909098,19.744657024252007,8.264035579172344,7.929420273791004,144.0257875536895,151.92922406512952,144.54101751901726,7.90343651144002,0.5152299653277623,-7.388206546112258,True,True,True,False
MBB_20m_primary,5,20,144,0.5862068965517241,0.7,True,True,24,False,0.00691025904792731,6.308029336235833,0.3064770958334735,1.5097375462121652,0.30706637772271694,1.6315365413191636,40.51033413153228,40.285760160095094,109.3057756089858,109.21667677265242,20.53162248771831,20.264234676985403,8.440500466804053,8.140017134158324,169.39979482301044,169.40457384281848,169.51299418738532,0.00477901980804063,0.11319936437487854,0.10842034456683791,True,True,False,False
MBB_20m_primary,5,20,145,0.6206896551724138,0.7,True,True,23,False,0.027049688473159222,4.853380765159877,0.29645421150500395,1.4533064307148227,0.2961212903302452,1.5698904637243607,7.062833485902022,6.7379263506013425,105.74885412395331,105.3325410984757,19.87838056965232,19.550946849496878,8.183265480580168,7.859174620768261,131.67483437913342,133.30457880975624,131.8796272777593,1.6297444306228215,0.20479289862589667,-1.4249515319969248,True,True,True,False
MBB_20m_primary,5,20,146,0.7586206896551724,0.6666666666666666,True,True,22,False,0.00610594780778672,6.451787622691917,0.3073247067246339,1.508283272786988,0.3075947580832123,1.655349269875701,46.50286339405184,46.173726633620404,109.62224824225032,109.35173854101562,20.602935900212586,20.244890461329092,8.47884023002555,8.098070637115692,178.73776308698623,179.82423900253013,178.9658956819146,1.0864759155439003,0.22813259492835414,-0.8583433206155462,True,True,True,False
MBB_20m_primary,5,20,147,0.6896551724137931,0.5666666666666667,True,True,16,False,0.008811319748396041,5.732344462374602,0.30480692615561644,1.5092979027260396,0.3049990706189601,1.630903218459629,30.734417842731336,30.445363361165416,108.6905034268053,108.45532788996726,20.399633993540196,20.101091670072726,8.373758440825263,8.057642458383668,159.59634213234511,160.05027498072366,160.40576333446276,0.45393284837854253,0.8094212021176475,0.3554883537391049,True,True,False,False
MBB_20m_primary,5,20,148,0.3448275862068966,0.7666666666666667,True,True,19,False,0.00954337504729985,5.3779289532943,0.3043117912669317,1.4960367690077097,0.3043362547572114,1.6415679785347876,28.055723936032397,27.685566782411573,108.54115205262559,108.18387089461604,20.394394927458304,20.020735779383088,8.388949718386364,8.002282255772817,164.37710343575222,165.36212682052334,164.735787069224,0.9850233847711252,0.35868363347177024,-0.6263397512993549,True,True,False,False
MBB_20m_primary,5,20,149,0.6551724137931034,0.7,True,True,16,False,0.009719344752390722,5.729558445704678,0.3042218423330727,1.5080208013809808,0.3048538837168916,1.6174905448825971,27.436714097808355,27.22125351385037,108.47779183658184,108.43550681270095,20.3562952122803,20.124136811170793,8.353369427127271,8.087467134967453,160.283134679005,160.4305570365807,160.28315245039428,0.14742235757569233,1.7771389281051597e-05,-0.14740458618641128,True,True,False,False
MBB_20m_primary,5,20,150,0.5172413793103449,0.6666666666666666,True,True,17,False,0.02144014568591548,4.897678361075015,0.298379789767111,1.4580155152225847,0.29828597591674155,1.5845175795305577,10.065393748853657,9.726851519648678,106.44763885212159,106.0946045779378,20.01970753791302,19.685734237764713,8.24902021237193,7.908232643563938,170.1564208090178,175.43038542733115,170.3400728482543,5.273964618313357,0.18365203923650597,-5.090312579076851,True,True,True,False
MBB_20m_primary,5,20,151,0.7241379310344828,0.6333333333333333,True,True,24,False,0.007597656206495743,6.268784179596499,0.306066888496103,1.4997528575361998,0.30646054642165593,1.6293077986872804,36.46240515167475,36.18405979751687,109.17951990462988,108.99870362181233,20.524696343122606,20.22169832948706,8.450417395807282,8.121319434850705,161.6931274667384,161.7259598496002,161.94364230214396,0.03283238286181245,0.25051483540556774,0.2176824525437553,True,True,True,False
MBB_20m_primary,5,20,152,0.6551724137931034,0.6,True,True,18,False,0.010948604599473855,5.462777233282105,0.30326747897221107,1.5093495482431856,0.3038219643158434,1.6220299554660078,23.819626609807393,23.580642404192922,108.12223799060784,108.04324938251955,20.27679692400049,20.03017024256544,8.311023224770075,8.033414834971172,146.02199540377381,146.06335764046412,146.02712838597125,0.041362236690304144,0.005132982197437741,-0.0362292544928664,True,True,False,False
MBB_20m_primary,5,20,153,0.6551724137931034,0.6333333333333333,True,True,17,False,0.018912077805582336,5.1272139807770465,0.29929978671088414,1.4786481128197968,0.2993171405587412,1.5859066337069412,11.94578345574712,11.665247584995772,106.73523189721772,106.47166121608765,20.039785430586996,19.76433956516003,8.231468941522873,7.94646216477299,154.29741605164057,154.7631975990814,154.54897427006998,0.46578154744082667,0.25155821842940895,-0.21422332901141772,True,True,True,False
MBB_20m_primary,5,20,154,0.6206896551724138,0.7,True,True,25,False,0.0056958078244564465,6.511173308092192,0.30756386098522526,1.5129915849905646,0.3082383156401027,1.6416708345016051,50.16116851480745,49.9532358600821,109.69865744306878,109.62367380203874,20.60984609547317,20.33148949293347,8.476022942235268,8.160675499470946,144.45612793206914,145.83273155821715,144.4565808714407,1.376603626148011,0.00045293937156998254,-1.376150686776441,True,True,True,False
MBB_20m_primary,5,20,155,0.7586206896551724,0.5666666666666667,True,True,12,False,0.014352731331330946,5.429246855694323,0.30192148216723214,1.4723477359325867,0.3019124224023088,1.5950845644583118,17.21795947379944,16.89906636163299,107.71863116141633,107.4063528075925,20.26501227598465,19.947512310139402,8.354856194917708,8.027544668136692,155.46478485498977,155.59892552369266,155.54837756883796,0.13414066870288366,0.08359271384819067,-0.05054795485469299,True,True,False,False
MBB_20m_primary,5,20,156,0.6206896551724138,0.6666666666666666,True,True,17,False,0.011518053970841744,5.517516417622133,0.30292916584822654,1.5058176699081438,0.3035626230284743,1.6197735303656164,22.424218669555685,22.18587925265839,108.00627290906333,107.95321860281834,20.258946814702316,20.01532280975405,8.306674719869491,8.02887999708997,179.11988490266472,181.7056221323199,179.1236410901774,2.585737229655166,0.0037561875126641553,-2.581981042142502,True,True,True,False
MBB_20m_primary,5,20,157,0.6206896551724138,0.6333333333333333,True,True,21,False,0.018854650939830974,4.909066041838608,0.29922964001377955,1.482528214925206,0.2992828174483734,1.6067732077992731,11.980669417270436,11.657511820459824,106.69957773248454,106.40647199025855,20.02417993400161,19.707748170981255,8.218280893329467,7.8894826730250545,173.3329966283348,175.8969273815059,173.3333989830971,2.5639307531710926,0.00040235476231487155,-2.5635283984087778,True,True,False,False
MBB_20m_primary,5,20,158,0.6206896551724138,0.5666666666666667,True,True,14,False,0.011981876961957367,5.459701212677158,0.3028389898165957,1.4884376947255118,0.30320284140115733,1.6092289346485555,21.438753311341813,21.157817050263674,108.0167395810963,107.84698190176533,20.2966160880198,20.013861009497294,8.34930426507814,8.042338823013852,120.17986836625073,125.57288981886208,120.9067082149662,5.39302145261135,0.7268398487154712,-4.666181603895879,True,True,False,False
MBB_20m_primary,5,20,159,0.8275862068965517,0.5,True,True,14,False,0.011415501262347022,5.139608027028711,0.30268979486839986,1.5155534904026091,0.3029242927997057,1.6472538698035901,22.61549113875463,22.297109800711414,107.89342711182213,107.64847240184571,20.21473973451874,19.893518379760952,8.271007294650364,7.929722541591595,169.3177626458472,173.9191483004491,169.58345466018804,4.6013856546018985,0.26569201434082856,-4.33569364026107,True,True,True,False
MBB_20m_primary,5,20,160,0.6206896551724138,0.6333333333333333,True,True,20,False,0.007076067449109872,6.326991126188892,0.3063911999750728,1.5178335913337389,0.306958645021195,1.6367548221579116,39.436724110407994,39.21425912534917,109.25369744835719,109.16378316909879,20.503880536438416,20.242179560859725,8.415441701546374,8.121736142856534,120.05482359264533,120.81054433106506,120.08486012990329,0.7557207384197255,0.030036537257956297,-0.7256842011617692,True,True,True,False
MBB_20m_primary,5,20,161,0.6551724137931034,0.7666666666666667,True,True,19,False,0.008328319642565652,5.965969348909471,0.3053090838202633,1.5033820688954513,0.3057632227472721,1.6341497172076653,32.82077260403372,32.54143150964138,108.89071596928704,108.72916785111889,20.45492764961159,20.15362041937042,8.409935827956925,8.080066793300507,160.1931988267004,161.10677534755314,160.56649183470142,0.9135765208527289,0.3732930080010135,-0.5402835128517154,True,True,True,False
MBB_20m_primary,5,20,162,0.5862068965517241,0.6,True,True,30,False,0.047462261391193,4.315110875589433,0.2903916760752082,1.4398801772151768,0.2898450235353427,1.5630110903603933,2.0340408044012115,1.673253016959566,103.54526030282554,103.03359054576902,19.429810280500767,19.068443622768182,7.972512634698273,7.622291533817766,132.5737863190366,133.83938903837043,132.90699972742794,1.2656027193338275,0.3332134083913445,-0.932389310942483,True,True,True,True
MBB_20m_primary,5,20,163,0.5862068965517241,0.6666666666666666,True,True,19,False,0.01641747731009449,5.384524372740819,0.3010524678861783,1.4548666222990452,0.3008902327635336,1.580640240705711,14.544477247896584,14.206703451034603,107.44192090417577,107.06546918552053,20.240864198853476,19.9033173700071,8.366085704010896,8.024456375891788,161.0700375716913,161.94779843031944,161.30458895103493,0.877760858628136,0.23455137934362824,-0.6432094792845078,True,True,True,False
MBB_20m_primary,5,20,164,0.5517241379310345,0.5333333333333333,True,True,20,False,0.015951700761456564,5.2773715286364045,0.30066836715452167,1.4878706900198597,0.30070629157309914,1.611705502898259,14.974495512904582,14.65442703103124,107.21709500043823,106.91939255217814,20.1250670071379,19.808478136119255,8.262551872383716,7.934226054255315,176.4941115619747,182.60198294052566,176.52706108689097,6.1078713785509535,0.03294952491626191,-6.074921853634692,True,True,True,False
MBB_20m_primary,5,20,165,0.4482758620689655,0.7,True,True,21,False,0.019549091126511462,5.155247210348849,0.2995935449190736,1.4484369504336851,0.29904988390439036,1.587717633613591,11.518031862164863,11.124128115732233,106.91968686375411,106.36847134216917,20.141173391856547,19.738363398935988,8.323889559988984,7.93077076920796,166.77220162140168,170.91285267691327,167.14675870478365,4.140651055511597,0.3745570833819727,-3.7660939721296245,True,True,True,False
MBB_20m_primary,5,20,166,0.6896551724137931,0.5666666666666667,True,True,29,False,0.004997992644798698,7.226982288279233,0.3088515580935689,1.4882843877907523,0.3091498764867864,1.6352839893182551,58.02733114094056,57.71486978372896,110.23607338819865,109.97616280224582,20.776251867518695,20.420630855620416,8.594198201561737,8.214754877364962,138.84575283974516,138.90100739925086,138.97831630016174,0.05525455950569835,0.13256346041657707,0.07730890091087872,True,True,False,False
MBB_20m_primary,5,20,167,0.6206896551724138,0.4666666666666667,True,True,16,False,0.010932336230799864,5.812116263580313,0.3039138481713233,1.487939684540246,0.3040860234938764,1.6226946144339631,23.975161054205724,23.64455677760359,108.41467129058661,108.13902786353145,20.383574505703635,20.049501993147008,8.39433719067733,8.04238161843928,137.7453237217813,139.53158938547165,137.86992275001816,1.786265663690358,0.1245990282368723,-1.6616666354534857,True,True,True,False
MBB_20m_primary,5,20,168,0.6896551724137931,0.5333333333333333,True,True,16,False,0.015064959387896988,5.284307845363314,0.3014083891046931,1.4618199928873838,0.30145009763361663,1.5899942428831564,16.209672903352963,15.879465170753738,107.55577221129766,107.24854371131286,20.25128707900874,19.92379994750057,8.362036115551685,8.022304890067709,153.99488564043259,154.2126156511843,154.85796488986935,0.2177300107517226,0.8630792494367654,0.6453492386850428,True,True,True,False
MBB_20m_primary,5,20,169,0.6551724137931034,0.4,True,True,26,False,0.004466612358231141,7.271403576507556,0.3090076519698561,1.5140912353002287,0.30936549022481236,1.6459821322997559,65.35368548761366,65.10034877346095,110.22872293624023,110.02880762722857,20.72208731579672,20.41020525601865,8.531801754464873,8.195024821373694,130.01130300670422,130.53626432994758,130.0991439657382,0.5249613232433603,0.0878409590339686,-0.4371203642093917,True,True,False,False
MBB_20m_primary,5,20,170,0.6551724137931034,0.8,True,True,20,False,0.006189024601562767,6.3201453260881335,0.3070364778004427,1.5132938636977187,0.30756151478789123,1.6455132234375804,45.76714221182216,45.51623256466373,109.50326498553662,109.36422787839221,20.56703011978267,20.267627120580112,8.453773064927349,8.122919886095218,167.10894731541367,167.10894981452188,167.2750612805601,2.499108205711309e-06,0.16611396514642252,0.1661114660382168,True,True,False,False
MBB_20m_primary,5,20,171,0.7241379310344828,0.5666666666666667,True,True,21,False,0.006784433477364701,6.285115834057936,0.30667447588620067,1.5136508543093263,0.30696008100253874,1.6453355696590257,41.35324789647973,41.06045309915268,109.3687690373976,109.1427149428975,20.537254879066104,20.22014752160485,8.438102249756529,8.098937363880319,146.5462895170145,146.5475130333321,146.63272408607222,0.0012235163176228525,0.0864345690577295,0.08521105274010665,True,True,False,False
MBB_20m_primary,5,20,172,0.7241379310344828,0.5333333333333333,True,True,17,False,0.0135608265164983,5.365589098414384,0.3018789717082576,1.4936652879826056,0.30209649752462425,1.6124095020637463,18.395902630745553,18.104665489271277,107.6492852470756,107.43067827732825,20.206604345424378,19.917469443540462,8.296342482563288,7.98887989460619,169.41251561847693,169.81633201295625,169.65166029300303,0.40381639447932116,0.2391446745261021,-0.16467171995321905,True,True,False,False
MBB_20m_primary,5,20,173,0.6206896551724138,0.7,True,True,10,False,0.014297468422022954,5.269628933484759,0.3014270053474253,1.4985373725590045,0.30164024269951206,1.632894454361806,17.197328589053516,16.86389914197008,107.47022305533206,107.21073503971736,20.158005123472446,19.8282323437521,8.264986306986128,7.915760193414125,147.43620215727069,154.08302418073606,147.63104517226435,6.646822023465376,0.19484301499366552,-6.45197900847171,True,True,True,False
MBB_20m_primary,5,20,174,0.5862068965517241,0.6666666666666666,True,True,21,False,0.0068078272222373195,5.953967559666546,0.30654092107488773,1.5063969386988174,0.30678976741611674,1.6496716934312279,41.196519841759454,40.86868419338306,109.33773889510242,109.06894619797363,20.54533171433621,20.195381114081336,8.451994377825812,8.080461549295293,159.742392012594,161.73879401203513,159.8886624945105,1.996401999441133,0.1462704819165026,-1.8501315175246305,True,True,False,False
MBB_20m_primary,5,20,175,0.6551724137931034,0.6666666666666666,True,True,15,False,0.01529875354348302,5.217999946843534,0.3013078378266636,1.4711267621865216,0.301184585530372,1.6086239483304405,15.870851343128935,15.505382086317024,107.49523799038133,107.10366413043747,20.219252176354924,19.854554563956746,8.333156330290297,7.961883206819446,150.99816219861503,153.417279008824,151.9702987969364,2.419116810208976,0.9721365983213559,-1.4469802118876203,True,True,True,False
MBB_20m_primary,5,20,176,0.6896551724137931,0.7333333333333333,True,True,30,False,0.045713195141004116,4.412045046641896,0.2904536136115569,1.4540897427801363,0.2901502856936527,1.5464192439626312,2.249551446034686,1.9823093287255578,103.5323522510888,103.18801055319203,19.39807289328319,19.13559772355058,7.9371800977366584,7.678901155076962,137.1078291675667,141.94289501075073,137.50002622307005,4.835065843184026,0.3921970555033454,-4.4428687876806805,True,True,True,True
MBB_20m_primary,5,20,177,0.6896551724137931,0.7333333333333333,True,True,23,False,0.02950394235374366,4.631221485964994,0.295282837563295,1.456665694144432,0.2951042921991034,1.5800868060272033,6.07658707824947,5.737411547160891,105.30810126315146,104.93155160224396,19.776344486261213,19.44356933303515,8.126686266770474,7.790660269788169,135.39426678086113,144.05994736088252,135.97681619039457,8.665680580021387,0.582549409533442,-8.083131170487945,True,True,True,False
MBB_20m_primary,5,20,178,0.7241379310344828,0.5333333333333333,True,True,24,False,0.019671468018250284,4.840999838381929,0.29851472163319204,1.485727813484971,0.2987378781854488,1.6040947574538942,11.268577186747606,10.968698472932182,106.4276824101446,106.21210308051064,19.95893836214194,19.671225981873473,8.180687577194448,7.874458910770539,143.86728091695016,146.01354823845116,144.17380270293694,2.146267321501,0.3065217859867744,-1.8397455355142256,True,True,True,False
MBB_20m_primary,5,20,179,0.4482758620689655,0.7,True,True,23,False,0.008574302840690974,6.181569427530204,0.3061269935660597,1.4624004503714125,0.30580874341314696,1.6116460124067187,31.966756652084012,31.548352831613773,109.2957196832385,108.80261029386124,20.625891865558074,20.21532968578816,8.552359772785104,8.141862550436995,151.23153368073292,152.90335459968873,151.8740170011803,1.6718209189558024,0.6424833204473828,-1.0293375985084197,True,True,False,False
MBB_20m_primary,5,20,180,0.4827586206896552,0.6,True,True,15,True,0.05999999999999999,4.160041968244382,0.28710845368074495,1.4425283305711338,0.2861214274055462,1.54030231217573,0.542410510646337,0.23838953859519219,102.32691629772052,101.7165505952441,19.16128172519322,18.83025948690315,7.831954793719655,7.531372159300319,155.7179910135946,173.1820245526507,155.94834064006704,17.46403353905609,0.23034962647244583,-17.233683912583643,True,True,True,True
MBB_20m_primary,5,20,181,0.6896551724137931,0.7,True,True,28,False,0.00508400425975422,6.836263245151685,0.30834331113913976,1.5085692217301785,0.30879923185594815,1.6458688116051163,56.829720693049296,56.571730341665756,109.99744608029846,109.82011430572955,20.683387158731197,20.365363321856154,8.519497444719825,8.172301247853209,166.25492980287612,166.29095060610823,166.38024635543258,0.036020803232105436,0.12531655255645546,0.08929574932435003,True,True,False,False
MBB_20m_primary,5,20,182,0.6206896551724138,0.7666666666666667,True,True,16,False,0.013865649727841729,5.076855373898056,0.30130410215598113,1.5007751771946698,0.30167352917024653,1.6154531964456251,17.84358903364107,17.57324241431725,107.4192327682705,107.26691999719371,20.14243328795817,19.87590053500646,8.254027760988194,7.963573265772493,156.13195876167012,156.16207865419145,156.9083823882294,0.030119892521327074,0.7764236265592785,0.7463037340379515,True,True,True,False
MBB_20m_primary,5,20,183,0.7931034482758621,0.6666666666666666,True,True,23,False,0.00776994791081958,6.024658379759686,0.3057748317114848,1.5078263745388678,0.30613838987276143,1.633517127919174,35.50928422226493,35.235622903758994,109.05141442932484,108.86921613736757,20.48058019299835,20.185156318441624,8.417035638706764,8.097007070292463,147.79806009307782,149.7134289580798,147.9128471888079,1.915368865001966,0.1147870957300654,-1.8005817692719006,True,True,False,False
MBB_20m_primary,5,20,184,0.6896551724137931,0.6,True,True,27,False,0.005853793746936047,6.974277812650138,0.3079467630838674,1.4877753828523184,0.30826584038520083,1.63035521696403,48.831677965290254,48.524442230127704,109.90343853603994,109.66231383741713,20.70544764239373,20.362888454976577,8.558762923092555,8.191936966450257,150.04327852919025,152.23792800390447,150.12892468893168,2.1946494747142253,0.08564615974142953,-2.109003314972796,True,True,True,False
MBB_20m_primary,5,20,185,0.5517241379310345,0.6333333333333333,True,True,30,False,0.04264467161557118,4.4197176816892165,0.2914639103898733,1.4403147725817813,0.290940896472993,1.5564988564730629,2.804225203640521,2.4668387290458664,103.93987619058416,103.45441582726488,19.514152535403642,19.172599458751126,8.01495461035105,7.6841994940352105,133.17014403345715,133.27004977428982,133.68210850757404,0.09990574083266779,0.511964474116894,0.41205873328422626,True,True,True,True
MBB_20m_primary,5,20,186,0.6551724137931034,0.6666666666666666,True,True,23,False,0.006966381444209456,6.22620996540995,0.30660703345685386,1.5041689407950571,0.30695699952100125,1.6429559746349327,40.18530637296375,39.88242533103307,109.36774575917865,109.14756727878662,20.556351648836287,20.22604352802173,8.460617549304342,8.105150766013764,157.1981709329349,157.2526870447784,157.19844584459273,0.054516111843526005,0.0002749116578399935,-0.05424120018568601,True,True,False,False
MBB_20m_primary,5,20,187,0.5172413793103449,0.6,True,True,29,False,0.003976214198700205,7.284717091422492,0.3094082539140207,1.5123607226120732,0.30979201977394705,1.6480319724032888,73.99592188019199,73.7498536803364,110.3809215119225,110.18105948689654,20.75848421983129,20.438911847269146,8.552700892140342,8.206908233835057,125.27710984541517,134.05200389943494,125.66999652706264,8.774894054019768,0.3928866816474681,-8.3820073723723,True,True,False,False
MBB_20m_primary,5,20,188,0.7241379310344828,0.6,True,True,14,False,0.012467577179293086,5.403333930206169,0.30261471173583293,1.4837293061671297,0.30293413683095655,1.6110447189977193,20.443476120500737,20.14056816760733,107.94582065039242,107.74324562950497,20.290891816392925,19.987757086714552,8.352726657695285,8.026575807017933,167.08153990338047,169.0550380034348,167.2973117023539,1.9734981000543144,0.21577179897343512,-1.7577263010808792,True,True,True,False
MBB_20m_primary,5,20,189,0.5517241379310345,0.5666666666666667,True,True,19,False,0.009554149400627682,5.901564288197752,0.30453185009411055,1.4884443261356233,0.3047587567503766,1.6141654858211714,28.062136886221488,27.763892584121137,108.64147567871618,108.40876939636289,20.431530751263544,20.12513640157877,8.418122391869762,8.092456247391237,159.24744699262197,159.3532403093779,160.14229469113457,0.1057933167559213,0.8948476985125922,0.7890543817566709,True,True,True,False
MBB_20m_primary,5,20,190,0.7586206896551724,0.6,True,True,21,False,0.006409161334351228,6.239905958854861,0.30686845981014615,1.5179180049988579,0.30715882354502194,1.6503940573689047,44.02307033927567,43.731791650833365,109.42961847927613,109.20332872506322,20.541703326561006,20.222932858649607,8.434623381314033,8.093544049635387,157.57747414714686,158.27125741051776,157.70045419537587,0.6937832633709036,0.12298004822901021,-0.5708032151418934,True,True,True,False
MBB_20m_primary,5,20,191,0.7241379310344828,0.7,True,True,20,False,0.006343012914789209,6.428914013772807,0.3071451076256318,1.5054923086500913,0.30752448536492977,1.6484527954217698,44.598213099918034,44.29486339783026,109.56299190644084,109.34316305867499,20.595824048745392,20.257088745263346,8.478971793322465,8.113583825722579,173.3969291936196,176.38221620504115,173.7119218005541,2.9852870114215477,0.3149926069345099,-2.670294404487038,True,True,True,False
MBB_20m_primary,5,20,192,0.6551724137931034,0.4,True,True,19,False,0.01599307848607716,5.542293903656535,0.30099152102838794,1.473732139244826,0.301139582626021,1.5827142188011674,14.982336605695256,14.707792077075183,107.37194290434016,107.15227184229178,20.1873153540703,19.917839309362336,8.313353989712647,8.029070935814953,147.53112554146105,147.77539905149598,148.01376048612755,0.2442735100349296,0.4826349446665006,0.238361434631571,True,True,False,False
MBB_20m_primary,5,20,193,0.6896551724137931,0.5666666666666667,True,True,22,False,0.006198736475355122,6.64906442016478,0.3075427426300294,1.4895851300595555,0.30791934102592416,1.6305437765699717,45.8311982910757,45.534008737584436,109.74977891659266,109.5339630813469,20.66857376082113,20.334783579241257,8.53751371772212,8.177345184723471,138.14202201747835,138.38169521442663,138.55918164974352,0.23967319694827438,0.41715963226516806,0.17748643531689368,True,True,False,False
MBB_20m_primary,5,20,194,0.6551724137931034,0.7333333333333333,True,True,17,False,0.017136208952085848,5.104115503137514,0.2998746827717625,1.4940015953604229,0.3002329232394104,1.610422344753025,13.597301107066937,13.314127808361567,106.90875271109964,106.74792498681991,20.045981720065182,19.774059425301246,8.21394740229869,7.918395796350924,164.4614728477818,170.45987683740367,164.46950557507256,5.998403989621863,0.008032727290753883,-5.990371262331109,True,True,True,False
MBB_20m_primary,5,20,195,0.6206896551724138,0.6333333333333333,True,True,30,False,0.005523608529224487,6.922512370629751,0.30809701354355307,1.5017915835306983,0.308607468520302,1.6397942734025293,51.971162483660265,51.71373815887485,109.92360921895569,109.76463366170522,20.68124842479617,20.365756649580806,8.527536483387781,8.180684882092322,177.01566461032922,177.08845955870396,177.0285511339754,0.07279494837473521,0.012886523646187698,-0.059908424728547516,True,True,False,False
MBB_20m_primary,5,20,196,0.7241379310344828,0.8,True,True,16,False,0.010142002764130386,5.604256450590718,0.3039662541107873,1.4940447686275884,0.3043384836149255,1.6192207057933723,26.138749129651348,25.85437005462723,108.41864497942757,108.2409426789705,20.371994665790552,20.078590668516433,8.380205580489243,8.061900963726968,157.88608553661618,159.2699846712525,158.11186822258037,1.383899134636323,0.22578268596419093,-1.158116448672132,True,True,False,False
MBB_20m_primary,5,20,197,0.5862068965517241,0.4666666666666667,True,True,24,False,0.006457231906840316,6.143112195957108,0.30650246417691246,1.5258907452127835,0.3071760614633741,1.6317173271947707,43.58922244557604,43.424631721428966,109.27447941409332,109.25670068509258,20.49195387789895,20.272510572166723,8.398503538440497,8.143995567554212,159.1314029186517,159.13730608558626,159.21179513201142,0.005903166934558612,0.08039221335971547,0.07448904642515686,True,True,False,False
MBB_20m_primary,5,20,198,0.5172413793103449,0.7,True,True,28,False,0.04597658182710402,4.5556447238552975,0.2906316483533702,1.4397355498432647,0.2901358929229637,1.5469704970424112,2.254516879887066,1.9408305568365334,103.63418648980263,103.18131134617293,19.44931088036504,19.13302777012519,7.98265574224887,7.676847496774854,141.77872995725107,148.3981489996926,141.99989228643906,6.619419042441535,0.22116232918799028,-6.398256713253545,True,True,True,False
MBB_20m_primary,5,20,199,0.7241379310344828,0.5666666666666667,True,True,24,False,0.005590955925405228,6.779115649281955,0.3079668499655841,1.4997762406465147,0.3085195246334357,1.6243867616303558,51.280449297761535,51.063358497437235,109.88064486304188,109.7709593197125,20.676075059056117,20.398513006006393,8.52761213499235,8.218150995562553,121.45837233510156,124.0987740118334,121.53709461575082,2.640401676731841,0.07872228064925935,-2.5616793960825817,True,True,True,False
MBB_20m_primary,5,20,200,0.6896551724137931,0.8666666666666667,True,True,28,False,0.004792309403489707,7.004240963901537,0.30873888479527706,1.504786764198062,0.3090686926132764,1.6400983466180235,60.61623661493904,60.342675896711526,110.15295380767557,109.93408378214238,20.72467924692993,20.40173435789418,8.54565803674053,8.198629386488452,113.81548963844631,114.69265801614529,114.06700025422958,0.8771683776989789,0.2515106157832747,-0.6256577619157042,True,True,False,False
MBB_20m_primary,5,20,201,0.7931034482758621,0.8333333333333334,True,True,19,False,0.00931866682267546,6.167515904421514,0.30507268569721263,1.487309397947957,0.3053389679750307,1.6211955050801812,28.930840709373946,28.616716844122838,108.84392859376072,108.6052023598833,20.477567998849533,20.153238801523692,8.443137266808373,8.097322658089492,142.11338731090464,142.30798873070853,142.2896265179293,0.19460141980388812,0.17623920702465057,-0.018362212779237552,True,True,True,False
MBB_20m_primary,5,20,202,0.5517241379310345,0.6,True,True,25,False,0.025019555443429306,4.329814921717915,0.29573975310939876,1.4939494810952099,0.29593039498797236,1.6132977161344477,7.8362709978464995,7.5256121550664785,105.38288148923887,105.15283260787143,19.71653591526978,19.423699242791944,8.045949986657963,7.735785257660923,169.08133707439313,170.22503110189513,169.62738616562496,1.1436940275019936,0.5460490912318221,-0.5976449362701715,True,True,True,False
MBB_20m_primary,5,20,203,0.7241379310344828,0.7,True,True,19,False,0.007959236935443096,6.066314337389244,0.3056329238553378,1.5021496585161327,0.3060600731921293,1.6419768752921025,34.56816106063601,34.2651631873347,109.01333169099948,108.819019627355,20.483920561038907,20.157079778049187,8.426386809011067,8.071287672236693,172.69598644626464,179.50909151829777,173.04647503709782,6.8131050720331245,0.35048859083318007,-6.4626164811999445,True,True,True,False
MBB_20m_primary,5,20,204,0.7241379310344828,0.7,True,True,18,False,0.009208035772019268,6.33319831170039,0.305489255836375,1.4665947597220856,0.30551260570418326,1.5985049343966686,29.423497376337103,29.088487420020623,109.04980426578793,108.72639696037427,20.56423478397097,20.225642108178533,8.515255124064005,8.16482573316326,135.3361348082687,135.33679179698183,135.4800431634799,0.0006569887131320229,0.14390835521120948,0.14325136649807746,True,True,False,False
MBB_20m_primary,5,20,205,0.7241379310344828,0.7333333333333333,True,True,23,False,0.005855514362607273,6.560958167348215,0.3074704310601898,1.5096994787579696,0.3080450673982653,1.6351663427045535,48.67923124143262,48.45904008793941,109.67246337865487,109.56872736605415,20.610895901263703,20.332874153673927,8.480993281589692,8.170144052908181,142.3230735431016,143.68488672473023,142.45171221882035,1.3618131816286336,0.1286386757187472,-1.2331745059098864,True,True,True,False
MBB_20m_primary,5,20,206,0.7931034482758621,0.5666666666666667,True,True,21,False,0.007439560276035821,6.518588077205071,0.3063704231340026,1.4942446400040805,0.30669511426885854,1.6289202087605668,37.374847658400014,37.07542187937956,109.30540431092183,109.0862468440063,20.56310643706168,20.241395236334235,8.477432492928749,8.131889982434865,134.8323046406201,134.98718270320327,135.14699683499342,0.1548780625831796,0.31469219437332185,0.15981413179014226,True,True,False,False
MBB_20m_primary,5,20,207,0.5172413793103449,0.5333333333333333,True,True,20,False,0.020615974408671425,5.280843786417132,0.2994440154223246,1.4340749813447757,0.2991998967384276,1.5586955933872595,10.744844989199473,10.404522307375299,106.90065257001791,106.49688376789763,20.166322486424868,19.82522486856029,8.356066364585104,8.014178800931601,126.30989673611266,138.5836116719488,126.51931789702468,12.27371493583614,0.20942116091201513,-12.064293774924124,True,True,True,False
MBB_20m_primary,5,20,208,0.6551724137931034,0.4666666666666667,True,True,19,False,0.023071495921294417,5.199899532002,0.2981347167532475,1.4526381703088338,0.29814027255204645,1.5645156503213424,9.068327550154702,8.771754827645815,106.37072931527679,106.09117839051106,20.01405232141731,19.72574476500924,8.253378981077892,7.955588605330091,109.75493405467515,109.95952810670097,109.83243447174564,0.2045940520258256,0.07750041707049604,-0.12709363495532955,True,True,False,False
MBB_20m_primary,5,20,209,0.6896551724137931,0.7,True,True,17,False,0.013130746257201495,5.176528018866579,0.3019583063450872,1.4953107093935358,0.302216311930426,1.6199601703129454,19.131121358551844,18.828569840136446,107.67442221222126,107.45589055955537,20.208681069356718,19.90753150590151,8.295185390421679,7.973638566559536,177.4716484605164,178.17072229079403,177.9182982978856,0.6990738302776265,0.4466498373691934,-0.2524239929084331,True,True,False,False
MBB_20m_primary,5,20,210,0.5862068965517241,0.7333333333333333,True,True,19,False,0.01622810343041196,5.41249874689646,0.30098588281640587,1.467818933133109,0.30098412988855383,1.601380224113352,14.722483082638973,14.374352470520648,107.38474595340969,107.0479184775368,20.20212765281307,19.857272672158224,8.328876169257462,7.973027837822192,162.95638147276958,167.39449452282568,162.99598886221295,4.438113050056103,0.039607389443375496,-4.398505660612727,True,True,True,False
MBB_20m_primary,5,20,211,0.7931034482758621,0.8333333333333334,True,True,17,False,0.009319529802990044,5.765206575589664,0.30472469709526967,1.495492130271629,0.3048276574589103,1.6305641844735255,28.869516270963672,28.534828714592166,108.6949064914272,108.39292095524138,20.428711846091186,20.08830397657423,8.407190261901633,8.051575494718136,168.7467139314705,168.78669189682213,168.9206952614101,0.03997796535162479,0.17398132993957915,0.13400336458795437,True,True,False,False
MBB_20m_primary,5,20,212,0.5172413793103449,0.6666666666666666,True,True,26,False,0.0038147522825812755,7.537243163686926,0.30969065878993723,1.5197830373746852,0.3102960867676548,1.6637563022307593,77.34633575269787,77.14164392190169,110.46646113907822,110.32750727895045,20.76183705550367,20.438505468626257,8.544412790311252,8.185518760264344,193.1405481687662,193.24747374936848,193.15257098540488,0.10692558060227952,0.012022816638676659,-0.09490276396360287,True,True,True,False
MBB_20m_primary,5,20,213,0.6896551724137931,0.6333333333333333,True,True,20,False,0.00952819524014429,5.767647611258173,0.304568831307789,1.4941461740182695,0.3050721268163895,1.6150373051087428,28.13849250714886,27.881711495618617,108.64077181388377,108.52222470629268,20.419762195396476,20.147863874134142,8.404437705035651,8.10287630256413,143.1594420305156,143.3461693931343,143.51330890849715,0.18672736261868295,0.35386687798154526,0.1671395153628623,True,True,False,False
MBB_20m_primary,5,20,214,0.7241379310344828,0.5,True,True,22,False,0.027735193446835234,4.822259178362578,0.2961660555981585,1.447371305418907,0.29607731209773636,1.5708858601227769,6.790332880444466,6.455341021158736,105.65744873820273,105.31380539822078,19.8707309756696,19.544872433243942,8.187358195412537,7.854734848778255,115.24126599452472,120.67435554069722,115.40436904928058,5.433089546172496,0.16310305475585096,-5.269986491416645,True,True,True,False
MBB_20m_primary,5,20,215,0.6206896551724138,0.7333333333333333,True,True,23,False,0.009993768590687464,5.737794915696864,0.3041867612046403,1.498537084601952,0.3044950730897897,1.6289038866022256,26.595301673501424,26.29188357582159,108.48871608706112,108.27435921671537,20.37797603860613,20.06608002657444,8.377205418892819,8.042474468038233,144.72399568111283,147.2194859388,144.76197712278616,2.4954902576871802,0.03798144167333817,-2.457508816013842,True,True,False,False
MBB_20m_primary,5,20,216,0.5862068965517241,0.6666666666666666,True,True,40,False,0.0026522330630368678,8.476909809680759,0.3113809672222782,1.5162248139956451,0.31202999449067575,1.6561177766900812,113.5874566455262,113.48009957260459,111.09922839477956,110.98663525035582,20.905749038949867,20.596423657478958,8.622623119311326,8.27637094337721,116.8753369435743,118.2948641835982,116.87850895751693,1.4195272400238963,0.0031720139426312244,-1.416355226081265,True,True,True,False
MBB_20m_primary,5,20,217,0.5517241379310345,0.6,True,True,21,False,0.007136966181415201,5.862908326372859,0.30617743503122913,1.5180998398209873,0.30644258414602404,1.6506972904101642,39.036026008620475,38.735661802621976,109.1741369934417,108.93823617793046,20.486154930296575,20.165061373128218,8.4060402764379,8.063612279968169,189.16548479103403,189.33109590501252,189.18746648172527,0.1656111139784855,0.021981690691234235,-0.14362942328725126,True,True,False,False
MBB_20m_primary,5,20,218,0.6551724137931034,0.6,True,True,17,False,0.014811515673219753,5.692129786141233,0.30159894246396673,1.4745367298057919,0.30170694775883755,1.595984221518177,16.534371760666893,16.226370069737396,107.59408755998106,107.32825757971263,20.23365411337073,19.928812696870455,8.335909966553483,8.016793089591257,107.28524071633534,107.28636563851344,107.70745411463844,0.0011249221781071128,0.4222133983031,0.4210884761249929,True,True,False,False
MBB_20m_primary,5,20,219,0.6551724137931034,0.6666666666666666,True,True,19,False,0.015077118409852932,5.1063505139106935,0.30058946717477975,1.503799942609527,0.3009808972568587,1.6123085378710826,16.03004177025421,15.774106659953016,107.14788209883487,107.01921834869965,20.077665540768887,19.828809559145597,8.216911684489183,7.943785836519417,142.12957006643134,142.19141613509478,142.31642792894337,0.06184606866344211,0.18685786251202785,0.12501179384858574,True,True,False,False
MBB_20m_primary,5,20,220,0.7931034482758621,0.5333333333333333,True,True,16,False,0.014810304022367824,5.207607386158472,0.3012160591182817,1.4837945421931944,0.3014183814048835,1.6084309226830837,16.486162761598244,16.176252246070298,107.429481465596,107.19043272670072,20.179241896738635,19.873687778612016,8.295680287017971,7.971904088919038,159.43195370828724,159.75780936300413,159.4421514754855,0.3258556547168894,0.010197767198263818,-0.31565788751862556,True,True,True,False
MBB_20m_primary,5,20,221,0.5862068965517241,0.6666666666666666,True,True,19,False,0.016063177491466515,5.306530791805403,0.30081024863650546,1.4798070239122303,0.30106575490738097,1.6130050019959468,14.87239818117278,14.54137770283003,107.28975324524608,107.04878216457115,20.1571878015936,19.833775715615328,8.289800898075818,7.945381130919648,144.8293986378563,157.4272016157037,145.07639167171314,12.597802977847408,0.24699303385685312,-12.350809943990555,True,True,True,False
MBB_20m_primary,5,20,222,0.5172413793103449,0.6666666666666666,True,True,19,False,0.009166619342531287,5.722754443034716,0.30469893143399485,1.5027258182443424,0.3050244360503998,1.6200152536257826,29.395128034206994,29.130536947622883,108.66719007284271,108.49209460360883,20.407988357930254,20.131214769985892,8.386873660109668,8.08767695242809,174.11486003946374,176.28101920980245,174.13617501663978,2.166159170338716,0.021314977176047023,-2.144844193162669,True,True,True,False
MBB_20m_primary,5,20,223,0.6896551724137931,0.8333333333333334,True,True,18,False,0.011798802327892715,5.394050189871268,0.302900837417054,1.4909855324070307,0.30299496053844616,1.6229924641584121,21.831413565798158,21.49934319226856,108.03315149993844,107.7356196343193,20.294969890497683,19.961768569779274,8.345032275042215,7.997222956770609,155.03038022611833,155.14377240315164,155.45542661912964,0.11339217703331883,0.4250463930113142,0.31165421597799536,True,True,True,False
MBB_20m_primary,5,20,224,0.6206896551724138,0.6,True,True,20,False,0.022125313056744596,4.848124978454005,0.2979561978814202,1.464885860416784,0.2977432174716933,1.591095910552942,9.590111660717476,9.246485815921186,106.27401858225043,105.87774071351195,19.96821252845491,19.625494566772822,8.213494897486234,7.8686395879585405,158.4988057935862,165.6638038105583,159.63309050170534,7.164998016972106,1.1342847081191394,-6.030713308852967,True,True,True,False
MBB_20m_primary,5,20,225,0.5862068965517241,0.7666666666666667,True,True,22,False,0.039245119810430246,4.34160651884534,0.29181258220310285,1.458483086278603,0.2915898508402379,1.5672960444359265,3.3927755215524886,3.085474390213407,104.02282351152178,103.66673640233289,19.495052363477626,19.196458245274155,7.980736173140528,7.681826282211752,153.8906108183399,153.92505566792468,154.41321638580658,0.03444484958478711,0.5226055674666839,0.48816071788189674,True,True,True,False
MBB_20m_primary,5,20,226,0.5862068965517241,0.6333333333333333,True,True,24,False,0.005622135547490599,6.85389286021257,0.3079809918977159,1.497046692155029,0.3084292471938219,1.6413192954569438,50.984101941952396,50.69800909557891,109.89273437791152,109.69502223852604,20.684247094619785,20.347615262838143,8.535458079602908,8.169375658480314,143.71820070084866,143.76275662059996,143.7284212650953,0.04455591975130346,0.01022056424665152,-0.03433535550465194,True,True,False,False
MBB_20m_primary,5,20,227,0.6206896551724138,0.6,True,True,27,False,0.006755974074921154,6.330424361929392,0.30682774753458614,1.4924636095295407,0.30724041351220327,1.629384747083165,41.62050672576261,41.33340472291008,109.47866355557628,109.28632113414353,20.604154867206372,20.283660118513136,8.500772670758886,8.152825742965678,152.75989130509805,159.92997816160678,153.1276784057791,7.170086856508732,0.36778710068105624,-6.802299755827676,True,True,False,False
MBB_20m_primary,5,20,228,0.6206896551724138,0.7333333333333333,True,True,18,False,0.01455287177952702,5.073698129514218,0.30129718010936263,1.4877819835856956,0.3013165492475174,1.6289788601928903,16.843737608485398,16.478748857435107,107.44938270435007,107.10113120371966,20.175416363711275,19.81253786779766,8.288357221146235,7.913028291863038,164.255695863852,164.28883558418616,164.4801388532034,0.03313972033416235,0.2244429893514166,0.19130326901725425,True,True,False,False
MBB_20m_primary,5,20,229,0.6896551724137931,0.7666666666666667,True,True,24,False,0.04505152502980635,4.23575599887972,0.29023310194456653,1.4572518380947344,0.28982434914553096,1.562284042846645,2.336717473577698,2.031736152736597,103.44301291363084,103.02779064471845,19.372335488978827,19.068672216452256,7.91979045396079,7.623387553187542,153.8839175008292,157.6554392639605,154.53666200473057,3.7715217631312896,0.6527445039013742,-3.1187772592299154,True,True,True,True
MBB_20m_primary,5,20,230,0.6206896551724138,0.5666666666666667,True,True,18,False,0.017873601335114068,4.851235149314072,0.29922044107016293,1.4905323147004468,0.29955015536715657,1.5881863031105536,12.840288631635644,12.603181476452907,106.67603612186367,106.55191765959077,20.002788523303614,19.77702861699031,8.196585731636068,7.949864586812363,162.41788104037113,162.55937781601358,162.6676610435209,0.14149677564245167,0.24978000314976612,0.10828322750731445,True,True,True,False
MBB_20m_primary,5,20,231,0.7241379310344828,0.7333333333333333,True,True,15,False,0.011988069404947484,5.715575126764546,0.3031791210048246,1.4851010305415495,0.30339502789289924,1.613806537509473,21.462608264464876,21.14891338655749,108.15066409263424,107.90638657453025,20.33233848617703,20.017364928056836,8.372022939728945,8.037959892305981,130.0967943534722,130.53584111157537,130.2934116853226,0.4390467581031601,0.19661733185040475,-0.24242942625275532,True,True,True,False
MBB_20m_primary,5,20,232,0.7931034482758621,0.6333333333333333,True,True,18,False,0.017449224890699964,4.9371604491589505,0.2996134497815808,1.492670364215626,0.29967039091832587,1.6175903227481683,13.268699677206694,12.945418144978355,106.81569503526285,106.52227937047272,20.028595625403156,19.71072179962262,8.20687113588925,7.876428001049153,170.63393124206286,174.13696705506806,170.81498337147258,3.503035813005198,0.18105212940972137,-3.3219836835954766,True,True,True,False
MBB_20m_primary,5,20,233,0.7241379310344828,0.5,True,True,16,False,0.013710608734973864,5.339413002371099,0.30192282154263156,1.4822237977134083,0.3020197651792049,1.6118690160914262,18.184028589879247,17.855482469141997,107.69426691078583,107.40372051334803,20.239629392831713,19.91274835369277,8.328603063609403,7.987199504255103,152.70096234325786,160.58233116263173,152.97717933175656,7.881368819373876,0.27621698849870313,-7.605151830875172,True,True,True,False
MBB_20m_primary,5,20,234,0.6206896551724138,0.5333333333333333,True,True,20,False,0.021742694034353006,4.934627032802795,0.29817330153535393,1.458283524060336,0.298261620119782,1.5759812233042274,9.85845521497575,9.551359435493424,106.37075944853223,106.10710247448512,20.002557388830322,19.705824849553863,8.239909986792965,7.92998119911873,134.88752219284424,135.70491378762446,136.01096935815156,0.8173915947802186,1.1234471653073115,0.30605557052709287,True,True,True,False
MBB_20m_primary,5,20,235,0.5517241379310345,0.5333333333333333,True,True,29,False,0.005755195598149699,6.529582399200946,0.30756090974553185,1.49791102946983,0.3080862866976995,1.6296916504191954,49.64112198887626,49.39814851346195,109.73552680776757,109.59771949297176,20.648533050493622,20.350289512344172,8.51607412474803,8.186403470550921,127.92158455661789,132.65714005906827,128.24808894473622,4.7355555024503815,0.3265043881183374,-4.409051114332044,True,True,False,False
MBB_20m_primary,5,20,236,0.6896551724137931,0.5666666666666667,True,True,21,False,0.007509891414588294,6.207666281607033,0.3062424026715787,1.5004590132117037,0.3064994631201144,1.6447534687969259,36.95561751128666,36.622208642810705,109.24251626170471,108.9741883551439,20.5368633903454,20.184935708113947,8.45567318757632,8.081758112201275,155.6127428342055,160.3469886005216,155.78514963281856,4.734245766316093,0.17240679861305352,-4.561838967703039,True,True,True,False
MBB_20m_primary,5,20,237,0.7931034482758621,0.6333333333333333,True,True,12,False,0.011267990519407358,5.320077793438847,0.30297316212912234,1.5165017978211417,0.30327473506824093,1.6302225583694447,22.986799892588696,22.72102075088456,107.99561731402802,107.82067235693187,20.23487837964282,19.965407862050647,8.280003616157488,7.989339930757672,186.75380708692325,189.72700800662946,186.81253373747168,2.9732009197062155,0.05872665054843651,-2.914474269157779,True,True,True,False
MBB_20m_primary,5,20,238,0.6551724137931034,0.7666666666666667,True,True,22,False,0.018682997941956686,4.946245974765539,0.2990554365697747,1.4909211964080804,0.2996167283263538,1.5862172009080013,12.096896922287979,11.877027026631854,106.61416211243838,106.58144284679648,19.988632925563756,19.787417065098893,8.188840356890491,7.9578168469167645,159.95113488319228,159.95448210088747,159.96610616919543,0.0033472176951931942,0.014971286003145678,0.011624068307952484,True,True,False,False
MBB_20m_primary,5,20,239,0.5862068965517241,0.6666666666666666,True,True,24,False,0.00477458216879688,6.8110148035880504,0.30858756131085435,1.527115250648866,0.30920984685794534,1.6486199775922283,60.76741327388243,60.59031479980449,110.04090569925158,109.96472760347785,20.654989050100273,20.390991333696103,8.480026823255375,8.181669362916569,142.23585940446304,142.4332700419998,142.23742873312437,0.19741063753676258,0.0015693286613327473,-0.19584130887542983,True,True,False,False
MBB_20m_primary,5,20,240,0.7931034482758621,0.5333333333333333,True,True,20,False,0.03471004100895033,4.2916701783032405,0.2931507326313175,1.4754341139131186,0.2928698413266598,1.5933030359535152,4.406627444657021,4.075862715998064,104.47400346655681,104.07365801677078,19.557961714953596,19.231358871105062,7.9899949030644315,7.664597049955621,153.80981158003664,156.19430455572936,154.07908591996178,2.384492975692723,0.26927433992514693,-2.115218635767576,True,True,True,False
MBB_20m_primary,5,20,241,0.7931034482758621,0.7666666666666667,True,True,19,False,0.019641984149179142,4.8795813503608505,0.29871857227540033,1.4914038421723954,0.29888401937100567,1.6035585558793954,11.287114108445559,11.000671067865117,106.48862696265742,106.2673863650589,19.960537003838056,19.68425827840001,8.17385698122358,7.881829684318706,144.95422812111366,146.70546645117656,145.0598123559225,1.751238330062904,0.10558423480884471,-1.6456540952540593,True,True,True,False
MBB_20m_primary,5,20,242,0.7586206896551724,0.8,True,True,12,False,0.012829279088674327,5.4036397524959785,0.3023404781542874,1.495842680866698,0.3027563518348775,1.608113167704986,19.70292108059502,19.445360365605737,107.81412432957795,107.68501265629052,20.237769611214826,19.98115267951934,8.30930836846776,8.027155628492403,143.62637746735697,143.66607971377218,143.71725611108877,0.039702246415203035,0.09087864373179855,0.05117639731659551,True,True,False,False
MBB_20m_primary,5,20,243,0.6896551724137931,0.7333333333333333,True,True,21,False,0.006540699046259489,6.430425061710053,0.30690229122655155,1.5124086042977414,0.3074843574887512,1.6389967139327328,43.07806486738129,42.84532517230673,109.45597145900807,109.35215523940906,20.558619404507823,20.27829598820089,8.450674845137419,8.137140990365829,132.96728008111504,133.0676085647621,132.96733986616405,0.10032848364707547,5.9785049018046266e-05,-0.10026869859805743,True,True,False,False
MBB_20m_primary,5,20,244,0.7241379310344828,0.6,True,True,26,False,0.004872517337156595,7.0692951261917365,0.30881944757674695,1.4909239874285758,0.30908221968137123,1.6418533035526781,59.606582762376355,59.27853594176062,110.21757894428464,109.93465865246186,20.766879774627068,20.398283092288125,8.585861214248675,8.194504621666116,176.73833153907646,176.79787036227825,177.06941271007278,0.05953882320179105,0.3310811709963275,0.27154234779453645,True,True,False,False
MBB_20m_primary,5,20,245,0.6551724137931034,0.7,True,True,12,False,0.012699424298971843,5.438891325648489,0.3027556615098803,1.4702828831572141,0.3027893377955666,1.6060972392159638,20.043877042549205,19.695859708461995,108.03168371949508,107.70226037219447,20.336830984161672,19.98898488567418,8.39427624411576,8.033866894670998,147.3330215705942,147.91083415047623,148.0811299866484,0.5778125798820213,0.7481084160541798,0.1702958361721585,True,True,False,False
MBB_20m_primary,5,20,246,0.5862068965517241,0.6666666666666666,True,True,21,False,0.008082965764609222,6.33254938194923,0.30597093532513897,1.4868372129095546,0.30597783744700924,1.6245980174018095,34.060040764916764,33.7093896556794,109.17661756734273,108.83241386252526,20.550382919319627,20.195379059248676,8.48092006227806,8.114237112476546,138.60716175057343,138.6074338881652,138.92232753510663,0.0002721375917644764,0.31516578453320676,0.3148936469414423,True,True,False,False
MBB_20m_primary,5,20,247,0.6896551724137931,0.5666666666666667,True,True,13,False,0.013118559036048043,5.689577045449515,0.3026133680527681,1.4721634350018284,0.30267533700296995,1.6012253020518357,19.262371174670786,18.933499541807123,107.97443664734452,107.67245111097058,20.32063567285523,19.992472529473673,8.383480883625975,8.042209084893237,120.77448239494994,122.39849490353825,121.40151166623792,1.624012508588308,0.6270292712879808,-0.9969832373003271,True,True,True,False
MBB_20m_primary,5,20,248,0.7241379310344828,0.5,True,True,20,False,0.010877151171383978,5.69695759643297,0.30365816739790946,1.4864913783880207,0.30425406852583,1.596520294842339,24.096959680684797,23.868982962791577,108.32395735295765,108.26692724318401,20.366933123144225,20.130450914298308,8.387798552148887,8.118937199614749,110.0888963247468,112.37886313075207,110.16733558691013,2.2899668060052676,0.07843926216332875,-2.211527543841939,True,True,False,False
MBB_20m_primary,5,20,249,0.5517241379310345,0.6333333333333333,True,True,34,False,0.003993374703950638,7.467032864686936,0.30994977401410784,1.492610366901625,0.31014953882378526,1.6388428391758387,73.84684571109361,73.52760202772862,110.63048301851413,110.33613197845317,20.852621548311987,20.491125109882894,8.627330886477248,8.24592359404389,135.16894990844287,137.3555583712019,135.58597369724558,2.1866084627590396,0.41702378880270885,-1.7695846739563308,True,True,True,False
MBB_20m_primary,5,20,250,0.5862068965517241,0.6333333333333333,True,True,20,False,0.01093414230414792,5.451523122505405,0.3032495026695843,1.5039573982326815,0.30373718418219664,1.6311006347183767,23.868622961790678,23.586433637484713,108.12917612293954,107.98912977826937,20.289280977390998,20.000001737912594,8.324655732187644,8.005805233022542,147.7627366411842,149.37073365260392,148.13943939052925,1.6079970114197124,0.3767027493450428,-1.2312942620746696,True,True,True,False
MBB_20m_primary,5,20,251,0.6551724137931034,0.7333333333333333,True,True,26,False,0.00462701594433089,6.997075811581835,0.3087131105413985,1.5139948464768038,0.3093418414037414,1.6527109126522395,62.89041639082156,62.67545034957123,110.12026456719852,110.0031433100345,20.698859257245886,20.390953635801694,8.520081745942957,8.176139255057407,130.65606688916267,130.6745542994702,130.9010283800924,0.018487410307528762,0.2449614909297395,0.22647408062221075,True,True,False,False
MBB_20m_primary,5,20,252,0.6896551724137931,0.6666666666666666,True,True,17,False,0.020624075991508672,5.027665928499435,0.29890505122696803,1.454441999689015,0.2988020731382361,1.5834600637510394,10.659240237539668,10.31416740086878,106.65048215297021,106.28773290277418,20.070797303313242,19.729599880602652,8.279897649812847,7.932035386965198,152.1357422246487,155.99679083785344,152.45804635304765,3.86104861320473,0.3223041283989403,-3.5387444848057896,True,True,True,False
MBB_20m_primary,5,20,253,0.5517241379310345,0.6666666666666666,True,True,12,False,0.013945475302197786,5.604208061291259,0.30214278336186506,1.468921164585247,0.3022170882443502,1.5982191224291409,17.861050506617453,17.53145725657592,107.80892757492303,107.510900381538,20.291495210591957,19.963705980847482,8.372982447094323,8.031583364744673,149.57689785218147,150.28006282027675,150.24634794287078,0.7031649680952796,0.6694500906893097,-0.0337148774059699,True,True,True,False
MBB_20m_primary,5,20,254,0.6551724137931034,0.6333333333333333,True,True,24,False,0.009408088481363071,5.947459371364747,0.30464881399267185,1.49621249543523,0.30500547477886203,1.6155870585642653,28.550956229141054,28.283241475263996,108.66508851549933,108.49624290800992,20.42080425024915,20.141132393752574,8.402185781731614,8.098701650795425,126.90181074253816,127.27670218019267,127.1992014689916,0.3748914376545116,0.2973907264534432,-0.07750071120106838,True,True,False,False
MBB_20m_primary,5,20,255,0.5172413793103449,0.7333333333333333,True,True,28,False,0.004567560129612801,7.15240479103924,0.30909650468738686,1.507714915889512,0.30936168149487875,1.655766717800728,63.859300453513434,63.54295221304381,110.27756369346764,110.00277371054636,20.745626418382805,20.38464813185685,8.552399792657347,8.168806027764706,157.79014356686326,158.41577886700682,157.82889911086994,0.6256353001435571,0.038755544006676246,-0.5868797561368808,True,True,True,False
MBB_20m_primary,5,20,256,0.6551724137931034,0.5333333333333333,True,True,25,False,0.008519092823484734,5.867244528836577,0.30513082412481385,1.5175618045438592,0.30556464397785776,1.6349344320643282,31.940826284246896,31.691932538746997,108.78923782893294,108.65390687193883,20.404121998149353,20.135767111608683,8.364915751021389,8.069901797681943,160.80026548304642,161.27748377876432,160.83614863728556,0.4772182957179041,0.03588315423914423,-0.44133514147875985,True,True,True,False
MBB_20m_primary,5,20,257,0.6206896551724138,0.5333333333333333,True,True,17,False,0.008339975689766813,6.170319799971654,0.3056496580687156,1.4845596937613754,0.3060089347448749,1.623671424333373,32.85831742524678,32.546211378744246,109.06378231412927,108.84622265179982,20.530653236831583,20.200249204641626,8.473922947934673,8.117969838024042,165.74158192720677,165.76654766755755,165.95301970837673,0.024965740350779697,0.2114377811699626,0.1864720408191829,True,True,False,False
MBB_20m_primary,5,20,258,0.6206896551724138,0.7333333333333333,True,True,25,False,0.009602844813968376,5.77714481758925,0.304558757325178,1.4887699785123676,0.30474380292936665,1.6297087102567593,27.90199667762002,27.56025282472055,108.65058615174006,108.36412757924911,20.43283493636635,20.08382817264566,8.418349040699269,8.050444556541471,168.70056757195985,168.82724839722292,168.78789305053596,0.12668082526306534,0.08732547857610484,-0.0393553466869605,True,True,False,False
MBB_20m_primary,5,20,259,0.6551724137931034,0.7666666666666667,True,True,20,False,0.017620885389723298,4.943872294035149,0.2998133489462586,1.4799823464662027,0.2996922229350426,1.6057270650737978,13.144200476027308,12.808478181806818,106.9214045265585,106.56019693339712,20.07727602873025,19.743080447671403,8.248797527062104,7.908916777319275,170.53594558246186,172.46987807332823,170.75215182335504,1.9339324908663684,0.21620624089317175,-1.7177262499731967,True,True,True,False
MBB_20m_primary,5,20,260,0.5172413793103449,0.7333333333333333,True,True,14,False,0.01300702786872062,5.447316192874398,0.3026404012327736,1.4723843270389907,0.30248656082003517,1.6073453235862283,19.462772599655555,19.10220235744398,107.98385728912226,107.58737855401634,20.322220278285286,19.961630380833363,8.3839917116803,8.018230636573023,164.6316846790536,165.1982850272386,165.32281606392658,0.5666003481850055,0.691131384872989,0.12453103668798349,True,True,False,False
MBB_20m_primary,5,20,261,0.4482758620689655,0.7,True,True,25,False,0.0056694146670736075,6.55088475271009,0.3075334146689053,1.5191897990684515,0.30826250463948185,1.643993561926051,50.39171812159016,50.20382342947339,109.67181996166514,109.62675436795904,20.591422037468746,20.327422663065978,8.458274281813246,8.155471862456146,162.48174885948254,162.95722899089753,162.482765023913,0.47548013141499723,0.00101616443046737,-0.47446396698452986,True,True,False,False
MBB_20m_primary,5,20,262,0.5862068965517241,0.7,True,True,35,False,0.0026814010412757857,7.7324376857960315,0.3111072025954458,1.5321056376988083,0.3115249154889986,1.6769622848297572,112.16800883061451,111.95920479316246,110.9582222819017,110.74776835208195,20.842940607980832,20.50236696260078,8.5691882673753,8.200308157742123,159.77781017390072,160.71962844830495,159.77839657398505,0.9418182744042269,0.0005864000843303074,-0.9412318743198966,True,True,True,False
MBB_20m_primary,5,20,263,0.6551724137931034,0.6,True,True,17,False,0.008533249573154496,6.036582720210794,0.30546259566753503,1.487855499436052,0.3055835680649161,1.6231205359475784,31.996029319071855,31.664672002060215,108.98645092587331,108.69062701322994,20.50723685269448,20.16776657928352,8.45753725803062,8.102140842483669,185.4035005955651,185.55505422124764,185.69265758661385,0.1515536256825385,0.28915699104874193,0.13760336536620343,True,True,False,False
MBB_20m_primary,5,20,264,0.6551724137931034,0.7333333333333333,True,True,15,False,0.013383222699090614,5.61638207492587,0.3022670397822015,1.4789045878849318,0.30254047064968015,1.6063726587552298,18.76027289569798,18.45100242109313,107.8296558216494,107.60972230954678,20.27563250623899,19.968437739742942,8.351441433195216,8.023013699560925,147.40437198905474,150.27511825517428,147.78346330863383,2.8707462661195393,0.37909131957908926,-2.49165494654045,True,True,True,False
MBB_20m_primary,5,20,265,0.7241379310344828,0.6,True,True,16,False,0.012169379642887133,5.462254633155659,0.3027761226218976,1.4860721575351212,0.30303886431957683,1.6159087164657733,21.048405206431124,20.73521914847352,107.99949251977347,107.76965254770367,20.29771050857763,19.9835507933209,8.353049188695149,8.017877691391355,155.04952756330624,155.50408659785754,155.36685015475314,0.45455903455129487,0.3173225914468958,-0.1372364431043991,True,True,False,False
MBB_20m_primary,5,20,266,0.6206896551724138,0.7666666666666667,True,True,28,False,0.029074081514994566,4.4493019141864165,0.2946074487209857,1.4800942128811538,0.29448811011004544,1.5994924624039941,6.142723406847102,5.816726326259719,104.9998771602224,104.65530359510961,19.66204380216457,19.344370619454377,8.036815051844208,7.713912539501184,141.67260025113654,142.6431896334382,142.36074093165143,0.9705893823016538,0.6881406805148913,-0.2824487017867625,True,True,True,False
MBB_20m_primary,5,20,267,0.7241379310344828,0.6666666666666666,True,True,14,False,0.015530506090601134,5.258205339415283,0.3009287173305133,1.4815147734493521,0.3012374953428098,1.6035297550543408,15.523220088238231,15.225742788209114,107.32917581363719,107.13601292451317,20.162222893989973,19.87191968157368,8.290069063282715,7.977604425732083,131.88795935769392,132.30817547554838,132.17399945421764,0.42021611785446567,0.2860400965237204,-0.13417602133074524,True,True,False,False
MBB_20m_primary,5,20,268,0.6896551724137931,0.7666666666666667,True,True,21,False,0.03198563498156051,4.5426728545267565,0.29415149996103407,1.460729690318134,0.29407952315094954,1.5711773175300174,5.227143465259784,4.924775473212284,104.88035002924684,104.57578458348289,19.675680673607758,19.384883654202845,8.069857778767007,7.772723543980597,136.70388049691957,136.74011722066854,137.2044671517376,0.03623672374897069,0.5005866548180222,0.46434993106905154,True,True,True,False
MBB_20m_primary,5,20,269,0.6896551724137931,0.7,True,True,22,False,0.007099741129706728,6.294180000902705,0.30649556058219884,1.5022702324924524,0.30671280669995393,1.648164800810102,39.346421858596855,39.00569378004309,109.33138566200772,109.04433664803963,20.55236702331276,20.193136070655036,8.461142521960404,8.081346161444323,175.75351933045357,175.8661774866882,175.94063104366668,0.11265815623463027,0.18711171321311326,0.074453556978483,True,True,True,False
MBB_20m_primary,5,20,270,0.6206896551724138,0.5,True,True,18,False,0.023567356941253566,4.890627927246321,0.29708938718912975,1.4762360577292106,0.2972974391274246,1.5752133564304482,8.684322387834278,8.430215407226186,105.92555168852151,105.75320269922014,19.86982786608782,19.63095529242761,8.148013922228795,7.892820692642529,125.19726271414135,125.19736297432937,125.83320759280635,0.00010026018802022918,0.6359448786650006,0.6358446184769804,True,True,False,False
MBB_20m_primary,5,20,271,0.5862068965517241,0.8333333333333334,True,True,18,False,0.014652518084561828,4.972261827248131,0.30095895268788775,1.4998605547731634,0.3013261639798468,1.6103339440432871,16.64751402238999,16.38589021152243,107.29415695690831,107.15160973725567,20.1172832668688,19.861425854224183,8.242429496362217,7.9630850872475785,168.80606275066322,168.80950853606834,169.25367829770386,0.00344578540511975,0.4476155470406411,0.44416976163552135,True,True,False,False
MBB_20m_primary,5,20,272,0.7241379310344828,0.7333333333333333,True,True,21,False,0.009324052309700319,5.8181996431475556,0.3047122515981991,1.498997363110027,0.30483030319301396,1.633502743152484,28.843305507542112,28.51167761405749,108.68149061171617,108.3865008661481,20.418673023288665,20.080930580023825,8.39734705088537,8.043855421362135,135.29376315637725,135.36232940403542,135.53286176025543,0.06856624765816832,0.23909860387817616,0.17053235622000784,True,True,True,False
MBB_20m_primary,5,20,273,0.7586206896551724,0.6333333333333333,True,True,24,False,0.006445632172395739,6.650473086390879,0.3071830041286681,1.4941035141045296,0.3074944131062231,1.6290561175804419,43.86110997516641,43.56651601168981,109.60564384589877,109.38088726715367,20.6282385724881,20.304753685701804,8.510849928041946,8.164029375125324,142.09295422816058,145.03238408118474,142.36695657910116,2.9394298530241656,0.27400235094057734,-2.6654275020835883,True,True,False,False
MBB_20m_primary,5,20,274,0.6551724137931034,0.7,True,True,23,False,0.005152189819574352,6.618629559087866,0.30814954479605217,1.5185405294448076,0.30858807304539554,1.6621578346479362,55.96354344872382,55.684930118034956,109.90083801378736,109.70118551086568,20.64220727825456,20.306491431547446,8.485057129617736,8.120324749094483,164.4865920051189,164.77687587962785,164.6280128159119,0.2902838745089582,0.14142081079299373,-0.14886306371596447,True,True,True,False
MBB_20m_primary,5,20,275,0.6206896551724138,0.5666666666666667,True,True,16,False,0.015791068720517987,5.145795731432093,0.30078748675122596,1.4812593257198505,0.3005639968598855,1.604292614519908,15.192601459757782,14.858223571901037,107.27769741769414,106.88553707766069,20.151625212889563,19.816268646434217,8.285006741445939,7.9481862642613175,169.7752248672257,172.5554864316402,170.0401334640855,2.780261564414502,0.2649085968598115,-2.5153529675546906,True,True,True,False
MBB_20m_primary,5,20,276,0.5862068965517241,0.6,True,True,20,False,0.009044516188982426,5.583424745625164,0.304324394942027,1.520868930487319,0.3048975857134326,1.6374941843841249,29.757260209081025,29.522326337704552,108.48329964699455,108.40128492740344,20.33130890775728,20.07599170908834,8.323314955826078,8.035958995152544,185.51358605002568,186.38351656499688,185.59311270130272,0.8699305149712018,0.0795266512770354,-0.7904038636941664,True,True,True,False
MBB_20m_primary,5,20,277,0.5517241379310345,0.6,True,True,19,False,0.014019213093564114,5.25434596355837,0.30196231465189843,1.4770798037414221,0.30198154907104124,1.6182562153620268,17.712355077834623,17.347966877349506,107.72178960000912,107.37353989252316,20.25605364669438,19.893217231959895,8.34391138471981,7.968631491528789,166.67774257688706,167.23580037819804,166.95310843007928,0.55805780131098,0.27536585319222695,-0.2826919481187531,True,True,True,False
MBB_20m_primary,5,20,278,0.6206896551724138,0.5,True,True,16,False,0.015237357607220704,5.718475832325902,0.30170496489153903,1.4557468600797627,0.30167838479720666,1.5749777729795138,16.016853547602242,15.705227415417117,107.680510362943,107.37059067131817,20.29060052718937,19.9807526785878,8.39027305541527,8.071588075495157,118.21873215857592,119.14824030822977,118.84823421273238,0.9295081496538558,0.6295020541564611,-0.30000609549739465,True,True,True,False
MBB_20m_primary,5,20,279,0.6206896551724138,0.6666666666666666,True,True,30,False,0.005217908100171483,6.579122669792441,0.3080945234467386,1.522025930257849,0.3083890552692636,1.6537173239957335,55.19024463799352,54.91311102123068,109.87175936602023,109.64898287685358,20.628826073544083,20.312412994993934,8.473535509549702,8.13471581541258,156.42484765985353,157.74857058487808,156.5489730271895,1.3237229250245548,0.1241253673359779,-1.199597557688577,True,True,True,False
MBB_20m_primary,5,20,280,0.6896551724137931,0.5333333333333333,True,True,28,False,0.005273984635868491,6.717988421494576,0.30820064988918866,1.5021070614914178,0.3085151158488134,1.6512935303145442,54.63246970755155,54.31414616398048,109.96106230378302,109.7016065469153,20.688694670175465,20.32871652328175,8.530910225849722,8.146298181170291,146.41718772392994,146.7422078216071,147.0763200106902,0.325020097677168,0.6591322867602685,0.3341121890831005,True,True,False,False
MBB_20m_primary,5,20,281,0.7241379310344828,0.6,True,True,28,False,0.004413468891407261,6.92695762605124,0.30901662202276076,1.5145649087286446,0.30940720560018076,1.64838942804094,66.18806504388795,65.93826921367283,110.23084108850692,110.03814346745067,20.721579758004903,20.407317123527427,8.530904739683944,8.190308578319286,159.54423608691036,161.77298541277895,159.6707772163045,2.2287493258685913,0.12654112939412698,-2.1022081964744643,True,True,True,False
MBB_20m_primary,5,20,282,0.7931034482758621,0.7333333333333333,True,True,20,False,0.009246369860972038,5.916450503676823,0.3047580563054911,1.5033564663720629,0.3050212446511628,1.629868466034558,29.11242621297049,28.81712607187609,108.68742282772345,108.46611577639261,20.41107331544287,20.105529728279613,8.387597916427488,8.061300454426066,149.82048881829482,149.82522374639467,150.0973221956128,0.004734928099850322,0.27683337731798474,0.2720984492181344,True,True,False,False
MBB_20m_primary,5,20,283,0.7241379310344828,0.6666666666666666,True,True,17,False,0.01994297809860995,4.872253077908986,0.29853890690322066,1.4808935753223897,0.2985751190088756,1.6045787934124254,11.07312151368735,10.749498714455463,106.44877604573807,106.1508182033416,19.973343018596985,19.657003762245516,8.194548325178818,7.866551366929144,181.7204938701974,186.3176513754435,182.0041461891034,4.597157505246088,0.2836523189060074,-4.31350518634008,True,True,True,False
MBB_20m_primary,5,20,284,0.6551724137931034,0.7,True,True,18,False,0.00804094938669849,5.791100408481306,0.30532229965270485,1.5071783126511968,0.30574757803906283,1.6264191103751915,34.12568236756519,33.8743539560886,108.88603795495425,108.7428524767218,20.44618311353747,20.172325760192805,8.400360881409153,8.100023228745401,151.55679019592526,152.0510028968885,151.6737294780008,0.49421270096323155,0.11693928207554904,-0.3772734188876825,True,True,False,False
MBB_20m_primary,5,20,285,0.5517241379310345,0.6333333333333333,True,True,21,False,0.0072950545871659465,6.190491228935092,0.3060419332336146,1.512563109290295,0.3064444030638083,1.6349646481678817,38.10032020473236,37.84380212826995,109.13806607065386,108.97850731227294,20.489644606311185,20.20581154460342,8.415279042897824,8.10559444006942,165.61174991901106,165.98762012954907,165.78562299211512,0.37587021053801095,0.17387307310406186,-0.2019971374339491,True,True,False,False
MBB_20m_primary,5,20,286,0.5517241379310345,0.7,True,True,18,False,0.010599131380576785,5.21821510311356,0.303264004832159,1.5125515710261597,0.303524992848043,1.6350917703309253,24.727851842773052,24.43778629608886,108.11289619964758,107.9007743363841,20.26825574621757,19.972787804196884,8.302352493787122,7.9865455383591,167.3950899563457,168.2781320522783,167.58937606721594,0.8830420959325807,0.19428611087022318,-0.6887559850623575,True,True,False,False
MBB_20m_primary,5,20,287,0.6896551724137931,0.6333333333333333,True,True,23,False,0.005750290224100848,6.586048691195857,0.307676867180543,1.5085188820893758,0.30807507250814464,1.6345693580387366,49.6800166259317,49.429543799287906,109.75162058038214,109.58130344051258,20.630397241985346,20.336806541290485,8.49253231564822,8.172954365260312,146.7734625927572,147.68519785564052,146.92779618977642,0.911735262883326,0.15433359701921745,-0.7574016658641085,True,True,False,False
MBB_20m_primary,5,20,288,0.5517241379310345,0.9,True,True,17,False,0.018359039094296863,4.814095992011641,0.2992552726670081,1.4795931560970075,0.2991445481615401,1.6113343787134866,12.423235483041772,12.072007662406786,106.71642519628624,106.3439627901883,20.033798265726528,19.684955063005507,8.22714151146692,7.871710382471992,171.29624089216668,171.34972560060027,171.9698374501919,0.05348470843358655,0.6735965580252241,0.6201118495916376,True,True,False,False
MBB_20m_primary,5,20,289,0.7241379310344828,0.6666666666666666,True,True,21,False,0.017536890774174484,4.901455337903276,0.29937934594977494,1.4939890064603196,0.2997927975733184,1.6113396136236309,13.165173568663997,12.881921110738332,106.72597955270521,106.58318709443996,20.00653270234439,19.736611171276003,8.193839343622585,7.898055826079607,128.51076727207416,128.62632803449645,128.8313179032925,0.11556076242229096,0.3205506312183388,0.20498986879604786,True,True,True,False
MBB_20m_primary,5,20,290,0.7931034482758621,0.6666666666666666,True,True,15,False,0.012505680042699727,5.550318536027286,0.3026911308532674,1.4861122002034053,0.3030544578563097,1.6047024550295423,20.369107479922047,20.092116585064325,107.96802538238303,107.8036140967156,20.290832773467248,20.013716519005193,8.349486553309022,8.048362706689087,160.74708976518835,160.8027200151175,160.97390540838634,0.05563024992915189,0.22681564319799463,0.17118539326884274,True,True,False,False
MBB_20m_primary,5,20,291,0.6896551724137931,0.4,True,True,17,False,0.02031427204291249,5.027154658017717,0.2985608686059518,1.4833300107800846,0.2985706004579877,1.5932315441658391,10.790368044195144,10.501393159833034,106.45074841537635,106.17771222777615,19.96880518399921,19.685930308814697,8.188951228430318,7.896594135743399,171.80532023340703,178.56125721374585,172.04223788392628,6.7559369803388165,0.23691765051924563,-6.519019329819571,True,True,True,False
MBB_20m_primary,5,20,292,0.7241379310344828,0.7333333333333333,True,True,21,False,0.006162347468696645,6.425920766580667,0.30739032860833476,1.5006046994057107,0.30772466330870263,1.642363489378602,46.07180683885338,45.766119079977166,109.6657934625546,109.43236614122524,20.62798441173231,20.288760411876247,8.501962556220816,8.137944078084733,170.07270046967545,170.11775551553498,170.17515627515638,0.045055045859527354,0.10245580548092903,0.057400759621401676,True,True,True,False
MBB_20m_primary,5,20,293,0.5862068965517241,0.7666666666666667,True,True,38,False,0.002802862861467258,8.025677705362595,0.31096080506659135,1.5305201052226514,0.31154777936025907,1.6722125322199346,107.09069468608992,106.94338350544524,110.90818490585137,110.76816166892092,20.835363972680135,20.516448241988805,8.567458889633997,8.21389012406533,167.82758333552715,167.85414349169187,167.93343788808411,0.026560156164720183,0.10585455255696274,0.07929439639224256,True,True,False,False
MBB_20m_primary,5,20,294,0.7241379310344828,0.7666666666666667,True,True,21,False,0.009030202894980506,5.831463827988953,0.30485225343230565,1.500936595075082,0.30511185341763714,1.6334919633377207,29.92017187270377,29.60987736432738,108.7282773668213,108.49043455957253,20.424826999510046,20.10339975373258,8.397874188823337,8.05533264912894,173.0066272596954,173.32321321969172,173.12578289011722,0.3165859599963312,0.11915563042182953,-0.19743032957450168,True,True,True,False
MBB_20m_primary,5,20,295,0.7241379310344828,0.5,True,True,19,False,0.015179414846375812,5.270566692959761,0.3010396261136261,1.4995241114206672,0.30118551448817144,1.6153428753095438,15.935413174131387,15.644055896339779,107.3247764585383,107.08709508323201,20.124581798358285,19.83728738080791,8.246606081831606,7.94402327956551,153.98013082643047,157.69374575817554,154.16916437813993,3.71361493174507,0.18903355170945702,-3.524581380035613,True,True,True,False
MBB_20m_primary,5,20,296,0.6896551724137931,0.7333333333333333,True,True,20,False,0.0072214298668914914,6.217675905736322,0.3063692183751443,1.5022961838229587,0.3067998171547916,1.641225919650806,38.60021617173266,38.30613401230213,109.2846935478859,109.09391351178014,20.542229763165842,20.217980277921573,8.455936013918265,8.10336782596789,158.56498567117745,159.69180232301292,158.86651007397145,1.126816651835469,0.3015244027940014,-0.8252922490414676,True,True,True,False
MBB_20m_primary,5,20,297,0.7931034482758621,0.6333333333333333,True,True,19,False,0.007682199437923436,5.963897726213568,0.3058285472812952,1.5034988551250572,0.3063448298376826,1.634935075996816,35.97767511034314,35.70985528312725,109.08213083238317,108.94183408879206,20.4960307863017,20.197951246728564,8.430747375997557,8.101624325548523,171.55020357390512,171.60590740471193,171.62434553938655,0.055703830806805854,0.07414196548143082,0.018438134674624962,True,True,False,False
MBB_20m_primary,5,20,298,0.7586206896551724,0.7333333333333333,True,True,19,False,0.019584353115942258,4.970349024520728,0.2988124263781045,1.4849261372560838,0.2991008400760817,1.5933509570309876,11.354281589673786,11.083991611134461,106.5395686815397,106.37309743747238,19.984736419881013,19.72788559484396,8.194928455870565,7.917836871618836,151.1134788584485,151.2912761450142,151.3156025580535,0.17779728656569205,0.20212369960501064,0.024326413039318595,True,True,False,False
MBB_20m_primary,5,20,299,0.6896551724137931,0.8,True,True,13,False,0.01104304300922893,5.759086110894398,0.3038266012174074,1.484560679508111,0.30394428151348746,1.6092843154641814,23.696168256982123,23.386162971914263,108.39097779023308,108.120472163106,20.38534141540847,20.0728155877631,8.399790423320848,8.072340048450318,116.10769219163765,116.35234490498652,116.48421552949111,0.24465271334887007,0.37652333785345604,0.13187062450458598,True,True,False,False
MBB_20m_primary,5,20,300,0.5517241379310345,0.4,True,True,25,False,0.00672311740410861,6.48567816414502,0.3069775123679146,1.4825085562093023,0.307408648476686,1.6252948381070418,41.8903652274652,41.59142455980998,109.55899188149601,109.35870302516994,20.641785594451687,20.307625378055704,8.533380480072521,8.170561175261273,155.6660308280255,157.1528521356104,155.83799461898784,1.4868213075849042,0.17196379096233727,-1.314857516622567,True,True,True,False
MBB_20m_primary,5,20,301,0.6551724137931034,0.7333333333333333,True,True,18,False,0.011254953925046744,5.446822088535789,0.30332258453012556,1.4827394951422201,0.3034454580908778,1.6235965391607707,23.135970556841134,22.78454999416365,108.20955364036253,107.9003559880977,20.349868454788435,19.996117014120227,8.384147109359143,8.013932157229565,166.1040454912649,166.1732342862658,167.5189073790527,0.06918879500088337,1.4148618877877936,1.3456730927869103,True,True,True,False
MBB_20m_primary,5,20,302,0.6896551724137931,0.7333333333333333,True,True,23,False,0.008457544822278222,5.983551464554733,0.30516856013085303,1.506276439915934,0.30585755982123836,1.628367566107518,32.23537308290256,32.005017854982995,108.83157019836023,108.77853706702356,20.436256781618773,20.176063140399393,8.396511845651425,8.099305108769887,139.91994658925512,140.0409469813179,139.95503817658206,0.12100039206276847,0.03509158732694573,-0.08590880473582274,True,True,False,False
MBB_20m_primary,5,20,303,0.6551724137931034,0.6,True,True,17,False,0.00896729420636619,5.959522629022379,0.3048920519573344,1.4938228637726925,0.30541331297712093,1.625106366693548,30.180252236385137,29.902646015919075,108.76087069915347,108.62279566427266,20.446359394167867,20.149070827609478,8.418441863357373,8.089928055325444,165.8835921821154,169.77874694617228,166.1787392316232,3.8951547640568833,0.29514704950781834,-3.600007714549065,True,True,True,False
MBB_20m_primary,5,20,304,0.6896551724137931,0.6666666666666666,True,True,23,False,0.0053890483191857365,6.458206727944932,0.30780837157447877,1.5209098567158574,0.30816816333623837,1.6625708618735795,53.26318861504986,52.97096308536732,109.76896377433518,109.54517755151969,20.608898473378375,20.27195594184188,8.464872849991721,8.102149994132283,181.82534332691978,182.5880758110789,181.88507629681888,0.7627324841591303,0.05973296989910182,-0.7029995142600285,True,True,True,False
MBB_20m_primary,5,20,305,0.7931034482758621,0.6,True,True,22,False,0.02597218083410866,4.525849447805756,0.29581614582492427,1.4876714689691894,0.29577199020403505,1.6027413034385805,7.41229536897279,7.10294478650227,105.42687641839524,105.12094409643836,19.738828149729635,19.43831896245878,8.065779502688208,7.75746403062168,175.39890804749047,183.5527595727612,175.5504488459195,8.153851525270738,0.15154079842903911,-8.0023107268417,True,True,True,False
MBB_20m_primary,5,20,306,0.5862068965517241,0.7,True,True,16,False,0.008750269874109191,5.868734963306463,0.3051187780102461,1.5007335900855596,0.3054441656566369,1.638152727638039,31.03389855992115,30.719853307821,108.82714966186981,108.6013435416007,20.44659465711056,20.117857953841046,8.409252481834994,8.056430046803623,156.95999688889987,157.12304958493903,156.96917144898683,0.16305269603915917,0.009174560086961492,-0.15387813595219768,True,True,False,False
MBB_20m_primary,5,20,307,0.7241379310344828,0.7666666666666667,True,True,22,False,0.019483951615148595,5.006640907082507,0.2989739955154727,1.4787696640271546,0.29899512915287024,1.598678696451259,11.458406767254374,11.14436929370354,106.6146921856402,106.32067446162259,20.01350407325174,19.705709120036797,8.217897699010035,7.899346517820993,149.87320492512646,151.06746723577663,150.46864450353962,1.1942623106501742,0.5954395784131634,-0.5988227322370108,True,True,True,False
MBB_20m_primary,5,20,308,0.5517241379310345,0.6333333333333333,True,True,13,False,0.01289570746635145,5.6265791288514775,0.302285186537138,1.4972129259860254,0.3025591283100759,1.6188400118818869,19.573035277831174,19.280080940068913,107.79026989337704,107.58522698768519,20.229825979433013,19.937747236344233,8.303410054747049,7.990562157872734,163.08512784265042,166.29454191878318,163.21297924552263,3.2094140761327594,0.12785140287220997,-3.0815626732605494,True,True,True,False
MBB_20m_primary,5,20,309,0.6551724137931034,0.6,True,True,22,False,0.00992655922780766,5.653469480981988,0.304239346516109,1.495646360642379,0.3045034927603694,1.6360464330751656,26.81475480805306,26.481432451774708,108.51539887931776,108.2594883572373,20.389628243212872,20.048316559570495,8.3870438992156,8.023790704811713,170.81382996025505,173.8357017015497,171.02699752416464,3.0218717412946603,0.21316756390959313,-2.808704177385067,True,True,True,False
MBB_20m_primary,5,20,310,0.7931034482758621,0.7333333333333333,True,True,24,False,0.006680364642973896,6.251682321449468,0.306736656044074,1.5080921614317095,0.307066744498889,1.647038700214073,42.08188850331877,41.77803403062725,109.40570823635883,109.17779241045062,20.556557753541945,20.224253585703266,8.455437745143957,8.098737805134368,143.2321198261489,143.38031208033087,143.54260907267616,0.14819225418196424,0.3104892465272542,0.16229699234528994,True,True,True,False
MBB_20m_primary,5,20,311,0.7241379310344828,0.4,True,True,16,False,0.01157250610477982,5.7528081806600255,0.30334706675573,1.484672728224599,0.3034923966447135,1.6051028791651534,22.390472897314094,22.092985718456717,108.21372279893703,107.96422821814916,20.346830263067215,20.047589562705532,8.379992920413024,8.065103717263053,156.63622404293028,157.89056793717185,157.00695282329053,1.2543438942415719,0.3707287803602526,-0.8836151138813193,True,True,False,False
MBB_20m_primary,5,20,312,0.6551724137931034,0.6333333333333333,True,True,26,False,0.007118896241871888,6.2454784039985505,0.3065570197718322,1.5058293397681188,0.3068794941456282,1.6513748730686628,39.22965046734775,38.904491889606334,109.345108820268,109.09777300113103,20.548079828836276,20.19813708298651,8.454160944861185,8.079573169920732,143.68077510946097,146.53361149150894,143.74106752333145,2.8528363820479683,0.06029241387048501,-2.7925439681774833,True,True,True,False
MBB_20m_primary,5,20,313,0.7241379310344828,0.7,True,True,18,False,0.011528603054495174,5.530167993099463,0.3033165255027836,1.4880164178964395,0.30347559933509416,1.621473475362398,22.479471346291497,22.149725431647795,108.19403526397541,107.91682352186056,20.335766028055183,20.003998989274244,8.369844206653585,8.020813134577793,152.7311307473787,152.8251298270537,152.85884562194246,0.09399907967500098,0.12771487456376462,0.03371579488876364,True,True,False,False
MBB_20m_primary,5,20,314,0.6551724137931034,0.5333333333333333,True,True,16,False,0.013757422470936273,5.080986527042017,0.30135156921535744,1.5069790041102151,0.301746301997918,1.6271246456754052,18.003014535796275,17.720644231130606,107.42113521481154,107.26439929479152,20.13020493726594,19.851577545778245,8.239432295447997,7.935442285470627,189.31721552915255,197.30271912295743,189.4560550379663,7.985503593804879,0.13883950881375995,-7.846664084991119,True,True,True,False
MBB_20m_primary,5,20,315,0.6551724137931034,0.7,True,True,39,False,0.002979908447898829,8.069498918688083,0.31091392874999546,1.5080111517063541,0.3113994751053337,1.6584602799921684,100.5384140621777,100.32240820582737,110.94754130592165,110.74804486432018,20.889722156018184,20.54012134629663,8.625511543483716,8.244492602221877,161.49741030764227,161.71626588795118,161.6299550091512,0.2188555803089116,0.13254470150891962,-0.086310878799992,True,True,False,False
MBB_20m_primary,5,20,316,0.7241379310344828,0.6,True,True,18,False,0.028008509870461423,4.562879747144069,0.29533264855593455,1.4749167471913358,0.29525253367230947,1.5945361859857285,6.579469231630319,6.255043867836437,105.28054526176864,104.94989053123466,19.733209651447,19.41809197151651,8.080095027195778,7.7581982482661465,134.5358345320882,136.52858606769828,134.58062620427157,1.9927515356100969,0.044791672183379205,-1.9479598634267177,True,True,True,False
MBB_20m_primary,5,20,317,0.41379310344827586,0.7,True,True,28,False,0.058554554264571845,4.551126339930546,0.2888018524028255,1.4028547502031605,0.2877567374630939,1.5120345551153174,0.8236077394102264,0.4860014875582168,103.051728218187,102.39121576454275,19.39865202192434,19.03356186521219,8.006493919187065,7.673166727179099,122.88379099948213,137.95617401225869,122.88626811692441,15.072383012776555,0.002477117442282406,-15.069905895334273,True,True,True,False
MBB_20m_primary,5,20,318,0.6206896551724138,0.7333333333333333,True,True,21,False,0.00866193750900939,5.949056740230019,0.3052623165688194,1.4965296381655853,0.30537889663100687,1.6293721969407065,31.417670311960403,31.091671910183372,108.89070435673449,108.59935694531038,20.4688857946814,20.135317722492516,8.426287483156402,8.077165397105144,134.94253285715703,137.1298998035371,135.52658775726198,2.187366946380081,0.5840549001049453,-1.6033120462751356,True,True,False,False
MBB_20m_primary,5,20,319,0.4827586206896552,0.6333333333333333,True,True,19,False,0.012749076745051314,5.15908291183342,0.3020304391316578,1.4959033689167243,0.30260397012494444,1.607846325115475,19.827498596972553,19.583413820670856,107.6995511781838,107.6294475992139,20.21290088755821,19.969695591654876,8.29653977305835,8.02167022805407,151.41580063044836,151.49162835763326,151.87264733161783,0.07582772718490105,0.4568467011694679,0.38101897398456686,True,True,True,False
MBB_20m_primary,5,20,320,0.5862068965517241,0.6666666666666666,True,True,15,False,0.014747974327582965,5.3678294600160035,0.3017787704236896,1.460637280915564,0.3015334220121178,1.6091404805267382,16.671006648571748,16.268900310382097,107.69543897475961,107.23110265339895,20.28386135888689,19.881025915291325,8.380247192413062,7.974691816602732,172.20161037602196,176.97285637970543,172.6901673990822,4.771246003683473,0.4885570230602525,-4.28268898062322,True,True,True,False
MBB_20m_primary,5,20,321,0.7931034482758621,0.6666666666666666,True,True,17,False,0.02392327905047399,4.82138157782784,0.29711492599844114,1.4737225440945811,0.2973168404191746,1.58746271251852,8.500814779556844,8.206816124081087,105.94130346840666,105.72953052531908,19.878350730005643,19.6008867010585,8.155747823449191,7.860980083579192,141.4132314106358,143.31900588282346,141.62467281063675,1.9057744721876588,0.21144140000095035,-1.6943330721867085,True,True,True,False
MBB_20m_primary,5,20,322,0.7241379310344828,0.7333333333333333,True,True,19,False,0.020453699926374018,5.101842315651989,0.2988258806563914,1.4657985263316933,0.29880033626932223,1.5902667887973518,10.747893665956468,10.418705175949054,106.59267917291544,106.26995903576659,20.035176254620666,19.711893611450673,8.246427166118053,7.913833186570851,142.3124580126569,142.57207907513413,142.69523837465024,0.2596210624772368,0.38278036199335475,0.12315929951611793,True,True,True,False
MBB_20m_primary,5,20,323,0.7241379310344828,0.8666666666666667,True,True,29,False,0.00471563905145935,7.0452179989817125,0.30872881378834494,1.510671066433127,0.3092154237829292,1.6476415825675268,61.64740343010606,61.40408276245391,110.13442599880132,109.96924844653556,20.70868942259864,20.393961040693803,8.529574075763897,8.184502357095562,141.64478783539963,142.52292084471887,141.72033528061354,0.8781330093192423,0.07554744521391399,-0.8025855641053283,True,True,True,False
MBB_20m_primary,5,20,324,0.6551724137931034,0.7333333333333333,True,True,15,False,0.018420260698026953,4.945498270604449,0.29949980679380683,1.4794980608106565,0.299436440018079,1.6149872869145587,12.381962721027715,12.023448186142936,106.80691026601295,106.44249139051718,20.053534634141666,19.698792728479223,8.237338172544927,7.8738488902419395,172.32237360391926,174.23232733422967,172.40008121967017,1.9099537303104057,0.07770761575091001,-1.8322461145594957,True,True,True,False
MBB_20m_primary,5,20,325,0.5862068965517241,0.7333333333333333,True,True,14,False,0.016679012901766602,5.317346668733979,0.30048624385232936,1.4787203029009193,0.3005612817378473,1.6035625594794718,14.158173500872735,13.836986499808482,107.17291409414948,106.88637264316357,20.13416732506455,19.817936470770356,8.279520859111027,7.950020562245699,169.97946741365442,179.02385537578417,170.2004882653793,9.044387962129747,0.22102085172488728,-8.82336711040486,True,True,True,False
MBB_20m_primary,5,20,326,0.6551724137931034,0.6,True,True,24,False,0.0060477570182732796,6.305695075774955,0.30714571620830733,1.5198763975504828,0.30762486552936863,1.6499724438710284,46.928693741162384,46.67768831020804,109.52701102229572,109.37638348633281,20.55874791580762,20.26116754614916,8.440680582172451,8.113617526317487,154.1333300160489,154.23724896228356,154.13565430102108,0.10391894623467124,0.0023242849721896164,-0.10159466126248162,True,True,False,False
MBB_20m_primary,5,20,327,0.7586206896551724,0.5,True,True,24,False,0.028195741150361102,4.401338233722583,0.2949319880055695,1.4819084894954115,0.29485039766899535,1.5958053918419595,6.47443865766963,6.1652092881320915,105.11508227513168,104.798286941306,19.683229095810905,19.382763403889214,8.045178781413304,7.738465549039787,185.55879447742257,193.14947946185404,185.74425946922418,7.590684984431476,0.18546499180160936,-7.405219992629867,True,True,True,False
MBB_20m_primary,5,20,328,0.5172413793103449,0.6666666666666666,True,True,22,False,0.03334669487733677,4.529689655647899,0.2940797693599616,1.4406780824528957,0.29366361736428864,1.5698577862177532,4.889592846256548,4.524792166991882,104.90434865208388,104.42561521599258,19.721715520891387,19.355138952862905,8.120353984627904,7.759326742039282,156.46410176392556,165.76571404680683,157.33113763905166,9.30161228288128,0.8670358751261062,-8.434576407755173,True,True,True,True
MBB_20m_primary,5,20,329,0.7586206896551724,0.5333333333333333,True,True,27,False,0.006108665083962445,6.409018052896218,0.3074069987929535,1.4946677819448075,0.3076092847500962,1.6401086135659801,46.52848610862029,46.19235969836413,109.68688914369075,109.39546113687197,20.64463603004715,20.285383729585224,8.51845501077005,8.139258985832397,154.70172158934758,155.29609458779206,155.11662365427455,0.5943729984444701,0.414902064926963,-0.1794709335175071,True,True,True,False
MBB_20m_primary,5,20,330,0.5862068965517241,0.9,True,True,17,False,0.01727406180487047,4.888050772292303,0.2995808888652272,1.4914853137990374,0.3000562713293025,1.596781966382198,13.445810681512677,13.198207843470929,106.80666120918265,106.71706484261605,20.02905887042692,19.795184299359995,8.208703836437536,7.947547583680484,141.6331308753313,142.3754974755693,142.30343602591475,0.7423666002380003,0.6703051505834594,-0.07206144965454087,True,True,True,False
MBB_20m_primary,5,20,331,0.5862068965517241,0.7666666666666667,True,True,29,False,0.003467226086559907,7.38508544222863,0.3100249949735451,1.5260193203786654,0.31068280470022197,1.6532446168626236,85.56745133438291,85.43632918359124,110.57415140047442,110.49668459574508,20.77239023901327,20.496459512119173,8.541395661192883,8.229244397231476,141.2630534858755,143.2103831961566,141.26314148891504,1.9473297102811102,8.800303953648836e-05,-1.9472417072415737,True,True,True,False
MBB_20m_primary,5,20,332,0.7241379310344828,0.6,True,True,43,False,0.002971712668591048,8.076888598459632,0.31091503392029624,1.5064890020755144,0.3113559031956287,1.6466511958390135,100.8304517783478,100.62577883124357,110.95178049874075,110.7616886462317,20.893738840057708,20.567127064340767,8.629611144521448,8.274177590729328,121.56104261597437,125.19483818132048,121.79568704286527,3.633795565346105,0.23464442689089537,-3.3991511384552098,True,True,True,False
MBB_20m_primary,5,20,333,0.5862068965517241,0.8,True,True,32,False,0.004193767111167774,7.443303192278089,0.30951492468182035,1.5136176778752004,0.3098574833698366,1.6435051201778879,69.97941766812173,69.73294131600154,110.41712470889358,110.21661324855705,20.76374242045599,20.455813301689695,8.553690139073634,8.221628651766459,126.55133016725506,127.18090085188251,126.55997094098909,0.6295706846274527,0.008640773734029494,-0.6209299108934232,True,True,True,False
MBB_20m_primary,5,20,334,0.7241379310344828,0.6,True,True,14,False,0.012870109062878424,5.426911322494032,0.30240878777382174,1.484622317375749,0.3027669826686694,1.6061856000356611,19.662040955032598,19.375860874331696,107.86757632873297,107.69378776823555,20.272173542188042,19.986974984228418,8.3419745118155,8.032722507941028,168.48747038933732,168.51432516865205,168.54763113895862,0.026854779314732014,0.060160749621303466,0.03330597030657145,True,True,False,False
MBB_20m_primary,5,20,335,0.6206896551724138,0.6666666666666666,True,True,19,False,0.011497287545816477,5.93290233277845,0.30392560034294025,1.4649602240801194,0.30395821058157746,1.5943061812669364,22.66376301285863,22.333664852546782,108.47684891775397,108.16331343267832,20.443820109855146,20.112583666645737,8.456027144610708,8.11280479785865,145.6998015859748,148.57579171415117,145.81664770734227,2.875990128176369,0.11684612136747319,-2.7591440068088957,True,True,True,False
MBB_20m_primary,5,20,336,0.7241379310344828,0.7333333333333333,True,True,19,False,0.008609627235757691,5.955394801227803,0.30537109144661323,1.4939062399188008,0.3056064561679374,1.6345156270704515,31.651640034376133,31.31972130140648,108.93745112578743,108.67039188091641,20.484326711886183,20.1401807257902,8.43769867188318,8.072717584136068,173.01667157513717,173.58684789397853,173.0827682841096,0.5701763188413622,0.06609670897242381,-0.5040796098689384,True,True,True,False
MBB_20m_primary,5,20,337,0.6896551724137931,0.7333333333333333,True,True,23,False,0.0061193334086136215,6.575654320044484,0.3073568673662168,1.5053479716963882,0.307674361994605,1.6324339081217496,46.40534342993434,46.134576426831075,109.64150548036731,109.43879562141849,20.6130751795796,20.310378846922752,8.48796693728309,8.162348862372506,153.911806248559,154.2762936122262,153.99552975225774,0.3644873636671946,0.08372350369873516,-0.28076385996845943,True,True,False,False
MBB_20m_primary,5,20,338,0.5517241379310345,0.7666666666666667,True,True,25,False,0.007338087999759137,5.942644313403776,0.3058464030170651,1.5179322441360372,0.30643958010880934,1.6320813958629465,37.813555720969,37.6036851516805,109.05239094675125,108.98398468556414,20.460202120433646,20.212868659651384,8.393026151449707,8.113078658696287,158.9609267256078,159.2142351380049,159.1169825077568,0.25330841239710367,0.1560557821489965,-0.09725263024810715,True,True,False,False
MBB_20m_primary,5,20,339,0.6206896551724138,0.6666666666666666,True,True,21,False,0.017550432283718043,4.917314014188943,0.2997483683447781,1.4807667652558754,0.29955612093754375,1.6112473982797066,13.207462265673755,12.855337446230095,106.89544890985012,106.49607331469832,20.070072112550818,19.71798453480921,8.24406574458028,7.888677622711213,174.63015596089303,177.22262186149007,174.72753476359225,2.592465900597034,0.09737880269921106,-2.495087097897823,True,True,True,False
MBB_20m_primary,5,20,340,0.5517241379310345,0.7,True,True,30,False,0.0026966873484749565,7.93651259332864,0.31100594987918323,1.5283449829099853,0.3115677396872452,1.6767244047292986,111.48209029900954,111.31694983542877,110.93032056441191,110.76417144714122,20.84457618859957,20.506394281859748,8.575088620444255,8.202683151923573,157.23467810329907,157.27984857115217,157.38545783320382,0.04517046785309731,0.1507797299047411,0.10560926205164378,True,True,False,False
MBB_20m_primary,5,20,341,0.5862068965517241,0.6666666666666666,True,True,25,False,0.005828110769893417,6.572643375834119,0.3074737728849754,1.5238660409974503,0.3079440893225148,1.6560048465583812,48.89102911872685,48.636495613657736,109.63803872753302,109.47900967300716,20.574599051020844,20.271042380877166,8.44339265246807,8.110528981892497,145.35631567604204,152.9645121489513,145.3699081908834,7.608196472909242,0.013592514841349157,-7.594603958067893,True,True,True,False
MBB_20m_primary,5,20,342,0.7241379310344828,0.6,True,True,16,False,0.00924989783017435,5.63204289216522,0.30454047422998587,1.5115826228509546,0.30491195130938575,1.6300023827744812,29.055245555219805,28.79234815533417,108.58641816144934,108.42544381881078,20.372499320262065,20.09647271808512,8.356837884020758,8.056499599044454,166.51575716625183,166.9521829044353,166.52717536506304,0.4364257381834591,0.011418198811213642,-0.42500753937224545,True,True,False,False
MBB_20m_primary,5,20,343,0.6551724137931034,0.6666666666666666,True,True,16,False,0.009632796018898262,5.9527613009063565,0.3047013475820322,1.4865643520058403,0.30503912734597893,1.6150756542089992,27.823544040653406,27.529403443969443,108.70876098774907,108.50994967239792,20.449892906558475,20.145134628351087,8.430022395116339,8.10143231099677,178.84889454088028,179.07224974986724,179.0792136076504,0.22335520898695904,0.23031906677010738,0.006963857783148342,True,True,True,False
MBB_20m_primary,5,20,344,0.6551724137931034,0.5666666666666667,True,True,21,True,0.05999999999999999,4.151252338242062,0.2868376715632364,1.4502609549645695,0.2863334943732827,1.543324910586298,0.5151544624326583,0.23303399273226777,102.2075203163084,101.78720621463185,19.11974112935687,18.839361398015253,7.800346176779438,7.531943796752783,161.3038721784276,177.8093399380334,161.46786902879842,16.50546775960578,0.16399685037080758,-16.34147090923497,True,True,True,True
MBB_20m_primary,5,20,345,0.5862068965517241,0.7,True,True,25,False,0.0041378649969659375,7.094692288976067,0.3094076467017414,1.504371459191773,0.30977700137414516,1.6517575978012966,70.9744670970938,70.6914123955728,110.40080680118865,110.16613933405343,20.77905572534211,20.428099125097948,8.573957791136696,8.196373326471607,145.97892082159032,150.32937939037498,146.11405003989174,4.35045856878466,0.13512921830141522,-4.215329350483245,True,True,True,False
MBB_20m_primary,5,20,346,0.5862068965517241,0.6666666666666666,True,True,20,False,0.017058638343571634,5.307665481194803,0.30027794528395224,1.4796030191233989,0.30053020527946506,1.593938261275743,13.738906513298899,13.455123180255224,107.09381933322116,106.8991286741093,20.115286350426167,19.840299328770385,8.268699579509038,7.974393870677428,124.35366622444297,125.80402431810542,124.69615058866444,1.4503580936624445,0.34248436422146256,-1.107873729440982,True,True,True,False
MBB_20m_primary,5,20,347,0.6896551724137931,0.5333333333333333,True,True,26,False,0.053272585970621684,4.398014785728649,0.2891427646238766,1.4325979324615656,0.28863904361999254,1.5278933139428998,1.2958389397182621,1.0115410387998507,103.10267731700085,102.67691495926451,19.34905918249822,19.062956609399055,7.941127127839815,7.666799283941644,143.17719432955704,152.3927628140699,143.18801494695208,9.215568484512858,0.0108206173950407,-9.204747867117817,True,True,False,False
MBB_20m_primary,5,20,348,0.7586206896551724,0.5333333333333333,True,True,21,False,0.0072462587419052015,6.353855830658359,0.3065952407858328,1.49352784676909,0.3067176966067689,1.637905432138162,38.508124490369624,38.1574203333739,109.3901778293931,109.0719646281397,20.582875848938308,20.220004764024825,8.488483497109836,8.108873633239167,151.56945564698802,155.5812974999644,151.84436366320483,4.011841852976374,0.2749080162168127,-3.7369338367595617,True,True,True,False
MBB_20m_primary,5,20,349,0.5172413793103449,0.5,True,True,28,False,0.004506921477241986,7.217759074742524,0.30923679027515866,1.4875543405984588,0.30940105250507144,1.6347984741453647,64.85248633283774,64.51662778203755,110.38008150597216,110.07008177932376,20.808841550016723,20.441904280145938,8.611807353867174,8.226261604030057,149.73397471118864,157.12074443676448,150.5396527416827,7.386769725575846,0.8056780304940503,-6.5810916950817955,True,True,False,False
MBB_20m_primary,5,20,350,0.7586206896551724,0.6,True,True,15,False,0.011160232815992458,5.442667133350748,0.3032277169614368,1.4972069483737274,0.3036015611831536,1.6303296731103287,23.31992847550355,23.011067540608984,108.13812729780723,107.94101844339504,20.304967103333286,19.99118153327926,8.341751543369345,8.002344141262217,149.73944461488438,150.61512900177038,149.9169709938147,0.8756843868860074,0.17752637893030965,-0.6981580079556977,True,True,True,False
MBB_20m_primary,5,20,351,0.6206896551724138,0.6,True,True,16,False,0.022451035178621674,4.8635986840807,0.2977276660720475,1.470786267145613,0.297723055935666,1.5908700470751296,9.365582658290238,9.047315843342888,106.1748269294857,105.8708685762883,19.93476841765598,19.6244705063148,8.18848489342735,7.868421420353355,129.86978587417943,129.99074898972626,130.04349028231567,0.1209631155468287,0.17370440813624555,0.052741292589416844,True,True,False,False
MBB_20m_primary,5,20,352,0.7241379310344828,0.5666666666666667,True,True,25,False,0.006068228049454893,6.445153084530266,0.30722504177712684,1.520324269767201,0.30772400046599274,1.6424269148429658,46.76910075992061,46.54136666999811,109.55515893304175,109.43196187294832,20.563914733770456,20.28854388100822,8.442713121341765,8.137748174214366,146.9665598789598,147.5338026006997,147.05846501455002,0.5672427217398877,0.09190513559022406,-0.4753375861496636,True,True,True,False
MBB_20m_primary,5,20,353,0.7931034482758621,0.4,True,True,16,False,0.013731404572534054,5.420131489473939,0.3021466792335609,1.4812737810895344,0.3019343388070271,1.6128562956804844,18.16923371838916,17.813119560699782,107.77927318927227,107.36970874136976,20.259924228029153,19.903391205019766,8.340236287787171,7.981095972048655,171.39981739375747,173.86338143094517,171.7314012371273,2.4635640371876946,0.3315838433698275,-2.131980193817867,True,True,True,False
MBB_20m_primary,5,20,354,0.6551724137931034,0.6,True,True,27,False,0.004545214322353399,7.282656792992834,0.309114989463768,1.4933974556569551,0.3096403880280269,1.6352251076991313,64.23248682443551,63.98943619811271,110.32042330452606,110.15733507800172,20.784052448627694,20.45987972960925,8.591289902252235,8.234857109749647,133.46243552272642,133.68011556488895,133.88646824867521,0.21768004216252734,0.42403272594879127,0.20635268378626392,True,True,True,False
MBB_20m_primary,5,20,355,0.5862068965517241,0.7333333333333333,True,True,21,False,0.007273666059225128,6.408052803820574,0.3064967427412167,1.4895911554533006,0.3068069509914869,1.6331028053856862,38.34491333022216,38.02213740326142,109.36373582075615,109.11699255691099,20.585185336284926,20.239514257073335,8.494964783256668,8.12529604308856,175.6863216104036,176.85569988438,175.9934042576074,1.1693782739763776,0.3070826472037993,-0.8622956267725783,True,True,True,False
MBB_20m_primary,5,20,356,0.7586206896551724,0.6666666666666666,True,True,22,False,0.02490379444704953,4.779415651118219,0.2968711697857633,1.4694857466856595,0.2969101159863376,1.5829171258048826,8.003096772449567,7.702254542647298,105.86200908312684,105.59086969646843,19.869856772783386,19.580200105929336,8.157121976037153,7.856550099186594,141.57906513872834,143.37000357759425,141.59906566709483,1.7909384388659078,0.02000052836649502,-1.7709379104994127,True,True,True,False
MBB_20m_primary,5,20,357,0.7586206896551724,0.7333333333333333,True,True,22,False,0.00925030991780094,5.897141524742643,0.3048551732040994,1.4960392007202301,0.3051811779998809,1.6248650569230858,29.127573609262924,28.833127237193374,108.74168190367104,108.53773326911349,20.43769966299699,20.13119099587738,8.411038464043653,8.08113168058351,149.47784849338325,149.7645351824095,149.5623883356644,0.28668668902625427,0.08453984228114564,-0.20214684674510863,True,True,True,False
MBB_20m_primary,5,20,358,0.5172413793103449,0.5666666666666667,True,True,30,False,0.04534296376040654,4.3484941593477995,0.29042421784759775,1.4457961015545644,0.28993627400661337,1.550031549024415,2.3284524449779136,2.023786345068218,103.542379213777,103.09993684290983,19.417135351775375,19.10921643949195,7.958077178215527,7.660576559319252,160.42227105640455,161.27557164910692,160.94972825883733,0.853300592702368,0.527457202432771,-0.32584339026959697,True,True,True,True
MBB_20m_primary,5,20,359,0.6206896551724138,0.6333333333333333,True,True,20,False,0.008332624368657435,6.096545285589874,0.30556563813502463,1.5054799254355031,0.3060146314954697,1.6142400744745222,32.82722481380224,32.6034236169956,108.98011733741859,108.872064233465,20.469962200721397,20.22504513192715,8.414779731553775,8.143324463306922,127.21963278592966,127.2485213685036,127.2196329880794,0.028888582573941335,2.0214973517340695e-07,-0.02888838042420616,True,True,False,False
MBB_20m_primary,5,20,360,0.7931034482758621,0.6666666666666666,True,True,13,False,0.014185809805204062,5.300208120975981,0.30160428126402994,1.4915327431776937,0.3017156560790466,1.609219837297704,17.395049001349456,17.097864463228245,107.55327802352286,107.29815668183497,20.1902137576787,19.89534631858406,8.290853521785657,7.981890505835498,115.072481428149,115.59801836676708,115.17907866465968,0.5255369386180746,0.1065972365106802,-0.4189397021073944,True,True,True,False
MBB_20m_primary,5,20,361,0.5517241379310345,0.6333333333333333,True,True,14,False,0.01884157172073769,4.9942963688172055,0.2990255378257974,1.4812102040978332,0.29913499525993603,1.5915739476995991,11.98444493282727,11.700706072975468,106.62757099423693,106.39017528539475,20.011313408240078,19.735194356712398,8.213492487517218,7.9239592546713595,138.76056695127193,138.93143625081493,139.70106789238443,0.1708692995429999,0.9405009411125036,0.7696316415695037,True,True,True,False
MBB_20m_primary,5,20,362,0.7241379310344828,0.7333333333333333,True,True,17,False,0.009157920576084022,5.732974608898825,0.3047156913601922,1.498648527104898,0.30481327108424344,1.6364802200171484,29.439049264236647,29.09705133512592,108.68363809932136,108.37272067866238,20.419847523226654,20.071888287725237,8.398416140096828,8.035231530104536,175.1623828773566,175.3584026604921,175.44666054720594,0.1960197831354833,0.284277669849331,0.08825788671384771,True,True,True,False
MBB_20m_primary,5,20,363,0.6896551724137931,0.6333333333333333,True,True,23,False,0.030908854461644368,4.4251917590831376,0.29447159892948577,1.4613376819177284,0.2944400995766227,1.577887484675647,5.567808448815945,5.251014218932743,104.99695271906347,104.69196605766317,19.69962540923315,19.39630528048293,8.08125422463455,7.769511086430824,147.31705633303943,147.91402334931146,147.71066635088818,0.596967016272032,0.3936100178487436,-0.20335699842328836,True,True,False,False
MBB_20m_primary,5,20,364,0.7241379310344828,0.6,True,True,32,False,0.004300831654628843,7.570842609397537,0.30949861863603306,1.5006896987949594,0.30977525311596166,1.6369727426609553,68.17000328715855,67.88991370570169,110.44364731680993,110.20270836811916,20.79580921596906,20.466118776985766,8.587464306393727,8.23568574622683,150.01379472476447,151.7923227515053,150.16237519754608,1.7785280267408439,0.14858047278161735,-1.6299475539592265,True,True,True,False
MBB_20m_primary,5,20,365,0.5517241379310345,0.6333333333333333,True,True,20,False,0.024016816222190516,4.90153634210987,0.29734099616458176,1.4574750270027648,0.2975164573563456,1.5637986739459422,8.504096692388519,8.228614152219194,106.06563085027895,105.862763062157,19.938304025751673,19.67787319030468,8.20822009151394,7.932132634208298,162.21041173363986,162.48827187276677,162.69517375333015,0.2778601391269149,0.48476201969029376,0.20690188056337888,True,True,True,False
MBB_20m_primary,5,20,366,0.6206896551724138,0.8333333333333334,True,True,12,False,0.012879989230465778,5.547153260328084,0.3022788728343611,1.495575035392172,0.3028376011264199,1.6063193448605038,19.60553927614713,19.36284654436966,107.79206246512176,107.71951298033952,20.233550053747035,19.992258537488883,8.307516294202681,8.035237759207206,135.61338551161978,135.65022230247317,135.73797629681306,0.03683679085338554,0.12459078519327704,0.0877539943398915,True,True,False,False
MBB_20m_primary,5,20,367,0.4827586206896552,0.8666666666666667,True,True,18,False,0.013580305748266535,5.272742059167216,0.30226179443211443,1.473895851095438,0.30204662883833755,1.6097811549216101,18.443127130651014,18.075631069631687,107.8403272617927,107.4188898422963,20.28814172681362,19.920278228088147,8.364570285868883,7.993853435234445,156.23938213767553,156.24387807900587,156.77294711084727,0.004495941330333153,0.5335649731717353,0.5290690318414022,True,True,True,False
MBB_20m_primary,5,20,368,0.5862068965517241,0.7,True,True,24,False,0.0348138410002477,4.511845418021632,0.29327242036147694,1.461833980996096,0.2935299211966833,1.5593927125753677,4.421034932008668,4.161283495414996,104.5531447432432,104.40261555384274,19.602762292642204,19.37149236539801,8.031170696621214,7.781766920505395,137.27375827351878,139.1927583980956,137.28891169966354,1.9190001245768258,0.015153426144763671,-1.9038466984320621,True,True,False,False
MBB_20m_primary,5,20,369,0.5172413793103449,0.5666666666666667,True,True,24,False,0.006876012562903348,6.553214170738311,0.30673522289121663,1.5075273105963467,0.3072176643462231,1.6286307367874984,40.77472472005552,40.53683366504566,109.40660108725795,109.27982340032617,20.557901374912593,20.28379292892421,8.456884104479144,8.153909219669814,149.66799513361718,150.04341858318648,149.6716197755625,0.37542344956929696,0.0036246419453220824,-0.3717988076239749,True,True,True,False
MBB_20m_primary,5,20,370,0.7586206896551724,0.6666666666666666,True,True,19,False,0.016180089211771588,5.162228454278545,0.30059760423558707,1.4860860504316713,0.30060718822795757,1.620767085665865,14.706409884027137,14.356105789697018,107.19547186069748,106.86000984016339,20.124032819292594,19.777191457598683,8.264428357015028,7.906058266877793,147.00500675206672,151.04858330341168,147.6015919832786,4.043576551344955,0.5965852312118898,-3.4469913201330655,True,True,True,False
MBB_20m_primary,5,20,371,0.7241379310344828,0.7333333333333333,True,True,19,False,0.0064262618087595836,6.284634656695296,0.30694885561258656,1.5109878474278278,0.3073397991283047,1.6500474839924668,43.925612362990634,43.63312215854299,109.47673223726977,109.27099039592028,20.56599778861391,20.23825225795832,8.456352840415306,8.10182614740191,142.08949609162977,143.55111512537522,142.25046295618938,1.4616190337454498,0.16096686455961162,-1.3006521691858381,True,True,True,False
MBB_20m_primary,5,20,372,0.6206896551724138,0.8333333333333334,True,True,23,False,0.030062995094826208,4.738542092922237,0.2951385862830661,1.4608917985134537,0.29501743581633516,1.5690752427987786,5.868309509338114,5.571842145761491,105.24422777838171,104.92721377955247,19.75393936581699,19.465066638956074,8.109563275352567,7.816460791722882,134.83367396949373,136.24623770805283,134.91923954401463,1.4125637385591006,0.08556557452089919,-1.3269981640382014,True,True,True,False
MBB_20m_primary,5,20,373,0.4482758620689655,0.5666666666666667,True,True,60,False,0.0010759339373180448,10.606333144956091,0.3137780371939167,1.5251108922072136,0.31414188181764596,1.6681869438496253,287.810120839934,287.7896323118423,111.96150418603975,111.73565193451314,21.073876288854983,20.73360462946515,8.696423277903298,8.330095857610786,111.31650395046024,129.82926837397923,111.39623159076064,18.512764423518988,0.07972764030039059,-18.433036783218597,True,True,True,False
MBB_20m_primary,5,20,374,0.7586206896551724,0.6666666666666666,True,True,15,False,0.010862841214269127,5.735145943646962,0.30388512629678055,1.482917320279118,0.30379901145732047,1.6234504133219914,24.16395389263159,23.794886167660383,108.41671298292181,108.03120322883123,20.394247669152527,20.024674619779812,8.406547731612639,8.02869773798815,173.61807053888703,175.46357928970616,174.04355552873906,1.8455087508191355,0.42548498985203764,-1.4200237609670978,True,True,True,False
MBB_20m_primary,5,20,375,0.6206896551724138,0.7666666666666667,True,True,24,False,0.005833208681397509,6.394277725239141,0.30753846759402576,1.51555611114733,0.30791000531014023,1.6485756692566422,48.87704533653137,48.60326864652194,109.68283092886016,109.48513053051386,20.60120316144443,20.28750001625689,8.468159068252433,8.128932690599184,132.25736796861196,135.02233733752172,132.25861714800456,2.7649693689097603,0.001249179392601718,-2.7637201895171586,True,True,True,False
MBB_20m_primary,5,20,376,0.8275862068965517,0.6666666666666666,True,True,14,False,0.011766828210145583,5.380529986303693,0.3029583817094028,1.4986986541405667,0.3030325493528319,1.6317892707536548,21.886512259476117,21.55000433408467,108.03497399366572,107.72734983717777,20.279649342396212,19.94206050415369,8.326826154327076,7.975318706854421,157.93274856115943,158.72953680643596,158.27337165671875,0.7967882452765309,0.340623095559323,-0.4561651497172079,True,True,True,False
MBB_20m_primary,5,20,377,0.4827586206896552,0.7666666666666667,True,True,20,False,0.009549807399945114,6.1501481174824,0.3048968124424222,1.48958537652893,0.30524521366932833,1.618901663152628,28.111965861052173,27.817250493560053,108.77329353445882,108.57637590029303,20.457675585783846,20.151686279997477,8.429923143228619,8.099620657148616,156.10523308600057,158.5480954003767,156.2183508495551,2.4428623143761286,0.11311776355452707,-2.3297445508216015,True,True,True,False
MBB_20m_primary,5,20,378,0.5172413793103449,0.6333333333333333,True,True,26,False,0.005135858544885609,6.630666392432692,0.3080146506681277,1.523413548945969,0.30863237725067527,1.6475220692280037,56.115281547060945,55.92125183701731,109.83878948276615,109.75437501372565,20.618878325817775,20.34779696557983,8.466591387123614,8.16111263207085,169.54664855667605,169.57042276423496,169.5613512907291,0.02377420755891535,0.014702734053059885,-0.009071473505855465,True,True,False,False
MBB_20m_primary,5,20,379,0.7241379310344828,0.8,True,True,22,False,0.019919752994208978,4.8497961429231164,0.2986432194556388,1.4811957042676283,0.29856711373993733,1.6134602419575894,11.095254928440909,10.743443227620721,106.48651228590873,106.12550878883921,19.98087761514286,19.633443100113677,8.197985122599514,7.842567684362048,167.49925975273874,169.46990565787743,167.85870462063355,1.9706459051386958,0.35944486789480834,-1.6112010372438874,True,True,True,False
MBB_20m_primary,5,20,380,0.4827586206896552,0.6666666666666666,True,True,22,False,0.018665602248288622,5.327731751246894,0.30003655523423456,1.4546196571471348,0.3000395571837027,1.5770818443152705,12.259752092732437,11.938771717811267,107.06761834121716,106.76048266860455,20.160526875718574,19.844697141684097,8.325434098892107,7.999344613000413,114.03793589327455,123.22102939821175,114.27826272086766,9.183093504937204,0.2403268275931083,-8.942766677344096,True,True,True,False
MBB_20m_primary,5,20,381,0.6206896551724138,0.7666666666666667,True,True,12,False,0.011480250793579845,5.519875119281819,0.30321778999060084,1.4939354870516381,0.30335983935116917,1.616018641707688,22.56692415355559,22.26507114014205,108.1426981677211,107.88783220834836,20.312619344494323,20.008850842062653,8.350062321340141,8.03063649616442,162.51667493984831,162.72270087162468,162.65279414060595,0.20602593177636663,0.1361192007576335,-0.06990673101873313,True,True,True,False
MBB_20m_primary,5,20,382,0.5172413793103449,0.7,True,True,17,False,0.016089419885563,5.117725180812128,0.3007189912862019,1.4792308529243072,0.3005639086863133,1.6034010958591451,14.837419745482102,14.504345627550297,107.25752482601158,106.88774853482624,20.151401077373798,19.818562585174462,8.287624942717743,7.950557482864967,150.14625168815758,151.37306623115236,150.60901975863462,1.2268145429947879,0.46276807047703983,-0.764046472517748,True,True,True,False
MBB_20m_primary,5,20,383,0.6206896551724138,0.8,True,True,15,False,0.022924641789127308,4.9054470052688695,0.297929587090983,1.4572894611247809,0.2976426287640572,1.583240744496711,9.131324336741532,8.78478535745511,106.28331835049447,105.8603901423502,19.985697419269332,19.637750809553363,8.232647927001734,7.885473792618237,152.8039132538163,161.13469562906855,153.04189458297932,8.330782375252255,0.23798132916303416,-8.092801046089221,True,True,True,False
MBB_20m_primary,5,20,384,0.41379310344827586,0.5,True,True,35,False,0.00377560260396612,7.223343788623623,0.3097906494531646,1.5140349603088712,0.3105022856252756,1.639055974828689,78.22949512799465,78.10244709982831,110.51783105505392,110.4657772756759,20.784642460271538,20.518691190551586,8.56379022887129,8.259699386611778,107.40178235756724,117.84022533562315,107.41973023385708,10.438442978055903,0.017947876289838405,-10.420495101766065,True,True,True,False
MBB_20m_primary,5,20,385,0.6206896551724138,0.6333333333333333,True,True,12,False,0.01212065083053107,5.398133762315764,0.30257108900037294,1.5054555032436552,0.3028994170862683,1.6115994570525891,21.082023950925688,20.835460287458886,107.87503566834506,107.72903594840628,20.231340537153876,19.983557949053985,8.293079179619163,8.023686321627665,128.64186340792122,128.78500566618692,129.0813590509316,0.14314225826569782,0.4394956430103889,0.2963533847446911,True,True,False,False
MBB_20m_primary,5,20,386,0.5517241379310345,0.7333333333333333,True,True,43,False,0.002171918890091566,8.608125193429336,0.3118512911629385,1.5316642723473133,0.3124001483928981,1.6761769506928346,139.7332386587939,139.62269070265754,111.2339402951903,111.07275117909074,20.903388362981435,20.574155525873817,8.60062040477277,8.23798919590027,149.09148913429067,149.25080489187917,149.11056354328198,0.15931575758850158,0.019074408991315295,-0.1402413485971863,True,True,False,False
MBB_20m_primary,5,20,387,0.5862068965517241,0.7333333333333333,True,True,21,False,0.007619540297522102,5.9583625934318825,0.305760633235786,1.5117690021290848,0.30609196371887915,1.6397275445645327,36.275674053907466,35.99305002265734,109.03625066523885,108.83645055690661,20.46927275180654,20.165427071060606,8.405956026708846,8.078576126165753,153.89127307263186,154.8238677329691,153.91281802478952,0.9325946603372302,0.021544952157654507,-0.9110497081795756,True,True,False,False
MBB_20m_primary,5,20,388,0.6206896551724138,0.5333333333333333,True,True,19,False,0.034859113921850995,4.708058802014108,0.29402590725164796,1.4349540680640385,0.29396729694582574,1.5405623617348894,4.504828391227855,4.213920890411346,104.89887839001169,104.6114267223821,19.732195772301274,19.454954235532902,8.13341130003273,7.849711468995372,127.60641664901458,129.63240265534873,127.76150530508286,2.0259860063341506,0.15508865606828692,-1.8708973502658637,True,True,True,False
MBB_20m_primary,5,20,389,0.7586206896551724,0.6,True,True,16,False,0.013693093172115565,5.304012041760215,0.3017147087349057,1.4967550316955047,0.30208467055853777,1.6148666075274138,18.159556784732118,17.880829476917015,107.58088669250142,107.42012885731766,20.18553705733605,19.910185087896068,8.281432774944935,7.9818538086814605,159.11711974949992,159.16854818383138,159.17737736463226,0.05142843433145572,0.06025761513234329,0.00882918080088757,True,True,False,False
MBB_20m_primary,5,20,390,0.6551724137931034,0.6666666666666666,True,True,21,False,0.022636289559109693,4.80870901763805,0.2975567108456413,1.4869855600608608,0.2976335742654781,1.6075693420929271,9.20466136966077,8.888514351278523,106.07096118685322,105.79581224901098,19.87933259897455,19.574238169188543,8.138382190345222,7.820299736582495,126.21015563996235,134.71304869716056,126.21017692001743,8.502893057198207,2.1280055079841986e-05,-8.502871777143127,True,True,True,False
MBB_20m_primary,5,20,391,0.6206896551724138,0.6333333333333333,True,True,20,False,0.028914450349889084,4.651421921829475,0.2952598971667348,1.4625616833816772,0.29491220954425434,1.582323727970376,6.270193618692016,5.935434592054754,105.28479456870201,104.85503274550275,19.759298725773316,19.422485730536106,8.110047873770917,7.776891070860124,168.23509976306724,168.92772604235043,169.7481281102416,0.6926262792831892,1.5130283471743553,0.8204020678911661,True,True,True,True
MBB_20m_primary,5,20,392,0.41379310344827586,0.5666666666666667,True,True,39,False,0.0027445294777276334,7.5667092780461855,0.3107184147668322,1.5354994501090191,0.3112797756516169,1.6680170492825435,109.34845886935595,109.21941416631195,110.80619711452755,110.67981471590406,20.80319246793211,20.505914973776502,8.544338866157586,8.214168262446798,161.21644859824872,162.0838482155667,161.2579028339572,0.8673996173179717,0.04145423570847129,-0.8259453816095004,True,True,True,False
MBB_20m_primary,5,20,393,0.6551724137931034,0.6666666666666666,True,True,22,False,0.00717187840890546,6.276903565679932,0.3066241128023437,1.4891402003281184,0.3069391399802445,1.6255297510042581,38.96284988125769,38.659576168399774,109.41187702220881,109.18483887697242,20.596501437297974,20.269596252657884,8.501345200257385,8.150844069965393,141.48112123002704,141.64233613397747,141.51393872301665,0.16121490395042315,0.0328174929896079,-0.12839741096081525,True,True,False,False
MBB_20m_primary,5,20,394,0.7586206896551724,0.7333333333333333,True,True,18,False,0.01869377483602471,5.04983484314196,0.29944610933417104,1.4689758239749975,0.29963650157229405,1.5846055338748217,12.166010233486812,11.872948706222498,106.81357813747313,106.59279684259623,20.076411990206044,19.793152754129117,8.263183561684048,7.962913991141314,141.1436247353993,141.31485987524925,141.73594306028062,0.17123513984995498,0.5923183248813189,0.4210831850313639,True,True,False,False
MBB_20m_primary,5,20,395,0.6551724137931034,0.7333333333333333,True,True,29,False,0.0039878470064072,7.236076930132828,0.30948820356123496,1.5165782300814494,0.30983340960528727,1.671274844840993,73.77821731793321,73.47414580475399,110.39981137634763,110.13783097946742,20.753971533748032,20.382222146608683,8.544717352632322,8.146677492316552,184.30496618436388,184.4088504878079,184.5719670922681,0.10388430344403332,0.2670009079042188,0.1631166044601855,True,True,True,False
MBB_20m_primary,5,20,396,0.6551724137931034,0.6666666666666666,True,True,29,False,0.0037732078300775837,7.579149435686909,0.30978934013518383,1.5147628137724547,0.31019102594790654,1.6630799763146291,78.27941004096621,78.01154350795773,110.51551580501508,110.29043676231352,20.782659544520463,20.43187701475849,8.56179815192917,8.18304831253167,159.9626984546263,160.03225513668878,160.16691260883593,0.06955668206248333,0.2042141542096374,0.13465747214715407,True,True,False,False
MBB_20m_primary,5,20,397,0.6896551724137931,0.7,True,True,16,False,0.014385645923801251,5.538875881662596,0.3018918850426219,1.474973736205462,0.30188113775721387,1.5984768311725894,17.160635974910733,16.83961270396788,107.70109851920488,107.38626865168733,20.25587561581469,19.936263447016557,8.346657633838664,8.017236328007677,148.04013149571819,148.07056031335705,148.6506768681179,0.030428817638863848,0.610545372399713,0.5801165547608491,True,True,True,False
MBB_20m_primary,5,20,398,0.4827586206896552,0.8333333333333334,True,True,28,False,0.04398542514046881,4.399807439408893,0.2911008349413248,1.4504683827809641,0.2907337784416633,1.5581607441424552,2.5439377077823213,2.2330985016308773,103.78032546367032,103.37379553130137,19.45900712369189,19.151801576469285,7.973144165154469,7.671350681521854,119.19463042707308,127.51909429924108,119.53746276742919,8.324463872167996,0.3428323403561109,-7.981631531811885,True,True,True,False
MBB_20m_primary,5,20,399,0.6896551724137931,0.6333333333333333,True,True,23,False,0.008067472057513151,6.304052211994463,0.3058011135827993,1.4903487740678574,0.30626350852819867,1.616660938666408,34.10287976198655,33.837915345475345,109.10510580425458,108.95781926173028,20.52778387131569,20.23863408741758,8.464660695460571,8.146995770771342,136.5549529736907,139.20025760740603,136.80852628761068,2.645304633715341,0.2535733139199863,-2.3917313197953547,True,True,False,False
MBB_40m,10,40,0,0.7586206896551724,0.7333333333333333,True,False,18,False,0.008480293564503052,5.902169501825424,0.3052063625671531,1.503202747743943,0.30554011488589894,1.6326444805776823,32.15066534508648,31.85940798471446,108.85325788721146,108.65061829560817,20.447202928783753,20.13972224080765,8.40623660444297,8.075004298029446,,,,,,,,,,
MBB_40m,10,40,1,0.6206896551724138,0.6666666666666666,True,False,28,False,0.005058466765112701,6.83759219917432,0.3082271344748517,1.5186214393682143,0.30871195285715336,1.6468066171559397,57.087736396811316,56.85901186882789,109.92926895428498,109.78554334760712,20.64818284670342,20.3559861971172,8.487996587805124,8.166254171011273,,,,,,,,,,
MBB_40m,10,40,2,0.6206896551724138,0.7,True,False,26,False,0.005581875218339351,6.717619657363243,0.30786023765743925,1.5010012752598827,0.3081993021051067,1.6395859570711642,51.34794138601692,51.057320318355885,109.83821594608182,109.61452353705263,20.66441562167477,20.33376083322677,8.520013805833717,8.164642756472688,,,,,,,,,,
MBB_40m,10,40,3,0.6551724137931034,0.7,True,False,37,False,0.002532418394126028,8.416074835653106,0.3114626146479011,1.5168287735134556,0.3119956749935607,1.6632189075096133,119.1739554241824,119.01614289974313,111.12784031082036,110.95609567808167,20.91069806992403,20.575360497587,8.624334289545079,8.25605962419841,,,,,,,,,,
MBB_40m,10,40,4,0.5517241379310345,0.5333333333333333,True,False,41,False,0.0025045125881039076,8.10027528347733,0.31137586676889334,1.51793188832412,0.3119332816476937,1.6657459065639584,120.50719408886873,120.35789491720313,111.09304927149796,110.92670872913087,20.90093662358497,20.5638652864494,8.617868462860294,8.246791206319694,,,,,,,,,,
MBB_40m,10,40,5,0.7586206896551724,0.5333333333333333,True,False,20,False,0.007931463848476098,6.189301039707361,0.3059053333011652,1.4894383988159476,0.3062971790952145,1.6302767418047484,34.76966089696701,34.459846183505285,109.1458597185361,108.93597377000808,20.538440483345884,20.206176114400407,8.471323554805792,8.112095479232542,,,,,,,,,,
MBB_40m,10,40,6,0.6551724137931034,0.7,True,False,20,False,0.01931193264908368,4.902929467323432,0.299165084910973,1.466412602057819,0.2991038326478932,1.5987396896097434,11.639198133116533,11.288426624106446,106.71631738503724,106.36063813720094,20.060628100763015,19.71421606261391,8.25858427237041,7.903604192747989,,,,,,,,,,
MBB_40m,10,40,7,0.6896551724137931,0.8666666666666667,True,False,18,False,0.009150921597163289,6.016987800905373,0.30505437525712364,1.4941548712058037,0.30529031780815363,1.6288172500471858,29.513074825699473,29.19432025113037,108.81994069262295,108.5680636187856,20.458440702929916,20.129689715655985,8.42415792847701,8.07504182096423,,,,,,,,,,
MBB_40m,10,40,8,0.7931034482758621,0.4,True,False,17,False,0.016504349138057713,5.537146094820148,0.30104449095373725,1.459785000335927,0.3009693836636683,1.5791777436224772,14.433789846273676,14.117911586087951,107.4265971971182,107.09836113109476,20.22753428948339,19.913400836939726,8.352659896632847,8.031570604092881,,,,,,,,,,
MBB_40m,10,40,9,0.5862068965517241,0.6,True,False,25,False,0.045744790802521744,4.306289375599551,0.2904515939325811,1.447681527802855,0.28986483893755893,1.5587856690602309,2.2628419505788484,1.936387841315426,103.54773668800753,103.05153905169293,19.414451206270357,19.080928645834952,7.954168007174579,7.634352842071531,,,,,,,,,,
MBB_40m,10,40,10,0.8620689655172413,0.7,True,False,16,False,0.01750820154595331,5.039229350913226,0.2999013309130635,1.4779300441709902,0.29990768828941194,1.612249292386628,13.265238899358968,12.914433044842202,106.95904016107606,106.62329798905205,20.089585646945142,19.743420858216748,8.257841955390013,7.9003043819870395,,,,,,,,,,
MBB_40m,10,40,11,0.7586206896551724,0.8,True,False,17,False,0.010009643428320692,5.885111597426012,0.30422434298028367,1.4968487108523372,0.30458388204943626,1.625174564954016,26.554956382918707,26.261826863498573,108.50683542389359,108.31652119717536,20.385329157561404,20.082783867604274,8.383231030320374,8.056019723927427,,,,,,,,,,
MBB_40m,10,40,12,0.4827586206896552,0.5333333333333333,True,False,29,False,0.004286928594017522,6.7169725317075635,0.3088902799041527,1.5298396077161032,0.30929098013291845,1.6555101705145612,68.18795043653265,67.96384065874719,110.14576713445315,109.97732700254556,20.672086221425143,20.379674917841044,8.485079022397326,8.166614523378694,,,,,,,,,,
MBB_40m,10,40,13,0.7931034482758621,0.5333333333333333,True,False,26,False,0.007071445848212658,6.4153628832400615,0.3065008633460876,1.5024213875253014,0.3068382263504613,1.6246696961622966,39.51980022778876,39.256387051709076,109.33296219059314,109.14976134245666,20.55239956360853,20.26377255183488,8.460955502359653,8.149031669281559,,,,,,,,,,
MBB_40m,10,40,14,0.4482758620689655,0.6333333333333333,True,False,22,False,0.026367773444275287,4.659709070316643,0.2962402261113606,1.4632208479483986,0.2958052484061025,1.5861404116266484,7.3187289881659705,6.9732469792485094,105.64492738077234,105.17500337713835,19.83573593327365,19.483815956067957,8.148154553369743,7.803037408387762,,,,,,,,,,
MBB_40m,10,40,15,0.6551724137931034,0.8,True,False,21,False,0.02059415639069996,4.806577939527788,0.29846461362875293,1.4727278163549717,0.29835201446896764,1.5983455238825037,10.611015846673636,10.274457719377615,106.44191162432287,106.08417057264228,19.988496800732662,19.655308673686932,8.213279114945921,7.874083416369534,,,,,,,,,,
MBB_40m,10,40,16,0.6551724137931034,0.7666666666666667,True,False,16,False,0.013135925443630169,5.180090096246972,0.30193066220156295,1.4933735391395249,0.3021174651891277,1.6195502434453493,19.12490561930338,18.81297384059517,107.66909605284933,107.42044281855568,20.2114773976709,19.90071079066624,8.299221495875466,7.970711171502154,,,,,,,,,,
MBB_40m,10,40,17,0.7931034482758621,0.8333333333333334,True,False,19,False,0.018928647736609062,5.1468366729098705,0.2996445697502403,1.465509549187037,0.2994712601736348,1.5916305883102329,11.984453802717578,11.644333494368043,106.89554506074732,106.51413182157556,20.10117684151694,19.76185063180188,8.28048681356736,7.937481721213085,,,,,,,,,,
MBB_40m,10,40,18,0.5862068965517241,0.4,True,False,26,False,0.005413376633125706,6.336913704388012,0.30762204041310787,1.5344343130768083,0.30824214256457577,1.644688556806742,52.937563606229396,52.77269649591469,109.66615621784953,109.6174903742688,20.5591407188089,20.324005927293815,8.421270083465764,8.152792582186127,,,,,,,,,,
MBB_40m,10,40,19,0.5172413793103449,0.6,True,False,19,False,0.011661706608093174,5.611493538644476,0.3035703466632559,1.4661705888358365,0.30346553803192067,1.604451070456064,22.255884257902945,21.890814310945323,108.34269543027973,107.95595663983623,20.4123802289661,20.047131046579313,8.438357533376527,8.06574785202763,,,,,,,,,,
MBB_40m,10,40,20,0.6206896551724138,0.6,True,False,25,False,0.005596424583611357,6.667886776728531,0.3077717611824888,1.5053453172059967,0.3082577366382296,1.6350564949882123,51.177591290023614,50.93554874867216,109.79462938740895,109.6474897810165,20.646151718308822,20.35010876235782,8.504844593818692,8.179084307789147,,,,,,,,,,
MBB_40m,10,40,21,0.7241379310344828,0.8333333333333334,True,False,23,False,0.006179496927232628,6.468722060307175,0.3071977791812824,1.5074578450690512,0.3075900161591592,1.6383509146784871,45.88464628292466,45.61575288528342,109.57748307315289,109.39277425001195,20.594949353354032,20.28838443599052,8.475877801905487,8.143157590397696,,,,,,,,,,
MBB_40m,10,40,22,0.4827586206896552,0.5,True,False,20,False,0.014904917488531967,5.178109565848885,0.30143826567147786,1.4644167573145914,0.3012652589432831,1.6087845952553297,16.421340739833095,16.034844568957727,107.5602620179945,107.13303242585042,20.246966308287906,19.860570128352553,8.356333776218744,7.964735655763916,,,,,,,,,,
MBB_40m,10,40,23,0.3793103448275862,0.7,True,False,19,False,0.04473419407388858,4.726314806538081,0.29219469752032734,1.3988485194030549,0.2912140194307885,1.513532464830893,2.594327323960959,2.24959332423642,104.31394701424114,103.66336088175893,19.679423341051955,19.305263291292007,8.155126896064068,7.809758077459359,,,,,,,,,,
MBB_40m,10,40,24,0.7586206896551724,0.5666666666666667,True,False,30,False,0.004326550766910852,7.089611398664453,0.30922319310202095,1.505959527353136,0.3096538774082698,1.6488438394692668,67.66499879551692,67.40342653415026,110.3287366573618,110.12803431555298,20.760254867642253,20.42580562842542,8.56222720766718,8.199128401156383,,,,,,,,,,
MBB_40m,10,40,25,0.7931034482758621,0.5666666666666667,True,False,19,False,0.01175851043529212,5.6664323452037975,0.30322465442390006,1.4809451534703195,0.30361512999492524,1.6089161930466653,21.97318092458655,21.676771721195045,108.17792882739886,107.9999248522946,20.346693909175183,20.047530215254262,8.384944754633976,8.05993654679409,,,,,,,,,,
MBB_40m,10,40,26,0.6896551724137931,0.5,True,False,22,False,0.006041237791016306,6.662575426738578,0.3073331165070673,1.5115442828834698,0.30776343096125,1.6394828084424158,47.03573249617843,46.782210954045595,109.6171437577991,109.45392422558758,20.595189703553704,20.299285340235997,8.470495599206327,8.147193946650145,,,,,,,,,,
MBB_40m,10,40,27,0.7586206896551724,0.8333333333333334,True,False,19,False,0.020198695740566805,4.912739181714841,0.2987797796241705,1.469485817190546,0.2986923880508845,1.603533094970771,10.922942256908062,10.565675121088663,106.56638441491627,106.19672860669942,20.02198498768069,19.669049751369855,8.234730478315182,7.874105313673112,,,,,,,,,,
MBB_40m,10,40,28,0.6551724137931034,0.6666666666666666,True,False,26,False,0.005613231445725571,6.536600608341246,0.30774252746924524,1.5057130976018616,0.3082057850780776,1.6432377021454243,51.006626700639444,50.74045136137457,109.7829149169033,109.60772446070125,20.64287238111671,20.324852589380775,8.502676196622964,8.155178947368409,,,,,,,,,,
MBB_40m,10,40,29,0.5862068965517241,0.8,True,False,27,False,0.049654431152583174,4.276504255973844,0.28962839552082165,1.4386467276134214,0.28899630838039114,1.5538543613592561,1.7265163054675972,1.3849465916350399,103.26667505044794,102.7434188143933,19.37215541829361,19.02442867974295,7.9447614327281775,7.6121721776674205,,,,,,,,,,
MBB_40m,10,40,30,0.6896551724137931,0.6666666666666666,True,False,19,False,0.006314797301986889,6.613556999750348,0.30735004453291176,1.4937222278256868,0.3076005156384652,1.630597441948806,44.87719837640581,44.569185725736595,109.66825009081344,109.41616498439926,20.642536841335172,20.309232651354137,8.518657855056682,8.164238021285858,,,,,,,,,,
MBB_40m,10,40,31,0.8275862068965517,0.5333333333333333,True,False,21,False,0.009324169631681735,5.97009488375346,0.30492639299058905,1.4777844260711683,0.3052207679666875,1.616294639438011,28.920157476749733,28.597188638696437,108.8139138748609,108.57391618583021,20.490491029363035,20.156466404011322,8.462561021195139,8.10557115696664,,,,,,,,,,
MBB_40m,10,40,32,0.8275862068965517,0.9,True,False,21,False,0.01709408340779413,5.18513537839885,0.300298237094309,1.4750300373876943,0.3002607551250563,1.6029487351592233,13.715179071186,13.378912941829135,107.11281848560448,106.77700784371828,20.128706383014432,19.7955668308961,8.281706082014006,7.939435512723249,,,,,,,,,,
MBB_40m,10,40,33,0.5517241379310345,0.8,True,False,19,False,0.02105600017767983,4.967338317086942,0.298597249374616,1.4579449699614504,0.29831053766949533,1.5835130822382637,10.333711266908944,9.988731397798546,106.52807023359938,106.10619750273979,20.03722253174766,19.690284525512034,8.258050562331595,7.911907137269515,,,,,,,,,,
MBB_40m,10,40,34,0.8620689655172413,0.6333333333333333,True,False,18,False,0.009782146860539178,5.917689931853375,0.3044909790870817,1.493777065253313,0.30479457854773945,1.6146010564510702,27.299154781051662,27.02055871199106,108.61296939300206,108.42089313448858,20.414509528013774,20.12686744084523,8.402255267751716,8.092752586686249,,,,,,,,,,
MBB_40m,10,40,35,0.8275862068965517,0.6333333333333333,True,False,29,False,0.005923159092044625,6.808168169087328,0.3077353405577455,1.4946615174765683,0.3081534680389348,1.6295057504628432,48.16177904083293,47.89019350083256,109.80807996439228,109.6229807938901,20.67082313453314,20.356124093250614,8.53182286781722,8.18963042170923,,,,,,,,,,
MBB_40m,10,40,36,0.7241379310344828,0.7666666666666667,True,False,27,False,0.04335738600405717,4.335305705484654,0.2909888384757206,1.4496577640226578,0.29061156632385005,1.5586294250971036,2.64666666433925,2.332416586645458,103.74103335775936,103.32751326025344,19.45217245790203,19.1408508469764,7.970749423034372,7.6651327813673875,,,,,,,,,,
MBB_40m,10,40,37,0.6206896551724138,0.6333333333333333,True,False,23,False,0.0064844817032047395,6.358140853541034,0.30697590549041515,1.4970803030816502,0.307435436514885,1.6301092683426777,43.53570928616758,43.26852290135849,109.52172103358537,109.35647102794978,20.604048538994995,20.29733474320419,8.494499304587178,8.158825889051915,,,,,,,,,,
MBB_40m,10,40,38,0.7586206896551724,0.7,True,False,21,False,0.017806406762226636,5.356247359536647,0.3002579025434178,1.4604205339264134,0.3001587475169321,1.5854183527754324,13.04119833118166,12.708576154346003,107.13470581763221,106.7834866361161,20.16319788663261,19.83268124572772,8.318982392636022,7.981984608174384,,,,,,,,,,
MBB_40m,10,40,39,0.7586206896551724,0.5,True,False,18,False,0.014902192937398794,5.287334424070442,0.3014304322744835,1.4682959307463963,0.3016408944262455,1.5962038811520496,16.41446631999969,16.096445154762243,107.54760701371112,107.30332759736221,20.23632997665836,19.922980893356755,8.345682011226316,8.013522077850515,,,,,,,,,,
MBB_40m,10,40,40,0.4827586206896552,0.7,True,False,35,False,0.003591243477426742,7.597760650534029,0.3100504251131505,1.517921334432013,0.3106558979662393,1.6610635359994628,82.50593465936018,82.31343417651357,110.60391947616245,110.46707400588218,20.79531769540894,20.474134619717926,8.56400091406747,8.207322473286071,,,,,,,,,,
MBB_40m,10,40,41,0.7241379310344828,0.7,True,False,21,False,0.029722396357460528,4.509993211493986,0.2948422408413771,1.4621223533283705,0.29484635217872485,1.5768183528800934,5.97114835161781,5.661529892553708,105.13176365082184,104.84458528837388,19.727142738248205,19.431445585814508,8.094235233737201,7.788878224496533,,,,,,,,,,
MBB_40m,10,40,42,0.4482758620689655,0.6666666666666666,True,False,54,False,0.001605677981430413,9.117421190129315,0.31264799981660196,1.5305581330750142,0.3130914170181976,1.6799559135472588,190.87219366375507,190.7733496368735,111.53075110505668,111.31835312783977,20.969746024483054,20.619500730160045,8.63596300936402,8.256031547510608,,,,,,,,,,
MBB_40m,10,40,43,0.8620689655172413,0.5333333333333333,True,False,23,False,0.008406831769763992,6.313275611501616,0.30579085740867945,1.4811156037434627,0.30612361946821937,1.6092058300303589,32.59180871747221,32.30429079800405,109.1245611056173,108.92495786791487,20.550796756753428,20.24672531211555,8.488838730828284,8.161166265665226,,,,,,,,,,
MBB_40m,10,40,44,0.6551724137931034,0.6666666666666666,True,False,16,False,0.008185318040925083,6.114591478693952,0.3057386545760654,1.4868155674906929,0.30594090917003536,1.6164410379416763,33.55738923862547,33.25126505266528,109.09094846852243,108.83931695464784,20.531924525526417,20.213488410897344,8.47153262398016,8.134463866750966,,,,,,,,,,
MBB_40m,10,40,45,0.6551724137931034,0.7333333333333333,True,False,21,False,0.009891391881371607,5.763942850490861,0.3044508086773745,1.4852946784541743,0.30449236263343554,1.6246977301630732,26.971982209323713,26.618839023166977,108.61949503766591,108.28394602792214,20.433200321645685,20.076719873132845,8.423217000580108,8.05356850319641,,,,,,,,,,
MBB_40m,10,40,46,0.6551724137931034,0.5333333333333333,True,False,22,False,0.009406615572683614,5.996453637190165,0.30493828208732243,1.4771486033876822,0.3051598926151754,1.608115816901694,28.63562138907974,28.323877192037738,108.81990196299702,108.57203655197921,20.493079694055155,20.172723396766422,8.464738148347063,8.124882350310056,,,,,,,,,,
MBB_40m,10,40,47,0.8275862068965517,0.4666666666666667,True,False,19,False,0.013943650779993225,5.284560330189434,0.3015500241605017,1.500767157026846,0.3017229378419838,1.6163995808871576,17.738901902758784,17.451780652947736,107.5100108639899,107.28277224869188,20.1620555424056,19.877396149105024,8.264048908119618,7.963061387832967,,,,,,,,,,
MBB_40m,10,40,48,0.7586206896551724,0.7,True,False,19,False,0.024433026068273134,4.7821898962568445,0.2969939073489949,1.4620205203477645,0.29686028444724605,1.5793993755746905,8.262593052367997,7.944586361043464,105.92609593083844,105.58133364342741,19.898907130386615,19.585307357891715,8.181998455597713,7.863894318856943,,,,,,,,,,
MBB_40m,10,40,49,0.4482758620689655,0.7666666666666667,True,False,31,False,0.0043721651809926435,6.774220478046384,0.3089283044667184,1.5125663105461575,0.3093596506756546,1.6517703633213034,66.83476233216612,66.5815636132123,110.20327792655578,110.01208326072971,20.719698570267933,20.39480066108004,8.532637347606801,8.179368833670804,,,,,,,,,,
MBB_40m,10,40,50,0.7931034482758621,0.7666666666666667,True,False,27,False,0.005074262229177482,6.960893378026263,0.30835727494755993,1.509886580495866,0.30871250382525633,1.6475963930750546,56.94567190815238,56.6669799290457,109.99928358715627,109.78375877715212,20.681100123923052,20.35399173917485,8.516556101304992,8.164172790390577,,,,,,,,,,
MBB_40m,10,40,51,0.5517241379310345,0.4,True,False,23,False,0.007886188967786367,5.865338670698462,0.3058155362034847,1.4887263600353822,0.3058705311859864,1.6367268234818575,34.98195236797663,34.611483331460626,109.11451219400134,108.7622834943937,20.53312081881949,20.155522200245734,8.469568897901125,8.077565385942325,,,,,,,,,,
MBB_40m,10,40,52,0.6896551724137931,0.6666666666666666,True,False,22,False,0.019370465385011547,5.07847087581361,0.2993529936608312,1.4596456049925077,0.29928132951674347,1.581882491279452,11.619274426162615,11.29443077882024,106.80269828471039,106.46857406478046,20.093070922139447,19.771871314186413,8.28425084516319,7.955725405962551,,,,,,,,,,
MBB_40m,10,40,53,0.5517241379310345,0.6,True,False,23,False,0.021341902625631206,4.905655780638034,0.29845691418130144,1.4536370165625485,0.29828352017871235,1.5873328383728271,10.145633435304829,9.784430912781414,106.48712264393923,106.08661213435916,20.037155540635744,19.678272452237312,8.263819607040935,7.900633574879391,,,,,,,,,,
MBB_40m,10,40,54,0.7586206896551724,0.5,True,False,23,False,0.005664234405264673,6.835982735403376,0.30787013858527207,1.501181065060212,0.30816673095233593,1.6309564497686857,50.546494112660504,50.26975772511929,109.84141735925031,109.62422400940768,20.66474076005515,20.353437047118078,8.519937482154692,8.186305389185604,,,,,,,,,,
MBB_40m,10,40,55,0.7931034482758621,0.5,True,False,26,False,0.004372089484531043,7.003661550176063,0.3091519903122804,1.5027938328165842,0.30949120512942346,1.652510419558066,66.91184981835775,66.61100848190051,110.3104273680678,110.05877088286212,20.762750055608272,20.403376341939204,8.567764623926465,8.182746813459554,,,,,,,,,,
MBB_40m,10,40,56,0.8275862068965517,0.6,True,False,22,False,0.010574241520356657,5.824699059244846,0.3040580463296164,1.4817044095675271,0.3044122982373739,1.6099838653101002,24.949751939500906,24.653846636234093,108.48358235510761,108.29143368005914,20.41116096457775,20.108314006012325,8.416809997825299,8.089507297396661,,,,,,,,,,
MBB_40m,10,40,57,0.7931034482758621,0.8,True,False,19,False,0.008478119763108256,5.932788660307738,0.30535340741438516,1.492050099343401,0.30558666566447407,1.6334188470944464,32.205743981961696,31.87218199012714,108.93559680557962,108.6658488149264,20.48770779099976,20.1414340325454,8.441923934814666,8.074834428067511,,,,,,,,,,
MBB_40m,10,40,58,0.6896551724137931,0.6,True,False,24,False,0.007271135276398086,6.559026778847366,0.30662192201156324,1.4913478101610278,0.3068819140822298,1.6251264248308228,38.37234720052062,38.067465327156384,109.40551184126399,109.16473476037989,20.590629082594006,20.266075948444367,8.495375544413442,8.149591496258708,,,,,,,,,,
MBB_40m,10,40,59,0.7241379310344828,0.5666666666666667,True,False,25,False,0.007561674682037751,6.318375138374335,0.30625988929297726,1.4891855429113001,0.30652049863060354,1.6262664800650355,36.706895936074986,36.39205475341957,109.27734562476185,109.02848423376678,20.56735346981347,20.234326400458016,8.486414209477319,8.13185862113497,,,,,,,,,,
MBB_40m,10,40,60,0.6551724137931034,0.8666666666666667,True,False,20,False,0.006627672979018801,6.311660771086973,0.3067047120554244,1.5058686129651562,0.30718468526021403,1.6401109224379282,42.4482797932278,42.17943918404346,109.39951604078632,109.23875620542199,20.55975048510859,20.251534478691212,8.46006185524855,8.121987593793687,,,,,,,,,,
MBB_40m,10,40,61,0.7241379310344828,0.7,True,False,19,False,0.007265239366107897,6.280077323069317,0.3063816731474885,1.4968547195845363,0.30665396669604916,1.6326387478085616,38.35953571409569,38.051274888729104,109.30298644345659,109.06170151483485,20.557266645281754,20.228518141681885,8.470937284354127,8.120311476162481,,,,,,,,,,
MBB_40m,10,40,62,0.5172413793103449,0.7333333333333333,True,False,23,False,0.006245618182235973,6.031634335184447,0.3068270823549539,1.5189323081789838,0.30726730162947413,1.6519606312269832,45.26921257577315,45.00185112609926,109.41179501071367,109.23941958939771,20.535787411381467,20.227536003271595,8.430238999829372,8.09378203256524,,,,,,,,,,
MBB_40m,10,40,63,0.7586206896551724,0.5,True,False,15,False,0.013314704680152821,5.443928905490332,0.302324221970599,1.4707044725184535,0.3026276502346424,1.5960889138713867,18.90267755622082,18.601212030435477,107.87139910659624,107.66778078296215,20.301354394879645,20.001928359980308,8.375609850795843,8.05395220131621,,,,,,,,,,
MBB_40m,10,40,64,0.5172413793103449,0.7333333333333333,True,False,28,False,0.0053857125368370305,6.51188063886041,0.3079114797931409,1.5111564028860833,0.3083518908724716,1.6401076052679493,53.34245954098993,53.097455673346445,109.83156596593352,109.66952365034615,20.642290051801005,20.344576783887682,8.495046473141851,8.169457831893592,,,,,,,,,,
MBB_40m,10,40,65,0.7586206896551724,0.6666666666666666,True,False,28,False,0.005127643547068082,6.900775908686167,0.30840026681945537,1.5044807503381457,0.308848294742539,1.6478586014069914,56.33459513333858,56.05887091031879,110.02875655529799,109.83321264036444,20.698479038106406,20.364138395674008,8.532704162905237,8.168995913704972,,,,,,,,,,
MBB_40m,10,40,66,0.8275862068965517,0.7,True,False,17,False,0.008196959514513871,5.860527364840986,0.3054214531770794,1.5110919307272803,0.3057489918654785,1.6448585980849728,33.403570297223126,33.10211581540882,108.91277994595957,108.69696112422517,20.443985423035713,20.124847021263754,8.393967710542832,8.050962096094477,,,,,,,,,,
MBB_40m,10,40,67,0.6551724137931034,0.8666666666666667,True,False,18,False,0.010575546094188374,5.470082619044494,0.303651382083545,1.4922552925824806,0.30383615459339536,1.6294695318471821,24.88064530383567,24.545765610850705,108.30694515698792,108.02976053539146,20.351515905236695,20.01210010991017,8.372168881870572,8.014174498119345,,,,,,,,,,
MBB_40m,10,40,68,0.41379310344827586,0.8,True,False,32,False,0.004120544195158737,7.293697558785151,0.30921657725625185,1.5182140208149906,0.30990162789766273,1.6506663632766816,71.20761400191425,71.03928901061155,110.2954498862745,110.21487964434755,20.728099284893574,20.44084907893781,8.52931499409485,8.20434774402022,,,,,,,,,,
MBB_40m,10,40,69,0.7586206896551724,0.6,True,False,16,False,0.013331934108707944,5.66675790873295,0.3024100007142221,1.4807874921867281,0.30261713228164855,1.5987351148448288,18.853521496696313,18.5640221433603,107.87767641615608,107.65723849331893,20.282167720454403,19.99426029463588,8.352238939355482,8.046475635384194,,,,,,,,,,
MBB_40m,10,40,70,0.41379310344827586,0.7666666666666667,True,False,20,True,0.05999999999999999,4.317548852137775,0.28794233317590295,1.4189006715478643,0.2868541434596418,1.5312749372942238,0.6258016170066263,0.27715257542278415,102.69413287543986,102.00968298650335,19.28872909829663,18.911960857119773,7.928801086397614,7.585213049113323,,,,,,,,,,
MBB_40m,10,40,71,0.4482758620689655,0.6,True,False,18,False,0.027353191546502578,5.044529713993544,0.29712730956087924,1.41620744545511,0.29646641914235455,1.5386185276856537,7.06221803425079,6.709565778963443,106.09064206726379,105.53862448961348,20.0277814793053,19.659167181790565,8.309458575670135,7.956509753126706,,,,,,,,,,
MBB_40m,10,40,72,0.896551724137931,0.7666666666666667,True,False,21,False,0.009600788235699353,5.729476075584076,0.30452676951478175,1.4930487034947626,0.3048751221004167,1.626755785345918,27.894518855156086,27.58831450986252,108.62801123105952,108.42002379109073,20.419242120369507,20.10191650649574,8.405650783955744,8.063650235191243,,,,,,,,,,
MBB_40m,10,40,73,0.7241379310344828,0.8,True,False,24,False,0.030578915019562506,4.6304819637725485,0.2948858466419736,1.4540019229045684,0.294720250104953,1.5703067478790327,5.707544036509362,5.3872986946664785,105.16829597711767,104.81443715725415,19.75157683905102,19.438200583935778,8.117639339935039,7.801096051418637,,,,,,,,,,
MBB_40m,10,40,74,0.5862068965517241,0.4666666666666667,True,False,28,False,0.0032545928395906762,7.923034626547598,0.31046734407998233,1.5118140844732795,0.310970271991857,1.6433916705702467,91.58306549506739,91.40595180039867,110.77315634519373,110.62757522526148,20.84431131854542,20.544802471651735,8.59722217892806,8.267179531380494,,,,,,,,,,
MBB_40m,10,40,75,0.6896551724137931,0.8333333333333334,True,False,14,False,0.013276295637235506,5.4421213747872486,0.30204704401188853,1.4874495183777614,0.30243625532725915,1.6072125931698096,18.904567684487358,18.62419753528846,107.72695800706283,107.56914732076208,20.236043383781475,19.957963282507095,8.319734112290558,8.016538657414756,,,,,,,,,,
MBB_40m,10,40,76,0.7931034482758621,0.5333333333333333,True,False,17,False,0.020276298783939623,5.087221912974012,0.2988186006887283,1.4663746609608936,0.2987791531502552,1.582662051215375,10.875646123854594,10.567458506581211,106.58854232908945,106.28128288269825,20.033109018954047,19.729832643071756,8.2445964527654,7.933229129643105,,,,,,,,,,
MBB_40m,10,40,77,0.5172413793103449,0.6,True,False,28,False,0.003846223321833904,7.40829627695533,0.3095829601928678,1.5176325011944813,0.310297055008104,1.6401533637777435,76.6591980375532,76.53558331774707,110.43212780864062,110.3872744048807,20.758803219641575,20.499500691252333,8.54576204669345,8.248431017761177,,,,,,,,,,
MBB_40m,10,40,78,0.6206896551724138,0.7333333333333333,True,False,25,False,0.006879667908384132,5.9505388794088985,0.30630676348655755,1.51418533304309,0.3065446053542194,1.645126584145382,40.67177147294317,40.37326132139403,109.2317188788798,108.98990901845214,20.50656638788554,20.187570839804593,8.421726444253824,8.082599809721964,,,,,,,,,,
MBB_40m,10,40,79,0.6896551724137931,0.6666666666666666,True,False,20,False,0.010162607987508844,5.462214057712182,0.3037168583110175,1.5083453846899957,0.30403897954339737,1.6337090766510605,26.01655465815234,25.7266719230969,108.29060968401359,108.09394225747357,20.31520702584799,20.017324493122437,8.331970939514104,8.011128663001395,,,,,,,,,,
MBB_40m,10,40,80,0.7586206896551724,0.6,True,False,19,False,0.007829066235589615,6.165861186888002,0.30585473157913323,1.5043017234523568,0.3062487131281949,1.628962902150468,35.230734081707055,34.963182411323885,109.08977332895132,108.92139432863085,20.49604567761715,20.205704024101415,8.429673433319888,8.113624507353492,,,,,,,,,,
MBB_40m,10,40,81,0.7241379310344828,0.4666666666666667,True,False,26,False,0.006057318886141497,7.014247687385651,0.30778572755634376,1.4921279633434827,0.3080668411946549,1.6185737881513396,47.02452692318378,46.749960660312446,109.83305245117351,109.6185273231923,20.68137828143605,20.37743424872159,8.540620539836986,8.215228238405455,,,,,,,,,,
MBB_40m,10,40,82,0.6896551724137931,0.7,True,False,26,False,0.007601132733881887,6.316667625944036,0.3063876578358091,1.4836538051159107,0.3064479246049327,1.6250343450874554,36.52717390410315,36.17480452756998,109.33842247463691,109.00480202001715,20.591814587798527,20.231721868038814,8.506344884917949,8.132189714541724,,,,,,,,,,
MBB_40m,10,40,83,0.6551724137931034,0.6666666666666666,True,False,13,False,0.009702360323370447,5.645850111988428,0.3041274082919409,1.5065691129789411,0.3044560290088094,1.6210580906591616,27.485661819813387,27.22619439029706,108.4465947763359,108.27969820326776,20.352514953797964,20.08321758545322,8.353396480094888,8.061786266140725,,,,,,,,,,
MBB_40m,10,40,84,0.7586206896551724,0.6333333333333333,True,False,16,False,0.015684088392490067,5.416181779631566,0.3012201688114116,1.4673691871407664,0.3011052275907217,1.595186315931231,15.387329531955704,15.047417513515455,107.47234160757533,107.10820015951563,20.221962516052205,19.882911111412085,8.33960082574233,7.994451132810331,,,,,,,,,,
MBB_40m,10,40,85,0.41379310344827586,0.6333333333333333,True,False,29,False,0.004186283429016048,7.37817297937094,0.30926657816963476,1.5110153773688948,0.3100009792938418,1.6416591682395034,70.05867687124696,69.90404338196718,110.33202215450355,110.27421700331317,20.750664029233427,20.472015156597195,8.550523709138123,8.232380741147121,,,,,,,,,,
MBB_40m,10,40,86,0.5517241379310345,0.4666666666666667,True,False,29,False,0.004339855451634914,7.1539990208682935,0.3089580251477269,1.5210786318604288,0.30952372456970595,1.6511995416464116,67.34644913865344,67.14792856957507,110.1928204461302,110.07407178054119,20.700097606960654,20.409351661845037,8.511170964773456,8.187561014611248,,,,,,,,,,
MBB_40m,10,40,87,0.5172413793103449,0.8,True,False,28,False,0.004036712855832844,7.102542124587129,0.3093211748786554,1.521081332894723,0.31002632772655125,1.6502643320053263,72.78552414992305,72.63395912525348,110.32683463570358,110.26191224850209,20.729035989180623,20.451826075272173,8.525930315802091,8.210489260848117,,,,,,,,,,
MBB_40m,10,40,88,0.7931034482758621,0.6666666666666666,True,False,14,False,0.014591982138884758,5.378573005274203,0.3014667454121201,1.4805636281619068,0.3016856676591947,1.6016767828769334,16.818204315472798,16.518960640761915,107.53013001749272,107.30607565879774,20.207562029361124,19.912424310212746,8.314480221555549,8.000764094109009,,,,,,,,,,
MBB_40m,10,40,89,0.6206896551724138,0.43333333333333335,True,False,28,False,0.004539467009352819,6.923648099249755,0.30879584667721605,1.5141713240197179,0.3090938008513123,1.6409647117747075,64.19581132765303,63.94082560295941,110.15035426732479,109.94116933237633,20.70499837577171,20.401499598109922,8.522975901003608,8.197342547434229,,,,,,,,,,
MBB_40m,10,40,90,0.6206896551724138,0.7333333333333333,True,False,42,False,0.0027778027189275982,8.129275705402836,0.31104799050189896,1.5167779810591904,0.31159928070006226,1.6513664396261352,108.15780887660362,108.01744745321126,110.97495045469762,110.83963899478746,20.877780969628766,20.574355989031485,8.607609969019656,8.271513566073459,,,,,,,,,,
MBB_40m,10,40,91,0.8275862068965517,0.6,True,False,19,False,0.019359351851889632,5.140061090165065,0.2992456996023494,1.4682072664079637,0.2992422653769833,1.5866095401824833,11.600223049956135,11.288985147302688,106.74155110429754,106.44225915936042,20.06242166437996,19.756557367081072,8.257081680926042,7.9415451750949115,,,,,,,,,,
MBB_40m,10,40,92,0.7586206896551724,0.5666666666666667,True,False,20,False,0.007218686245665654,6.341272163524535,0.3064432676380543,1.4971299964105582,0.3067883466807632,1.6256877006414612,38.6397782811774,38.360280892730906,109.32502510282058,109.12879080169355,20.56146564342957,20.257169402970042,8.472708590077884,8.144291707778017,,,,,,,,,,
MBB_40m,10,40,93,0.6551724137931034,0.5,True,False,23,False,0.005659873379386521,6.631745898432913,0.30786735149287564,1.4936875722832796,0.30828237102059786,1.632647994132806,50.60692655232772,50.327865975355564,109.85925028038034,109.66264345819322,20.683858955035532,20.35828850474368,8.539785121158678,8.18650170254499,,,,,,,,,,
MBB_40m,10,40,94,0.6896551724137931,0.6666666666666666,True,False,29,False,0.0045419161157553,7.197132893741542,0.3090035263762077,1.5054902815490618,0.309455948169758,1.6503640613566508,64.22678411858173,63.96005024407001,110.24884941688269,110.05116173822579,20.743957127127366,20.406105784194033,8.554544992179952,8.187030592756013,,,,,,,,,,
MBB_40m,10,40,95,0.7586206896551724,0.5,True,False,22,False,0.008880528958460459,6.273837782830425,0.3053295925454064,1.4881054778924427,0.3056557268244789,1.613091859094198,30.577181266563638,30.294345290816203,108.93673670274707,108.74250000784917,20.495990471839214,20.199401625473996,8.451463143514657,8.131789117656265,,,,,,,,,,
MBB_40m,10,40,96,0.7586206896551724,0.7333333333333333,True,False,28,False,0.005696045264023042,6.901930531478813,0.3078845809850283,1.4977117747039645,0.3082493747319232,1.6332304961070172,50.253972368011546,49.974324702824404,109.85547973003324,109.64899993809347,20.674845982942685,20.35415508019833,8.529766149423288,8.183608340244767,,,,,,,,,,
MBB_40m,10,40,97,0.6896551724137931,0.6666666666666666,True,False,31,False,0.0033423890971686783,7.561783200051309,0.31035414439539716,1.5109991343463587,0.3108226604419539,1.6552427666572838,89.04465571219184,88.82118200022953,110.73343109167097,110.54326913605554,20.837391927570113,20.502449779763666,8.594790048801187,8.22960865093583,,,,,,,,,,
MBB_40m,10,40,98,0.8275862068965517,0.7333333333333333,True,False,19,False,0.01637603638192963,5.118016488975144,0.30054307240935824,1.4762310037863067,0.3005426718503683,1.6114260139192855,14.504493980540616,14.15205407473629,107.20015245622794,106.85971192013416,20.14512168525308,19.796157946565454,8.28846257511509,7.928317376168313,,,,,,,,,,
MBB_40m,10,40,99,0.7241379310344828,0.8333333333333334,True,False,15,False,0.012554815010417192,5.497138333467568,0.3026236765704394,1.4957229329178177,0.302861833448662,1.621846679866823,20.24371615596346,19.937158836071234,107.91894056904833,107.68937286648092,20.26065139782494,19.95411470435714,8.32114288213553,7.994861797518094,,,,,,,,,,
MBB_40m,10,40,100,0.8620689655172413,0.7333333333333333,True,False,15,False,0.016505804809338782,5.373530997817714,0.3007910342973194,1.4662544626184724,0.30086497481446944,1.5916366290274202,14.39994137115714,14.077474326069684,107.31677464800217,107.02846923099388,20.19063480416353,19.87292300132426,8.325120552824238,7.9941374367060565,,,,,,,,,,
MBB_40m,10,40,101,0.8275862068965517,0.6,True,False,17,False,0.006351806631287573,6.440322360130955,0.30712278643673613,1.507758905809304,0.3073583612141744,1.6346916044313178,44.5218172613202,44.23645296914211,109.54904909582257,109.31649229237645,20.588194929263917,20.279364560551016,8.472026457938036,8.143485514676023,,,,,,,,,,
MBB_40m,10,40,102,0.6896551724137931,0.7,True,False,21,False,0.007033421968681819,6.565297579480062,0.30672647998871067,1.4894784905798732,0.3071326198878435,1.622422068685647,39.81950647169072,39.538943157892696,109.44880430208549,109.26406514017708,20.603787645151048,20.29303861572945,8.504606568854566,8.166989593148028,,,,,,,,,,
MBB_40m,10,40,103,0.7241379310344828,0.7333333333333333,True,False,16,False,0.009844451557510238,5.991458307248751,0.3047474807051985,1.4705167238983357,0.304861281697932,1.607059324241643,27.187215552470363,26.8488058153742,108.76617918579124,108.46449296173677,20.49498816664617,20.15164895573608,8.474645528998913,8.115554365877498,,,,,,,,,,
MBB_40m,10,40,104,0.7241379310344828,0.6666666666666666,True,False,28,False,0.005212630327051064,6.684770372392025,0.3082075925097532,1.5033704543936257,0.30845710349380745,1.6445889638027937,55.31902553411305,55.0091843825597,109.96044446486877,109.69707272918342,20.685987285137085,20.341396731333358,8.527827136810375,8.161798706459766,,,,,,,,,,
MBB_40m,10,40,105,0.4827586206896552,0.6333333333333333,True,False,33,False,0.0038010814917589218,7.315405607959601,0.3097850203977831,1.5075049073728681,0.3102245069698442,1.6403001263945374,77.69425958123715,77.47470793787755,110.5321901181775,110.36013102652598,20.80104754080647,20.493339361898002,8.580955921088005,8.245090096743361,,,,,,,,,,
MBB_40m,10,40,106,0.7241379310344828,0.6333333333333333,True,False,23,False,0.006709103620690276,6.528323048540198,0.3070208415333536,1.4890992928018938,0.30726686983585555,1.6255106955996081,41.975573184786576,41.66539792790577,109.55839336035626,109.30583606705021,20.62822883193166,20.295767596864103,8.517586117942686,8.164221117465884,,,,,,,,,,
MBB_40m,10,40,107,0.41379310344827586,0.3333333333333333,True,False,46,False,0.0017803155949787527,8.658963441884607,0.31241256424135344,1.5253787415209636,0.31279870402020893,1.677094316879705,171.65106798102377,171.48697736507827,111.45690002166197,111.21752971261446,20.96434806532165,20.603555277500355,8.640186356670776,8.25175177529923,,,,,,,,,,
MBB_40m,10,40,108,0.41379310344827586,0.4666666666666667,True,False,13,False,0.012991429231867644,5.38135365325013,0.30257838216285143,1.4659360902027698,0.30260193699094873,1.6053838640172653,19.502750768036066,19.144241688299136,107.97719959203485,107.63489540755634,20.333919551011647,19.975889031415317,8.39864651000897,8.02814699500111,,,,,,,,,,
MBB_40m,10,40,109,0.41379310344827586,0.8666666666666667,True,False,19,False,0.019644126523978348,4.705512770768855,0.2987129915293797,1.4745737677321156,0.2985493038155535,1.616682829188301,11.329397569147979,10.947443600345931,106.5289295318521,106.1108245920148,20.003529794499023,19.62370619288898,8.218461564123382,7.833259246696589,,,,,,,,,,
MBB_40m,10,40,110,0.6551724137931034,0.7,True,False,22,False,0.006916052665132435,6.23876689635965,0.3065290051782179,1.50400590635511,0.306957057985252,1.6288004056262317,40.49521125413721,40.23962846091153,109.3393596642914,109.18321914148783,20.550553080601492,20.26258303002349,8.457879017713902,8.142860375628853,,,,,,,,,,
MBB_40m,10,40,111,0.41379310344827586,0.6,True,False,17,False,0.010944061254342573,5.637364288099139,0.3037204016084282,1.4767576128394169,0.3038353253801675,1.6122169556754526,23.95632811858611,23.618654671709347,108.37142537016366,108.07288012367583,20.397015967497246,20.056562084714482,8.416257694189722,8.060097738826276,,,,,,,,,,
MBB_40m,10,40,112,0.7241379310344828,0.8333333333333334,True,False,18,False,0.013579226776451105,5.326892549438737,0.30180427581635694,1.4871716617982893,0.30214862046043395,1.6048785626652016,18.37685791664883,18.097608000333295,107.63806339588504,107.46887008711792,20.217410342177836,19.941060966477192,8.310602717615483,8.01106005742733,,,,,,,,,,
MBB_40m,10,40,113,0.8620689655172413,0.6666666666666666,True,False,15,False,0.014978606025151936,5.467206429408895,0.30154595993594324,1.4699846480243337,0.30163133811894505,1.597735472642755,16.313847459523565,15.987745582250135,107.58599209450632,107.29594573329445,20.241179771317054,19.91826623072438,8.34588128457118,8.009053682173871,,,,,,,,,,
MBB_40m,10,40,114,0.5172413793103449,0.4,True,False,43,False,0.004812443334436488,7.380618322470427,0.30881732601897754,1.503591741611901,0.3094913599512833,1.6256842350341258,60.36583479413664,60.19694721912629,110.18491059912995,110.12635088948204,20.734015809318954,20.47262577281863,8.55203091625365,8.254211993475916,,,,,,,,,,
MBB_40m,10,40,115,0.7931034482758621,0.7,True,False,21,False,0.017286255478638768,4.881623114427462,0.2997674289563281,1.4847319739569027,0.29995741466506576,1.6137865152337125,13.461890114130703,13.135671620792442,106.89250262723081,106.63778031940343,20.061357352321576,19.74341686987091,8.234278376504715,7.898231562856016,,,,,,,,,,
MBB_40m,10,40,116,0.4827586206896552,0.7666666666666667,True,False,26,False,0.006598669543011335,6.290562347087368,0.30695277233492396,1.491866867400699,0.30719036617762907,1.634067833188684,42.72514669590096,42.399687630152364,109.5263061880839,109.25606351973016,20.615660305189195,20.26758420648092,8.507446067371204,8.138316015788496,,,,,,,,,,
MBB_40m,10,40,117,0.5862068965517241,0.7333333333333333,True,False,26,False,0.006890168040401253,5.953616833790841,0.3063685500171689,1.509404383806922,0.3065907193272019,1.646882355038944,40.624947148885255,40.30747256084884,109.26655518881208,109.00250808929157,20.523830568863406,20.186714857903812,8.436974200754157,8.079797939028763,,,,,,,,,,
MBB_40m,10,40,118,0.3793103448275862,0.6333333333333333,True,False,40,False,0.0021562610200667525,8.359231428509668,0.31188745784015415,1.520846381584287,0.31246013121168986,1.659398354318771,140.8199965498442,140.73732557731088,111.27451684584055,111.13712051368809,20.93419153338164,20.622241289078893,8.630907442116087,8.285122625926537,,,,,,,,,,
MBB_40m,10,40,119,0.5172413793103449,0.6333333333333333,True,False,23,False,0.009584350898836141,5.599349041587284,0.3042950557289857,1.5032375948919954,0.3044177097682597,1.6311964977515359,27.89880461122742,27.583851489419807,108.51685093102446,108.2400375406016,20.37447601328163,20.053996556641234,8.369087840405847,8.033221691094294,,,,,,,,,,
