train,test,replicate,block_length_samples,block_length_m,unique_fraction_train,success,bound_hit,Vcem_train_bootstrap,Cn_train_bootstrap,A_raw,Gamma_raw,qstar_ratio_raw,local_exponential_ratio_raw,A_adjusted,Gamma_adjusted,qstar_ratio_adjusted,local_exponential_ratio_adjusted
19A,BT2,0,5,20,0.5862068965517241,True,False,0.039956663841671694,4.671996196791047,0.29407595000900116,1.3931304968699598,0.9226918372537123,1.558518603822918,0.29306494644059783,1.4690331315061025,0.9321446217184416,1.5722857301336084
19A,BT2,1,5,20,0.7241379310344828,True,False,0.009848321724646909,5.92662035108318,0.3050023200088983,1.483676056070673,0.9696516167528064,1.1525103148305849,0.3048597668644402,1.5881688028516523,0.9716692341453506,1.1548352570670466
19A,BT2,2,5,20,0.7931034482758621,True,False,0.008589735115081413,5.896234925620502,0.30550117601275467,1.4977181518826168,1.0109403964311063,1.1669456344069689,0.3056364910326816,1.5934072168523084,1.012225824411662,1.1685161039611769
19A,BT2,3,5,20,0.7241379310344828,True,False,0.013927170035446643,5.472551779962031,0.30269500518565406,1.4562849517686045,0.9625015434888249,1.2387451979220936,0.3023283465249775,1.5673027206658219,0.9661466138775674,1.2431144998910058
19A,BT2,4,5,20,0.5862068965517241,True,False,0.027844137327781866,5.095477670264374,0.2986486245810719,1.3789157402040326,0.8880799764880071,1.3641391080108907,0.29706621571277353,1.497431087268437,0.8982909652966513,1.377067434778109
19A,BT2,5,5,20,0.7586206896551724,True,False,0.013076059124362464,5.6532496609686325,0.30353639848588476,1.4535500548588025,0.9453300595374934,1.1989064787123431,0.302851127607233,1.5769704868671117,0.9494433543391093,1.2035310814478744
19A,BT2,6,5,20,0.6896551724137931,True,False,0.009397240221818415,5.513917776530375,0.3044184395766579,1.5096012264708494,1.0566591295160108,1.2426721112984527,0.3045236976387403,1.6083814622705834,1.0582940130386467,1.2446823033673848
19A,BT2,7,5,20,0.6206896551724138,True,False,0.011128546394981249,5.601917483488741,0.3037839470260804,1.4902644799509184,0.9950029524177291,1.214912390118598,0.3038670977245201,1.576560877722984,0.9967266709986562,1.2171077435875508
19A,BT2,8,5,20,0.7586206896551724,True,False,0.01541140253490573,4.939438274132983,0.30090757821726444,1.484612547057961,1.0442072276663676,1.3759065653375506,0.3008703060736253,1.5787281748553412,1.0474732868964316,1.3802324083339217
19A,BT2,9,5,20,0.6206896551724138,True,False,0.043579326512823764,4.475772967519142,0.29201227875604974,1.4188517770563829,0.9603458482782938,1.6578054464298988,0.29088812405259334,1.5076869878459658,0.9726844090870281,1.6765455052739855
19A,BT2,10,5,20,0.6206896551724138,True,False,0.008164759945172287,5.853702330714804,0.30612328505781655,1.4900426373225735,1.0316963253280653,1.178773189295648,0.3059303551122796,1.6132808037970148,1.0336756594630172,1.1809495822355727
19A,BT2,11,5,20,0.6206896551724138,True,False,0.006531548197087439,6.436306160390706,0.3074752948374654,1.4923173732928061,0.9972839166835501,1.0919413616978957,0.3073164824172706,1.6141565664115916,0.9985986883051086,1.0933360010889603
19A,BT2,12,5,20,0.6896551724137931,True,False,0.02127295722710834,4.79049233759387,0.2986881032796751,1.4612043933221452,1.0031447946318235,1.432869655422491,0.2984874837017679,1.5486786131886554,1.007769068747592,1.439278290315618
19A,BT2,13,5,20,0.5172413793103449,True,False,0.013191524257038269,5.25547572401881,0.30217243943914396,1.4871773097711856,1.0177172063345337,1.2920884764028568,0.302452332908374,1.5637262573874118,1.0193506695866283,1.2944835768364957
19A,BT2,14,5,20,0.4482758620689655,True,False,0.04638627499650607,4.811409978999012,0.2932540138836625,1.360488018340464,0.8780021522024363,1.5469125661089913,0.2916682696388479,1.4395292771605919,0.8901216805461772,1.5644228219199003
19A,BT2,15,5,20,0.6206896551724138,True,False,0.019442254241374527,5.127140688583544,0.2996932037039244,1.4627050071807781,0.9542218591253963,1.3326558446089467,0.2991253148037912,1.566048175152526,0.9595477691180735,1.3393794744781828
19A,BT2,16,5,20,0.5172413793103449,True,False,0.059544884777021106,4.120850220354592,0.28773448710437133,1.4178608619449382,1.0295229916464113,1.9373672886344224,0.2868400222588975,1.502279293856464,1.0459151663201474,1.9665416131439633
19A,BT2,17,5,20,0.6896551724137931,True,False,0.01899654943116119,4.68562381035483,0.29912585785351714,1.4793031820751394,1.0515106607327998,1.4587975410160283,0.2988937835241971,1.5769408906240987,1.0562942758805678,1.4651904331837082
19A,BT2,18,5,20,0.5862068965517241,True,False,0.05652972384278468,4.076078973455324,0.28800384877476204,1.4303825404412507,1.0444329797445662,1.935050555698778,0.2873917857085053,1.510919220084957,1.058716174132813,1.9607672941645182
19A,BT2,19,5,20,0.6551724137931034,True,False,0.04711363986651655,3.947701602906261,0.2894094615210336,1.4572633295587651,1.0924665301090015,1.9209206329617023,0.28921930728648354,1.5365120061289683,1.1033750385688157,1.940519486742385
19A,BT2,20,5,20,0.5517241379310345,True,False,0.010464996816764889,5.378346088111794,0.30411927670765615,1.4846864386099876,1.0526286738697126,1.2676146665712884,0.3039757360478714,1.5952064292700459,1.0551292186599055,1.2705421044852239
19A,BT2,21,5,20,0.4482758620689655,True,False,0.030167432433444486,4.632055090181653,0.297063418701696,1.397970530890209,0.9670990441649048,1.5154963643908108,0.29541966359757826,1.545766735518822,0.9812693536600595,1.5345114956925607
19A,BT2,22,5,20,0.6896551724137931,True,False,0.006938335530791484,6.009657507192922,0.30687761303783356,1.4996842158338586,1.0507189824664733,1.1630764298067386,0.30672557967531916,1.6129997286523026,1.052144222028501,1.1646030906669984
19A,BT2,23,5,20,0.6896551724137931,True,False,0.02283558690597019,4.589606361343082,0.2975326672717376,1.4668579395902241,1.0341758835146353,1.5031837230925433,0.2974878088900427,1.5461513568769567,1.0385470188402834,1.509617136737092
19A,BT2,24,5,20,0.7931034482758621,True,False,0.01492257388271781,5.25623992029489,0.3016162700456194,1.4775605106353757,0.9875556925906983,1.2916636968148494,0.30143898217526494,1.575969958137038,0.9908944199932601,1.2958894277999178
19A,BT2,25,5,20,0.7931034482758621,True,False,0.016532893918334124,5.095288331774702,0.30076867271385394,1.474393926345868,0.9952923064500292,1.3346812086944653,0.30055349915063617,1.5763272689298993,0.9992804177867177,1.3398355406201061
19A,BT2,26,5,20,0.5862068965517241,True,False,0.026537965306577517,4.403082846424132,0.2958920952264387,1.4725431388661894,1.0501714153888588,1.586139212597639,0.2957358258346338,1.557456207786915,1.0560778803548403,1.5949796696985057
19A,BT2,27,5,20,0.6206896551724138,True,False,0.033038647177399835,4.841377290669486,0.2951897728077823,1.4310151777260962,0.9171767127702678,1.4702418352499729,0.2942600208557603,1.5301353262519637,0.9265764473219136,1.483601508968008
19A,BT2,28,5,20,0.8275862068965517,True,False,0.04211837118059196,4.429325130901575,0.29269699341097355,1.4195314601661404,0.9726954574486216,1.6645158112668574,0.2917884514080722,1.5101776371845028,0.9844008048578252,1.6826434205295675
19A,BT2,29,5,20,0.5517241379310345,True,False,0.05130615468017673,4.443380852771861,0.2922624788826593,1.3553043171519248,0.9429025523632146,1.7091162889421607,0.2905553772444005,1.4665544335716985,0.9615039337348006,1.7386309877421249
19A,BT2,30,5,20,0.8275862068965517,True,False,0.020255084541228662,4.936790723786458,0.29919907800541856,1.4608807713750553,0.9828862563992035,1.3867219061979386,0.29897188906866085,1.556431582375211,0.9875886020770194,1.3931316132806926
19A,BT2,31,5,20,0.6896551724137931,True,False,0.021417959606942885,4.733219398936418,0.2987946681647276,1.453145354652072,1.0131749645693293,1.4499730318921296,0.29814166720694324,1.5693329989928901,1.0202454267789318,1.459154220123527
19A,BT2,32,5,20,0.5517241379310345,True,False,0.044488686536951795,4.211923946705036,0.2913004665742658,1.4293641528040644,1.0212748451242653,1.7715101847596462,0.29028805649844863,1.5313692493373614,1.0358461791847897,1.7945792518710881
19A,BT2,33,5,20,0.5517241379310345,True,False,0.007504821179198522,6.231357467772566,0.30685881478526456,1.489469939585878,0.9912597944843535,1.1139038548917992,0.3064999714272857,1.6133218057388294,0.9931146998553024,1.1158464110382156
19A,BT2,34,5,20,0.6206896551724138,True,False,0.037734670713566065,4.775036685012661,0.29483118750799114,1.3896321583013878,0.9081619924142427,1.5107809666095553,0.29335099551829436,1.4956973578481254,0.9206777171312687,1.5284518401492229
19A,BT2,35,5,20,0.5172413793103449,True,False,0.003971600539085507,6.746555409494912,0.3094217396964783,1.519480457748812,1.0972736925870947,1.1194381914196712,0.3096580556941836,1.6259974560563861,1.0975464246427817,1.1197341322175276
19A,BT2,36,5,20,0.5172413793103449,True,False,0.012998049741316249,5.0064551922514005,0.30188056984908557,1.4952657420490012,1.0730395768110763,1.3571794326822983,0.3020070700355467,1.5846888650508415,1.075346838077004,1.3602734879460765
19A,BT2,37,5,20,0.5862068965517241,True,False,0.012749343231798577,5.227111252048953,0.30230012695857444,1.4960850151273666,1.032112299820199,1.2998002222246015,0.3026173862331141,1.575147825450665,1.0336950194581702,1.3021418617773295
19A,BT2,38,5,20,0.7241379310344828,True,False,0.02633998135689725,4.645742730984009,0.2963981165492355,1.4672727511251187,0.9952795653561728,1.5012024063778893,0.29622309186275514,1.549669655060728,1.0007193642292176,1.5092822507772858
19A,BT2,39,5,20,0.5517241379310345,True,True,0.05999999999997403,4.651700157921098,0.28941965445169693,1.385150241516561,0.9024107258534343,1.7077066046679215,0.288227607870766,1.4615359923733853,0.916587088030847,1.731798725925865
19A,BT2,40,5,20,0.6896551724137931,True,False,0.0334730946826129,4.539941155908656,0.29455943217804037,1.4348905711692075,0.9778156563881357,1.5716701500286778,0.2938337309796109,1.5289965652214332,0.9870592160779184,1.5851900920412039
19A,BT2,41,5,20,0.6896551724137931,True,False,0.008791251185416973,5.793061153726396,0.30547534136108234,1.4913185998158438,1.0223999969214932,1.1859395595956896,0.305393581727548,1.6033406281757177,1.0242668496250469,1.1880738176186612
19A,BT2,42,5,20,0.7586206896551724,True,False,0.013535296684817745,5.161020349473314,0.30223184754708465,1.4786116249312702,1.0293367162285305,1.3150713939078842,0.3021144786872189,1.585827650721852,1.0325850914356307,1.319150757255067
19A,BT2,43,5,20,0.6896551724137931,True,False,0.013140933338154023,5.437205974218524,0.3033658299727902,1.454366648256208,0.9819416793484058,1.2466653548395277,0.3025970138266209,1.5893533181054913,0.9866717300658893,1.2519750496056696
19A,BT2,44,5,20,0.7241379310344828,True,False,0.029554042497866324,4.492900768291971,0.2957308630780112,1.4465715943252502,1.0074451344554467,1.5668144073045653,0.29514171204793793,1.55381653064923,1.01646214193308,1.579883587531629
19A,BT2,45,5,20,0.4482758620689655,True,False,0.007913386812794465,5.452742709210059,0.3052334220502021,1.5125149392020654,1.1185433817172858,1.2694348863451665,0.30556157800048794,1.5935672541128254,1.1193456048300594,1.270526978550871
19A,BT2,46,5,20,0.7586206896551724,True,False,0.03201872311501717,4.853870716678221,0.2955527880328683,1.4291207319987258,0.9187056595763327,1.4605945087071068,0.2946041237208074,1.5298357121255486,0.9279954602105682,1.4736373127132312
19A,BT2,47,5,20,0.8275862068965517,True,False,0.012489216690993015,5.330286802886942,0.3029160411275839,1.4832607191665168,1.01615660899053,1.2740059616339183,0.30263853213812014,1.5969094214765702,1.0194712118035938,1.277942902517585
19A,BT2,48,5,20,0.7241379310344828,True,False,0.008817560356734446,5.648591049604566,0.3049599632067489,1.5034647615817998,1.0485321984049651,1.2167186752708135,0.30508172429258024,1.6049755587431622,1.0500316966494214,1.218545906461471
19A,BT2,49,5,20,0.5172413793103449,True,False,0.02996573333778048,4.301646081743992,0.29549713944627876,1.435726690482784,1.0494084875630736,1.637732413480074,0.29462398888161784,1.5589751619908303,1.0608649152032477,1.6539809449743248
19A,BT2,50,5,20,0.896551724137931,True,False,0.03640833418046106,4.547648748990468,0.29392759119465384,1.431410948082794,0.9646214781364825,1.58619568248336,0.29321397534384025,1.5301224170581875,0.9749041088360949,1.601831810301824
19A,BT2,51,5,20,0.7586206896551724,True,False,0.022845657499255795,4.49888525862606,0.2976725309366146,1.4649634547715773,1.054514783160589,1.5331910697053976,0.2972777211969834,1.5707039050623612,1.061223318387927,1.5424076767410182
19A,BT2,52,5,20,0.7931034482758621,True,False,0.03643229128701989,4.202785714615373,0.29280537087126607,1.459355413442798,1.0493167182515413,1.722747989705858,0.29227799726544523,1.553436712611229,1.0595611824531646,1.7386958572135598
19A,BT2,53,5,20,0.7241379310344828,True,False,0.024325879206192547,4.666278439939447,0.29693141872595574,1.4717563229123256,1.0056440451432445,1.485572887790099,0.2968817046362199,1.550058048308502,1.0101692591641782,1.4923471165297832
19A,BT2,54,5,20,0.5172413793103449,True,False,0.007667047898911879,5.847089186952552,0.305934270899222,1.5087321203788964,1.0514060672268277,1.1860653601218925,0.30629444400217914,1.5874047742244748,1.0520510239234282,1.1869685380791795
19A,BT2,55,5,20,0.7241379310344828,True,False,0.013561698201530753,5.116664116321521,0.3020258392828796,1.484688034702171,1.0382725891316402,1.3268983072452214,0.30204908300079253,1.5790558652291173,1.040950730606153,1.3303945848189342
19A,BT2,56,5,20,0.4482758620689655,True,False,0.04102070002100543,5.057554368764344,0.29632484305854456,1.3147887887946847,0.8374305375019644,1.4304902589762076,0.2940824262483976,1.4023560773254922,0.8500635405054722,1.4469485461582254
19A,BT2,57,5,20,0.5517241379310345,True,False,0.0057521124784587685,6.118055515260423,0.3075767187661113,1.5130430923770386,1.0878392695034278,1.1654177179179896,0.3077411781247065,1.6197639840184896,1.0885973456984017,1.1662764716183955
19A,BT2,58,5,20,0.7586206896551724,True,False,0.02164590471151129,4.894238616085218,0.29865401088852533,1.4669152115399053,0.9785460804100152,1.4041395836377768,0.29815689812990015,1.5594168407658293,0.9839925903458342,1.4112688878166249
19A,BT2,59,5,20,0.6896551724137931,True,False,0.008680345192078023,5.891831654041419,0.3051673683587899,1.5049584957514195,1.0093104128487576,1.1674512493855869,0.3054067998441335,1.5931050210889508,1.0103768208226198,1.1688299305290164
19A,BT2,60,5,20,0.5517241379310345,True,False,0.018200790020129577,4.7821136021037045,0.2997647630372993,1.4737328730532118,1.0388555964521966,1.4263369204575642,0.29967681706301685,1.5689967391332276,1.042973857264589,1.4319679083810362
19A,BT2,61,5,20,0.4482758620689655,True,False,0.05200682507320676,4.171210719222975,0.29163144917528094,1.3649812543747455,1.006345157856305,1.8295240683677574,0.29030405740563714,1.4877391386989638,1.026865012707558,1.863961644117763
19A,BT2,62,5,20,0.7586206896551724,True,False,0.04372298257812681,4.212345801992153,0.29127005068441475,1.4394269450276833,1.024407678905689,1.7679079556675046,0.2905860181281349,1.5337415177548432,1.0369599497393855,1.7883540977514645
19A,BT2,63,5,20,0.6206896551724138,True,False,0.0063018921992546075,5.939602658853977,0.30711911677550774,1.506629341190037,1.0921611342015296,1.1881207969217535,0.30712899230798113,1.625152297214623,1.093328411851994,1.1893996853026423
19A,BT2,64,5,20,0.4482758620689655,True,False,0.053714353963375684,4.2132326014987855,0.29029431187502286,1.3878641596097083,1.0007324723938211,1.8328521240076523,0.2887848988944154,1.50530486505431,1.0216074939781674,1.8675072160359698
19A,BT2,65,5,20,0.6896551724137931,True,False,0.025213615205776137,4.86646112576671,0.29773126817955164,1.4312305768873401,0.9534338092452264,1.423573417142284,0.297040427805169,1.5250078719132576,0.9601401187747126,1.432494938354765
19A,BT2,66,5,20,0.7586206896551724,True,False,0.03726930269261521,4.387285011276746,0.29328441715354225,1.4378174191086757,0.9986739185014666,1.6514474717107004,0.29252942600387327,1.5413137632480076,1.010121879303501,1.6689805851838184
19A,BT2,67,5,20,0.6896551724137931,True,False,0.00969201604331767,5.92444246209013,0.3048049606539281,1.4943158707325788,0.9746027064915785,1.1541808126014372,0.30473418673854513,1.6040284712188486,0.9765885712572401,1.1565073023514267
19A,BT2,68,5,20,0.4827586206896552,True,False,0.005169038081274355,6.270150232295182,0.3080008835850754,1.5200996270128146,1.0942237208716785,1.1531045024278557,0.30830205685899564,1.611403501533817,1.0946313370286576,1.1535951755159206
19A,BT2,69,5,20,0.6206896551724138,True,False,0.022326032768891384,4.987778773296788,0.2994250807983951,1.4198909722380217,0.9500631618958411,1.375762089892654,0.2984387804664656,1.5366824060734798,0.9576883111099297,1.385333032292386
19A,BT2,70,5,20,0.6206896551724138,True,False,0.018216927774069205,5.186687583649468,0.30068361386936465,1.4469707894527175,0.9549343136094084,1.3126565858759682,0.29986681437987717,1.5705813295141469,0.9611404267757596,1.3201813790317567
19A,BT2,71,5,20,0.7586206896551724,True,False,0.03000219532454645,4.890363990785417,0.29607885568279574,1.4376798680376304,0.9217143880388572,1.4401941959983529,0.2953530084921382,1.5339997284375704,0.929675666537757,1.4514211804545027
19A,BT2,72,5,20,0.5862068965517241,True,False,0.016861376718528574,5.736557814532648,0.3021082326334814,1.425977073537782,0.8762352404152272,1.1824470486791456,0.301202351956514,1.5382514157548333,0.8812690575182022,1.1882639375557718
19A,BT2,73,5,20,0.7241379310344828,True,False,0.04048814116999385,4.1717343077400875,0.2918565127083232,1.4446015280901472,1.0430108250631265,1.762055000964568,0.2913550487384645,1.5337102917403524,1.0537670131270902,1.7794644341395647
19A,BT2,74,5,20,0.7241379310344828,True,False,0.017931975186669672,4.970425078215368,0.30020219222711086,1.472691878592486,1.002054893563425,1.3711695525253862,0.29995180931323256,1.5695601427742736,1.0063304214992947,1.3767642924236807
19A,BT2,75,5,20,0.6206896551724138,True,False,0.01627991405195121,4.979879448708667,0.30115755259003213,1.4552473809674988,1.020705947996623,1.3639169763254066,0.3005262687970268,1.5863141328921366,1.0265273032294795,1.3709748817985767
19A,BT2,76,5,20,0.7586206896551724,True,False,0.013973711334762181,5.448841445049374,0.30242113030158285,1.467114940977882,0.9666187306665112,1.2447842829632902,0.30202162350085593,1.5768458366049205,0.9703099352539876,1.2491785580258778
19A,BT2,77,5,20,0.6206896551724138,True,False,0.0217482109605895,4.903501302193423,0.2984582738052653,1.4627786017234774,0.9759097464326397,1.4017729511497674,0.2983220651970556,1.5424034157507627,0.980011152692843,1.4075700181399453
19A,BT2,78,5,20,0.5172413793103449,True,False,0.015405442300521512,5.17287172868634,0.3019496943974341,1.4567191339006385,0.9944732916692379,1.311476433810122,0.3011854280247373,1.593005936317178,1.000212486842863,1.3182199912314787
19A,BT2,79,5,20,0.5517241379310345,True,False,0.008421879488274785,6.514089366688745,0.3061166004787986,1.4879223116836064,0.9192240965929648,1.057011004482247,0.3060267060223947,1.593418598063169,0.9207234463174789,1.0587034931951744
19A,BT2,80,5,20,0.5172413793103449,True,False,0.024600213149080983,5.242953131299145,0.2987827453725714,1.4220481917280887,0.8868753796230687,1.317189053446106,0.29782285967728067,1.5170766112891858,0.8935548642083977,1.325640155487216
19A,BT2,81,5,20,0.7931034482758621,True,False,0.03267779014178102,4.647859254343859,0.29526064902736326,1.4297818095026529,0.9568578314543666,1.5292831730500682,0.29437723313636227,1.5292191913414745,0.9664727382986456,1.5429897278758091
19A,BT2,82,5,20,0.6896551724137931,True,False,0.02890391811755076,4.578035314048523,0.2959360953743655,1.4440082369001639,0.9920587864880317,1.533876454639906,0.29546634834358604,1.5359168819687747,0.9994079829202118,1.5445171779544244
19A,BT2,83,5,20,0.7241379310344828,True,False,0.009513675760618864,5.426595608652793,0.3044671541160423,1.4994265930169746,1.0698730805413137,1.2616228115036179,0.30442317582331635,1.6100405198563066,1.071978547260298,1.2640965565040212
19A,BT2,84,5,20,0.5517241379310345,True,False,0.003602645794698792,7.042648269423363,0.30981723671320455,1.5272258015665914,1.0817013017937487,1.0941688784788128,0.3102250725359072,1.6213944009016428,1.081804859094096,1.0942903928269023
19A,BT2,85,5,20,0.7931034482758621,True,False,0.011831610367025147,5.345410381816334,0.303534194329463,1.4837683440081544,1.0265101845740763,1.2711790139416408,0.30327076394442115,1.597904796282845,1.0296349698397238,1.2748520536312118
19A,BT2,86,5,20,0.8275862068965517,True,False,0.017721900165380233,4.821752427121097,0.29986954705316454,1.4771195405992996,1.0365979110808925,1.4136624836390048,0.29967911306810224,1.5826028297046926,1.0411905902079361,1.4197595712299462
19A,BT2,87,5,20,0.6551724137931034,True,False,0.008286593047039294,5.876290392207143,0.30549163448031585,1.5038039178206672,1.0244776144614058,1.1737692368815194,0.30557992336168277,1.6099232996815964,1.0259144357905376,1.1754741239506932
19A,BT2,88,5,20,0.7931034482758621,True,False,0.014408429964251759,5.106799222613486,0.3015846115908975,1.4833216725045253,1.0254684018476654,1.329624166814203,0.3015063176151616,1.5800750420677483,1.0285727325221141,1.3336177624307894
19A,BT2,89,5,20,0.4827586206896552,True,False,0.005865085711950589,6.191667893297311,0.30769280786741554,1.5106225027523563,1.0688417319043584,1.1487607224814582,0.3077095583709454,1.623782872423604,1.0697928018647798,1.149791563564233
19A,BT2,90,5,20,0.6896551724137931,True,False,0.01655740275743107,4.975660776524981,0.3007598531260819,1.4659690312851188,1.0185754508235543,1.3663983421533579,0.3003449341665853,1.5809895206566085,1.0235087521021142,1.3725622245489828
19A,BT2,91,5,20,0.6896551724137931,True,False,0.015488370572971826,5.358999783200436,0.30170094359074295,1.4660781626000758,0.9593889699068351,1.2666310330339163,0.301494857786759,1.5641692122652768,0.9628164389773767,1.2709829792151317
19A,BT2,92,5,20,0.6206896551724138,True,False,0.01256379212478585,5.201942653971169,0.3024523871086012,1.4940535024552912,1.0406700551201609,1.3061448206716828,0.30240647096828077,1.5924118930013371,1.0433175736683278,1.309463612543824
19A,BT2,93,5,20,0.7241379310344828,True,False,0.025030813716543695,4.939691919974237,0.29785296125517124,1.4359563083783569,0.9406821283301989,1.4020017985913382,0.2970110872024125,1.5504224614126765,0.9487030546202571,1.4126477094871037
19A,BT2,94,5,20,0.7241379310344828,True,False,0.014588092112065248,5.115435203996899,0.3016219582326203,1.4787077884238904,1.0204165610560734,1.3271688734373586,0.3015279371531425,1.581217553269772,1.0237587126683152,1.33147044335079
19A,BT2,95,5,20,0.7241379310344828,True,False,0.015001218810401019,5.4177934543728865,0.30205395937778806,1.471980754216426,0.9559945489599312,1.2525054255337387,0.30159525812918914,1.576784696290635,0.9599017042387352,1.2571757416124065
19A,BT2,96,5,20,0.7241379310344828,True,False,0.011020019227353003,5.685917685193576,0.304200599606748,1.4733797727025426,0.9818925638324452,1.1965196969327057,0.303829794140943,1.5939058065675842,0.9849096961385185,1.1999401752904022
19A,BT2,97,5,20,0.7586206896551724,True,False,0.04242252694082717,4.3204495759915735,0.2919082206922794,1.4281803020246853,0.9993852159079802,1.711425058851011,0.2913010606322035,1.5142788574443335,1.0101741457359725,1.72885087539211
19A,BT2,98,5,20,0.6896551724137931,True,False,0.022234411035469106,4.988779564709656,0.29847223830232517,1.4594208090841894,0.9545235792125507,1.3791598364354776,0.29805885771009455,1.551416544733003,0.9597937587785569,1.3862361790634243
19A,BT2,99,5,20,0.5517241379310345,True,False,0.005525570138600301,6.567228805963813,0.3081772062110073,1.5081236463149648,1.0246718193431819,1.0908481632027498,0.3081312370151001,1.6244990879551613,1.025553971219345,1.0917803231584529
19A,BT2,100,5,20,0.7241379310344828,True,False,0.017324614505137247,4.807485689582336,0.30023316195433053,1.471582331167678,1.04424043600675,1.4163547833762808,0.299825032626201,1.5831385401197562,1.0494100327232039,1.4228918541849727
19A,BT2,101,5,20,0.5517241379310345,True,False,0.04558219371559989,3.9846294443227097,0.2900931384386385,1.448662439196696,1.082711362618381,1.887551248570975,0.28953703302299444,1.5431767443247197,1.0961793427149893,1.9102544045548746
19A,BT2,102,5,20,0.8620689655172413,True,False,0.013501873247582513,5.2091358863459245,0.30259007940726396,1.4708580661426778,1.0196561424789758,1.3022932613614664,0.3022870457547413,1.5829917033313272,1.0233078093096128,1.3066937538194225
19A,BT2,103,5,20,0.7931034482758621,True,False,0.04871152692642182,4.488044731672766,0.2910410834202983,1.4159647610872526,0.9486827303387866,1.6895946336270469,0.2898187600882774,1.5085037923504374,0.9629424533687762,1.7121692374120825
19A,BT2,104,5,20,0.5862068965517241,True,False,0.05214385736948238,4.729011736328242,0.2913394046666365,1.3855281972006939,0.890634877778884,1.6198227356461605,0.28991667833731016,1.4684590281416332,0.9043003368503791,1.64123811408314
19A,BT2,105,5,20,0.7586206896551724,True,False,0.01664465168383205,5.011801526015056,0.3009511026786204,1.4658642171032434,1.0096157224657352,1.356441653699838,0.30063330923922266,1.5728654556591797,1.0140651439082025,1.3620901618046914
19A,BT2,106,5,20,0.5862068965517241,True,False,0.016034833655997775,5.424376450777451,0.30130957392315616,1.472517381903208,0.9407809939001548,1.252499100899737,0.3010304229439389,1.5659038712852418,0.9442515665106249,1.2568564387531118
19A,BT2,107,5,20,0.6551724137931034,True,False,0.01760788226248128,4.659267715920448,0.29966152399957746,1.4813175756621304,1.0749434348299214,1.4632232665682428,0.2994272968154152,1.5870957730266764,1.0797713788565728,1.4695571334479367
19A,BT2,108,5,20,0.7586206896551724,True,False,0.020087947644188434,4.70568684030467,0.2987378225228705,1.474788272903598,1.034651040893196,1.4558387427701773,0.29862652277587937,1.5782174866609826,1.0396803582084722,1.4628837142013853
19A,BT2,109,5,20,0.6896551724137931,True,False,0.04196966972428496,4.451992178704969,0.2926293958210861,1.4175579373140015,0.9681547985110047,1.6548144309116815,0.2915721705055336,1.5140249026824748,0.9807585272713505,1.6740669836190263
19A,BT2,110,5,20,0.6551724137931034,True,False,0.037572844714177704,4.555158366338755,0.2936888563815527,1.4280631012392744,0.9588589487348881,1.5903204708923804,0.2930182713531105,1.5028707670465793,0.9671734869105977,1.6028027216416296
19A,BT2,111,5,20,0.7586206896551724,True,False,0.014152433859847558,5.243568924234659,0.3018759493354171,1.4805959464999454,1.0025840321526176,1.2945489315342937,0.3016423729128082,1.5860385279137887,1.006066704003998,1.2988486320870782
19A,BT2,112,5,20,0.6896551724137931,True,False,0.009006128203075203,5.998066904020382,0.3052746204085202,1.4971024707418432,0.9813290705339043,1.1440542663013236,0.30519311643584884,1.6054718018668284,0.9831257079525693,1.1461178690475642
19A,BT2,113,5,20,0.6551724137931034,True,False,0.027735685051446305,4.693376087413981,0.29628281640802484,1.450472901458654,0.9747540124049527,1.49086247018175,0.29555524753381995,1.550400308796108,0.98277381741694,1.5018971157109493
19A,BT2,114,5,20,0.5517241379310345,True,True,0.05999999999999999,4.382658733719563,0.2888618571010511,1.388280199435762,0.9599317439479111,1.8144611425546309,0.2873745909143258,1.4628508910044102,0.9756279417938295,1.840015271321687
19A,BT2,115,5,20,0.7931034482758621,True,False,0.01723616559467682,4.893037058341425,0.30026627803788614,1.4704480845524959,1.0271047502427006,1.3913361227386734,0.2999800758436467,1.5807926613438783,1.031881358711585,1.397511971341372
19A,BT2,116,5,20,0.7586206896551724,True,False,0.01840798387990902,5.283012482818326,0.3006219181653907,1.4559232557547375,0.9357119280867283,1.2896390916657052,0.29999561617537285,1.563245107826031,0.9408976367024675,1.2960376334745407
19A,BT2,117,5,20,0.7586206896551724,True,False,0.009423652634416507,5.699860197664991,0.3048497566468642,1.4951285347066117,1.020619013494472,1.2012941954411542,0.3048739073772697,1.5932281505645638,1.0222961443729808,1.2033009801081784
19A,BT2,118,5,20,0.6206896551724138,True,False,0.006136157161162445,6.100103175392221,0.307324487157784,1.5144862544376927,1.0713785355414098,1.1601972794400635,0.30749760583667074,1.6091538583394613,1.072105730779793,1.1610409460484432
19A,BT2,119,5,20,0.7241379310344828,True,False,0.04332092461943834,4.62584830781913,0.2928035278830703,1.4035487365447068,0.9262811261235702,1.5983828070785333,0.29159245932058664,1.5068226100218105,0.9398034528261469,1.6191258345225472
19A,BT2,120,5,20,0.5862068965517241,True,False,0.03538659114137254,4.562523699924232,0.29461018613838835,1.426500518881652,0.963569438311895,1.5734193491386577,0.2932256635618882,1.5501761890221617,0.9773229547547793,1.5929913454514282
19A,BT2,121,5,20,0.6551724137931034,True,False,0.014330755777796774,4.9661130233988455,0.30133372247257556,1.4886588044570415,1.0565328263798606,1.367789015605759,0.3013077906421823,1.5819051028193964,1.0595073617126753,1.371666377356989
19A,BT2,122,5,20,0.7586206896551724,True,False,0.03356618785937104,4.410764071787174,0.29380676810930756,1.4602973278368012,1.0099762047395346,1.6228198946863754,0.2933757217453244,1.5465069277943155,1.0181442278359423,1.6352914931289835
19A,BT2,123,5,20,0.6551724137931034,True,False,0.007281533601785597,5.685206201719218,0.30598324911798963,1.5166602896336152,1.0969676653179017,1.2250775591674954,0.30625970473373587,1.6053508943863717,1.0977942755100591,1.2261302602578448
19A,BT2,124,5,20,0.6551724137931034,True,False,0.006307784950252001,5.88005852607032,0.30711127591001225,1.508979536398817,1.102959984836721,1.2000626511147356,0.3073077532345409,1.6132829590112905,1.1038238646935263,1.2010725702863652
19A,BT2,125,5,20,0.6551724137931034,True,False,0.03313240349074453,4.588228052672318,0.294656264013208,1.4382186379348136,0.9691741165816309,1.5535566214364185,0.29401588691506836,1.53707354650662,0.9784043219514298,1.5672657109596562
19A,BT2,126,5,20,0.896551724137931,True,False,0.02373199406320169,4.87646855831246,0.2982383660368411,1.445372912681083,0.9630139814190112,1.415496446616618,0.2975128093873063,1.5558337742833024,0.970341115249421,1.4251749133663159
19A,BT2,127,5,20,0.6896551724137931,True,False,0.011311627250729105,5.4593211494993055,0.30326636650798505,1.4976656525487109,1.01757395133678,1.2467420949770318,0.30344173320965656,1.5844873353649156,1.0192542099802966,1.2489733558769849
19A,BT2,128,5,20,0.6206896551724138,True,False,0.009711248884974244,5.199978974636732,0.30438072332055155,1.4946130685794754,1.1104027846105966,1.3152677080446107,0.30419734117366504,1.6132641644943952,1.1130083543724376,1.3182445772516582
19A,BT2,129,5,20,0.4827586206896552,True,False,0.01639893702142052,4.462736357384392,0.29981186269232596,1.4906508284438758,1.1411767167048807,1.5257631488889454,0.299576876708751,1.60111757619073,1.1460903345144373,1.5320903034945272
19A,BT2,130,5,20,0.6206896551724138,True,False,0.00694362112330841,5.971513466469177,0.3068285259516931,1.507193312558255,1.0573387640853635,1.17055256607526,0.30673105155427083,1.6198319767173697,1.058712684794172,1.1720433604166605
19A,BT2,131,5,20,0.5517241379310345,True,False,0.004804158130763733,6.255889173901638,0.3083513412713091,1.518757878410414,1.119920189125307,1.168154919203167,0.30864047941840034,1.6173884880429852,1.1203187009131883,1.168618391545152
19A,BT2,132,5,20,0.6896551724137931,True,False,0.007490213372892374,6.128531898628892,0.30651763496285167,1.4928232752172172,1.0088290323002442,1.1330672849016716,0.3064309322362347,1.609758285837357,1.0103472121057062,1.1347449496343325
19A,BT2,133,5,20,0.6551724137931034,True,False,0.014208437203777055,5.8586154117085725,0.30350398584563654,1.4287361499505988,0.8926788876665734,1.1553248912538774,0.3026033229856325,1.5540293687112512,0.897308046757658,1.1604930387914616
19A,BT2,134,5,20,0.7586206896551724,True,False,0.03254852455325695,4.773807183371369,0.2959483265290575,1.413483389424402,0.9294589351598426,1.4853656721123163,0.29491727564507325,1.512825783628979,0.9391000257136083,1.4988127515290588
19A,BT2,135,5,20,0.7241379310344828,True,True,0.05999999999999999,4.2245885422283935,0.28786910719505443,1.4235383481689199,1.0044158409488244,1.8953645050617358,0.28709609772781186,1.497519272571574,1.018489834975541,1.9205567789547773
19A,BT2,136,5,20,0.6551724137931034,True,False,0.011563338750123648,5.190059100974209,0.30333503050824795,1.4851801762997938,1.0638723557801248,1.3102089816342273,0.3030841826790693,1.6059285630623308,1.0671598141238725,1.3140723159942456
19A,BT2,137,5,20,0.5862068965517241,True,False,0.01934800987537404,4.770463520083194,0.29994942846601746,1.447752859315134,1.0255164050616887,1.4307946176436257,0.2991413964317703,1.5889674933074034,1.0333708432037474,1.4406542498003345
19A,BT2,138,5,20,0.6551724137931034,True,False,0.03546440421222892,4.605167757327991,0.2946046278763054,1.418718981027234,0.9536945682175821,1.5582076550493562,0.2934889084296394,1.5268069729121792,0.9653715012991895,1.5750370037424477
19A,BT2,139,5,20,0.7241379310344828,True,False,0.01853479129920847,4.8800306002226534,0.2995598166700088,1.4723337394088745,1.0141255995496952,1.3986341578678334,0.2994675891890712,1.5623278277235835,1.018022638359126,1.4039761552947718
19A,BT2,140,5,20,0.7241379310344828,True,False,0.006874714762819719,6.471284016593313,0.30698384462041006,1.5017306555514351,0.9782155000295429,1.0809960717112457,0.307120900919891,1.6048969089121432,0.9791547127553165,1.0820884134194642
19A,BT2,141,5,20,0.6896551724137931,True,False,0.008999189879555057,5.893781845366727,0.3050054780802822,1.5035418162888545,0.9993266802389698,1.1646879494515108,0.3052122066680582,1.592265105194386,1.0004942597089364,1.1661828508356122
19A,BT2,142,5,20,0.3448275862068966,True,True,0.05999999999999841,3.848552045271864,0.2876580910534132,1.419207820307204,1.1025330160600113,2.0794591653428403,0.286322053131443,1.541759293439588,1.1284360160462024,2.1255563813861555
19A,BT2,143,5,20,0.5172413793103449,True,False,0.04943203468953482,4.656570180984812,0.2915873427492845,1.3849288113395004,0.9081204416678249,1.6258475179823872,0.29025674471766,1.4590625755915472,0.9201308240578545,1.6440573171565662
19A,BT2,144,5,20,0.6896551724137931,True,False,0.05510332383970596,4.10553794870835,0.2891669961297343,1.4155086513130262,1.032618620519408,1.9023337440505828,0.2881491924178475,1.514397077559553,1.0503768419953547,1.9329965873714976
19A,BT2,145,5,20,0.6551724137931034,True,False,0.0054482139993904805,6.598978278920837,0.3082332115658008,1.5072236437338677,1.0238328791043687,1.087570369058577,0.30833320263746655,1.613650100576764,1.0245152951097782,1.0883193540516778
19A,BT2,146,5,20,0.5862068965517241,True,False,0.00813824933353312,6.133708068249919,0.3057323159575058,1.5041377070287043,0.9860954759488421,1.1257324466177738,0.3060384659379984,1.5933550176012954,0.9869742674842911,1.1268945122028482
19A,BT2,147,5,20,0.6551724137931034,True,False,0.010217054290576923,5.370220540755422,0.304207615266618,1.4897438451591347,1.0609121728283497,1.2707776719562385,0.30410882549003054,1.6061726346748164,1.063410661780744,1.2737230117454172
19A,BT2,148,5,20,0.7241379310344828,True,False,0.01405711174007648,5.011963823868895,0.3017022861189555,1.4855708058975072,1.0511236168412845,1.3547795085168999,0.3014799296104764,1.596987255895498,1.054908880834124,1.3594688470734948
19A,BT2,149,5,20,0.6896551724137931,True,True,0.05999999999999999,4.281687081358921,0.28903197251320073,1.3873445407583374,0.9819083654942725,1.8566557534667338,0.2876105286091561,1.4780550136933959,1.0002713012826345,1.887812868043871
19A,BT2,150,5,20,0.7931034482758621,True,False,0.026395569017511344,4.396879277018144,0.2959641036651241,1.472235728050766,1.05254506470253,1.5875542506906746,0.2957249707786738,1.563571179221626,1.0590474077411316,1.59711636345399
19A,BT2,151,5,20,0.7931034482758621,True,False,0.012619521754886839,5.533183851476551,0.30339323532657736,1.4650535713047421,0.9751439952462778,1.2260532917379332,0.30294742507306516,1.584621291698714,0.9787647101268732,1.2302398414491906
19A,BT2,152,5,20,0.6896551724137931,True,False,0.010085546078587538,5.776106050519631,0.30487205159731356,1.4806634364974782,0.9887273566653082,1.1813412313388019,0.3046087673205492,1.5972203049671634,0.9912323087748229,1.184176801120026
19A,BT2,153,5,20,0.6551724137931034,True,False,0.025318911484189615,4.710860174060667,0.2968348215390446,1.4643174471748917,0.9879872707533531,1.475146118201291,0.2966397269440648,1.549367045092365,0.9933559275577638,1.482994544836899
19A,BT2,154,5,20,0.6896551724137931,True,False,0.016006672294366083,5.000323600314706,0.3010460787544291,1.4676585430304887,1.021303423224558,1.3587560833755534,0.30073358055248733,1.5718486481982301,1.0255013276489167,1.3640212757048087
19A,BT2,155,5,20,0.7586206896551724,True,False,0.010202334952878547,5.53920987265468,0.30420483460440156,1.4955202658012197,1.0290563064308766,1.2322210808073086,0.30432145627345114,1.59270362923747,1.0308027717274482,1.234419362047549
19A,BT2,156,5,20,0.6206896551724138,True,False,0.012846281068135887,5.048434735180332,0.3023653414381768,1.4826941519367072,1.0661192502916623,1.345127153352302,0.3021044030978437,1.6055286681501157,1.0699436618471183,1.3497380734263267
19A,BT2,157,5,20,0.6206896551724138,True,False,0.011174101814026392,5.651891879574052,0.3034305432699765,1.4962687709429916,0.9857747585022729,1.2045015383781186,0.30365750423127646,1.588340122564648,0.9874137546118934,1.2067106918212454
19A,BT2,158,5,20,0.6206896551724138,True,False,0.028604743459533927,4.894062982088263,0.29701132549937703,1.4228398324089877,0.9261017149960996,1.4299518751313365,0.295739157298776,1.5446674082766034,0.9365411853348337,1.4438118481225743
19A,BT2,159,5,20,0.6551724137931034,True,False,0.006080403051462708,6.243997150708082,0.30730452604338343,1.512063418900394,1.049398970360815,1.1346153623738406,0.3074948735409111,1.6132981121560737,1.050142971701058,1.1354788376433635
19A,BT2,160,5,20,0.4482758620689655,True,False,0.03673087353720316,5.258439732252672,0.29641018812382935,1.3634079135224517,0.8227317460897333,1.3615761573079237,0.2944516562286515,1.452894063455984,0.8335942775599186,1.3755280038263353
19A,BT2,161,5,20,0.6206896551724138,True,False,0.057572898112435045,4.2037323158126,0.2885327098284986,1.415574772127305,1.007935947647838,1.8798837103151107,0.2878367483285929,1.4908081011865688,1.0214385356013178,1.9039428433230332
19A,BT2,162,5,20,0.6206896551724138,True,True,0.05999999999999999,4.037613042938019,0.2873038521415689,1.428411561584509,1.053569645106934,1.9858364750407946,0.28662693080758694,1.5123834412831714,1.0696773817072425,2.0154367534770548
19A,BT2,163,5,20,0.7241379310344828,True,False,0.017278631572336188,5.440448587113453,0.30189498482337207,1.423616682420557,0.9188363983547253,1.2474650278162258,0.3009291413696588,1.5444739255155122,0.9246476089027001,1.2542384101066308
19A,BT2,164,5,20,0.3448275862068966,True,False,0.0046634038565541245,6.48626702952305,0.30833384781444617,1.525020538785473,1.0895472817163478,1.132022194466722,0.30889231201970535,1.6020290591589983,1.0896305633851808,1.1321881670278433
19A,BT2,165,5,20,0.5172413793103449,True,False,0.04550939523896897,3.979235981479246,0.28943278231809966,1.4694317602220797,1.0889559316979331,1.8954524650993454,0.28953097196173433,1.528361083320448,1.0959915339581168,1.9088102079179103
19A,BT2,166,5,20,0.6551724137931034,True,False,0.05946104668662611,4.1581676634526215,0.28819425947878813,1.413297863745143,1.0181767587560004,1.9169336432111121,0.2874807459800206,1.488526686079977,1.0323242715260408,1.9424398915725898
19A,BT2,167,5,20,0.6206896551724138,True,False,0.018456898721503575,5.013129586307234,0.2997606854355921,1.470875632586563,0.9877105878314363,1.361010545978352,0.29936528830141845,1.583789805502234,0.9929844405092456,1.3678293611539791
19A,BT2,168,5,20,0.6896551724137931,True,False,0.025742479437810176,4.7938969532544276,0.2971239390421912,1.4609713009791696,0.9668830059893084,1.450711111829131,0.29673458680389514,1.5473697253596796,0.972737299067256,1.458953535994972
19A,BT2,169,5,20,0.6206896551724138,True,False,0.008420152684999955,5.612561111681972,0.30506677815873195,1.512590625739764,1.0685884811185868,1.2281275243437975,0.30544616639038435,1.5861811232029468,1.0692675542937191,1.2291299489910619
19A,BT2,170,5,20,0.6206896551724138,True,False,0.011404524665851498,5.3786335735077895,0.3034114644814697,1.4880105163844024,1.030214245306023,1.2647461900985986,0.3035119782976852,1.5792389841993126,1.0321469764190325,1.2672333743662085
19A,BT2,171,5,20,0.5517241379310345,True,False,0.014117155210664605,4.971381625625771,0.30152541709928443,1.4784876274463121,1.0586775096539267,1.3657351687900356,0.30141434299149394,1.5858412758376945,1.0621885263212738,1.3701993258786602
19A,BT2,172,5,20,0.5862068965517241,True,True,0.05999999999999999,4.17779300790242,0.2886779926689817,1.3890211720728127,1.0076936973267505,1.9040084732613793,0.2873167746737927,1.4928245057150493,1.0284420634553462,1.9401244102612198
19A,BT2,173,5,20,0.4827586206896552,True,False,0.027579397006518992,5.197545582480949,0.297409179606652,1.422290383866788,0.8772403080562698,1.3416996065480822,0.2962156286863283,1.5321122441971062,0.8859403059036605,1.3530309388288768
19A,BT2,174,5,20,0.7241379310344828,True,False,0.00980874069843985,6.027230448865685,0.30535857826541424,1.472098900949918,0.9538573166762382,1.1329511442451192,0.304903282674735,1.5941523515598337,0.9565188355782714,1.1358440228578657
19A,BT2,175,5,20,0.6896551724137931,True,False,0.010450154263184441,5.721036465766099,0.30490506209007573,1.4664020135875069,0.9885422613334349,1.1906229157287733,0.30437330510100535,1.5990020749770075,0.9918363639184833,1.1942344106879006
19A,BT2,176,5,20,0.5517241379310345,True,True,0.05999999999999999,4.328440895287581,0.2896090862825546,1.364858150294098,0.9661783531717546,1.828647384696799,0.28779872830891146,1.4727158680858823,0.9880683464387434,1.8654070698819951
19A,BT2,177,5,20,0.6551724137931034,True,False,0.045883075546049354,4.425110412662835,0.29190162641856154,1.4093638900002672,0.9649313350368064,1.690802431516308,0.29062844606263427,1.5079833056540624,0.9794628642107471,1.7133058631642077
19A,BT2,178,5,20,0.6206896551724138,True,False,0.007686695093891407,5.473552529929912,0.30562109437488266,1.5150212343054534,1.1228194538366423,1.2671119130688566,0.30571282962325563,1.6174746478331583,1.1241630823561912,1.2686845737130972
19A,BT2,179,5,20,0.6551724137931034,True,False,0.024482876816841553,4.289133346472024,0.29625068145288314,1.4860914244119772,1.0951777519924781,1.6192334092110978,0.2960781877180171,1.5782954451507694,1.1013021910201541,1.6281630371785072
19A,BT2,180,5,20,0.6896551724137931,True,False,0.013743669107464652,5.152399541181936,0.30238175013568425,1.4693392016635012,1.0266098202701757,1.3166362298766234,0.3018869247145637,1.5954824940620207,1.0310919501462716,1.3219143127725876
19A,BT2,181,5,20,0.5172413793103449,True,False,0.026168157343540905,4.8591698067946885,0.2971657741663265,1.4372919192207647,0.949378056120571,1.430842877888516,0.2966345956403071,1.5166572091402943,0.955124724695953,1.4386715643882466
19A,BT2,182,5,20,0.7586206896551724,True,False,0.012549372673396945,5.214670670249511,0.30253393606315065,1.492489054142932,1.0382623297696778,1.3028450617692435,0.30263804677148215,1.5844051107243502,1.040492387834439,1.3057832572966284
19A,BT2,183,5,20,0.6206896551724138,True,False,0.03653692970363961,4.548750037345071,0.2933543826506047,1.4427907452057775,0.9662934290597631,1.5890916394177288,0.2929262429530497,1.5230735088369804,0.9743062603017207,1.6016443365391224
19A,BT2,184,5,20,0.7241379310344828,True,False,0.012461752902430297,5.25014166043043,0.30236322537217253,1.4986199834590404,1.0335137731391686,1.2945619957440895,0.30271415488610176,1.5751696084360651,1.0349275637345658,1.2967019758222327
19A,BT2,185,5,20,0.7931034482758621,True,False,0.014691813443502814,5.081740250095842,0.30140086850265246,1.486663349537522,1.0260311197528282,1.3365601056435257,0.30126171220719633,1.5882269944834109,1.0294694680898369,1.3409403296152205
19A,BT2,186,5,20,0.7931034482758621,True,False,0.02505294930649429,4.792861805121673,0.29770847583480825,1.4374732505181447,0.9697237234822236,1.4453578452819935,0.29689412882320165,1.5531473809067255,0.9780081203541819,1.4564126012190923
19A,BT2,187,5,20,0.7241379310344828,True,False,0.008656786166809989,5.967296596743901,0.30577260293843,1.4829627920403377,0.9962513397242054,1.1520155936071692,0.30546722787362923,1.602331922589318,0.9984006520680025,1.1543494159545438
19A,BT2,188,5,20,0.6551724137931034,True,False,0.004024969373144338,7.139305691723825,0.3095663778345033,1.5240812936217227,1.0328043571791379,1.0550812839790757,0.30978837532064046,1.6280844753042756,1.0330698774354012,1.0553692798552223
19A,BT2,189,5,20,0.6551724137931034,True,False,0.021593458672597553,5.351080344632155,0.2996643227475594,1.4385850829506883,0.8923627210218867,1.2811587944499079,0.2988034132983972,1.5516587070817893,0.8988948417440965,1.2893788935343602
19A,BT2,190,5,20,0.6551724137931034,True,False,0.010447194417692878,5.497021971140624,0.3041805748887527,1.4967457252107086,1.030526002483992,1.2405693825892705,0.3040123213193609,1.5985075087574814,1.0328250969408592,1.2432343436588151
19A,BT2,191,5,20,0.4827586206896552,True,False,0.02439811862632624,5.3567540207744555,0.2990841117619175,1.4065335531567602,0.8681784363403602,1.287015224509909,0.29803399234900735,1.4952141421741867,0.8745272168416255,1.2948307040958498
19A,BT2,192,5,20,0.6551724137931034,True,False,0.013449650307920226,5.891180389988167,0.30353004878205825,1.4451996583473137,0.9004936506106844,1.149874022450563,0.30276561673943614,1.5645541355065786,0.9045510790919218,1.154397990002199
19A,BT2,193,5,20,0.6551724137931034,True,False,0.030105128480333643,4.94410564637404,0.2970395215281433,1.4073407615964209,0.9070623144807192,1.4205804624674083,0.29559396958039086,1.535571949885063,0.9186027763600839,1.4360239936639643
19A,BT2,194,5,20,0.6206896551724138,True,False,0.057711773371285136,4.401087920270272,0.28968882855524525,1.4006930506576447,0.9570984330435851,1.7904579669668579,0.28810379389507074,1.5072423865705622,0.9771416862078391,1.824130453304589
19A,BT2,195,5,20,0.6896551724137931,True,False,0.05100336228234942,4.51530156379202,0.29094337969758544,1.4027168818325169,0.9377436619071594,1.692965635213272,0.2896421542215748,1.4894339596481865,0.9519712133039325,1.7155156397064948
19A,BT2,196,5,20,0.5862068965517241,True,False,0.0041783851126022346,6.570251812930715,0.3090875562543034,1.5252576241067386,1.11022575044735,1.1385946042274153,0.30934191468535066,1.628820706252772,1.1105293344656608,1.1389303938565256
19A,BT2,197,5,20,0.6206896551724138,True,False,0.015126607038904599,5.438813717524019,0.3015885413038872,1.4751365809013055,0.951220276662856,1.248321699058091,0.30138051407776767,1.5690152060064864,0.9544013796146885,1.252322122544053
19A,BT2,198,5,20,0.4482758620689655,True,False,0.003558139103860129,7.462410933573013,0.30993579542902566,1.531699447195443,1.0245955005587601,1.0354384798475555,0.310472152252844,1.6225626239836737,1.0246448358168285,1.0355074103682145
19A,BT2,199,5,20,0.6896551724137931,True,False,0.018323235532593983,5.256001245062389,0.30070619855351693,1.4440375242169077,0.9409216835830309,1.295372665808004,0.29992711688767704,1.570099170195094,0.9470986270425239,1.3029347393913464
19A,BT2,200,5,20,0.6206896551724138,True,False,0.004261487474821209,6.8579782395576965,0.3092680756616038,1.5179394294636295,1.0574133978038338,1.0868161653549027,0.3095120516125397,1.618081769625447,1.0577110545952964,1.0871464454924917
19A,BT2,201,5,20,0.5172413793103449,True,False,0.029225414046792013,4.906586600931986,0.2965925057365809,1.4241371166713988,0.9210535631705387,1.4297623560340458,0.29571542129183437,1.5113572179175476,0.9285541076115508,1.4398537047750075
19A,BT2,202,5,20,0.4827586206896552,True,False,0.005791942745763876,6.593151680462367,0.30758256790777194,1.5194071169824013,1.0075098282493438,1.080578697527404,0.30799822110920366,1.6122822226646893,1.0079205843817867,1.0811245148714221
19A,BT2,203,5,20,0.5862068965517241,True,False,0.019462398158654883,5.070045535181895,0.30055709853082846,1.4276589292833837,0.9616479562433013,1.3446359126773384,0.2994992100874974,1.5613090940871783,0.9692205614891212,1.353803022065745
19A,BT2,204,5,20,0.6551724137931034,True,False,0.029967658081252395,4.70009092544849,0.2958359911482328,1.4368612690997375,0.959730592763394,1.4985682937119384,0.2949822803148011,1.5450928062770921,0.9691283942993351,1.5117371999794966
19A,BT2,205,5,20,0.7241379310344828,True,False,0.02440697822364828,4.714617903349717,0.29699502056344673,1.470530212164918,0.9944583713984048,1.4704864307071484,0.29702322912065077,1.5471619822424787,0.9986855533423648,1.476973487702085
19A,BT2,206,5,20,0.5172413793103449,True,False,0.0025354396122221753,8.23284239679084,0.31159905457456444,1.5300118375993357,1.0276126512059178,1.0283359631125062,0.31189237187577673,1.6325021114373552,1.0275865092284018,1.0283104938152887
19A,BT2,207,5,20,0.7586206896551724,True,False,0.021485926977969253,4.746619576611061,0.2981969107572168,1.4705228454299442,1.0117232634927038,1.4481060073918604,0.29823475620731266,1.5581735759752309,1.015946052514696,1.4543678851899344
19A,BT2,208,5,20,0.7241379310344828,True,False,0.021897087150364737,5.019158930540919,0.2986431566428019,1.4583489196927295,0.9514540296371965,1.3694241052142009,0.298269038917255,1.5500458237827073,0.956530034773176,1.376262400635267
19A,BT2,209,5,20,0.6551724137931034,True,False,0.03203043343452914,4.300313348627683,0.2940934297802313,1.4604610384896288,1.0431486516481117,1.6550070532420533,0.2936484404906914,1.5553995112491485,1.0519245751671975,1.6682539880654126
19A,BT2,210,5,20,0.6206896551724138,True,False,0.03284348269765721,4.8734200485320285,0.29528213888107147,1.4259489817787352,0.9114724939312522,1.458852207241993,0.29445803342934873,1.5199459037272067,0.92014558562211,1.4712623036995522
19A,BT2,211,5,20,0.9310344827586207,True,False,0.023181603121477382,4.807559801952521,0.2981505618085204,1.4512793196666225,0.9820930338542724,1.4343184464235081,0.2975791008495646,1.55317940252787,0.9886136717689549,1.4430090083971552
19A,BT2,212,5,20,0.6551724137931034,True,False,0.012709342887585734,5.3084815962180665,0.302548108841504,1.4924980723538777,1.0166176974284047,1.2795641068642258,0.30248621105819506,1.5845286151027782,1.0191030047385365,1.28267067927928
19A,BT2,213,5,20,0.5517241379310345,True,False,0.013118854544132632,5.0094152038975786,0.30178277892619204,1.498655174129617,1.0701754398460774,1.3564705321915946,0.30208282245079,1.5654567539318907,1.0715679302665075,1.358587265485383
19A,BT2,214,5,20,0.6206896551724138,True,False,0.04133343577280427,4.49378410647936,0.2923479300453255,1.4313005406347326,0.9631163524865449,1.6381848358515563,0.2917676869597635,1.5092738730524786,0.9723637526883733,1.6528941038694813
19A,BT2,215,5,20,0.7586206896551724,True,False,0.047237945656990084,4.551676541285728,0.2914255142438148,1.4201640325468277,0.9376804884528854,1.655980745801858,0.2903841918924494,1.5082891851918097,0.9503796244465692,1.6761489045636944
19A,BT2,216,5,20,0.6206896551724138,True,False,0.00854397717565833,6.347928514097998,0.30599119625397825,1.4826980671307943,0.9396368355757818,1.0836718856959373,0.30576933202392825,1.596869755370202,0.9414651431716413,1.0856819397219781
19A,BT2,217,5,20,0.4482758620689655,True,False,0.022098490804570207,5.435958548014176,0.3010880089766088,1.3607050771411622,0.8680455037912682,1.2560122400539613,0.2992862407459597,1.4774052818329038,0.8764366648190232,1.2655542206398303
19A,BT2,218,5,20,0.6896551724137931,True,False,0.0450349315498012,4.7268102764483935,0.2924951798440894,1.397465719166602,0.902499142727084,1.574311264697062,0.29120093718159706,1.4898280971789908,0.9152614851678768,1.5936824582255125
19A,BT2,219,5,20,0.6551724137931034,True,False,0.03153393795089989,4.4640007492612925,0.2950747601148253,1.440882148756327,1.0036348129352088,1.5876995358498323,0.29473105746411005,1.522472276919903,1.0106735821861914,1.5983677000488363
19A,BT2,220,5,20,0.6896551724137931,True,False,0.021344931672187255,4.860375957683786,0.2986796007519834,1.4580900908333625,0.9878682308714655,1.412291847085202,0.2981509438347817,1.5637080051089336,0.9939774583298149,1.420307329108158
19A,BT2,221,5,20,0.6551724137931034,True,True,0.05999999999999999,4.2848766110826775,0.28810312874935884,1.4122123232838373,0.987822391512429,1.8647171598019823,0.28731712795707576,1.4815448993120253,1.0009793646833427,1.8880461283514272
19A,BT2,222,5,20,0.5862068965517241,True,False,0.009752869448179014,5.383030951732981,0.30409241115082497,1.5102999177668301,1.072114988994752,1.2709115176891101,0.3044224527987153,1.5947245301432649,1.0732814614015769,1.2725461447869846
19A,BT2,223,5,20,0.41379310344827586,True,False,0.035450213373928674,4.625333848171071,0.29450271867489414,1.4220083236969274,0.9501136655981409,1.5519390185156334,0.2939996554990986,1.483309288770291,0.9563723267802415,1.5612319771148822
19A,BT2,224,5,20,0.6551724137931034,True,False,0.01781511237266368,4.587068170456698,0.2993150532522257,1.487233533225663,1.0898759425771707,1.4874817892470684,0.29924525056972917,1.587791925790377,1.0942763351654083,1.493493891454251
19A,BT2,225,5,20,0.7586206896551724,True,False,0.015665902000195513,5.043409424194767,0.30156392156636125,1.4653643633578526,1.016831736786848,1.346147088986196,0.30109212017777787,1.5794502522627776,1.021530551219289,1.3518616464154387
19A,BT2,226,5,20,0.6896551724137931,True,False,0.024009779716957825,4.906560346540126,0.2980161865881517,1.4406389411412568,0.9550242687838849,1.407747531580507,0.2973749917990566,1.5443909844036499,0.9618444933270272,1.416851839323851
19A,BT2,227,5,20,0.6206896551724138,True,False,0.008869400641617276,6.14188704827484,0.3054772407743347,1.4904940062547334,0.9620016734630739,1.1179792897762202,0.30564369839474165,1.584411739289846,0.9632243476173542,1.1195046575253464
19A,BT2,228,5,20,0.6206896551724138,True,False,0.030773288275070212,4.5108619358629225,0.2958701295816929,1.4169515131004444,0.993752760010975,1.5631846593855663,0.2946232985810259,1.54812334984149,1.0063922868392514,1.5806436689889665
19A,BT2,229,5,20,0.6551724137931034,True,False,0.03729036339432429,4.471587442386449,0.29321157969870104,1.438783662753262,0.9800388254018225,1.6207002887480717,0.2926526344338103,1.5151837274043365,0.9883284186218867,1.6333949509560897
19A,BT2,230,5,20,0.6551724137931034,True,False,0.037329573380822205,4.654392675785368,0.2942382295761333,1.413205155117158,0.9366846741174011,1.552000230251584,0.2928772489364984,1.5294119884367643,0.9500469615740151,1.5712943006929707
19A,BT2,231,5,20,0.5862068965517241,True,False,0.03829230838622266,4.659371407641862,0.29528459460510664,1.3706102799703297,0.9259070423420145,1.5478957539284857,0.2935145626199312,1.5029407600695783,0.9418804422396825,1.570759247949413
19A,BT2,232,5,20,0.6206896551724138,True,False,0.01582311488699076,4.816738231519055,0.3005177113514934,1.4850047921871607,1.064782686242577,1.4118076878384493,0.30070494289783606,1.5674543456629035,1.0673806858085626,1.4155669040450223
19A,BT2,233,5,20,0.6896551724137931,True,False,0.013035299510861275,5.084294276640552,0.302295455750579,1.4934034837814478,1.055111563202797,1.3358530498100933,0.30233511449022193,1.5856066846186159,1.0576106720887748,1.339101657642769
19A,BT2,234,5,20,0.4827586206896552,True,False,0.004666899214898885,7.068291964668514,0.3091953808003423,1.509620317879326,0.9990690345387715,1.03822830400481,0.3092184894438134,1.621302615607795,0.999607676902889,1.038792459514154
19A,BT2,235,5,20,0.7241379310344828,True,False,0.018573640800808998,4.897038015109083,0.2998436100752808,1.4641127939781475,1.0092315113802792,1.3930525040580264,0.2995473824477873,1.5579189714682182,1.0136745927174302,1.3988520164127474
19A,BT2,236,5,20,0.7931034482758621,True,False,0.048885717663589554,4.464040092510937,0.29158877639911607,1.4031219730992337,0.9504443966502,1.6961856826032837,0.2902815688626177,1.504252061740843,0.9660408943959699,1.7210192113611804
19A,BT2,237,5,20,0.6551724137931034,True,False,0.010505702676860263,5.105063639105376,0.30376065101104904,1.4956911569717186,1.1086212265553297,1.335925693286728,0.30366360289560884,1.6112447472453546,1.1113090820940241,1.3391155703589803
19A,BT2,238,5,20,0.7241379310344828,True,False,0.034061454201132275,4.5629190638331325,0.2945429409863347,1.4345604496424291,0.9701589404933093,1.5670047782209326,0.2936950205269882,1.5351521093303198,0.9803161560647379,1.5818019561951029
19A,BT2,239,5,20,0.4827586206896552,True,True,0.05999999999999999,4.789727684682649,0.29110202244599886,1.3353412689683115,0.8651141526838076,1.641993854439366,0.2888637631206673,1.4084445009786026,0.8811063171982089,1.6659014965259658
19A,BT2,240,5,20,0.6206896551724138,True,False,0.021709982699386614,4.900080101439171,0.2984965527772022,1.4646103633837946,0.9769694883100207,1.4027077798080585,0.29842789953722315,1.542012116666865,0.9808224498897553,1.4082562425577299
19A,BT2,241,5,20,0.8275862068965517,True,False,0.009275189322413451,5.589571928544823,0.30478905159196046,1.4984025990637508,1.045348418629374,1.2261284339043637,0.30479565374785633,1.5946491323197132,1.047017829504971,1.2281072891583098
19A,BT2,242,5,20,0.7931034482758621,True,False,0.013535282396140087,5.273916705613142,0.30270529318047135,1.462803566307722,1.0060961540389335,1.2858635177426934,0.3023533283913433,1.575891790689202,1.0098159052584266,1.2903065401249414
19A,BT2,243,5,20,0.6896551724137931,True,False,0.030851927179028835,4.396915028240606,0.29501192218302796,1.4473346203682218,1.023455532610717,1.6090883500009692,0.2942323839298,1.5636819706529002,1.0342006379755229,1.6245789537956197
19A,BT2,244,5,20,0.5172413793103449,True,False,0.0026450400787349066,7.391031543823586,0.31111072871443984,1.5284503342598035,1.1301225994152975,1.1302258363680366,0.31132989901491626,1.6424641936529407,1.1301076248247222,1.1302109348273786
19A,BT2,245,5,20,0.7241379310344828,True,False,0.01368612861682081,5.25528572047609,0.3024002781726138,1.4751040128935395,1.0077008719512262,1.2910848221211342,0.30231574585776366,1.5760452212329854,1.010693134422845,1.2948808572792467
19A,BT2,246,5,20,0.5862068965517241,True,False,0.02930871836818093,4.947492741474214,0.2964550194606632,1.4369486822226574,0.9140696242987342,1.419798080227871,0.29577973494663445,1.5251736709123689,0.9211551106399215,1.4296907034589736
19A,BT2,247,5,20,0.6206896551724138,True,False,0.03948775063266809,3.9628510260241128,0.291369232687423,1.4642381016536412,1.1051491917720881,1.8521940590619788,0.29113463071316575,1.557056920528893,1.1158600289628602,1.8702244385813327
19A,BT2,248,5,20,0.6896551724137931,True,False,0.006465106670906643,6.0827651100495315,0.30700215485895865,1.5077181154464558,1.0588942025868,1.1571162353394382,0.3070927275571493,1.6188832641516535,1.059929294892186,1.1582834563848086
19A,BT2,249,5,20,0.5517241379310345,True,False,0.02077922627676988,5.722178220637546,0.3015561624291282,1.3703706233407424,0.8356570917597897,1.1901137939242201,0.29990635354985196,1.4799738689210917,0.8427590876212511,1.198063027449391
19A,BT2,250,5,20,0.5517241379310345,True,False,0.02486271964130922,5.412385054042748,0.2991410204088903,1.400144548663019,0.8554879652610349,1.2747982838114997,0.2977642691970754,1.5167142826913356,0.8638610140195297,1.2851796120532273
19A,BT2,251,5,20,0.6551724137931034,True,False,0.019594491316419233,5.293894256659783,0.3002560524471124,1.4388106823537876,0.9205641215432533,1.2890542743231013,0.29948953241897464,1.5511007982519287,0.926468341084415,1.2963511460411927
19A,BT2,252,5,20,0.5172413793103449,True,False,0.014237937996959216,4.649299096515758,0.3009899719364515,1.4982099467713568,1.1312972310656226,1.4618207703837514,0.3009335050603461,1.5960017911660604,1.134665948601965,1.4661661585389196
19A,BT2,253,5,20,0.6551724137931034,True,False,0.012858150181234436,5.310227315174058,0.3026739644130871,1.4870511117947889,1.0129503095833898,1.278631732957201,0.3025187110475467,1.588930069140892,1.0158697756220776,1.282208176770623
19A,BT2,254,5,20,0.6206896551724138,True,False,0.01749376404196014,5.088929897191111,0.30014731195001804,1.4753380565608027,0.9845529918347026,1.3386109158618118,0.3003304643401272,1.550667318829545,0.9870323420385757,1.3423062115096829
19A,BT2,255,5,20,0.8275862068965517,True,False,0.0408845226656892,4.442572615993784,0.29261823202513765,1.4312289292659086,0.9748631384571605,1.6537060929152965,0.2918461492433957,1.5277029955208723,0.9864756156287756,1.671957730242766
19A,BT2,256,5,20,0.6896551724137931,True,False,0.00790435223584032,6.050214885014249,0.30591496419206804,1.5020892425556645,1.007527371440629,1.1435013178676392,0.3061056167732683,1.601490165781964,1.0086404576966828,1.1448647530147549
19A,BT2,257,5,20,0.7586206896551724,True,False,0.05436834696876229,4.057561800858922,0.2887421920115296,1.431431594112008,1.0493952597313134,1.9238807592614462,0.28810896627268145,1.5126159969583999,1.0633470804367327,1.9485392734932656
19A,BT2,258,5,20,0.5172413793103449,True,False,0.01607399939414536,4.618130521602927,0.2998308991674701,1.4989582045902918,1.10829252997312,1.4743762049232416,0.3001648965217088,1.574911355811781,1.1105160940875434,1.477869023168504
19A,BT2,259,5,20,0.7241379310344828,True,False,0.02327844667716477,4.6320341329335175,0.2975230197975121,1.4683631433586506,1.0207240392198869,1.4912563330453041,0.29733550791372365,1.5593721623569878,1.0260881264311472,1.4989332237758157
19A,BT2,260,5,20,0.7241379310344828,True,False,0.007936471388628182,5.834762771568197,0.30588460164666353,1.495206871940733,1.0435030151429208,1.185285399765849,0.30601360377282383,1.5990624704191803,1.044794395448825,1.1868267978389826
19A,BT2,261,5,20,0.6206896551724138,True,True,0.05999999999999999,4.367766824707685,0.2891211467097144,1.3815982101974729,0.9614304208278727,1.818148604680034,0.287373218078508,1.4827956942348524,0.9820037248617596,1.8525065328733756
19A,BT2,262,5,20,0.7241379310344828,True,False,0.029363215930886265,4.503951772419698,0.29543845143299163,1.460701073643963,1.0078402167380158,1.5640003298398557,0.2952301420726155,1.5350373638857262,1.013559403196639,1.5726807983220992
19A,BT2,263,5,20,0.6206896551724138,True,False,0.042485988401799415,4.426375124539708,0.292275936603483,1.4248876187697248,0.9739660815575157,1.6697068635353698,0.2917704913784612,1.485872466466512,0.9816168979013062,1.6818701343444726
19A,BT2,264,5,20,0.7586206896551724,True,False,0.027828906810873955,4.386491843835169,0.29553178086550824,1.4659814537361189,1.0451742728566216,1.5983831684409244,0.295340920199612,1.5564195181901261,1.0518337273722727,1.60844663191544
19A,BT2,265,5,20,0.8275862068965517,True,False,0.018953206885780616,4.781918220051545,0.29953649068929966,1.4655642599473446,1.0294532724226069,1.427970632685145,0.2990369491483434,1.5779531733962966,1.0353000004459507,1.4354428742468075
19A,BT2,266,5,20,0.5862068965517241,True,False,0.017686133945973074,5.565478014068143,0.3012546577802728,1.4431938693165756,0.8949962571941703,1.2216295040148093,0.30049344213197354,1.5561329921926352,0.9001732877466456,1.2278374035936124
19A,BT2,267,5,20,0.7241379310344828,True,False,0.008430633083096748,5.605911875410487,0.3054974085595377,1.4960221220968282,1.0687138432417136,1.2288279367937684,0.30546069866628944,1.6120045658891555,1.070557849798864,1.2309426760709463
19A,BT2,268,5,20,0.7931034482758621,True,False,0.01869311493806433,5.218122238364116,0.3005425246486589,1.4413859108312745,0.9435887404462202,1.3055681340117868,0.2999000098032515,1.547228341472262,0.948875424390813,1.312094003812285
19A,BT2,269,5,20,0.5862068965517241,True,False,0.016431072090639612,5.1516301277705265,0.30098451082847916,1.4675257479936274,0.9852306266093421,1.3193900712494917,0.3005180481549168,1.580853681080483,0.9899948475716382,1.3252659877556086
19A,BT2,270,5,20,0.6206896551724138,True,False,0.02826126620874439,4.367606239966755,0.29615517313013023,1.4352165160592676,1.0430398929669753,1.6032117003993702,0.29544666512358936,1.5460227904609933,1.0524982378337737,1.6165040492941751
19A,BT2,271,5,20,0.6206896551724138,True,False,0.028314974296885304,4.52279165490768,0.29649410755847666,1.4337034013699559,1.0059919161207085,1.5478264190977773,0.2956845748326713,1.552380168949796,1.0159051401210046,1.5616755642845417
19A,BT2,272,5,20,0.5862068965517241,True,False,0.012541104981757251,5.461247599200703,0.30293297562628474,1.4859245099076475,0.9907815404576654,1.2434379356609033,0.3028511834696353,1.5833250637918186,0.9933270975389539,1.246594773137324
19A,BT2,273,5,20,0.4482758620689655,True,False,0.030382643338721475,4.257327411770992,0.29572032854716934,1.4165809521705413,1.055692228589333,1.6543432779197755,0.29469350721905724,1.5458819069937744,1.0682416550059275,1.6719992016289327
19A,BT2,274,5,20,0.6206896551724138,True,False,0.012107979968368227,5.893022655243841,0.30387328543410114,1.4634693262370126,0.9246765818187419,1.1516024129630948,0.30333999646282356,1.5774162460808778,0.9279430155930637,1.1552643211521352
19A,BT2,275,5,20,0.5517241379310345,True,False,0.04187051223551401,4.523410437465543,0.2935144722990195,1.3993295753478192,0.9490508126833501,1.6234645834445496,0.29201891627357146,1.5220988215986102,0.9651629256672986,1.6477090713360985
19A,BT2,276,5,20,0.3793103448275862,True,True,0.05999999999999999,4.412086555837977,0.2888070900779183,1.3860826005744453,0.9533646342765231,1.8017859475427065,0.28736320813737726,1.4572535475152812,0.9683104749180185,1.8260395099192197
19A,BT2,277,5,20,0.41379310344827586,True,True,0.05999999999999999,4.054380356834219,0.28792811094988885,1.4126084157569132,1.0446117958191892,1.9711894265074512,0.28662622290424294,1.517432474386377,1.0660938356786722,2.008811364952648
19A,BT2,278,5,20,0.7241379310344828,True,False,0.013100890701475477,5.32896243362678,0.302309325026999,1.4926145906804447,1.0053535800353515,1.27440944985661,0.30253234662902123,1.5747032877969802,1.0071891996305429,1.2769963500944603
19A,BT2,279,5,20,0.5172413793103449,True,False,0.04126772571459094,5.020174032363244,0.2952333733172984,1.3469659061556492,0.8482200235878454,1.4488915696380162,0.2932812372668522,1.4196827543414337,0.8590954032942035,1.4629262420956808
19A,BT2,280,5,20,0.5172413793103449,True,False,0.014536459350622057,5.665317595418829,0.30238099541653396,1.473529828402392,0.920857736565787,1.1974160328345724,0.3019456250062976,1.5680643102936906,0.924167946732574,1.2013196447360734
19A,BT2,281,5,20,0.6206896551724138,True,False,0.011083090854176107,5.152222924276186,0.30349480958746994,1.4906468986486041,1.0834557769527648,1.321417143184108,0.30329619820281334,1.6121352741418948,1.0865672278358274,1.325076868737111
19A,BT2,282,5,20,0.5862068965517241,True,False,0.01638459635978085,4.895332758757147,0.3003885947848957,1.4857225438878665,1.0392880392532027,1.3899992105692527,0.3006354844259177,1.5552190522426492,1.0413582424421313,1.3931599323787418
19A,BT2,283,5,20,0.6896551724137931,True,False,0.016546590236795746,5.284231964592873,0.3014055551227862,1.453944252558828,0.9577164608180663,1.285341809399133,0.3009695872677011,1.5557405267736972,0.961937220631024,1.2905423833505016
19A,BT2,284,5,20,0.5517241379310345,True,False,0.023656118048603205,4.703370664610009,0.29734493823756414,1.4633908935151658,1.002032030000221,1.469934244087844,0.2973895403953598,1.5354946577203645,1.005855836449727,1.4757868585425948
19A,BT2,285,5,20,0.5862068965517241,True,False,0.01868496525805022,4.7990753108899975,0.29971757842121294,1.4672304759268917,1.028810552397349,1.422090027187979,0.29958728875116974,1.5655137102359318,1.033228739011762,1.4281167852924466
19A,BT2,286,5,20,0.7241379310344828,True,False,0.030482439337788703,4.468990526138811,0.2951534957041666,1.4556956462561927,1.009338385080532,1.5819596001233742,0.2947427987570085,1.5489797008185886,1.0171954562042897,1.5936862243460157
19A,BT2,287,5,20,0.6206896551724138,True,False,0.027029573160327898,5.1518821255706,0.29802342813351396,1.40468603149522,0.8862253803642437,1.349074303553839,0.2968286886968686,1.5142619397363222,0.8948365279559745,1.360209370903767
19A,BT2,288,5,20,0.6896551724137931,True,False,0.03573074791921539,4.66625883521387,0.294245519238998,1.4281046994705542,0.9417484943531905,1.541110278888555,0.2934942201823588,1.5115712749682524,0.9504340055657774,1.5538934852300614
19A,BT2,289,5,20,0.6551724137931034,True,False,0.02387842878198054,4.6908542494581615,0.2970425039383158,1.4699230389709972,1.0038011087764565,1.4756729633910417,0.2970930969685612,1.5494619866946784,1.0080713554667788,1.4822272740970264
19A,BT2,290,5,20,0.5517241379310345,True,False,0.05197898676482987,4.3406567656451,0.29102325385072086,1.3820476625977456,0.971036743283434,1.7631687157674667,0.2895495078270842,1.4855065188675303,0.9887249704757212,1.7916844097974327
19A,BT2,291,5,20,0.4827586206896552,True,False,0.019075882528611553,4.456147240418852,0.29897674247977474,1.4700027705010699,1.1045119799089997,1.5337246136469436,0.2985949700144171,1.5844842771904386,1.1106712640823568,1.5417919673601723
19A,BT2,292,5,20,0.41379310344827586,True,False,0.004546004021907188,7.330006500394754,0.3091467237961127,1.5167017169672996,0.9708558144066135,1.0055363357746794,0.30946750586829114,1.6166845331150745,0.9711444245897252,1.0058729521012566
19A,BT2,293,5,20,0.6896551724137931,True,False,0.02597766965796423,4.7692175664604415,0.29697923338578514,1.4576538742508123,0.970277270415523,1.4591156574189121,0.29621834086727306,1.5627154910000172,0.9781298944156518,1.469684825586085
19A,BT2,294,5,20,0.6206896551724138,True,False,0.051670710309520876,4.3436725402045555,0.2898861429905336,1.428365404581212,0.9800672498604819,1.773048132212781,0.28913439511970773,1.5047937997354355,0.9921647709648439,1.7934753115695017
19A,BT2,295,5,20,0.7241379310344828,True,False,0.03713046940249276,4.507248644948804,0.29431038809683924,1.4079229034151945,0.9673898655785456,1.6005802714427484,0.29302185663967684,1.5254512786367245,0.981051900369963,1.6204585352953025
19A,BT2,296,5,20,0.5862068965517241,True,False,0.021453602692306457,4.7641710433904345,0.29897112827131994,1.4471135621104534,1.0055698037751495,1.4400170457765524,0.2982177873992638,1.5732825015932697,1.0132982985068566,1.449995530928287
19A,BT2,297,5,20,0.6206896551724138,True,False,0.011059859906935168,6.227041687507012,0.3047697748405713,1.4579519325044235,0.8947084596737498,1.0915863558379097,0.30425333902256824,1.572005578743405,0.897530416411733,1.0946892734963285
19A,BT2,298,5,20,0.6551724137931034,True,False,0.020940595225888224,4.754813642724366,0.29837539252669437,1.4739062176576272,1.0153905869655464,1.4438279270650862,0.2983647652125458,1.5503445349591378,1.0190651956163772,1.4491590743307485
19A,BT2,299,5,20,0.5862068965517241,True,False,0.010785108145802748,5.15967058258535,0.30397206290817463,1.4789448461536618,1.08865342685169,1.319884716860161,0.303611281085035,1.6128181868177862,1.0921946375382459,1.3239135360966472
BT2,19A,0,5,20,0.6333333333333333,True,False,0.002174999028831737,8.771267551804812,0.3117298476647239,1.5377979214012176,1.044556514405122,12.219773516206443,0.31217013787848424,1.5823671249785909,1.0429729602388629,12.244562821427452
BT2,19A,1,5,20,0.6,True,False,0.0011817739158362251,11.065486171467644,0.3132799435353774,1.5291268590417642,1.0028007838561102,192.6122490700152,0.3133692348255074,1.6051986638562237,0.9984671753432148,192.09354748107202
BT2,19A,2,5,20,0.4666666666666667,True,True,0.0010000000000095386,12.226115513089725,0.31357380928210793,1.5146831458038046,0.9574336117765843,574.2798516054864,0.31372821815193636,1.5949040606420124,0.9532349503373139,573.6481997028692
BT2,19A,3,5,20,0.6,True,False,0.002267359349898444,8.269562396729286,0.3114585381994868,1.5492153959577777,1.0926203075263619,11.194255386252236,0.3115454705742951,1.6191146626441708,1.0884427630249272,11.159968663367332
BT2,19A,4,5,20,0.5333333333333333,True,False,0.01440415175496731,5.155968105691296,0.30086419058329766,1.5053448028086924,1.0290824816061808,1.0844491020568525,0.3013753486854271,1.5363048822662206,1.0285108588931895,1.0839541683277014
BT2,19A,5,5,20,0.7666666666666667,True,False,0.004687940406384172,6.514614030713284,0.3081501717315547,1.5404630003188449,1.111045971139758,2.4718560616174154,0.30843778793179755,1.6027335025762517,1.1080053940755739,2.467128850266775
BT2,19A,6,5,20,0.6333333333333333,True,False,0.006614709040841979,6.602587401964496,0.3067595979900463,1.503543566290007,0.9932419465438309,1.5307430911672621,0.3071274396024449,1.5642270149734936,0.990905000128827,1.528030676939577
BT2,19A,7,5,20,0.5666666666666667,True,True,0.001000000000000016,11.117765585189337,0.3137083517411027,1.5068624409481697,1.0538378433564297,633.8316808620026,0.3138269630414954,1.618073056882593,1.0471164585215336,631.4419103004944
BT2,19A,8,5,20,0.6666666666666666,True,False,0.0027533690069966718,8.294654877420417,0.31098890698318177,1.5087252107316182,1.0286181777579593,6.1494197642646276,0.3113005497293139,1.5904731045191722,1.0245732699034584,6.136996167363122
BT2,19A,9,5,20,0.5,True,True,0.0010119408734608779,12.17009294994444,0.31358034915736943,1.5177971101716776,0.9581491420492784,526.7486380583862,0.31369171295962167,1.59579611232177,0.9539459959194544,525.6884140925814
BT2,19A,10,5,20,0.5,True,False,0.005207222554402372,7.389922896297469,0.30823636550549244,1.5046302261533766,0.9520128199183749,1.8620859949900297,0.3086294062261596,1.5470903687751334,0.9505595496230543,1.8609286888809928
BT2,19A,11,5,20,0.5333333333333333,True,False,0.002504882110730933,7.907613929667575,0.31097638912606834,1.5510184540249965,1.1074122747503727,8.468412740006276,0.3110472380092781,1.619710772225637,1.1032502800592248,8.441421895838104
BT2,19A,12,5,20,0.5,True,False,0.00371877108995397,6.828927126373052,0.3091648366998772,1.5587719836372695,1.1350807889837031,3.597715245308307,0.3095011422028482,1.5966478638985833,1.1334766198967385,3.5973289811617515
BT2,19A,13,5,20,0.6666666666666666,True,False,0.0028275029022805935,8.275171167481739,0.3107395605314203,1.5307233493332235,1.0210258952959306,5.7145881152267215,0.3109359042859404,1.5985236163220298,1.0175638975908676,5.702006505961861
BT2,19A,14,5,20,0.7333333333333333,True,False,0.004453500206173092,7.281984288559589,0.3088911306070287,1.516716013897757,1.0114138960165835,2.416703174692611,0.30923269897753247,1.5796691272798646,1.0086806348460504,2.4126932211093646
BT2,19A,15,5,20,0.6333333333333333,True,True,0.0010000000000000002,11.491698638356095,0.3135615722447787,1.5252782079895517,1.01792425572557,610.4222915668373,0.31357157845171996,1.6201727032719164,1.0120861961579033,607.1500705040933
BT2,19A,16,5,20,0.6,True,True,0.001000000000000002,11.671925798815124,0.3136621186538942,1.5096175152958808,1.0034865506422113,602.9821764234641,0.31384068183653663,1.611217428165922,0.9978621068852472,601.9009299673522
BT2,19A,17,5,20,0.6,True,False,0.009316264187189225,5.740292067962786,0.30415945522172894,1.5213620344693408,1.0358706662228139,1.2711751716531665,0.3045467317641607,1.5589059982541027,1.0347094986061922,1.2701167265204398
BT2,19A,18,5,20,0.7,True,False,0.01158702350275894,5.8317686104119275,0.3031522505899884,1.4947493307346713,0.962813364134072,1.0779801677140775,0.30364486559846704,1.5302810196512466,0.962005516291183,1.0772939050585792
BT2,19A,19,5,20,0.7666666666666667,True,False,0.005181498679582435,6.826327086087979,0.30799005731817675,1.5317003098580386,1.0302833631020665,2.0256855138413714,0.3084358582995393,1.5690980865747977,1.0290568962526465,2.0253440641651146
BT2,19A,20,5,20,0.6,True,False,0.009493223665570313,5.718576372376282,0.3042072423482482,1.5218804633242675,1.0346089928026168,1.2579503750851708,0.30468549530435013,1.5533543858729264,1.0337962112495016,1.257376507829762
BT2,19A,21,5,20,0.6333333333333333,True,False,0.013992187584438745,5.301991301924662,0.3014329060285638,1.5040620330465533,1.0082532132964568,1.0694777101025408,0.3018833256772932,1.5320689484133778,1.007723143419632,1.0690201936003485
BT2,19A,22,5,20,0.5333333333333333,True,False,0.0172361730700026,5.338498085757259,0.29979652840973026,1.4870302683693155,0.9521313238870781,0.9729933607586415,0.30033628697143805,1.5237123447996377,0.9516363204384304,0.9725316486461936
BT2,19A,23,5,20,0.5666666666666667,True,True,0.0010036948537759983,11.388800056912869,0.3135643889479257,1.5370034263112222,1.0252250699967194,598.3311746569781,0.3136898821675845,1.610997954204552,1.021022233838412,597.479004894346
BT2,19A,24,5,20,0.7333333333333333,True,False,0.005335021162639246,7.28018374649799,0.308167947108371,1.4943053782872826,0.9600306649531523,1.826692365913542,0.30859396216603363,1.558947036089486,0.9575543638523425,1.823742052795958
BT2,19A,25,5,20,0.6333333333333333,True,False,0.003991937959946288,7.622644854636922,0.309428543039551,1.5089918673354183,0.9990474984780656,2.8162453091499873,0.30980215626525204,1.5732956078097171,0.996297903737543,2.8122572731636044
BT2,19A,26,5,20,0.5666666666666667,True,False,0.003252785737355668,7.787499935216955,0.31014424933067725,1.5145518709046597,1.0401211834829973,4.258482225759962,0.31043945284632474,1.598144610645702,1.0359436435434368,4.247596416055106
BT2,19A,27,5,20,0.4666666666666667,True,False,0.003922599987413781,7.951977781555296,0.3097835855741776,1.486068259233088,0.9644356579155494,2.800002279084847,0.3102465748769718,1.5495181593043266,0.9619786232695675,2.7975630130593423
BT2,19A,28,5,20,0.5666666666666667,True,False,0.0013105214246385828,10.128837078138384,0.31303778315681224,1.53089029691612,1.0602694319805472,110.46644947348283,0.3132488694481999,1.6056987461203278,1.0561610038978835,110.39814692446521
BT2,19A,29,5,20,0.5333333333333333,True,True,0.0010000000000000002,11.979973242178382,0.3136260091316784,1.5222143360312754,0.9768200474264069,586.5400574690616,0.31371652271224904,1.599501988962103,0.9725112406489229,585.1138450612872
BT2,19A,30,5,20,0.5666666666666667,True,False,0.013985892988210284,5.627209748663828,0.30161235545204806,1.4851345194129821,0.9506853346199059,1.0085462467403281,0.30213393413723294,1.5233650758347568,0.949952813105149,1.0078859350283855
BT2,19A,31,5,20,0.6666666666666666,True,False,0.003188688155459304,8.33297865509085,0.31056831598613727,1.5000995847038243,0.9794458585911757,4.185982541519653,0.3109648418311639,1.5654097298080347,0.9766961418295813,4.182379294282989
BT2,19A,32,5,20,0.6,True,False,0.0019312389824378288,8.737963697628023,0.3118785448396027,1.5469465748132092,1.0869231545042202,19.145830429388965,0.3120434749007313,1.620750609224681,1.0826856248711312,19.1024904762568
BT2,19A,33,5,20,0.5666666666666667,True,False,0.0012346208016214093,10.896075874080484,0.313425512131275,1.5088269897541802,1.0064038144119347,148.5892135702617,0.31363492587032304,1.607459994206429,1.0010567956056553,148.31968247295492
BT2,19A,34,5,20,0.4666666666666667,True,False,0.0020442417314353372,7.96967661223016,0.3117032056128514,1.5536826501945604,1.1702990268139175,16.821823906612668,0.3118881483663616,1.6407056786519205,1.1649094145709902,16.77326509234574
BT2,19A,35,5,20,0.5333333333333333,True,False,0.007058045221752158,6.57986019875236,0.30628694442427795,1.5061636733254657,0.9779983508703237,1.430309951141759,0.3067340558125686,1.546648378756543,0.9767375244886369,1.4293150719372976
BT2,19A,36,5,20,0.7,True,False,0.002205850808569255,8.258587026547094,0.3115207285784125,1.5398249695812625,1.1039857950387029,12.327854331902184,0.31180593067471774,1.6101750249652884,1.1002527220753617,12.31473644673935
BT2,19A,37,5,20,0.5333333333333333,True,True,0.0010000000000000046,11.706578722036454,0.31357930769005904,1.518887835523137,0.9996857988916314,599.6950263261599,0.31350902895280797,1.6268610402758312,0.9929050144381517,594.8913300738508
BT2,19A,38,5,20,0.5666666666666667,True,False,0.0025350603531958983,8.587046393844124,0.3110715465471213,1.5361669195420438,1.0172012747699792,7.533291540972659,0.3113564905912288,1.5861084336616682,1.014961868784683,7.53109034655125
BT2,19A,39,5,20,0.8333333333333334,True,False,0.0012865000385918228,10.412352455052085,0.31320692932624716,1.524242637253438,1.03822764745534,120.32021246382125,0.31342319888808423,1.612699953484173,1.033369946704406,120.16958072959086
BT2,19A,40,5,20,0.6666666666666666,True,False,0.0035254820014038323,7.979901863487773,0.31008176688879935,1.5049487866316245,0.9914438408513537,3.470347890837941,0.3104205280737108,1.5703880763620874,0.9885580069493464,3.4653095732026675
BT2,19A,41,5,20,0.6666666666666666,True,False,0.0031618155800253282,7.783640500212777,0.3101511443286961,1.5429259193957583,1.047830637075429,4.549690769040814,0.31043222361796624,1.5883289920193089,1.0457955611910672,4.54720373165631
BT2,19A,42,5,20,0.7666666666666667,True,False,0.004308205850236075,6.9079027003173685,0.30873505998695455,1.5312667824776747,1.0754482000772143,2.693006240176224,0.3089978520264861,1.5948338959677115,1.072347430908166,2.687568220111953
BT2,19A,43,5,20,0.6333333333333333,True,False,0.0043957183267526465,7.356153674446677,0.3087539445492342,1.5243609443276451,1.004400654105332,2.443573477370295,0.3092153099862825,1.569900368230205,1.0028029088168322,2.443072317570141
BT2,19A,44,5,20,0.6,True,False,0.0013826794996292984,10.400586299708307,0.3131495419204042,1.523628312814734,1.0164371956108955,79.37875605877315,0.3132414233072762,1.6093309076232925,1.011492244192399,79.10554470174506
BT2,19A,45,5,20,0.4666666666666667,True,False,0.0012882135867184374,10.596215712455937,0.3130477568008931,1.5316981769040119,1.0188577819501476,116.90706532568957,0.3131631781767869,1.6084345407747453,1.0145051448281528,116.62715526431839
BT2,19A,46,5,20,0.7,True,False,0.007050062532795191,5.962472303495192,0.30604104221800776,1.5256470376848483,1.0783153365128773,1.577934843190534,0.3064036637544968,1.583653076077698,1.0759498315703961,1.5752746655254855
BT2,19A,47,5,20,0.6666666666666666,True,True,0.001000000000000007,11.88316596041548,0.313584876138184,1.5148356491790524,0.985091013095523,591.0025961134985,0.3138021733509368,1.5939510154917724,0.9810347118783291,591.2677620229714
BT2,19A,48,5,20,0.6,True,False,0.007943689134039778,6.106886161932191,0.3052801714595884,1.520653711722358,1.017934067545306,1.3689294586100877,0.30577210316660763,1.559072383809041,1.0168035461030795,1.3681077260477614
BT2,19A,49,5,20,0.7333333333333333,True,False,0.0017835380046373412,9.871969010953325,0.31245690580099883,1.5155113599436554,0.9890014335135211,23.750742078997835,0.312702855339744,1.5865946934960058,0.9854992041678993,23.72875539512595
BT2,19A,50,5,20,0.6,True,True,0.0010000000000000002,11.21912585884617,0.3135931004869605,1.5234551124118951,1.0428762542151604,625.7854399399974,0.3135684044688513,1.6327516177995116,1.0358701747596593,621.3920810042154
BT2,19A,51,5,20,0.6333333333333333,True,False,0.01191101268273544,5.647866083619502,0.30272192849621843,1.50347735613163,0.9865236480864189,1.0942757385584017,0.3031944343137644,1.5376318842012453,0.9857424717526178,1.0936051530581117
BT2,19A,52,5,20,0.8,True,False,0.0039999286376742,7.566449851019179,0.3094034762448752,1.5131985982882328,1.0056036145682423,2.8254760626229967,0.309797293510075,1.5774039068759893,1.0028785984496023,2.8217733896933073
BT2,19A,53,5,20,0.7,True,False,0.002824973638458056,8.189613764491227,0.3109137990019292,1.5182487579741017,1.0330848139346218,5.799965446600492,0.3111411705357791,1.5999236689241019,1.0288458695275657,5.7841860583949805
BT2,19A,54,5,20,0.6666666666666666,True,False,0.002739715790493238,8.190026471692196,0.310806861540897,1.525837020935883,1.041890550614731,6.299385648886471,0.3110985732817991,1.5953697460216283,1.0384642231886207,6.289955329107288
BT2,19A,55,5,20,0.6,True,True,0.0010000000000000005,11.73857269824892,0.3137054283664216,1.5148911129946703,0.9976068496190489,599.9845048031584,0.31390853842160255,1.6034334403598256,0.9928832272587207,599.7184370137129
BT2,19A,56,5,20,0.6,True,False,0.0025590721311616756,8.571546483308406,0.31112820700660915,1.527585173779311,1.0167787934553238,7.34393455028348,0.31133522547918785,1.597541088546736,1.0132045230551334,7.32855894780521
BT2,19A,57,5,20,0.6,True,False,0.023813704295404137,4.7569246337385565,0.2965948301115193,1.490450190872368,0.9950589459450778,0.9952167008066117,0.29717494535634936,1.5196447562101993,0.9950173068177282,0.9951754197997935
BT2,19A,58,5,20,0.7333333333333333,True,False,0.003564610430159684,7.230703909099992,0.3096122855739475,1.5409716892936431,1.087468655251623,3.723117706959413,0.3098695602818254,1.604674406595802,1.0842382432727478,3.716194369845976
BT2,19A,59,5,20,0.4666666666666667,True,False,0.002515987218187529,8.322706959823558,0.3110358076310897,1.5458395158278722,1.0512328729493605,7.945101329987443,0.31139859736957126,1.590142441158871,1.0494425417499968,7.950845261122061
BT2,19A,60,5,20,0.4666666666666667,True,False,0.004838525619956527,6.971446285998816,0.30847458075280365,1.49587019234093,1.0316770281681922,2.2055909197639645,0.3089153789418549,1.5703145669273768,1.0284826883251896,2.201356181173984
BT2,19A,61,5,20,0.5,True,False,0.00936701219894343,6.2737887754323225,0.30471257089197384,1.4940475093530379,0.947941092402594,1.1605280618813818,0.30511870387154316,1.5328057638843857,0.9468526388294868,1.159541419064925
BT2,19A,62,5,20,0.6,True,False,0.0029447136028365106,7.925469332640662,0.3103735091107802,1.5445347775672709,1.0515497475905757,5.342026642960075,0.3106443843873757,1.5908472467684738,1.0494261362417607,5.339176438296827
BT2,19A,63,5,20,0.6,True,False,0.006926354286206067,6.400430739631183,0.30628516919909865,1.5144345061234934,1.0103354496137438,1.4992604708028054,0.30674659016858363,1.5538094098186608,1.0090975369613953,1.4983720148861477
BT2,19A,64,5,20,0.6,True,False,0.001414934213304889,10.09931317261931,0.31285309406206957,1.5276774124385324,1.0382238544418605,71.64205173791956,0.31303976897520536,1.6040454892616753,1.0340356737398269,71.54304439885853
BT2,19A,65,5,20,0.5666666666666667,True,True,0.0010000000000000002,11.38248201435979,0.3136773348160787,1.5209783108975719,1.0283419232050457,618.1219789442964,0.31357840177238483,1.6306349953053318,1.0211682608782806,612.6953018253668
BT2,19A,66,5,20,0.6,True,False,0.001680332405131205,8.721706790968152,0.31238459435419735,1.5501124756226106,1.1374773581599076,34.909939381254276,0.31249296241559343,1.6410697246139136,1.1316934650129866,34.77911804560305
BT2,19A,67,5,20,0.5666666666666667,True,False,0.011342683347284745,5.758192610001854,0.3031899074650597,1.4932672815091024,0.9805933591407897,1.1060912270899979,0.3036913659270222,1.5286561567676715,0.9797705455116262,1.105404900746148
BT2,19A,68,5,20,0.6,True,False,0.002698485342434923,7.76647829595866,0.31082525532834293,1.5497851670655574,1.1022736106242434,6.923073443529354,0.31096758404392666,1.6178093344998057,1.098376956636436,6.9051393301200426
BT2,19A,69,5,20,0.8333333333333334,True,False,0.0021192821487051824,9.110393882889294,0.31198136299428203,1.5255800471687788,1.0149699257626528,12.94800373166786,0.31223907067004836,1.5936847729893229,1.0115977973769534,12.933588354788581
BT2,19A,70,5,20,0.5666666666666667,True,False,0.008155365578773725,5.612176904939658,0.3048366020578911,1.5235504328368392,1.099035134455553,1.4531702596325602,0.305207223318311,1.5804075560337112,1.096809131818313,1.4507917930836194
BT2,19A,71,5,20,0.6,True,False,0.005213260103445172,7.250054701843356,0.3082899687666584,1.4984909811645433,0.9704353500092315,1.8958025201727993,0.3086543930824542,1.5619404169418507,0.9678880383919307,1.8924689460446855
BT2,19A,72,5,20,0.7333333333333333,True,False,0.0037145424631090987,7.21950564911804,0.30940826333900245,1.5421669626950518,1.0754927062367228,3.4186129220134167,0.3097138798749023,1.5859033751510043,1.0735698491498291,3.4166085842264557
BT2,19A,73,5,20,0.4666666666666667,True,False,0.002551770736988301,7.526452075851594,0.31075096874108027,1.5606819599734447,1.155787489614542,8.392462443874994,0.3108658308254461,1.6281702728734773,1.151645437744391,8.369410514743125
BT2,19A,74,5,20,0.5,True,False,0.00578608751908649,7.236729544669427,0.30787759386160934,1.4797857158394014,0.9438227721699599,1.647281933805261,0.3083547367615745,1.5429691555972118,0.941562081130898,1.6448730551190585
BT2,19A,75,5,20,0.7,True,True,0.0010000000000000002,11.49809324519983,0.3136595611661335,1.5215957749284077,1.0179058814376651,611.6280074502021,0.31385504793060426,1.5951101915793175,1.0139897506078497,611.7902234275758
BT2,19A,76,5,20,0.6,True,False,0.003083374505629593,8.555476627282072,0.3105920916219229,1.513313500182633,0.9629310706750166,4.420597071490805,0.3109601676534558,1.5607323461144216,0.9611247222625855,4.420588170638542
BT2,19A,77,5,20,0.6,True,False,0.0032305192368449736,7.214132091034593,0.3101053438332823,1.5433225826097363,1.123208483685514,4.663032852518252,0.31032086175122997,1.6265476133399162,1.1185360846843884,4.648805646068777
BT2,19A,78,5,20,0.7666666666666667,True,True,0.0010000000035292331,11.247564633282849,0.31367956211850345,1.5332574891160875,1.0399059936966086,625.1153246672028,0.3139013858289442,1.605149109742356,1.0360950722942732,625.7298027467658
BT2,19A,79,5,20,0.7666666666666667,True,False,0.002524444748729937,8.398986141088063,0.3113236627743564,1.5216627212584097,1.0427543214347907,7.823533334418457,0.31164750316460405,1.588920283002384,1.0395219196762304,7.8164698806223365
BT2,19A,80,5,20,0.4666666666666667,True,False,0.001236358028465096,9.403215553414013,0.31308263847535583,1.5512861113296117,1.16149997668201,169.15341261422606,0.3129981954408331,1.6575958934755854,1.1537796026895837,167.8354540882752
BT2,19A,81,5,20,0.7666666666666667,True,False,0.005298807697669374,6.807872854683973,0.307854155895175,1.512612417664654,1.0272126831751047,1.9682087149754894,0.30821825152526017,1.5755699147668063,1.0245490893474272,1.9647638794033446
BT2,19A,82,5,20,0.5666666666666667,True,False,0.0038898908661214875,7.950401948367387,0.30959229834561564,1.5168554405133678,0.965076300241274,2.838870624307513,0.309914169715823,1.5600734763611948,0.9634116076433766,2.8373217686932044
BT2,19A,83,5,20,0.6333333333333333,True,False,0.0042856267603954045,7.562983508895249,0.30917598112851585,1.5122369406787095,0.9855510561724083,2.490109114762574,0.30945802664956523,1.576991577487163,0.9826788538610628,2.4851671717193313
BT2,19A,84,5,20,0.7333333333333333,True,False,0.00593820751639201,6.838776238467235,0.30743267575340794,1.5016354992997636,0.9896867823110173,1.6824937801635795,0.3078251388084634,1.5651382004137486,0.9871940004858295,1.6795129238993618
BT2,19A,85,5,20,0.7,True,False,0.0060211572185389335,6.456414553297464,0.3068461602905764,1.5290716530129274,1.0419241701231117,1.7462494715639318,0.30726584054347617,1.571106844373016,1.0404257761807947,1.745050174853481
BT2,19A,86,5,20,0.4666666666666667,True,True,0.0010000000000000002,11.14089886628364,0.3138179531065936,1.5052692554742506,1.0521209715382316,634.2129900974082,0.31403591783877804,1.6119130414249212,1.046034333861923,633.4755587997012
BT2,19A,87,5,20,0.7,True,False,0.0010881477392088806,10.995928422391462,0.3134910186375817,1.538680123116934,1.0352881390064608,340.89720974732205,0.3137297722760761,1.612975597766817,1.0313950688946012,341.16307322555855
BT2,19A,88,5,20,0.7,True,False,0.007208540242262535,6.44612551662333,0.30619676427423403,1.504340076107646,0.9924026566580446,1.428406417056732,0.30664725413614435,1.5652892483912335,0.9902156575030898,1.4261069832005702
BT2,19A,89,5,20,0.43333333333333335,True,False,0.0047954959614076335,7.765947093543222,0.3087681717041709,1.4881008196697234,0.9293516217130785,2.0109047403945968,0.3092367416887171,1.5543667429648473,0.926901809880642,2.0081213531221924
BT2,19A,90,5,20,0.6666666666666666,True,False,0.007892869125778247,6.304794869928587,0.30552308762054564,1.5148338739613678,0.9882429743541464,1.3348167615163091,0.30582177352097073,1.5558882369772242,0.9868136455202867,1.333327212964141
BT2,19A,91,5,20,0.6,True,True,0.0010000000000000022,10.477002549965132,0.31353460294300967,1.532827586263756,1.1159000553315708,668.817095310282,0.3135192661920927,1.639038787437921,1.1086450817326559,664.389487272746
BT2,19A,92,5,20,0.5666666666666667,True,False,0.0011389737090667532,11.546066338771457,0.313548557508363,1.504188431740106,0.9743468329861182,237.45833213293744,0.31391796180477444,1.577009754085572,0.9711580006510867,238.24913566783093
BT2,19A,93,5,20,0.7333333333333333,True,True,0.0010000000000000002,11.400713620133411,0.31364769475079046,1.5311198293607107,1.0259656149600684,616.3323927637176,0.3138555365767404,1.6079421479641136,1.021852871771673,616.5549778731593
BT2,19A,94,5,20,0.6333333333333333,True,False,0.0012565260269235688,10.729364753664317,0.3133838963041226,1.5041183448431734,1.016670071368013,135.27987831827483,0.31362685384229316,1.6020895511103286,1.0114115204980219,135.11473566917093
BT2,19A,95,5,20,0.6333333333333333,True,False,0.0040962875278832515,7.933581593057413,0.30934682703953115,1.5152001823561267,0.9521834792688966,2.576700129968718,0.30981450372381014,1.5607043613755651,0.9506795212745242,2.5766596422893144
BT2,19A,96,5,20,0.5333333333333333,True,False,0.004665931132726354,6.610858133666781,0.30819920550424157,1.5268253830350573,1.0972286458085478,2.456516854434254,0.3085163907659877,1.5895802376801824,1.0942499388483542,2.4520781289119435
BT2,19A,97,5,20,0.6,True,False,0.0023032010448423776,8.693509205332276,0.3116286330739176,1.5123666577990431,1.0370359025147118,10.141928204007439,0.31200440439580573,1.5774889343005956,1.0340677366120665,10.141793295670215
BT2,19A,98,5,20,0.6333333333333333,True,False,0.0037198225010102496,7.805263833219137,0.30979956349900395,1.51215010995706,0.9967167554022417,3.1648685719046052,0.31011424928465936,1.577830720852801,0.9937712263088445,3.1595126110244927
BT2,19A,99,5,20,0.7,True,False,0.008065938088100041,5.676634939310824,0.3047982751420338,1.5312574084846018,1.0894265160671528,1.450317887690377,0.3052478324555566,1.5697103241000228,1.0881684468750217,1.4493025428600637
BT2,19A,100,5,20,0.6666666666666666,True,False,0.002104998684784886,9.6475243671779,0.3118831143596882,1.508880078016136,0.9611340997980534,12.529231735936904,0.31219021376327044,1.5836464150200156,0.957685251497467,12.51739967081409
BT2,19A,101,5,20,0.7,True,True,0.0010000000000000002,12.047902409676835,0.3135970752772198,1.514127576737926,0.9717013096314945,583.1137575619193,0.3138052886082302,1.593839007919204,0.9676368374380275,583.2298157301274
BT2,19A,102,5,20,0.6333333333333333,True,False,0.001680155230083075,9.059079344397324,0.3124175824102042,1.5476370541694688,1.0954090447792368,33.64595249013908,0.31270216302324644,1.6188833666731652,1.09162852003886,33.638637666583485
BT2,19A,103,5,20,0.5666666666666667,True,False,0.005536904595360798,7.196280834339387,0.30797716537506253,1.5018522229921138,0.9602726219663441,1.7541939444812469,0.3083267075926957,1.5628778236619865,0.9578745026144043,1.7511354481954737
BT2,19A,104,5,20,0.6666666666666666,True,False,0.0027874490435552506,8.232640071697862,0.31092918065601716,1.508243066009178,1.03243681777388,5.98695466925463,0.3112462838788201,1.5897309260393486,1.0284074888406032,5.975036073687587
BT2,19A,105,5,20,0.5333333333333333,True,False,0.0017002278656920642,9.175060524453425,0.31267833631446035,1.5299775081581144,1.0795194968893742,31.61980120643301,0.31300701148435395,1.6128177395649466,1.0751826472044312,31.60918241719455
BT2,19A,106,5,20,0.6333333333333333,True,False,0.002309534037938155,8.874829543949941,0.31165578618627315,1.5042949748068115,1.0155416868716522,9.851743337189594,0.31199493436028813,1.5869567721931321,1.011523781909472,9.838359538182587
BT2,19A,107,5,20,0.5333333333333333,True,False,0.003510376467799744,7.471452793074049,0.30959402888955684,1.5420677796132487,1.0571114883396047,3.7226734218565096,0.3098162797312627,1.5915519139817118,1.0547134366046063,3.7178504036240065
BT2,19A,108,5,20,0.8,True,True,0.0010000000000000009,11.462360481407783,0.31376197633332775,1.5177888624612061,1.0216510766325793,615.1574018459874,0.314033457163182,1.6078943750756807,1.0169393712334758,615.8203243634703
BT2,19A,109,5,20,0.7666666666666667,True,True,0.0010000000000000005,11.020936240270517,0.3135479969654561,1.5280755024488302,1.0611780936405262,636.1875925364374,0.3136735303149446,1.6202535408798293,1.055657155144239,634.606229576543
BT2,19A,110,5,20,0.7,True,False,0.003820502335568178,7.677025581880773,0.3096131262569931,1.5100608739886312,1.0051669269148662,3.0470175818520513,0.3100112497660479,1.5768712356254624,1.002299464867617,3.0429423513106326
BT2,19A,111,5,20,0.6333333333333333,True,True,0.0010000000000000002,11.379348125228221,0.31350982360355295,1.5231110679680764,1.0279398437206977,615.7758527183253,0.313553842021725,1.6178275397279827,1.022166762768869,612.9730581041596
BT2,19A,112,5,20,0.7333333333333333,True,False,0.0037199584262184154,7.349799608009296,0.3093695158329007,1.5283678886469,1.0566843922950462,3.349781978426036,0.3096425104390165,1.5967541735525255,1.0533244771880168,3.3428542720708196
BT2,19A,113,5,20,0.7,True,False,0.002717038959328792,8.400156820820436,0.311049367539916,1.516432182048707,1.0194535196800079,6.301527277987524,0.3112856927707775,1.59899420112212,1.015225984086892,6.284891763401096
BT2,19A,114,5,20,0.7333333333333333,True,False,0.0071568336989414295,6.434672656869482,0.3062988221920813,1.5031967422926322,0.9963427579947756,1.441948087676434,0.30668080197402975,1.5629803245126568,0.994110858912218,1.4394660020731782
BT2,19A,115,5,20,0.6,True,False,0.0043026983508742565,6.617065628549206,0.30849603568203915,1.546221618739654,1.1217851750873304,2.8123314334426404,0.3087683011281188,1.6106360615559623,1.1185187749312964,2.806658930275614
BT2,19A,116,5,20,0.5,True,False,0.006910237542501432,5.671962416415553,0.30561508065841797,1.550358711525504,1.1379857893123975,1.6903717792805923,0.3060171129245938,1.5834591576108243,1.1368334350222369,1.6895940235210718
BT2,19A,117,5,20,0.6333333333333333,True,True,0.0010000000000044665,11.279676933986176,0.31364039283571593,1.542625385698665,1.0362235808571632,622.4150614157261,0.3138452301768249,1.61326276005441,1.032448917719577,622.8234429855348
BT2,19A,118,5,20,0.7333333333333333,True,False,0.0013989798671748999,10.084618444053607,0.3129106008017929,1.5361899708537303,1.0430076986462327,76.3670399722199,0.3130200913659968,1.610418278431631,1.0387026533681687,76.17606071764358
BT2,19A,119,5,20,0.8666666666666667,True,False,0.002391049370769528,8.630810919670918,0.31146370797314954,1.5244726507881259,1.031685509619524,9.022956466647118,0.3117464549538874,1.5908048502156216,1.0284384694696989,9.013230837836709
BT2,19A,120,5,20,0.5,True,False,0.008694357101751196,5.7663349257040375,0.3045000320001096,1.5273723087745876,1.050655559063808,1.3376341255561655,0.30497832409813413,1.5607823857751424,1.049722520332255,1.3369884427602245
BT2,19A,121,5,20,0.6,True,False,0.003787474753429738,7.13192993427347,0.3092260114613896,1.5515377940915913,1.0815603891157848,3.3226715990780784,0.30945335477459845,1.592651465225481,1.0796236030747637,3.319649154465071
BT2,19A,122,5,20,0.43333333333333335,True,False,0.021485964713463524,4.9400168757528995,0.2977091457291551,1.4814463883032913,0.9790408262189393,0.9818758812773947,0.29824955009113013,1.5120475649874676,0.9788653756098956,0.9817060034306547
BT2,19A,123,5,20,0.6666666666666666,True,False,0.0063485946289667024,6.406930258663995,0.3068327464740488,1.514848939828683,1.0350424378274155,1.6526122438578716,0.30720939731306307,1.5737477509377737,1.0326801346130055,1.6498920912020874
BT2,19A,124,5,20,0.6333333333333333,True,False,0.007708763025989545,6.579254905218826,0.3058457565284755,1.5006156735493947,0.9541464840286557,1.3093832232836993,0.30634802895600727,1.543810754158578,0.9528901286582635,1.3083897826538997
BT2,19A,125,5,20,0.8666666666666667,True,False,0.009087088800175495,5.926692266314339,0.30458325250881685,1.5159341348416466,1.010667808100296,1.2564827129977032,0.30499050846316084,1.549584937795933,1.0097015693620623,1.2556790096363957
BT2,19A,126,5,20,0.7,True,False,0.0014010926952289849,10.14245169061098,0.31287518865126007,1.5325585385879505,1.0366996804999697,75.27669824349734,0.31296767095597683,1.6084819824253,1.0322656990973842,75.05971564386732
BT2,19A,127,5,20,0.6,True,False,0.0129994278856033,5.4344664722399285,0.3019189310130254,1.501714111294162,1.002244562570305,1.0829659175088135,0.30238877748017434,1.5334889854359852,1.0015764141435926,1.0823890128256208
BT2,19A,128,5,20,0.6,True,False,0.0014729597572018431,10.15500784349435,0.31297698409753894,1.5082118446427384,1.0213983159077231,57.69994430138688,0.31321854607676447,1.6046981824009052,1.0162163091472962,57.595839231818104
BT2,19A,129,5,20,0.7,True,False,0.00856898968791908,5.865005949715385,0.3049005458373133,1.5120618130586925,1.0381529372263458,1.3330149414422696,0.3052840483742313,1.5696131974989105,1.03607746908019,1.3308321803913994
BT2,19A,130,5,20,0.6666666666666666,True,True,0.001000000014910062,11.488416259521836,0.313568974497882,1.5209249515527212,1.0185094276456708,610.8604891869561,0.3137724332594545,1.5989043916824077,1.0143407943866132,610.9761058721671
BT2,19A,131,5,20,0.6666666666666666,True,False,0.004623957644207896,6.677082784244647,0.30847881223811835,1.5246591278579198,1.089830682545674,2.471154033546471,0.3087187851936752,1.6016146299377505,1.0859282014991858,2.4641203755358143
BT2,19A,132,5,20,0.7666666666666667,True,False,0.0010471575626382766,11.171090860113562,0.31371126250005377,1.526078886725399,1.0327410497601897,445.26227706219345,0.3139138470812019,1.6147407947562977,1.0278430239326795,444.9607018141102
BT2,19A,133,5,20,0.7333333333333333,True,False,0.0038015234337312196,7.087087525648418,0.3094341086795936,1.537130166090208,1.0884857428116423,3.3254425288965885,0.30975668357997976,1.5996801425407836,1.0854754402736566,3.320397672407395
BT2,19A,134,5,20,0.8,True,False,0.001382231972202805,9.858514262866295,0.31296032687233266,1.533608981665481,1.071207456558861,83.57970661909178,0.31323741763347723,1.606060067160684,1.067412720658555,83.61601129669108
BT2,19A,135,5,20,0.6333333333333333,True,False,0.0026049177541013955,8.50252540640289,0.31117359537054073,1.5140111071264177,1.0204572101915617,7.033175375478112,0.31147527756784565,1.5815173690693178,1.0172324371962695,7.024820379101526
BT2,19A,136,5,20,0.6333333333333333,True,False,0.017665962408430828,5.1048454791742115,0.2993107664240577,1.49913734532722,0.9896604610092841,1.00823287212292,0.2998362571162813,1.5315329632670116,0.9892464172951139,1.0078489393559191
BT2,19A,137,5,20,0.6666666666666666,True,False,0.0012051491714924838,9.992511527279897,0.3131329149577755,1.5464400993762724,1.1021420011499912,187.24899730306106,0.3131135772263226,1.6366846050442507,1.096083372527457,186.19072362342808
BT2,19A,138,5,20,0.4666666666666667,True,False,0.009219670180635187,5.664332637050507,0.30412273744387847,1.5214830036249372,1.0526559127012933,1.2985490391686145,0.30451669182654456,1.556311468099933,1.0515919041049393,1.2976231878411182
BT2,19A,139,5,20,0.7,True,False,0.0014678994747057796,10.045518279149693,0.3128512113676571,1.5170679515994123,1.032710590040248,59.240009084117915,0.31308995153239966,1.6047945920979492,1.028000759997882,59.16131356136628
BT2,19A,140,5,20,0.5333333333333333,True,False,0.006424398639229551,6.75908538934621,0.30692866795887863,1.51682102679603,0.9778689908962419,1.5454015179997704,0.3074146684274129,1.5540943697172442,0.9767849208005556,1.5448665898799698
BT2,19A,141,5,20,0.5333333333333333,True,False,0.0014745237092814547,10.516899209996877,0.3130824282057096,1.4999782736185394,0.9867078270734473,55.52502019658947,0.31339368676986734,1.5847496448200526,0.9825821559427022,55.522938643173006
BT2,19A,142,5,20,0.9333333333333333,True,False,0.004709665297381543,7.1420690744206725,0.3085330192346449,1.5157575211481926,1.0140123347893684,2.2445325704093255,0.3088972159837139,1.5810238192624348,1.0112110737905744,2.240618518419638
BT2,19A,143,5,20,0.4,True,False,0.003502934040256541,8.038413234980146,0.30992889462917295,1.5309496997098808,0.9844091660440011,3.4850697670236905,0.31005518115308617,1.5755681852149672,0.9822531089300119,3.479453058482397
BT2,19A,144,5,20,0.6666666666666666,True,True,0.0010000000000000022,10.962003026758953,0.3136034355049,1.5407336537953864,1.0662496178398901,639.9657676380548,0.31358627373814585,1.6320820692317646,1.0602713029733766,636.2607052705854
BT2,19A,145,5,20,0.8,True,False,0.0031843715333493097,7.796068908052145,0.31020403977188793,1.5273669330905975,1.0449619998191373,4.471188241115626,0.3104478161517494,1.5945052377437783,1.0415972355834087,4.462329577196193
BT2,19A,146,5,20,0.5666666666666667,True,False,0.0025155506288733883,9.044911952372882,0.3111920746697647,1.5262812176692746,0.968772978645457,7.332558739176655,0.31153502774600594,1.575337559902436,0.966816705101368,7.334649939704875
BT2,19A,147,5,20,0.7666666666666667,True,False,0.003404973968523585,7.333687579740477,0.3098496081012924,1.5434251354077095,1.087205209532569,4.060568952991685,0.31008760222015386,1.6052716102765623,1.084029709490671,4.053172644661678
BT2,19A,148,5,20,0.43333333333333335,True,False,0.0038730535798151234,7.999212779583536,0.30954152553155995,1.5158597372383777,0.9603757916107706,2.8448604293144024,0.30999036429079885,1.557785853559308,0.9590103691025207,2.845452734807737
BT2,19A,149,5,20,0.6333333333333333,True,False,0.0010213769455121172,10.642312266196392,0.3134949562286683,1.5304390583572034,1.0914158721573477,559.9111302398013,0.3135786008909323,1.6207836457839793,1.0857166337564226,558.0066824622371
BT2,19A,150,5,20,0.6333333333333333,True,False,0.002010742296493901,8.49434801089257,0.31191341605669237,1.5534321526090142,1.1041355035440734,16.83811897994871,0.3121610463517373,1.621546569997242,1.1004332087036137,16.819880204250154
BT2,19A,151,5,20,0.8333333333333334,True,False,0.0016855252885642714,9.858783753080804,0.31262284724367434,1.5185421115728999,1.0078606808782422,30.606451207040063,0.3129705555458007,1.5900098874083584,1.0045391443391096,30.62529246243474
BT2,19A,152,5,20,0.6666666666666666,True,False,0.001104570713553342,10.270726726797953,0.31333333543960235,1.5395220185040779,1.102669415567725,327.3804891172266,0.31337359429333544,1.6321325571095537,1.0966264160362735,325.8789416354275
BT2,19A,153,5,20,0.6333333333333333,True,False,0.0011207927947395604,10.951652317277238,0.31353127403548364,1.512281571765914,1.0317941240411823,279.15456856091805,0.3137847447776141,1.5982701408751399,1.0272311882875638,279.2238848883374
BT2,19A,154,5,20,0.6333333333333333,True,False,0.0014037254311214525,10.285133917514601,0.31304100057674944,1.5222413634613359,1.0228454651458074,73.71820406323425,0.3132006546623957,1.6099638753450716,1.0179468238669622,73.53664040322411
BT2,19A,155,5,20,0.5666666666666667,True,False,0.0022014863254791028,9.121340979278322,0.3119261307716347,1.50966188777239,1.002893866598105,11.304361805838738,0.31216298285495686,1.5908699177927228,0.9987573414701776,11.27994800301248
BT2,19A,156,5,20,0.5333333333333333,True,False,0.012683843229439162,4.940842751824917,0.301387226764715,1.5328586748066395,1.1077586766062881,1.2050205273320416,0.30186624121855765,1.5590419946992033,1.1072043440331496,1.2045924401044557
BT2,19A,157,5,20,0.6333333333333333,True,False,0.003227359766399898,8.386517598727755,0.31050975295007355,1.505243245536542,0.9693069082442131,4.039454785458731,0.31085999077094184,1.5707676629224445,0.9664848690090769,4.034571007300447
BT2,19A,158,5,20,0.6333333333333333,True,True,0.0010000000000000217,11.43864092341831,0.31368695349152675,1.5140022476668833,1.0237599194001497,615.4806871368781,0.3138360770327176,1.6160676132722687,1.0178969943815301,613.9335572965815
BT2,19A,159,5,20,0.7,True,False,0.005847428607932868,6.360013072116396,0.3070910155998866,1.5407609481118225,1.0663105271560471,1.8392099118462888,0.30751927598283596,1.57620887756098,1.0651253609428786,1.838634400638267
BT2,19A,160,5,20,0.8,True,False,0.002420281963148467,8.889232264658695,0.31138690178324235,1.515330770159386,0.9983667818537397,8.427408684369825,0.3116915489001448,1.5859582124062654,0.9950312926316656,8.417740514762016
BT2,19A,161,5,20,0.5666666666666667,True,True,0.0010000000000000002,11.922459161117414,0.3135629918612321,1.5135150804908368,0.9818546359484389,588.7967293320888,0.3136059257730772,1.6110855080234747,0.976167168770765,586.0028393784141
BT2,19A,162,5,20,0.5333333333333333,True,True,0.0010000000000154094,11.228272265567178,0.3137377251709483,1.5284102667977553,1.0421946632940156,627.2290220957242,0.31379226216718115,1.6293462664666438,1.0359836399502127,624.2994281698458
BT2,19A,163,5,20,0.7,True,False,0.005454003369412216,6.635931939564192,0.3076824886476802,1.5343379813807778,1.0437275443851404,1.9366445169887194,0.30815426303316606,1.5697057784498172,1.0426341895626243,1.936528092485921
BT2,19A,164,5,20,0.7,True,False,0.002830474707870458,8.105700455747755,0.31068881096012874,1.5316497044785626,1.0418761075066822,5.815033027852479,0.31093286822936106,1.5983604687651503,1.0385146013751487,5.804698091117566
BT2,19A,165,5,20,0.5333333333333333,True,True,0.0010000000000000005,11.298762523803221,0.31376617556154607,1.5264311957708734,1.035911977640129,623.8074102384924,0.3138027424741979,1.6265577518395251,1.0297299393722712,620.660322571153
BT2,19A,166,5,20,0.7333333333333333,True,False,0.0010977199698022507,10.833829179358808,0.31347665910300493,1.5416987696108908,1.0476972285056936,325.12169905496177,0.31364334555409806,1.6142835821287058,1.0436316938745145,324.8917511968668
BT2,19A,167,5,20,0.6333333333333333,True,False,0.003476179488619188,7.426745835953852,0.30980398074332877,1.5237240317321992,1.068071025222786,3.833993656429556,0.3101484750481473,1.5889592573395286,1.0649824034121398,3.828701154319096
BT2,19A,168,5,20,0.7,True,False,0.0043167717775810166,6.804736695817586,0.30863893892031224,1.53529313153063,1.0907063377876478,2.7225849565306808,0.30887544967248487,1.5987938875708243,1.0875165699294236,2.71675651899761
BT2,19A,169,5,20,0.6666666666666666,True,False,0.007334250505670302,6.248114653084692,0.30577830948114687,1.5220677966827745,1.017611090682712,1.445637401689967,0.3061468693945242,1.562369546545012,1.0162224563520736,1.444331027519691
BT2,19A,170,5,20,0.6333333333333333,True,True,0.0010000000000150548,11.307737273343779,0.3136844952873899,1.5153262241381549,1.035519724008727,622.5209348758416,0.31382624560429645,1.6163257466425671,1.0296320273934978,620.8872281897201
BT2,19A,171,5,20,0.6666666666666666,True,False,0.004475409813387213,7.319740229417659,0.3087622826769214,1.5289958201129359,1.003892905024662,2.381566144500916,0.3092126533409581,1.570677305314189,1.002479947514871,2.381338554579877
BT2,19A,172,5,20,0.9,True,False,0.0024519133861418555,8.536661504332738,0.3113901522998015,1.5268499099889514,1.0348545014483403,8.420282519642978,0.3116801784417242,1.5948420402672667,1.0315198200741884,8.410455267499572
BT2,19A,173,5,20,0.6333333333333333,True,False,0.0027264368582551467,7.778239404844542,0.31081310482431856,1.5303364745330623,1.0983863017588338,6.7219720863002275,0.31098395239895715,1.613136737675669,1.09366041794283,6.700582010714434
BT2,19A,174,5,20,0.7666666666666667,True,True,0.0010000000000000018,11.054859984937995,0.31360910232855643,1.5342288052289759,1.0577319575263873,634.9192884517842,0.3136303255036952,1.6278773423751889,1.0517832393675228,631.7294346490082
BT2,19A,175,5,20,0.7,True,False,0.004214034258852007,7.66042564413158,0.30917990526318107,1.5118215463823677,0.9778565117833556,2.5331087222092483,0.3095499852059597,1.557006686465136,0.9761606707235257,2.531749131438543
BT2,19A,176,5,20,0.5333333333333333,True,False,0.0041814166859134696,7.454475253553638,0.30900535621738945,1.5299741880310638,1.0058854034134168,2.634962569102189,0.3094367045163248,1.5716100157499633,1.004437845386175,2.6348533509856895
BT2,19A,177,5,20,0.43333333333333335,True,False,0.001279978059633725,9.719373088984268,0.31302467790585575,1.543614783724911,1.112097553760487,132.2984272335053,0.3129995843047025,1.6363436816066572,1.1058198698895672,131.52295230765927
BT2,19A,178,5,20,0.8,True,False,0.0016356477964620509,9.556482257991833,0.3126050469664772,1.5251110744631458,1.0488931194765057,36.257269828655495,0.31278039886286446,1.6119898128310057,1.0439942435544167,36.16509311267057
BT2,19A,179,5,20,0.7333333333333333,True,False,0.005147019413227779,6.925498902494615,0.3079202260778291,1.5298488724422965,1.0174681982350051,2.0157220071586583,0.3083718644926675,1.5721675451618806,1.016013444982293,2.014960620557188
BT2,19A,180,5,20,0.5333333333333333,True,False,0.007619858225604749,5.733456619125053,0.3053009697024532,1.5256466044790502,1.0965045162618043,1.5157672029065097,0.3056612290918938,1.5820750575341045,1.0942336720038917,1.5132857732197371
BT2,19A,181,5,20,0.8,True,False,0.0043228789309960915,7.460175185640322,0.30896977450413626,1.521566949514042,0.9957589119163668,2.482868843899849,0.3094187058897127,1.565352481152782,0.9942444486010209,2.4825261553168314
BT2,19A,182,5,20,0.6666666666666666,True,False,0.0050926191173184384,6.7884544621932905,0.3080188271938326,1.5177445283237743,1.0419911634728745,2.0906089667902568,0.3083872782509597,1.5791594059945586,1.0393584126212898,2.087221229660296
BT2,19A,183,5,20,0.7,True,False,0.0036012720902495795,7.737920695708691,0.31007840411094695,1.5220510176175157,1.0150678289638306,3.4173765965345035,0.3103803706105241,1.5826440744258428,1.0123139494542477,3.412429776344634
BT2,19A,184,5,20,0.8,True,False,0.004823533099092814,6.943270951107207,0.30844371982264884,1.5200614267366477,1.0354583284894043,2.2222670868293175,0.3087628715069249,1.5819396280032278,1.0327120409032182,2.2182983434592654
BT2,19A,185,5,20,0.7,True,True,0.0010000000000000002,11.662599205800987,0.31373438617852323,1.512142777624513,1.0043668940335055,604.4039042876635,0.3140467732559158,1.6023856098332974,0.9998575063991998,605.6345355095017
BT2,19A,186,5,20,0.6666666666666666,True,False,0.0013617318976740288,9.924530253047308,0.3130248766164853,1.5432082681271322,1.0685689530043985,90.32554427534316,0.3132300756387156,1.617172108694068,1.06446582834699,90.2524431112219
BT2,19A,187,5,20,0.6666666666666666,True,False,0.0021981154637012402,9.057008129388553,0.3118602847888671,1.5062423747277884,1.0105270186710296,11.440043869100007,0.3121712950032984,1.5892531448227936,1.0064337853037337,11.422844535653214
BT2,19A,188,5,20,0.7333333333333333,True,False,0.006273859632861437,6.450875958752021,0.3068626825472101,1.5305696508776516,1.0307065271480924,1.663230665798298,0.3072348548930897,1.5672010207480873,1.0294324759581668,1.662203689128209
BT2,19A,189,5,20,0.6333333333333333,True,True,0.0010000000000000141,10.928641426358137,0.31349304232346487,1.534510194205583,1.0695321159986129,640.485336301489,0.31356079240111195,1.629669819934035,1.0635775485475079,637.9104291652748
BT2,19A,190,5,20,0.6,True,False,0.003481160359494536,7.981354487241214,0.3100975297355802,1.5021324264385807,0.9951763544970971,3.5669061991267537,0.3105111465416853,1.5683131985933931,0.9923816200926588,3.563286813468448
BT2,19A,191,5,20,0.8,True,False,0.0016754846448627941,9.48333651722551,0.3125612869270221,1.529280257334453,1.0488396523164325,32.65102158816339,0.31273539415319296,1.6149471250996297,1.044017169003718,32.567954440690144
BT2,19A,192,5,20,0.6333333333333333,True,False,0.0030478259898725577,7.866574068805509,0.3102766974251763,1.5410908495699445,1.0485759353735602,4.9295714378773985,0.31053492484235434,1.5889414418036865,1.0463437099600374,4.925768579537566
BT2,19A,193,5,20,0.7,True,False,0.0015699127153374934,9.495457125288391,0.3127071465364366,1.5219008374714291,1.0694930118844832,44.49141009925229,0.3129965258108795,1.6085287417880139,1.0648402426531887,44.45752337606287
BT2,19A,194,5,20,0.6666666666666666,True,False,0.002024397660015365,8.870756545144268,0.31203624581140377,1.5196423661711218,1.0575185133068004,15.766522824507089,0.3122623500841323,1.602748363392336,1.0529945924578366,15.731998697987335
BT2,19A,195,5,20,0.7,True,False,0.0029937285595424868,7.731199219004992,0.3103420134844811,1.5451212192197137,1.072562300022666,5.248303399103225,0.31065118499889466,1.5891598924804236,1.0706200890042377,5.247435846501931
BT2,19A,196,5,20,0.6666666666666666,True,False,0.0017697900522007613,9.96112137439168,0.3125534740842165,1.506006668705056,0.9832722547556967,24.381685672461696,0.3128299005182965,1.5907393986655478,0.9790793233354421,24.350220502518475
BT2,19A,197,5,20,0.4666666666666667,True,False,0.0016335889967086762,9.707420024516763,0.31281767793795423,1.506490457828906,1.0347215424359637,36.05143911576032,0.31304657779656336,1.6009497658156995,1.0295747747723654,35.97124402204543
BT2,19A,198,5,20,0.6333333333333333,True,False,0.003915636036033646,7.8578654479914265,0.3094653046572717,1.5170982544606302,0.9743051983313529,2.8339024193126314,0.3098469322108143,1.563358819650022,0.972573387588206,2.832769835717173
BT2,19A,199,5,20,0.4,True,True,0.0010000000000000002,11.00631925714021,0.3136746730313966,1.5153584359607686,1.06384281631429,639.4198237125261,0.3134738784144488,1.6478475726225632,1.0546082928595992,631.4317806686882
BT2,19A,200,5,20,0.6666666666666666,True,False,0.014822443688819053,5.083408745820644,0.30059600158611544,1.51537078450735,1.036104915811836,1.0853574753046225,0.3011049189585702,1.5464212025354376,1.0355454592860323,1.0848668316449264
BT2,19A,201,5,20,0.7,True,False,0.003913131262057459,7.952905278780404,0.3095659752569898,1.5081867000438687,0.9634818228627676,2.806293865945443,0.30996177188459006,1.5547633273956876,0.9617779527158925,2.805339605676701
BT2,19A,202,5,20,0.5666666666666667,True,True,0.0010000000000132034,10.968086942996162,0.3138193709043245,1.5247867805793682,1.0674323570936655,643.4840753535148,0.31404451079659823,1.6287633973309306,1.0614540672629842,642.946066949594
BT2,19A,203,5,20,0.7333333333333333,True,False,0.004138335184942439,6.9416996245705835,0.30894804238207757,1.537189251441039,1.0829457177300632,2.8813029041015876,0.3091750649282548,1.600409441401004,1.0797563268705443,2.8751304922524055
BT2,19A,204,5,20,0.7666666666666667,True,False,0.0018989898796955402,8.787096868143168,0.3119726185830801,1.543029254051543,1.086912570737759,20.39219721786927,0.31213689349517443,1.6138263302995721,1.0828608981290206,20.349975490329776
BT2,19A,205,5,20,0.5666666666666667,True,False,0.004272431783455705,7.471865063729984,0.30890709446985337,1.524798998116753,0.9973404476737928,2.5293321042335912,0.3093174906258933,1.5670825914450033,0.9958349460147988,2.528777416247955
BT2,19A,206,5,20,0.6333333333333333,True,False,0.005639761025508262,6.712302397782319,0.3073248233605537,1.5291894504645824,1.0217329722110458,1.828600400921191,0.3076668671886349,1.569754301862806,1.0202073808580268,1.8271379653120485
BT2,19A,207,5,20,0.7666666666666667,True,False,0.00410142766362444,7.677010504556397,0.30928917996015587,1.5077165633252825,0.9839335181948854,2.656938057408904,0.30966978602166834,1.575092402868514,0.9810851420884252,2.652728173715877
BT2,19A,208,5,20,0.6333333333333333,True,False,0.006277727982463243,6.9295213202543895,0.30714021677131514,1.5044045237793655,0.9609056172569821,1.5503598284428297,0.30756878215715405,1.5466888301092736,0.9595334625938537,1.5492491734116591
BT2,19A,209,5,20,0.7666666666666667,True,False,0.001782576815572419,9.3155205306626,0.3123542747851491,1.5219772823487272,1.0475687227575299,25.18547032868763,0.31254681936788686,1.6081854334017391,1.0427820170506663,25.123232797781924
BT2,19A,210,5,20,0.7666666666666667,True,False,0.008934883561109734,5.921548898390736,0.3045774370437635,1.5156083053896583,1.0161710348941515,1.2746387007159963,0.3050043890296432,1.5519340545743825,1.0151025028655398,1.2737388199364341
BT2,19A,211,5,20,0.6666666666666666,True,False,0.0050230830726382715,7.307067857613454,0.3085053590330335,1.5015485620447127,0.9734371964809834,1.987488530053686,0.3088218959920229,1.5632412800820619,0.9708783056993625,1.9838677729823215
BT2,19A,212,5,20,0.7333333333333333,True,False,0.0023222396749294993,8.704408024561705,0.31156384188914543,1.527804948056111,1.0320819380047384,9.842678615517302,0.31184063130592077,1.5974450281267585,1.0286197609763739,9.830427163469404
BT2,19A,213,5,20,0.6666666666666666,True,False,0.0024540084553708336,8.68523943290202,0.3113604332883124,1.5122070142768584,1.0176728463068068,8.258780423112539,0.31170418283702167,1.5805661544519043,1.0144979160936787,8.25295430246287
BT2,19A,214,5,20,0.7,True,False,0.003730000933981146,7.902107392526896,0.30981863850814195,1.5112567005818893,0.9837896514366453,3.1092510674395197,0.3101364458247398,1.57535192488108,0.9809730205462059,3.10428985712442
BT2,19A,215,5,20,0.6,True,True,0.0010000000000000002,11.245289712485889,0.31365768153099727,1.5131960421006125,1.0413159723789778,625.6608570852827,0.3136774552598708,1.6184764801348408,1.0347209322777606,622.0682307501887
BT2,19A,216,5,20,0.7333333333333333,True,True,0.0010000000000000002,11.08229548654256,0.31355262850956733,1.533450574082061,1.05497265455678,632.5332864191806,0.3135392671659262,1.6262500956502357,1.0489775551406029,628.8736809699566
BT2,19A,217,5,20,0.7,True,False,0.0030601341518479083,8.602142724046526,0.3107139895994914,1.5007080388598433,0.9607944539472897,4.486650598689987,0.31111153059210284,1.569066001306491,0.9579316419246963,4.482565624727432
BT2,19A,218,5,20,0.6666666666666666,True,False,0.008397604383812615,6.19552549277134,0.3051101142231906,1.5079726028417098,0.9885809777462407,1.284560801760853,0.3056190372416651,1.546956616734657,0.98749446134714,1.2837508260028436
BT2,19A,219,5,20,0.6666666666666666,True,False,0.005147948796506529,6.727689296032318,0.30792540129954676,1.5187191475984356,1.0479269523551518,2.075622791994959,0.30832817540182933,1.5801674988605172,1.0453383783181698,2.072501918979622
BT2,19A,220,5,20,0.5333333333333333,True,True,0.0010000000000000005,11.022858964536782,0.31357338086371755,1.536032154268884,1.0605647905315276,636.1583003344574,0.313471546520803,1.6436831031753778,1.053285313553546,630.6049003065954
BT2,19A,221,5,20,0.6333333333333333,True,True,0.0010000000000000002,10.78584287868215,0.31367508795631793,1.544466560831897,1.0836662818094482,651.3746862914052,0.31371025918391127,1.6362208143162544,1.0777442675499698,648.3880886927051
BT2,19A,222,5,20,0.7666666666666667,True,False,0.011636739902787132,5.562714085842386,0.30264815690723207,1.5156291305467406,1.0071718236403764,1.125808525365143,0.30304664680197807,1.5498517546159833,1.0063030309796246,1.125022965654128
BT2,19A,223,5,20,0.7666666666666667,True,False,0.004587765988110285,7.10264906078716,0.3086228009445077,1.5201608088047271,1.027363093664213,2.3550554771500702,0.30896515801043434,1.5835141888639608,1.0245782994138377,2.3510262045814647
BT2,19A,224,5,20,0.6666666666666666,True,False,0.002099680716088087,8.537769914626898,0.3116869419695037,1.5458244090062674,1.084041745899046,14.229049935309744,0.31176787810791917,1.618268410320079,1.0796965730079637,14.183190112416511
BT2,19A,225,5,20,0.7333333333333333,True,False,0.002022297012713241,8.804757917625473,0.31195049317704826,1.525186182257485,1.0652089854878126,15.926990967597835,0.31211784344955756,1.6111089061986041,1.0603218905811131,15.879199687829793
BT2,19A,226,5,20,0.5,True,False,0.011733541763445847,5.259272010419922,0.3024527845906343,1.5265225453021827,1.0624726666434436,1.1842487219566715,0.302878447648689,1.5545392000474645,1.0618049839930945,1.1837024369616784
BT2,19A,227,5,20,0.8,True,False,0.0028898807286181195,8.117233882270046,0.31070175859174587,1.524999140801657,1.0343555014572283,5.497045302610788,0.3109620165549757,1.5913787507809503,1.0310782778602376,5.487855044882451
BT2,19A,228,5,20,0.5666666666666667,True,False,0.006726422123963867,6.7249644824004084,0.3066018211192204,1.505091372256686,0.9703164921889611,1.4745678300211702,0.30712139540674527,1.5487393377037437,0.9690018390320667,1.4736791492515102
BT2,19A,229,5,20,0.4666666666666667,True,False,0.0077485891441939425,6.843979789451825,0.30607832511815347,1.4871168543423945,0.9167242417836045,1.2539823331481474,0.3065643575732505,1.52918295098667,0.9155470021941088,1.253042377396467
BT2,19A,230,5,20,0.7,True,False,0.003685308609363266,7.858697517472406,0.30976718335276937,1.5097911942756064,0.9927378698842211,3.2036366698751726,0.3101746229185418,1.5779015007771418,0.9898452625995027,3.1995333472756227
BT2,19A,231,5,20,0.7333333333333333,True,False,0.0031615459590443895,7.712602953404096,0.3102350970309236,1.5325476535507245,1.058300359931995,4.597726740443734,0.31052948379524364,1.5997809512784782,1.0549943847800802,4.590213943065209
BT2,19A,232,5,20,0.6,True,False,0.0036509545193308506,7.838431348136807,0.3098759305578971,1.506671575373375,0.9984418087521163,3.2771834437545846,0.31024426293222906,1.5724649454308306,0.9955814520830346,3.27271785169269
BT2,19A,233,5,20,0.8666666666666667,True,False,0.0017492936322685692,9.266504121783319,0.3123777187680653,1.5259974351927466,1.0590075391339178,27.480865415377693,0.3125904385410651,1.6118864253045337,1.0542408890134158,27.421880437042887
BT2,19A,234,5,20,0.5333333333333333,True,True,0.001000000000000001,11.404142532490548,0.3136008752115863,1.529014760494315,1.025634947005589,615.5434708346498,0.3134840957874534,1.6352978153888929,1.0186313937388924,610.0042616520884
BT2,19A,235,5,20,0.7,True,False,0.008084355659006398,6.129031836663685,0.3054561755714421,1.5002814192601335,1.0104694344096687,1.3440730341777318,0.3059062791772469,1.55805045931424,1.0084652894990036,1.342039318667163
BT2,19A,236,5,20,0.5666666666666667,True,False,0.0017333775164188533,8.578326945583207,0.31228673772570187,1.5546202120663644,1.144949446757553,30.817462039321438,0.31240827905896096,1.6437405564746312,1.1393010228264808,30.709408854302776
BT2,19A,237,5,20,0.5666666666666667,True,False,0.0019573355211158186,8.774841697945313,0.311963515169935,1.534403840701587,1.078966917168465,18.114522772403475,0.31215252693628986,1.6035896680681105,1.0751193907728447,18.082875980223697
BT2,19A,238,5,20,0.6,True,True,0.0010000000000000178,10.769153728604026,0.3135757597252972,1.5233994494874086,1.0863945498669727,651.6683823595394,0.3134394036879231,1.6428787387514703,1.07804102947719,645.0023984664351
BT2,19A,239,5,20,0.6666666666666666,True,False,0.00887095128054521,6.196697483041846,0.3048739634286859,1.4944680605255118,0.9740743367221066,1.2268177057060856,0.30541609813357173,1.5370831417274493,0.9729104960220852,1.2258953157876944
BT2,19A,240,5,20,0.6333333333333333,True,False,0.0014212177475864454,9.913807438289808,0.31281478834343557,1.5432861464104064,1.0551090345850898,71.14149524253317,0.3129516114931361,1.6171589388783398,1.0508608354418114,70.99482073955821
BT2,19A,241,5,20,0.6,True,False,0.0054678770019318,7.121838030784285,0.30800690206742204,1.4931111675617363,0.9742769561281404,1.803906197207641,0.30844826572443745,1.5551251776831276,0.9719241924342857,1.801270149198924
BT2,19A,242,5,20,0.7666666666666667,True,False,0.0025493988882037775,8.63460529483041,0.31121885182151615,1.5249376844188178,1.0108659902800494,7.380085436753685,0.3114974337376653,1.5947076832814242,1.0074856717734941,7.369312349978704
BT2,19A,243,5,20,0.7,True,False,0.0018091733141988166,8.954072293522138,0.3121609817171664,1.5460168512476802,1.0828541418977358,24.502528228814032,0.31230715455315655,1.6178865821591464,1.0786898184479883,24.44693600672213
BT2,19A,244,5,20,0.8333333333333334,True,False,0.0031555051323109637,8.321872455139928,0.3105338008987767,1.5155336844415437,0.982908562402516,4.293389702575656,0.31098776267918454,1.561376234191099,0.9813237665388256,4.295999393155871
BT2,19A,245,5,20,0.6,True,False,0.002539244278754767,8.54664866171852,0.3110940877693069,1.540202156799309,1.021318695063228,7.5312610895573835,0.31133223866103255,1.5842180138772883,1.0193067500396655,7.528445624625152
BT2,19A,246,5,20,0.5333333333333333,True,False,0.005286493586592285,7.017800070587232,0.30807400316306344,1.51011768094582,0.9976139336874952,1.9173844491345047,0.3083488887151206,1.5714931135768484,0.9949684642525244,1.913557115791407
BT2,19A,247,5,20,0.7666666666666667,True,False,0.0044568709210417255,7.181348374530517,0.30888223629765577,1.5156850756020166,1.0254006113003205,2.447470504156624,0.30924971880879204,1.5789630451971877,1.0226577427069738,2.44365293298504
BT2,19A,248,5,20,0.8666666666666667,True,False,0.0018888380222254315,9.473566588713332,0.31234199816903224,1.5158026479109865,1.0123757082287996,19.4452223070466,0.3127060911415458,1.5857693117003921,1.0091675349950824,19.452735024113206
BT2,19A,249,5,20,0.5666666666666667,True,False,0.0014186105294229374,10.67591414131653,0.31317820528895407,1.499176448660826,0.9839557186198379,67.29252377924159,0.31349185470258073,1.583969702603902,0.9798470904032556,67.30555981606983
BT2,19A,250,5,20,0.6333333333333333,True,False,0.0039248012986925675,7.1672275314727925,0.3092846930099625,1.5182771932437238,1.067033510323465,3.0898811635222714,0.3095664676014479,1.5978117464557162,1.0630445501006194,3.0816531573219863
BT2,19A,251,5,20,0.7666666666666667,True,False,0.0018256889483746705,9.709128085162158,0.3124555578388487,1.5216499422173715,0.9980722077623397,21.8578337348343,0.3127363218062758,1.5902905696150393,0.994772731971232,21.848578044383878
BT2,19A,252,5,20,0.5666666666666667,True,True,0.0010000000000000002,11.274992026715417,0.3137678586745013,1.5237446167936184,1.0382715338043818,625.246692184278,0.31382451172775117,1.6261231264151712,1.0320001462438542,622.304344852896
BT2,19A,253,5,20,0.4666666666666667,True,False,0.0031673596618937735,8.136108156156892,0.3103721200569196,1.5276379327611318,1.0032189746780689,4.344407967052652,0.3105358088266105,1.5945442061740644,0.9998357981490764,4.333538528252093
BT2,19A,254,5,20,0.5666666666666667,True,False,0.004677419451625448,6.945186771905728,0.30827731357747756,1.53440751115101,1.0433913933610417,2.3289370790156187,0.30867626518209346,1.5747476240129623,1.04190763733443,2.3281602981395975
BT2,19A,255,5,20,0.6666666666666666,True,False,0.006495879850053777,6.060855989630337,0.3062566860748602,1.5435697757821318,1.0847855925322885,1.696473818927115,0.3066124442076945,1.579447978634274,1.0834678007619725,1.6953563865945098
BT2,19A,256,5,20,0.5333333333333333,True,False,0.004613592117869319,7.080180422512392,0.30846817658812437,1.5346702313130332,1.0279017278619733,2.337690099797751,0.30893876622372674,1.5745025970407371,1.026589027139481,2.33774884713907
BT2,19A,257,5,20,0.5666666666666667,True,False,0.006118481490819406,6.7765930551074565,0.3069404049581005,1.5179312392899351,0.9888553322509817,1.6328087344297968,0.3073556208847168,1.564370429162841,0.9872218532642303,1.6313000142485377
BT2,19A,258,5,20,0.6,True,False,0.0027993108325757633,7.722542716372103,0.31076807778819315,1.5286746362558739,1.0975787174879876,6.2939517431602985,0.3110110484200848,1.6112147052417916,1.0930553302956492,6.277375355655327
BT2,19A,259,5,20,0.6,True,False,0.0015467650385950923,9.81818287995041,0.3125847341825928,1.538773434015804,1.037666985246338,46.16854066368329,0.31272203973201385,1.613048333167529,1.0334777150493997,46.064770135052136
BT2,19A,260,5,20,0.6666666666666666,True,False,0.011038908749339564,5.979220962753276,0.3035105323232756,1.4876350279563402,0.9514734009084204,1.0840661150791548,0.3040322095504634,1.5267334656667444,0.9505520022876203,1.0832838040591584
BT2,19A,261,5,20,0.6,True,False,0.005428820410336386,7.416675131890711,0.30807019289035487,1.4973962383436232,0.9373652587362781,1.749325786922058,0.3085606515971412,1.54237248250436,0.9359618276438538,1.7485333219124852
BT2,19A,262,5,20,0.7,True,False,0.0015153867253586907,9.865656870782972,0.3128556606409795,1.519320974003974,1.0411772011568279,51.18891024252694,0.31307953730015103,1.6050178723909114,1.0365142880109715,51.10944502475316
BT2,19A,263,5,20,0.7,True,True,0.0010000000000000013,10.854984663522547,0.31359500609914115,1.5353672378909098,1.0770848531085226,646.3516856820358,0.31353543579315557,1.6434812047244267,1.0698065858233536,641.3309282865592
BT2,19A,264,5,20,0.5333333333333333,True,True,0.0010000000000000013,11.865068879988831,0.31361434985715325,1.5168720225253547,0.9865641838505822,592.2444333972577,0.3138100664205361,1.598057041032285,0.9823099957835087,592.1360900278942
BT2,19A,265,5,20,0.7666666666666667,True,False,0.0033596259530091358,7.602742568635864,0.30991788109091495,1.5314921565319455,1.0537446195855977,4.0406397808367025,0.3101864484580759,1.5983454087073414,1.050437319870683,4.033044678501874
BT2,19A,266,5,20,0.5,True,False,0.0031668729123535445,8.173565294294882,0.3103654534222828,1.5254273481601086,0.998776163687499,4.32641440732939,0.3105484376447678,1.5928972456105681,0.995416141581435,4.316022569917743
BT2,19A,267,5,20,0.7,True,False,0.0023725800527537775,8.817152375927149,0.3114610475840717,1.5273873082137914,1.0120762858645493,9.05298527393849,0.31172335752405544,1.5938924025552987,1.0088318204454854,9.041587588512302
BT2,19A,268,5,20,0.5,True,False,0.0036763496887979893,7.805687469647104,0.30979522162169615,1.5069030646201216,1.000409414922533,3.242588408330951,0.3101761831543124,1.574655718198243,0.9974630554518708,3.238025227218577
BT2,19A,269,5,20,0.7,True,False,0.003600618002416105,7.22591462077653,0.309534408387724,1.5386449951458627,1.0849352900903875,3.646122652592744,0.3097748178457525,1.6035061712985137,1.0816126353152675,3.638716774923611
BT2,19A,270,5,20,0.8,True,False,0.006081168024020243,6.344026394430794,0.3068769394812696,1.5349160196129572,1.057154850004298,1.7554129112352408,0.3072367030794154,1.570925335905069,1.0558547475626634,1.7543651564917129
BT2,19A,271,5,20,0.6,True,True,0.001000000000000003,11.337250315984434,0.31371834040723817,1.5107978085298603,1.033221154719222,621.5627891735779,0.3138727388877736,1.612395135019896,1.0273507074642207,620.0946956668683
BT2,19A,272,5,20,0.6,True,False,0.0025688399823459353,8.573076904504651,0.31100793510744584,1.5356914878620755,1.0146862591232373,7.249135496653433,0.31131057165514386,1.5850225302744414,1.0125285731103468,7.248127484651271
BT2,19A,273,5,20,0.6333333333333333,True,False,0.005451948221826375,6.584809294744167,0.30760088256096957,1.517168761152893,1.0527134527904398,1.9537534970669417,0.3080175297325032,1.5795386471051138,1.0501123104368741,1.9507021834954164
BT2,19A,274,5,20,0.6333333333333333,True,True,0.001000000000000002,10.537153527213226,0.3136015001442106,1.532969084805201,1.1097581330492718,666.04399215658,0.3136974598399298,1.6400231758701111,1.1028794700124716,663.3412756908904
BT2,19A,275,5,20,0.7666666666666667,True,False,0.003657764064656767,7.344424350394598,0.30975601033381645,1.5271364761760822,1.0635871224059403,3.4779844729583553,0.31000822584286675,1.6081458846858023,1.0594308077036887,3.4681369162552187
BT2,19A,276,5,20,0.6666666666666666,True,True,0.0010000000000000002,11.270948535507493,0.3135665075099876,1.51811505289115,1.0383307101080996,622.7140460024702,0.3136738852933241,1.6107313873302345,1.0328409916450316,620.8840698421915
BT2,19A,277,5,20,0.6666666666666666,True,False,0.0024281104915375635,8.150133336411198,0.31140695545570923,1.5373111933474044,1.0865218721526306,9.089140204497369,0.31158650584883424,1.6200125051692715,1.0818291533064204,9.062171017906982
BT2,19A,278,5,20,0.7666666666666667,True,False,0.0026009631618760633,8.564534662696813,0.3111010813545247,1.5222493911380799,1.012892381967107,7.005917321946194,0.3113861331223462,1.5905073326224966,1.00961037163034,6.996345636369988
BT2,19A,279,5,20,0.6666666666666666,True,False,0.004896247378469023,7.097943414173151,0.3081977652935997,1.5220789976039448,1.0080084820976267,2.121910511031716,0.30860347633093727,1.5672949780962269,1.0063391971368714,2.1205910968062627
BT2,19A,280,5,20,0.6333333333333333,True,True,0.0010000000000000002,11.467715027284132,0.31376442661114673,1.5098861243295643,1.0216740494488066,615.1931203930482,0.3140140329441599,1.5954349324168535,1.0171734615797063,615.7042036675915
BT2,19A,281,5,20,0.5666666666666667,True,False,0.001335958385843861,10.627527254434687,0.3132331269780134,1.508423341558758,1.0064822644680331,94.59504929699538,0.3134298228331058,1.6092280905833072,1.0009756270635832,94.36296342663721
BT2,19A,282,5,20,0.8,True,False,0.0018596118138163914,9.122494260316518,0.31215870049077743,1.5256976061596954,1.0552379796662723,21.463770967157537,0.31231971152133653,1.6133495590598095,1.0502505135065952,21.3986957507653
BT2,19A,283,5,20,0.5666666666666667,True,False,0.004083421679146083,7.541152294099844,0.3094315634343149,1.5019183320597618,1.003520779166124,2.729607174491195,0.3097673637081487,1.5802048212156752,0.9999533128234193,2.7231488755751174
BT2,19A,284,5,20,0.7666666666666667,True,False,0.00502419092009365,7.097137871920914,0.3081390798204885,1.5228282341006172,1.0005018230889264,2.0405356756999953,0.3085233486115501,1.5657394528519195,0.9989321088955986,2.039251963459719
BT2,19A,285,5,20,0.6666666666666666,True,False,0.014627021948508132,5.3335548435705835,0.30102262991419126,1.4984312571261968,0.9913563836573581,1.041348522850213,0.3015290613738721,1.5300256929006675,0.9907967748666234,1.040857136411631
BT2,19A,286,5,20,0.8333333333333334,True,False,0.0024027444815083792,8.753283751585974,0.31138355656517613,1.5182726184064534,1.0159236416900317,8.755980919949787,0.3117223594265599,1.5897090753673129,1.0125619792084728,8.748471956874882
BT2,19A,287,5,20,0.4,True,False,0.002617152489143139,8.177640776121825,0.3108221985860468,1.544648368737039,1.056824494575381,7.179742417599846,0.3111175272411903,1.592242913455588,1.0546644975890342,7.1786496445159536
BT2,19A,288,5,20,0.7,True,False,0.003692364514884367,7.170058266018449,0.3095244663676615,1.540440895498617,1.0851649734158382,3.487128899030555,0.30975315225108957,1.6033117123958107,1.0819439308576118,3.4800878166246547
BT2,19A,289,5,20,0.8333333333333334,True,False,0.0030429951838581073,7.983673818232366,0.3104614221232411,1.5249720015582324,1.0350151709205868,4.8871828136170565,0.3107602955893769,1.5926036236372088,1.0317595575760752,4.879589185433719
BT2,19A,290,5,20,0.6666666666666666,True,False,0.001599563656126253,9.40829912885906,0.312524763065096,1.543068144803724,1.0713414385254734,40.852850361460206,0.3127770547468106,1.6170677539641773,1.0673746075134556,40.82654194026093
BT2,19A,291,5,20,0.5666666666666667,True,False,0.005829615204628989,6.8209211410320405,0.3074476369743149,1.5092790342339517,0.9971606215663279,1.7261588289405483,0.3077640969334416,1.5721401301703481,0.9945611237409364,1.722755214872113
BT2,19A,292,5,20,0.6,True,False,0.00957657386978915,5.609106304976336,0.30383119425702465,1.5212688471113862,1.0519935414893438,1.2734113945313132,0.3042932092060448,1.556401311427573,1.0510028537723923,1.272613478733011
BT2,19A,293,5,20,0.6333333333333333,True,False,0.001800388869447938,10.037011335036006,0.31248361241255973,1.503115316865249,0.9707239004828009,22.46182411516881,0.3127961322378632,1.589878025229508,0.9665617504258138,22.439154379098444
BT2,19A,294,5,20,0.6666666666666666,True,False,0.0033335522265621727,8.289124687214896,0.3103474928000817,1.5009322132733796,0.9711937053060531,3.788591583767699,0.31074779345125103,1.5683617573050828,0.9683674359904118,3.784573988997168
BT2,19A,295,5,20,0.5,True,False,0.005216188065240789,6.085471265555374,0.3073267159363519,1.544908328751531,1.151542820459299,2.243607135563076,0.3076191806451726,1.6055519388464974,1.1485544439428317,2.23937059571397
BT2,19A,296,5,20,0.7333333333333333,True,True,0.0010000000000000104,11.016129495694411,0.31356803292031127,1.5312204983771815,1.061505749699877,636.647711159684,0.3136284891175504,1.6263803976717968,1.0555711944164994,633.9791158073291
BT2,19A,297,5,20,0.7,True,False,0.003729700196576377,7.059586686785448,0.3093706011104455,1.5420225309855005,1.0984659436530664,3.4665591238722535,0.30959865798953434,1.6039491737864815,1.0952640175487405,3.459686040800709
BT2,19A,298,5,20,0.6,True,False,0.010270444045853038,5.484288524460417,0.3034342278043293,1.5230574423017906,1.0557277643141207,1.2379730550002386,0.30392546350868893,1.5550583882160298,1.054915981060056,1.2373653880906572
BT2,19A,299,5,20,0.8,True,False,0.0033068761393217952,7.790622576915466,0.31009007002122785,1.5223406121021343,1.0340566876828352,4.0942602403915345,0.31035695211789704,1.5894983254337538,1.0307856036582266,4.086547026713583
