train,test,adjustment,method,method_label,Vcem_fraction,Vcem_percent,lnCn_profile,lnCn_predicted,lnCn_error
19A,BT2,raw,factored_log_log,log contact + log HS (current),0.001,0.1,2.420335193843057,2.4055986708686525,-0.01473652297440431
19A,BT2,raw,factored_log_log,log contact + log HS (current),0.0027096482108372,0.27096482108372,2.1153340616255853,2.1153340630480266,1.4224412758778726e-09
19A,BT2,raw,factored_log_log,log contact + log HS (current),0.002735294117647,0.27352941176469997,2.1125029874100183,2.1126259184387273,0.00012293102870897243
19A,BT2,raw,factored_log_log,log contact + log HS (current),0.0044705882352941,0.44705882352941,1.9669223354381944,1.9728629927630448,0.005940657324850385
19A,BT2,raw,factored_log_log,log contact + log HS (current),0.0062058823529411,0.62058823529411,1.872643877951156,1.8817051754054035,0.009061297454247441
19A,BT2,raw,factored_log_log,log contact + log HS (current),0.0079411764705882,0.7941176470588199,1.8038724569774944,1.814793404328067,0.010920947350572474
19A,BT2,raw,factored_log_log,log contact + log HS (current),0.0096764705882352,0.96764705882352,1.7503953212489218,1.7624645512755255,0.01206923002660365
19A,BT2,raw,factored_log_log,log contact + log HS (current),0.0114117647058823,1.14117647058823,1.7071170028223412,1.7198880869627473,0.012771084140406064
19A,BT2,raw,factored_log_log,log contact + log HS (current),0.0131470588235294,1.31470588235294,1.671126849785521,1.6842996670211265,0.013172817235605594
19A,BT2,raw,factored_log_log,log contact + log HS (current),0.0148823529411764,1.48823529411764,1.6406056810633771,1.6539685572881733,0.01336287622479615
19A,BT2,raw,factored_log_log,log contact + log HS (current),0.0166176470588235,1.6617647058823501,1.6143407235614189,1.6277390231060633,0.013398299544644443
19A,BT2,raw,factored_log_log,log contact + log HS (current),0.0183529411764705,1.8352941176470499,1.5914830882642397,1.6048008627755799,0.013317774511340197
19A,BT2,raw,factored_log_log,log contact + log HS (current),0.0200882352941176,2.0088235294117602,1.5714155459729375,1.5845640945541422,0.013148548581204622
19A,BT2,raw,factored_log_log,log contact + log HS (current),0.0218235294117647,2.18235294117647,1.5536753388687037,1.5665857596642114,0.012910420795507749
19A,BT2,raw,factored_log_log,log contact + log HS (current),0.0235588235294117,2.3558823529411703,1.5379066631610276,1.5505248178150595,0.012618154654031821
19A,BT2,raw,factored_log_log,log contact + log HS (current),0.0252941176470588,2.52941176470588,1.523830114849965,1.5361131145051279,0.012282999655162996
19A,BT2,raw,factored_log_log,log contact + log HS (current),0.0270294117647058,2.70294117647058,1.5112223151282411,1.5231360028427638,0.011913687714522725
19A,BT2,raw,factored_log_log,log contact + log HS (current),0.0287647058823529,2.87647058823529,1.4999019001850489,1.5114190063792627,0.011517106194213866
19A,BT2,raw,factored_log_log,log contact + log HS (current),0.0305,3.05,1.489719607994071,1.5008183950985408,0.011098787104469654
19A,BT2,raw,factored_log_log,log contact + log HS (current),0.032235294117647,3.2235294117647,1.4805512197325694,1.4912143728521061,0.010663153119536695
19A,BT2,raw,factored_log_log,log contact + log HS (current),0.0339705882352941,3.39705882352941,1.4722921624305445,1.4825060532832848,0.01021389085274027
19A,BT2,raw,factored_log_log,log contact + log HS (current),0.0357058823529411,3.5705882352941103,1.4648536691705136,1.474607688810766,0.009754019640252354
19A,BT2,raw,factored_log_log,log contact + log HS (current),0.0374411764705882,3.74411764705882,1.458159726212248,1.4674457953977238,0.009286069185475698
19A,BT2,raw,factored_log_log,log contact + log HS (current),0.0391764705882353,3.9176470588235297,1.4521447568959676,1.4609569293050235,0.008812172409055963
19A,BT2,raw,factored_log_log,log contact + log HS (current),0.0409117647058823,4.09117647058823,1.4467518032468432,1.4550859460928358,0.008334142845992654
19A,BT2,raw,factored_log_log,log contact + log HS (current),0.0426470588235294,4.26470588235294,1.4419310866639103,1.4497846215516463,0.007853534887735991
19A,BT2,raw,factored_log_log,log contact + log HS (current),0.0443823529411764,4.43823529411764,1.4376388566993814,1.4450105478723674,0.007371691172985972
19A,BT2,raw,factored_log_log,log contact + log HS (current),0.0461176470588235,4.61176470588235,1.4338364614316794,1.4407262416633095,0.006889780231630116
19A,BT2,raw,factored_log_log,log contact + log HS (current),0.0478529411764705,4.78529411764705,1.430489590172143,1.4368984168278196,0.006408826655676547
19A,BT2,raw,factored_log_log,log contact + log HS (current),0.0495882352941176,4.9588235294117595,1.4275676515590516,1.4334973870424346,0.005929735483382936
19A,BT2,raw,factored_log_log,log contact + log HS (current),0.0513235294117647,5.13235294117647,1.4250432590136055,1.4304965710718593,0.005453312058253834
19A,BT2,raw,factored_log_log,log contact + log HS (current),0.0530588235294117,5.30588235294117,1.42289180207095,1.4278720803913352,0.0049802783203851675
19A,BT2,raw,factored_log_log,log contact + log HS (current),0.0547941176470588,5.47941176470588,1.4210910869525548,1.4256023732149194,0.004511286262364633
19A,BT2,raw,factored_log_log,log contact + log HS (current),0.0565294117647058,5.65294117647058,1.4196210333853934,1.423667962500928,0.004046929115534725
19A,BT2,raw,factored_log_log,log contact + log HS (current),0.0582647058823529,5.82647058823529,1.4184634174327797,1.4220511681379326,0.0035877507051529367
19A,BT2,raw,factored_log_log,log contact + log HS (current),0.06,6.0,1.4176016522071866,1.4207359055284692,0.0031342533212825874
19A,BT2,raw,log_linear_hs,log contact + linear HS,0.001,0.1,2.420335193843057,2.4052198701722807,-0.01511532367077617
19A,BT2,raw,log_linear_hs,log contact + linear HS,0.0027096482108372,0.27096482108372,2.1153340616255853,2.1153340630480266,1.4224412758778726e-09
19A,BT2,raw,log_linear_hs,log contact + linear HS,0.002735294117647,0.27352941176469997,2.1125029874100183,2.112631395959153,0.00012840854913465094
19A,BT2,raw,log_linear_hs,log contact + linear HS,0.0044705882352941,0.44705882352941,1.9669223354381944,1.973224957831577,0.00630262239338264
19A,BT2,raw,log_linear_hs,log contact + linear HS,0.0062058823529411,0.62058823529411,1.872643877951156,1.8823955929657756,0.009751715014619577
19A,BT2,raw,log_linear_hs,log contact + linear HS,0.0079411764705882,0.7941176470588199,1.8038724569774944,1.8157839916985252,0.011911534721030792
19A,BT2,raw,log_linear_hs,log contact + linear HS,0.0096764705882352,0.96764705882352,1.7503953212489218,1.7637267748534635,0.013331453604541688
19A,BT2,raw,log_linear_hs,log contact + linear HS,0.0114117647058823,1.14117647058823,1.7071170028223412,1.7213931588706095,0.014276156048268263
19A,BT2,raw,log_linear_hs,log contact + linear HS,0.0131470588235294,1.31470588235294,1.671126849785521,1.686018541692263,0.01489169190674211
19A,BT2,raw,log_linear_hs,log contact + linear HS,0.0148823529411764,1.48823529411764,1.6406056810633771,1.6558719279912975,0.015266246927920335
19A,BT2,raw,log_linear_hs,log contact + linear HS,0.0166176470588235,1.6617647058823501,1.6143407235614189,1.6297973184069265,0.015456594845507654
19A,BT2,raw,log_linear_hs,log contact + linear HS,0.0183529411764705,1.8352941176470499,1.5914830882642397,1.606984242934439,0.015501154670199302
19A,BT2,raw,log_linear_hs,log contact + linear HS,0.0200882352941176,2.0088235294117602,1.5714155459729375,1.5868424478575553,0.015426901884617816
19A,BT2,raw,log_linear_hs,log contact + linear HS,0.0218235294117647,2.18235294117647,1.5536753388687037,1.5689286986896605,0.015253359820956769
19A,BT2,raw,log_linear_hs,log contact + linear HS,0.0235588235294117,2.3558823529411703,1.5379066631610276,1.5529016756268543,0.014995012465826685
19A,BT2,raw,log_linear_hs,log contact + linear HS,0.0252941176470588,2.52941176470588,1.523830114849965,1.5384929407800034,0.014662825930038537
19A,BT2,raw,log_linear_hs,log contact + linear HS,0.0270294117647058,2.70294117647058,1.5112223151282411,1.5254875599235391,0.014265244795298004
19A,BT2,raw,log_linear_hs,log contact + linear HS,0.0287647058823529,2.87647058823529,1.4999019001850489,1.5137107652548873,0.013808865069838472
19A,BT2,raw,log_linear_hs,log contact + linear HS,0.0305,3.05,1.489719607994071,1.5030185313087971,0.013298923314726041
19A,BT2,raw,log_linear_hs,log contact + linear HS,0.032235294117647,3.2235294117647,1.4805512197325694,1.4932907623152016,0.012739542582632213
19A,BT2,raw,log_linear_hs,log contact + linear HS,0.0339705882352941,3.39705882352941,1.4722921624305445,1.4844262680445064,0.012134105613961887
19A,BT2,raw,log_linear_hs,log contact + linear HS,0.0357058823529411,3.5705882352941103,1.4648536691705136,1.4763389927103212,0.01148532353980758
19A,BT2,raw,log_linear_hs,log contact + linear HS,0.0374411764705882,3.74411764705882,1.458159726212248,1.4689551396558413,0.01079541344359325
19A,BT2,raw,log_linear_hs,log contact + linear HS,0.0391764705882353,3.9176470588235297,1.4521447568959676,1.462210948022327,0.010066191126359536
19A,BT2,raw,log_linear_hs,log contact + linear HS,0.0409117647058823,4.09117647058823,1.4467518032468432,1.456050951663948,0.009299148417104774
19A,BT2,raw,log_linear_hs,log contact + linear HS,0.0426470588235294,4.26470588235294,1.4419310866639103,1.4504265999899222,0.008495513326011839
19A,BT2,raw,log_linear_hs,log contact + linear HS,0.0443823529411764,4.43823529411764,1.4376388566993814,1.4452951540435954,0.007656297344214025
19A,BT2,raw,log_linear_hs,log contact + linear HS,0.0461176470588235,4.61176470588235,1.4338364614316794,1.4406187944261508,0.006782332994471396
19A,BT2,raw,log_linear_hs,log contact + linear HS,0.0478529411764705,4.78529411764705,1.430489590172143,1.4363638940786965,0.005874303906553413
19A,BT2,raw,log_linear_hs,log contact + linear HS,0.0495882352941176,4.9588235294117595,1.4275676515590516,1.4325004206625043,0.004932769103452639
19A,BT2,raw,log_linear_hs,log contact + linear HS,0.0513235294117647,5.13235294117647,1.4250432590136055,1.429001441773647,0.003958182760041451
19A,BT2,raw,log_linear_hs,log contact + linear HS,0.0530588235294117,5.30588235294117,1.42289180207095,1.4258427124625195,0.0029509103915694723
19A,BT2,raw,log_linear_hs,log contact + linear HS,0.0547941176470588,5.47941176470588,1.4210910869525548,1.4230023291566938,0.0019112422041389632
19A,BT2,raw,log_linear_hs,log contact + linear HS,0.0565294117647058,5.65294117647058,1.4196210333853934,1.4204604375582803,0.0008394041728869706
19A,BT2,raw,log_linear_hs,log contact + linear HS,0.0582647058823529,5.82647058823529,1.4184634174327797,1.4181989847191079,-0.00026443271367182497
19A,BT2,raw,log_linear_hs,log contact + linear HS,0.06,6.0,1.4176016522071866,1.4162015075107912,-0.0014001446963953779
19A,BT2,raw,log_reciprocal_hs,log contact + reciprocal HS,0.001,0.1,2.420335193843057,2.4059558298985078,-0.014379363944549084
19A,BT2,raw,log_reciprocal_hs,log contact + reciprocal HS,0.0027096482108372,0.27096482108372,2.1153340616255853,2.1153340630480266,1.4224412758778726e-09
19A,BT2,raw,log_reciprocal_hs,log contact + reciprocal HS,0.002735294117647,0.27352941176469997,2.1125029874100183,2.1126207424576844,0.00011775504766609046
19A,BT2,raw,log_reciprocal_hs,log contact + reciprocal HS,0.0044705882352941,0.44705882352941,1.9669223354381944,1.972520214864747,0.005597879426552543
19A,BT2,raw,log_reciprocal_hs,log contact + reciprocal HS,0.0062058823529411,0.62058823529411,1.872643877951156,1.8810499786499357,0.008406100698779673
19A,BT2,raw,log_reciprocal_hs,log contact + reciprocal HS,0.0079411764705882,0.7941176470588199,1.8038724569774944,1.8138514307971834,0.00997897381968893
19A,BT2,raw,log_reciprocal_hs,log contact + reciprocal HS,0.0096764705882352,0.96764705882352,1.7503953212489218,1.7612619113436867,0.010866590094764872
19A,BT2,raw,log_reciprocal_hs,log contact + reciprocal HS,0.0114117647058823,1.14117647058823,1.7071170028223412,1.7184513687900107,0.011334365967669457
19A,BT2,raw,log_reciprocal_hs,log contact + reciprocal HS,0.0131470588235294,1.31470588235294,1.671126849785521,1.6826559462741262,0.011529096488605228
19A,BT2,raw,log_reciprocal_hs,log contact + reciprocal HS,0.0148823529411764,1.48823529411764,1.6406056810633771,1.6521454070956283,0.011539726032251174
19A,BT2,raw,log_reciprocal_hs,log contact + reciprocal HS,0.0166176470588235,1.6617647058823501,1.6143407235614189,1.6257645242554664,0.01142380069404747
19A,BT2,raw,log_reciprocal_hs,log contact + reciprocal HS,0.0183529411764705,1.8352941176470499,1.5914830882642397,1.6027036141579334,0.011220525893693711
19A,BT2,raw,log_reciprocal_hs,log contact + reciprocal HS,0.0200882352941176,2.0088235294117602,1.5714155459729375,1.582373223863838,0.010957677890900408
19A,BT2,raw,log_reciprocal_hs,log contact + reciprocal HS,0.0218235294117647,2.18235294117647,1.5536753388687037,1.5643309343613816,0.010655595492677916
19A,BT2,raw,log_reciprocal_hs,log contact + reciprocal HS,0.0235588235294117,2.3558823529411703,1.5379066631610276,1.5482362563579708,0.010329593196943154
19A,BT2,raw,log_reciprocal_hs,log contact + reciprocal HS,0.0252941176470588,2.52941176470588,1.523830114849965,1.533821597860449,0.009991483010484137
19A,BT2,raw,log_reciprocal_hs,log contact + reciprocal HS,0.0270294117647058,2.70294117647058,1.5112223151282411,1.5208728862817869,0.009650571153545728
19A,BT2,raw,log_reciprocal_hs,log contact + reciprocal HS,0.0287647058823529,2.87647058823529,1.4999019001850489,1.509216231568446,0.009314331383397212
19A,BT2,raw,log_reciprocal_hs,log contact + reciprocal HS,0.0305,3.05,1.489719607994071,1.4987085024930114,0.008988894498940248
19A,BT2,raw,log_reciprocal_hs,log contact + reciprocal HS,0.032235294117647,3.2235294117647,1.4805512197325694,1.48923051440106,0.0086792946684906
19A,BT2,raw,log_reciprocal_hs,log contact + reciprocal HS,0.0339705882352941,3.39705882352941,1.4722921624305445,1.4806820054565273,0.00838984302598278
19A,BT2,raw,log_reciprocal_hs,log contact + reciprocal HS,0.0357058823529411,3.5705882352941103,1.4648536691705136,1.472977865955951,0.008124196785437299
19A,BT2,raw,log_reciprocal_hs,log contact + reciprocal HS,0.0374411764705882,3.74411764705882,1.458159726212248,1.46604526343818,0.007885537225931882
19A,BT2,raw,log_reciprocal_hs,log contact + reciprocal HS,0.0391764705882353,3.9176470588235297,1.4521447568959676,1.4598214197883967,0.007676662892429187
19A,BT2,raw,log_reciprocal_hs,log contact + reciprocal HS,0.0409117647058823,4.09117647058823,1.4467518032468432,1.4542518706011371,0.007500067354293982
19A,BT2,raw,log_reciprocal_hs,log contact + reciprocal HS,0.0426470588235294,4.26470588235294,1.4419310866639103,1.4492890864836574,0.007357999819747052
19A,BT2,raw,log_reciprocal_hs,log contact + reciprocal HS,0.0443823529411764,4.43823529411764,1.4376388566993814,1.4448913696097492,0.00725251291036777
19A,BT2,raw,log_reciprocal_hs,log contact + reciprocal HS,0.0461176470588235,4.61176470588235,1.4338364614316794,1.4410219621321507,0.007185500700471303
19A,BT2,raw,log_reciprocal_hs,log contact + reciprocal HS,0.0478529411764705,4.78529411764705,1.430489590172143,1.4376483194677852,0.007158729295642097
19A,BT2,raw,log_reciprocal_hs,log contact + reciprocal HS,0.0495882352941176,4.9588235294117595,1.4275676515590516,1.4347415131961005,0.007173861637048917
19A,BT2,raw,log_reciprocal_hs,log contact + reciprocal HS,0.0513235294117647,5.13235294117647,1.4250432590136055,1.43227573680728,0.00723247779367453
19A,BT2,raw,log_reciprocal_hs,log contact + reciprocal HS,0.0530588235294117,5.30588235294117,1.42289180207095,1.4302278937713457,0.0073360917003957304
19A,BT2,raw,log_reciprocal_hs,log contact + reciprocal HS,0.0547941176470588,5.47941176470588,1.4210910869525548,1.4285772520271762,0.007486165074621409
19A,BT2,raw,log_reciprocal_hs,log contact + reciprocal HS,0.0565294117647058,5.65294117647058,1.4196210333853934,1.42730515246319,0.007684119077796536
19A,BT2,raw,log_reciprocal_hs,log contact + reciprocal HS,0.0582647058823529,5.82647058823529,1.4184634174327797,1.4263947615936199,0.007931344160840181
19A,BT2,raw,log_reciprocal_hs,log contact + reciprocal HS,0.06,6.0,1.4176016522071866,1.4258308606480856,0.008229208440899027
19A,BT2,raw,linear_contact_log_hs,linear contact + log HS,0.001,0.1,2.420335193843057,2.129759131617698,-0.2905760622253588
19A,BT2,raw,linear_contact_log_hs,linear contact + log HS,0.0027096482108372,0.27096482108372,2.1153340616255853,2.115334063048018,1.4224328381828855e-09
19A,BT2,raw,linear_contact_log_hs,linear contact + log HS,0.002735294117647,0.27352941176469997,2.1125029874100183,2.115117881784787,0.002614894374768806
19A,BT2,raw,linear_contact_log_hs,linear contact + log HS,0.0044705882352941,0.44705882352941,1.9669223354381944,2.1005044226205665,0.13358208718237208
19A,BT2,raw,linear_contact_log_hs,linear contact + log HS,0.0062058823529411,0.62058823529411,1.872643877951156,2.085918998512613,0.21327512056145692
19A,BT2,raw,linear_contact_log_hs,linear contact + log HS,0.0079411764705882,0.7941176470588199,1.8038724569774944,2.0713618570864125,0.2674894001089181
19A,BT2,raw,linear_contact_log_hs,linear contact + log HS,0.0096764705882352,0.96764705882352,1.7503953212489218,2.056833249262819,0.30643792801389713
19A,BT2,raw,linear_contact_log_hs,linear contact + log HS,0.0114117647058823,1.14117647058823,1.7071170028223412,2.042333429316781,0.3352164264944397
19A,BT2,raw,linear_contact_log_hs,linear contact + log HS,0.0131470588235294,1.31470588235294,1.671126849785521,2.0278626549373926,0.35673580515187164
19A,BT2,raw,linear_contact_log_hs,linear contact + log HS,0.0148823529411764,1.48823529411764,1.6406056810633771,2.0134211872892918,0.37281550622591464
19A,BT2,raw,linear_contact_log_hs,linear contact + log HS,0.0166176470588235,1.6617647058823501,1.6143407235614189,1.9990092910754385,0.38466856751401957
19A,BT2,raw,linear_contact_log_hs,linear contact + log HS,0.0183529411764705,1.8352941176470499,1.5914830882642397,1.9846272346013292,0.3931441463370895
19A,BT2,raw,linear_contact_log_hs,linear contact + log HS,0.0200882352941176,2.0088235294117602,1.5714155459729375,1.9702752898406606,0.39885974386772305
19A,BT2,raw,linear_contact_log_hs,linear contact + log HS,0.0218235294117647,2.18235294117647,1.5536753388687037,1.9559537325025103,0.4022783936338066
19A,BT2,raw,linear_contact_log_hs,linear contact + log HS,0.0235588235294117,2.3558823529411703,1.5379066631610276,1.9416628421000515,0.4037561789390238
19A,BT2,raw,linear_contact_log_hs,linear contact + log HS,0.0252941176470588,2.52941176470588,1.523830114849965,1.9274029020208565,0.4035727871708916
19A,BT2,raw,linear_contact_log_hs,linear contact + log HS,0.0270294117647058,2.70294117647058,1.5112223151282411,1.9131741995988432,0.40195188447060204
19A,BT2,raw,linear_contact_log_hs,linear contact + log HS,0.0287647058823529,2.87647058823529,1.4999019001850489,1.8989770261878798,0.3990751260028309
19A,BT2,raw,linear_contact_log_hs,linear contact + log HS,0.0305,3.05,1.489719607994071,1.8848116772371337,0.3950920692430626
19A,BT2,raw,linear_contact_log_hs,linear contact + log HS,0.032235294117647,3.2235294117647,1.4805512197325694,1.8706784523681812,0.3901272326356118
19A,BT2,raw,linear_contact_log_hs,linear contact + log HS,0.0339705882352941,3.39705882352941,1.4722921624305445,1.856577655453941,0.38428549302339654
19A,BT2,raw,linear_contact_log_hs,linear contact + log HS,0.0357058823529411,3.5705882352941103,1.4648536691705136,1.842509594699494,0.3776559255289804
19A,BT2,raw,linear_contact_log_hs,linear contact + log HS,0.0374411764705882,3.74411764705882,1.458159726212248,1.8284745827248172,0.3703148565125691
19A,BT2,raw,linear_contact_log_hs,linear contact + log HS,0.0391764705882353,3.9176470588235297,1.4521447568959676,1.8144729366495171,0.3623281797535496
19A,BT2,raw,linear_contact_log_hs,linear contact + log HS,0.0409117647058823,4.09117647058823,1.4467518032468432,1.8005049781795954,0.35375317493275227
19A,BT2,raw,linear_contact_log_hs,linear contact + log HS,0.0426470588235294,4.26470588235294,1.4419310866639103,1.7865710336963172,0.34463994703240686
19A,BT2,raw,linear_contact_log_hs,linear contact + log HS,0.0443823529411764,4.43823529411764,1.4376388566993814,1.7726714343472518,0.3350325776478704
19A,BT2,raw,linear_contact_log_hs,linear contact + log HS,0.0461176470588235,4.61176470588235,1.4338364614316794,1.7588065161395239,0.32497005470784446
19A,BT2,raw,linear_contact_log_hs,linear contact + log HS,0.0478529411764705,4.78529411764705,1.430489590172143,1.7449766200353753,0.3144870298632323
19A,BT2,raw,linear_contact_log_hs,linear contact + log HS,0.0495882352941176,4.9588235294117595,1.4275676515590516,1.7311820920500682,0.3036144404910166
19A,BT2,raw,linear_contact_log_hs,linear contact + log HS,0.0513235294117647,5.13235294117647,1.4250432590136055,1.717423283352236,0.29238002433863053
19A,BT2,raw,linear_contact_log_hs,linear contact + log HS,0.0530588235294117,5.30588235294117,1.42289180207095,1.7037005503667264,0.2808087482957764
19A,BT2,raw,linear_contact_log_hs,linear contact + log HS,0.0547941176470588,5.47941176470588,1.4210910869525548,1.690014254880022,0.2689231679274673
19A,BT2,raw,linear_contact_log_hs,linear contact + log HS,0.0565294117647058,5.65294117647058,1.4196210333853934,1.6763647641483308,0.25674373076293744
19A,BT2,raw,linear_contact_log_hs,linear contact + log HS,0.0582647058823529,5.82647058823529,1.4184634174327797,1.6627524510083933,0.2442890335756136
19A,BT2,raw,linear_contact_log_hs,linear contact + log HS,0.06,6.0,1.4176016522071866,1.6491776939911325,0.23157604178394586
19A,BT2,raw,reciprocal_contact_log_hs,reciprocal contact + log HS,0.001,0.1,2.420335193843057,6.724770838194292,4.304435644351235
19A,BT2,raw,reciprocal_contact_log_hs,reciprocal contact + log HS,0.0027096482108372,0.27096482108372,2.1153340616255853,2.115334063048102,1.4225167710435471e-09
19A,BT2,raw,reciprocal_contact_log_hs,reciprocal contact + log HS,0.002735294117647,0.27352941176469997,2.1125029874100183,2.0901150635001065,-0.022387923909911844
19A,BT2,raw,reciprocal_contact_log_hs,reciprocal contact + log HS,0.0044705882352941,0.44705882352941,1.9669223354381944,1.058371793297404,-0.9085505421407905
19A,BT2,raw,reciprocal_contact_log_hs,reciprocal contact + log HS,0.0062058823529411,0.62058823529411,1.872643877951156,0.6072161802836273,-1.2654276976675287
19A,BT2,raw,reciprocal_contact_log_hs,reciprocal contact + log HS,0.0079411764705882,0.7941176470588199,1.8038724569774944,0.35605938646392676,-1.4478130705135677
19A,BT2,raw,reciprocal_contact_log_hs,reciprocal contact + log HS,0.0096764705882352,0.96764705882352,1.7503953212489218,0.19731872974190834,-1.5530765915070135
19A,BT2,raw,reciprocal_contact_log_hs,reciprocal contact + log HS,0.0114117647058823,1.14117647058823,1.7071170028223412,0.08884857310738248,-1.6182684297149588
19A,BT2,raw,reciprocal_contact_log_hs,reciprocal contact + log HS,0.0131470588235294,1.31470588235294,1.671126849785521,0.01075480498511272,-1.6603720448004082
19A,BT2,raw,reciprocal_contact_log_hs,reciprocal contact + log HS,0.0148823529411764,1.48823529411764,1.6406056810633771,-0.04757788599261881,-1.688183567055996
19A,BT2,raw,reciprocal_contact_log_hs,reciprocal contact + log HS,0.0166176470588235,1.6617647058823501,1.6143407235614189,-0.09233069240275915,-1.706671415964178
19A,BT2,raw,reciprocal_contact_log_hs,reciprocal contact + log HS,0.0183529411764705,1.8352941176470499,1.5914830882642397,-0.12734694437667038,-1.71883003264091
19A,BT2,raw,reciprocal_contact_log_hs,reciprocal contact + log HS,0.0200882352941176,2.0088235294117602,1.5714155459729375,-0.15514187287078718,-1.7265574188437247
19A,BT2,raw,reciprocal_contact_log_hs,reciprocal contact + log HS,0.0218235294117647,2.18235294117647,1.5536753388687037,-0.17743062600708814,-1.7311059648757918
19A,BT2,raw,reciprocal_contact_log_hs,reciprocal contact + log HS,0.0235588235294117,2.3558823529411703,1.5379066631610276,-0.19542292984611676,-1.7333295930071444
19A,BT2,raw,reciprocal_contact_log_hs,reciprocal contact + log HS,0.0252941176470588,2.52941176470588,1.523830114849965,-0.20999645853285998,-1.7338265733828249
19A,BT2,raw,reciprocal_contact_log_hs,reciprocal contact + log HS,0.0270294117647058,2.70294117647058,1.5112223151282411,-0.22180342200732417,-1.7330257371355653
19A,BT2,raw,reciprocal_contact_log_hs,reciprocal contact + log HS,0.0287647058823529,2.87647058823529,1.4999019001850489,-0.23133857285966108,-1.73124047304471
19A,BT2,raw,reciprocal_contact_log_hs,reciprocal contact + log HS,0.0305,3.05,1.489719607994071,-0.2389839977035404,-1.7287036056976115
19A,BT2,raw,reciprocal_contact_log_hs,reciprocal contact + log HS,0.032235294117647,3.2235294117647,1.4805512197325694,-0.24503944123676336,-1.7255906609693328
19A,BT2,raw,reciprocal_contact_log_hs,reciprocal contact + log HS,0.0339705882352941,3.39705882352941,1.4722921624305445,-0.249743336148756,-1.7220354985793005
19A,BT2,raw,reciprocal_contact_log_hs,reciprocal contact + log HS,0.0357058823529411,3.5705882352941103,1.4648536691705136,-0.25328770072370865,-1.7181413698942223
19A,BT2,raw,reciprocal_contact_log_hs,reciprocal contact + log HS,0.0374411764705882,3.74411764705882,1.458159726212248,-0.25582889364515626,-1.7139886198574044
19A,BT2,raw,reciprocal_contact_log_hs,reciprocal contact + log HS,0.0391764705882353,3.9176470588235297,1.4521447568959676,-0.2574955105177055,-1.709640267413673
19A,BT2,raw,reciprocal_contact_log_hs,reciprocal contact + log HS,0.0409117647058823,4.09117647058823,1.4467518032468432,-0.25839427075430965,-1.7051460740011528
19A,BT2,raw,reciprocal_contact_log_hs,reciprocal contact + log HS,0.0426470588235294,4.26470588235294,1.4419310866639103,-0.25861446722777837,-1.7005455538916887
19A,BT2,raw,reciprocal_contact_log_hs,reciprocal contact + log HS,0.0443823529411764,4.43823529411764,1.4376388566993814,-0.2582313720446452,-1.6958702287440266
19A,BT2,raw,reciprocal_contact_log_hs,reciprocal contact + log HS,0.0461176470588235,4.61176470588235,1.4338364614316794,-0.2573088733906812,-1.6911453348223606
19A,BT2,raw,reciprocal_contact_log_hs,reciprocal contact + log HS,0.0478529411764705,4.78529411764705,1.430489590172143,-0.2559015386332839,-1.686391128805427
19A,BT2,raw,reciprocal_contact_log_hs,reciprocal contact + log HS,0.0495882352941176,4.9588235294117595,1.4275676515590516,-0.2540562442233658,-1.6816238957824174
19A,BT2,raw,reciprocal_contact_log_hs,reciprocal contact + log HS,0.0513235294117647,5.13235294117647,1.4250432590136055,-0.2518134749243637,-1.6768567339379692
19A,BT2,raw,reciprocal_contact_log_hs,reciprocal contact + log HS,0.0530588235294117,5.30588235294117,1.42289180207095,-0.2492083680705699,-1.67210017014152
19A,BT2,raw,reciprocal_contact_log_hs,reciprocal contact + log HS,0.0547941176470588,5.47941176470588,1.4210910869525548,-0.24627155937744005,-1.6673626463299949
19A,BT2,raw,reciprocal_contact_log_hs,reciprocal contact + log HS,0.0565294117647058,5.65294117647058,1.4196210333853934,-0.24302987294583112,-1.6626509063312245
19A,BT2,raw,reciprocal_contact_log_hs,reciprocal contact + log HS,0.0582647058823529,5.82647058823529,1.4184634174327797,-0.23950688794206698,-1.6579703053748467
19A,BT2,raw,reciprocal_contact_log_hs,reciprocal contact + log HS,0.06,6.0,1.4176016522071866,-0.23572340692028915,-1.6533250591274757
19A,BT2,raw,quadratic_tangent,second-order local tangent,0.001,0.1,2.420335193843057,2.148901727319965,-0.27143346652309175
19A,BT2,raw,quadratic_tangent,second-order local tangent,0.0027096482108372,0.27096482108372,2.1153340616255853,2.1153340630480195,1.422434170450515e-09
19A,BT2,raw,quadratic_tangent,second-order local tangent,0.002735294117647,0.27352941176469997,2.1125029874100183,2.1148416990004195,0.0023387115904012212
19A,BT2,raw,quadratic_tangent,second-order local tangent,0.0044705882352941,0.44705882352941,1.9669223354381944,2.0822938377647953,0.11537150232660087
19A,BT2,raw,quadratic_tangent,second-order local tangent,0.0062058823529411,0.62058823529411,1.872643877951156,2.0512581436130968,0.17861426566194072
19A,BT2,raw,quadratic_tangent,second-order local tangent,0.0079411764705882,0.7941176470588199,1.8038724569774944,2.02173461654532,0.21786215956782562
19A,BT2,raw,quadratic_tangent,second-order local tangent,0.0096764705882352,0.96764705882352,1.7503953212489218,1.9937232565614689,0.24332793531254704
19A,BT2,raw,quadratic_tangent,second-order local tangent,0.0114117647058823,1.14117647058823,1.7071170028223412,1.96722406366154,0.26010706083919866
19A,BT2,raw,quadratic_tangent,second-order local tangent,0.0131470588235294,1.31470588235294,1.671126849785521,1.9422370378455345,0.2711101880600135
19A,BT2,raw,quadratic_tangent,second-order local tangent,0.0148823529411764,1.48823529411764,1.6406056810633771,1.9187621791134544,0.27815649805007725
19A,BT2,raw,quadratic_tangent,second-order local tangent,0.0166176470588235,1.6617647058823501,1.6143407235614189,1.8967994874652965,0.2824587639038776
19A,BT2,raw,quadratic_tangent,second-order local tangent,0.0183529411764705,1.8352941176470499,1.5914830882642397,1.8763489629010635,0.2848658746368238
19A,BT2,raw,quadratic_tangent,second-order local tangent,0.0200882352941176,2.0088235294117602,1.5714155459729375,1.857410605420753,0.28599505944781556
19A,BT2,raw,quadratic_tangent,second-order local tangent,0.0218235294117647,2.18235294117647,1.5536753388687037,1.8399844150243665,0.2863090761556628
19A,BT2,raw,quadratic_tangent,second-order local tangent,0.0235588235294117,2.3558823529411703,1.5379066631610276,1.8240703917119045,0.2861637285508769
19A,BT2,raw,quadratic_tangent,second-order local tangent,0.0252941176470588,2.52941176470588,1.523830114849965,1.8096685354833655,0.2858384206334006
19A,BT2,raw,quadratic_tangent,second-order local tangent,0.0270294117647058,2.70294117647058,1.5112223151282411,1.7967788463387508,0.2855565312105097
19A,BT2,raw,quadratic_tangent,second-order local tangent,0.0287647058823529,2.87647058823529,1.4999019001850489,1.7854013242780593,0.28549942409301043
19A,BT2,raw,quadratic_tangent,second-order local tangent,0.0305,3.05,1.489719607994071,1.7755359693012913,0.2858163613072202
19A,BT2,raw,quadratic_tangent,second-order local tangent,0.032235294117647,3.2235294117647,1.4805512197325694,1.7671827814084478,0.28663156167587833
19A,BT2,raw,quadratic_tangent,second-order local tangent,0.0339705882352941,3.39705882352941,1.4722921624305445,1.7603417605995273,0.2880495981689828
19A,BT2,raw,quadratic_tangent,second-order local tangent,0.0357058823529411,3.5705882352941103,1.4648536691705136,1.755012906874531,0.2901592377040174
19A,BT2,raw,quadratic_tangent,second-order local tangent,0.0374411764705882,3.74411764705882,1.458159726212248,1.7511962202334581,0.29303649402121
19A,BT2,raw,quadratic_tangent,second-order local tangent,0.0391764705882353,3.9176470588235297,1.4521447568959676,1.748891700676309,0.2967469437803414
19A,BT2,raw,quadratic_tangent,second-order local tangent,0.0409117647058823,4.09117647058823,1.4467518032468432,1.7480993482030835,0.3013475449562404
19A,BT2,raw,quadratic_tangent,second-order local tangent,0.0426470588235294,4.26470588235294,1.4419310866639103,1.7488191628137821,0.3068880761498718
19A,BT2,raw,quadratic_tangent,second-order local tangent,0.0443823529411764,4.43823529411764,1.4376388566993814,1.751051144508404,0.31341228780902264
19A,BT2,raw,quadratic_tangent,second-order local tangent,0.0461176470588235,4.61176470588235,1.4338364614316794,1.75479529328695,0.3209588318552705
19A,BT2,raw,quadratic_tangent,second-order local tangent,0.0478529411764705,4.78529411764705,1.430489590172143,1.7600516091494192,0.3295620189772761
19A,BT2,raw,quadratic_tangent,second-order local tangent,0.0495882352941176,4.9588235294117595,1.4275676515590516,1.7668200920958124,0.33925244053676074
19A,BT2,raw,quadratic_tangent,second-order local tangent,0.0513235294117647,5.13235294117647,1.4250432590136055,1.7751007421261296,0.35005748311252405
19A,BT2,raw,quadratic_tangent,second-order local tangent,0.0530588235294117,5.30588235294117,1.42289180207095,1.7848935592403699,0.36200175716941985
19A,BT2,raw,quadratic_tangent,second-order local tangent,0.0547941176470588,5.47941176470588,1.4210910869525548,1.7961985434385344,0.37510745648597954
19A,BT2,raw,quadratic_tangent,second-order local tangent,0.0565294117647058,5.65294117647058,1.4196210333853934,1.809015694720622,0.3893946613352286
19A,BT2,raw,quadratic_tangent,second-order local tangent,0.0582647058823529,5.82647058823529,1.4184634174327797,1.823345013086634,0.4048815956538543
19A,BT2,raw,quadratic_tangent,second-order local tangent,0.06,6.0,1.4176016522071866,1.8391864985365698,0.4215848463293832
19A,BT2,raw,local_linear_tangent,first-order local tangent,0.001,0.1,2.420335193843057,2.129380330921326,-0.2909548629217307
19A,BT2,raw,local_linear_tangent,first-order local tangent,0.0027096482108372,0.27096482108372,2.1153340616255853,2.115334063048018,1.4224328381828855e-09
19A,BT2,raw,local_linear_tangent,first-order local tangent,0.002735294117647,0.27352941176469997,2.1125029874100183,2.115123359305213,0.0026203718951944843
19A,BT2,raw,local_linear_tangent,first-order local tangent,0.0044705882352941,0.44705882352941,1.9669223354381944,2.1008663876890985,0.1339440522509041
19A,BT2,raw,local_linear_tangent,first-order local tangent,0.0062058823529411,0.62058823529411,1.872643877951156,2.086609416072985,0.21396553812182906
19A,BT2,raw,local_linear_tangent,first-order local tangent,0.0079411764705882,0.7941176470588199,1.8038724569774944,2.072352444456871,0.2684799874793764
19A,BT2,raw,local_linear_tangent,first-order local tangent,0.0096764705882352,0.96764705882352,1.7503953212489218,2.0580954728407574,0.3077001515918356
19A,BT2,raw,local_linear_tangent,first-order local tangent,0.0114117647058823,1.14117647058823,1.7071170028223412,2.043838501224643,0.3367214984023019
19A,BT2,raw,local_linear_tangent,first-order local tangent,0.0131470588235294,1.31470588235294,1.671126849785521,2.0295815296085293,0.3584546798230084
19A,BT2,raw,local_linear_tangent,first-order local tangent,0.0148823529411764,1.48823529411764,1.6406056810633771,2.015324557992416,0.3747188769290388
19A,BT2,raw,local_linear_tangent,first-order local tangent,0.0166176470588235,1.6617647058823501,1.6143407235614189,2.0010675863763017,0.3867268628148828
19A,BT2,raw,local_linear_tangent,first-order local tangent,0.0183529411764705,1.8352941176470499,1.5914830882642397,1.9868106147601883,0.3953275264959486
19A,BT2,raw,local_linear_tangent,first-order local tangent,0.0200882352941176,2.0088235294117602,1.5714155459729375,1.972553643144074,0.40113809717113647
19A,BT2,raw,local_linear_tangent,first-order local tangent,0.0218235294117647,2.18235294117647,1.5536753388687037,1.9582966715279597,0.40462133265925604
19A,BT2,raw,local_linear_tangent,first-order local tangent,0.0235588235294117,2.3558823529411703,1.5379066631610276,1.9440396999118463,0.4061330367508187
19A,BT2,raw,local_linear_tangent,first-order local tangent,0.0252941176470588,2.52941176470588,1.523830114849965,1.929782728295732,0.40595261344576716
19A,BT2,raw,local_linear_tangent,first-order local tangent,0.0270294117647058,2.70294117647058,1.5112223151282411,1.9155257566796187,0.40430344155137754
19A,BT2,raw,local_linear_tangent,first-order local tangent,0.0287647058823529,2.87647058823529,1.4999019001850489,1.9012687850635044,0.4013668848784555
19A,BT2,raw,local_linear_tangent,first-order local tangent,0.0305,3.05,1.489719607994071,1.8870118134473903,0.3972922054533192
19A,BT2,raw,local_linear_tangent,first-order local tangent,0.032235294117647,3.2235294117647,1.4805512197325694,1.872754841831277,0.3922036220987075
19A,BT2,raw,local_linear_tangent,first-order local tangent,0.0339705882352941,3.39705882352941,1.4722921624305445,1.8584978702151627,0.38620570778461816
19A,BT2,raw,local_linear_tangent,first-order local tangent,0.0357058823529411,3.5705882352941103,1.4648536691705136,1.8442408985990493,0.37938722942853564
19A,BT2,raw,local_linear_tangent,first-order local tangent,0.0374411764705882,3.74411764705882,1.458159726212248,1.8299839269829352,0.3718242007706871
19A,BT2,raw,local_linear_tangent,first-order local tangent,0.0391764705882353,3.9176470588235297,1.4521447568959676,1.815726955366821,0.3635821984708534
19A,BT2,raw,local_linear_tangent,first-order local tangent,0.0409117647058823,4.09117647058823,1.4467518032468432,1.8014699837507075,0.3547181805038644
19A,BT2,raw,local_linear_tangent,first-order local tangent,0.0426470588235294,4.26470588235294,1.4419310866639103,1.7872130121345933,0.3452819254706829
19A,BT2,raw,local_linear_tangent,first-order local tangent,0.0443823529411764,4.43823529411764,1.4376388566993814,1.7729560405184799,0.3353171838190985
19A,BT2,raw,local_linear_tangent,first-order local tangent,0.0461176470588235,4.61176470588235,1.4338364614316794,1.7586990689023656,0.3248626074706862
19A,BT2,raw,local_linear_tangent,first-order local tangent,0.0478529411764705,4.78529411764705,1.430489590172143,1.7444420972862522,0.31395250711410916
19A,BT2,raw,local_linear_tangent,first-order local tangent,0.0495882352941176,4.9588235294117595,1.4275676515590516,1.730185125670138,0.3026174741110863
19A,BT2,raw,local_linear_tangent,first-order local tangent,0.0513235294117647,5.13235294117647,1.4250432590136055,1.7159281540540239,0.29088489504041837
19A,BT2,raw,local_linear_tangent,first-order local tangent,0.0530588235294117,5.30588235294117,1.42289180207095,1.7016711824379105,0.2787793803669605
19A,BT2,raw,local_linear_tangent,first-order local tangent,0.0547941176470588,5.47941176470588,1.4210910869525548,1.6874142108217962,0.2663231238692414
19A,BT2,raw,local_linear_tangent,first-order local tangent,0.0565294117647058,5.65294117647058,1.4196210333853934,1.6731572392056828,0.25353620582028946
19A,BT2,raw,local_linear_tangent,first-order local tangent,0.0582647058823529,5.82647058823529,1.4184634174327797,1.6589002675895688,0.24043685015678906
19A,BT2,raw,local_linear_tangent,first-order local tangent,0.06,6.0,1.4176016522071866,1.6446432959734545,0.2270416437662679
19A,BT2,raw,integrated_local_projection,integrated local projection slope,0.001,0.1,2.420335193843057,2.4216092948354735,0.001274100992416649
19A,BT2,raw,integrated_local_projection,integrated local projection slope,0.0027096482108372,0.27096482108372,2.1153340616255853,2.115334063048027,1.4224417199670825e-09
19A,BT2,raw,integrated_local_projection,integrated local projection slope,0.002735294117647,0.27352941176469997,2.1125029874100183,2.1124891861998414,-1.3801210176911383e-05
19A,BT2,raw,integrated_local_projection,integrated local projection slope,0.0044705882352941,0.44705882352941,1.9669223354381944,1.9661313743826287,-0.0007909610555656421
19A,BT2,raw,integrated_local_projection,integrated local projection slope,0.0062058823529411,0.62058823529411,1.872643877951156,1.8712402405787714,-0.0014036373723846918
19A,BT2,raw,integrated_local_projection,integrated local projection slope,0.0079411764705882,0.7941176470588199,1.8038724569774944,1.801938630132291,-0.001933826845203379
19A,BT2,raw,integrated_local_projection,integrated local projection slope,0.0096764705882352,0.96764705882352,1.7503953212489218,1.7479830624550945,-0.0024122587938273377
19A,BT2,raw,integrated_local_projection,integrated local projection slope,0.0114117647058823,1.14117647058823,1.7071170028223412,1.7042612770877783,-0.0028557257345629417
19A,BT2,raw,integrated_local_projection,integrated local projection slope,0.0131470588235294,1.31470588235294,1.671126849785521,1.6678530621374286,-0.0032737876480923855
19A,BT2,raw,integrated_local_projection,integrated local projection slope,0.0148823529411764,1.48823529411764,1.6406056810633771,1.6369331544160626,-0.0036725266473145446
19A,BT2,raw,integrated_local_projection,integrated local projection slope,0.0166176470588235,1.6617647058823501,1.6143407235614189,1.6102846258592587,-0.0040560977021602
19A,BT2,raw,integrated_local_projection,integrated local projection slope,0.0183529411764705,1.8352941176470499,1.5914830882642397,1.5870556602776418,-0.004427427986597898
19A,BT2,raw,integrated_local_projection,integrated local projection slope,0.0200882352941176,2.0088235294117602,1.5714155459729375,1.5666268565117836,-0.004788689461153961
19A,BT2,raw,integrated_local_projection,integrated local projection slope,0.0218235294117647,2.18235294117647,1.5536753388687037,1.5485337929333962,-0.005141545935307468
19A,BT2,raw,integrated_local_projection,integrated local projection slope,0.0235588235294117,2.3558823529411703,1.5379066631610276,1.5324193626754097,-0.005487300485617963
19A,BT2,raw,integrated_local_projection,integrated local projection slope,0.0252941176470588,2.52941176470588,1.523830114849965,1.518003121618782,-0.005826993231182964
19A,BT2,raw,integrated_local_projection,integrated local projection slope,0.0270294117647058,2.70294117647058,1.5112223151282411,1.5050608459731554,-0.0061614691550857525
19A,BT2,raw,integrated_local_projection,integrated local projection slope,0.0287647058823529,2.87647058823529,1.4999019001850489,1.493410474880319,-0.006491425304729903
19A,BT2,raw,integrated_local_projection,integrated local projection slope,0.0305,3.05,1.489719607994071,1.4829021870467836,-0.006817420947287545
19A,BT2,raw,integrated_local_projection,integrated local projection slope,0.032235294117647,3.2235294117647,1.4805512197325694,1.4734112320093118,-0.007139987723257635
19A,BT2,raw,integrated_local_projection,integrated local projection slope,0.0339705882352941,3.39705882352941,1.4722921624305445,1.4648326475663813,-0.007459514864163186
19A,BT2,raw,integrated_local_projection,integrated local projection slope,0.0357058823529411,3.5705882352941103,1.4648536691705136,1.45707729871277,-0.007776370457743598
19A,BT2,raw,integrated_local_projection,integrated local projection slope,0.0374411764705882,3.74411764705882,1.458159726212248,1.4500688590788733,-0.008090867133374813
19A,BT2,raw,integrated_local_projection,integrated local projection slope,0.0391764705882353,3.9176470588235297,1.4521447568959676,1.4437414790234735,-0.008403277872494064
19A,BT2,raw,integrated_local_projection,integrated local projection slope,0.0409117647058823,4.09117647058823,1.4467518032468432,1.4380379608125229,-0.008713842434320274
19A,BT2,raw,integrated_local_projection,integrated local projection slope,0.0426470588235294,4.26470588235294,1.4419310866639103,1.432908314122705,-0.009022772541205315
19A,BT2,raw,integrated_local_projection,integrated local projection slope,0.0443823529411764,4.43823529411764,1.4376388566993814,1.4283086005185748,-0.009330256180806629
19A,BT2,raw,integrated_local_projection,integrated local projection slope,0.0461176470588235,4.61176470588235,1.4338364614316794,1.4242000005113549,-0.009636460920324552
19A,BT2,raw,integrated_local_projection,integrated local projection slope,0.0478529411764705,4.78529411764705,1.430489590172143,1.420548053423064,-0.00994153674907916
19A,BT2,raw,integrated_local_projection,integrated local projection slope,0.0495882352941176,4.9588235294117595,1.4275676515590516,1.4173220331781726,-0.010245618380879007
19A,BT2,raw,integrated_local_projection,integrated local projection slope,0.0513235294117647,5.13235294117647,1.4250432590136055,1.4144944318660402,-0.010548827147565332
19A,BT2,raw,integrated_local_projection,integrated local projection slope,0.0530588235294117,5.30588235294117,1.42289180207095,1.4120405294689187,-0.010851272602031337
19A,BT2,raw,integrated_local_projection,integrated local projection slope,0.0547941176470588,5.47941176470588,1.4210910869525548,1.4099380330563136,-0.011153053896241216
19A,BT2,raw,integrated_local_projection,integrated local projection slope,0.0565294117647058,5.65294117647058,1.4196210333853934,1.4081667724398126,-0.011454260945580774
19A,BT2,raw,integrated_local_projection,integrated local projection slope,0.0582647058823529,5.82647058823529,1.4184634174327797,1.406708442040152,-0.011754975392627598
19A,BT2,raw,integrated_local_projection,integrated local projection slope,0.06,6.0,1.4176016522071866,1.4055463807367135,-0.012055271470473139
19A,BT2,adjusted,factored_log_log,log contact + log HS (current),0.001,0.1,2.420465399572424,2.4046760573759776,-0.015789342196446565
19A,BT2,adjusted,factored_log_log,log contact + log HS (current),0.0027096482108372,0.27096482108372,2.1153340630480177,2.1153340630480266,8.881784197001252e-15
19A,BT2,adjusted,factored_log_log,log contact + log HS (current),0.002735294117647,0.27352941176469997,2.1125015347142293,2.112637029752552,0.00013549503832255283
19A,BT2,adjusted,factored_log_log,log contact + log HS (current),0.0044705882352941,0.44705882352941,1.9669067276398768,1.9735544741020006,0.006647746462123738
19A,BT2,adjusted,factored_log_log,log contact + log HS (current),0.0062058823529411,0.62058823529411,1.872730155786622,1.8829979999019344,0.010267844115312341
19A,BT2,adjusted,factored_log_log,log contact + log HS (current),0.0079411764705882,0.7941176470588199,1.8040683236829085,1.8166491538424738,0.012580830159565348
19A,BT2,adjusted,factored_log_log,log contact + log HS (current),0.0096764705882352,0.96764705882352,1.7507069777114264,1.7648609276800467,0.014153949968620294
19A,BT2,adjusted,factored_log_log,log contact + log HS (current),0.0114117647058823,1.14117647058823,1.7077725165541844,1.722810859451376,0.015038342897191637
19A,BT2,adjusted,factored_log_log,log contact + log HS (current),0.0131470588235294,1.31470588235294,1.6718224951754042,1.6877392293088458,0.015916734133441635
19A,BT2,adjusted,factored_log_log,log contact + log HS (current),0.0148823529411764,1.48823529411764,1.6418440471126183,1.6579182054719217,0.01607415835930337
19A,BT2,adjusted,factored_log_log,log contact + log HS (current),0.0166176470588235,1.6617647058823501,1.6155407177189895,1.6321939977478435,0.016653280028853912
19A,BT2,adjusted,factored_log_log,log contact + log HS (current),0.0183529411764705,1.8352941176470499,1.5927758100376124,1.6097577733675532,0.01698196332994084
19A,BT2,adjusted,factored_log_log,log contact + log HS (current),0.0200882352941176,2.0088235294117602,1.5729807594603291,1.5900205528068767,0.017039793346547594
19A,BT2,adjusted,factored_log_log,log contact + log HS (current),0.0218235294117647,2.18235294117647,1.5554482537405812,1.5725401347733317,0.0170918810327505
19A,BT2,adjusted,factored_log_log,log contact + log HS (current),0.0235588235294117,2.3558823529411703,1.5398720026804964,1.5569760668937271,0.01710406421323074
19A,BT2,adjusted,factored_log_log,log contact + log HS (current),0.0252941176470588,2.52941176470588,1.5260463876068262,1.543060661400839,0.01701427379401288
19A,BT2,adjusted,factored_log_log,log contact + log HS (current),0.0270294117647058,2.70294117647058,1.513923056300503,1.5305796492505213,0.0166565929500182
19A,BT2,adjusted,factored_log_log,log contact + log HS (current),0.0287647058823529,2.87647058823529,1.5025214995627556,1.5193588651846472,0.016837365621891642
19A,BT2,adjusted,factored_log_log,log contact + log HS (current),0.0305,3.05,1.4932665671740968,1.5092548394300107,0.015988272255913927
19A,BT2,adjusted,factored_log_log,log contact + log HS (current),0.032235294117647,3.2235294117647,1.484262613494967,1.5001479964910016,0.01588538299603459
19A,BT2,adjusted,factored_log_log,log contact + log HS (current),0.0339705882352941,3.39705882352941,1.4764741984002372,1.4919376394513704,0.015463441051133175
19A,BT2,adjusted,factored_log_log,log contact + log HS (current),0.0357058823529411,3.5705882352941103,1.4692478564405604,1.4845381852473745,0.015290328806814024
19A,BT2,adjusted,factored_log_log,log contact + log HS (current),0.0374411764705882,3.74411764705882,1.4628992568988686,1.4778762942339212,0.014977037335052623
19A,BT2,adjusted,factored_log_log,log contact + log HS (current),0.0391764705882353,3.9176470588235297,1.4571354789724236,1.4718886506484863,0.014753171676062715
19A,BT2,adjusted,factored_log_log,log contact + log HS (current),0.0409117647058823,4.09117647058823,1.4518848538258151,1.4665202245199735,0.014635370694158434
19A,BT2,adjusted,factored_log_log,log contact + log HS (current),0.0426470588235294,4.26470588235294,1.4471186668303917,1.4617228949040086,0.014604228073616943
19A,BT2,adjusted,factored_log_log,log contact + log HS (current),0.0443823529411764,4.43823529411764,1.4425732567879654,1.4574543478988358,0.014881091110870326
19A,BT2,adjusted,factored_log_log,log contact + log HS (current),0.0461176470588235,4.61176470588235,1.4391153873625462,1.4536771861552116,0.014561798792665392
19A,BT2,adjusted,factored_log_log,log contact + log HS (current),0.0478529411764705,4.78529411764705,1.435783389921552,1.4503582029724105,0.014574813050858504
19A,BT2,adjusted,factored_log_log,log contact + log HS (current),0.0495882352941176,4.9588235294117595,1.4330226705508875,1.4474677857789429,0.01444511522805536
19A,BT2,adjusted,factored_log_log,log contact + log HS (current),0.0513235294117647,5.13235294117647,1.4306984767546147,1.4449794222789085,0.01428094552429382
19A,BT2,adjusted,factored_log_log,log contact + log HS (current),0.0530588235294117,5.30588235294117,1.4287072558768623,1.4428692887687582,0.014162032891895882
19A,BT2,adjusted,factored_log_log,log contact + log HS (current),0.0547941176470588,5.47941176470588,1.4270866756533118,1.4411159047494906,0.014029229096178764
19A,BT2,adjusted,factored_log_log,log contact + log HS (current),0.0565294117647058,5.65294117647058,1.4258110061153717,1.4396998414262527,0.013888835310881031
19A,BT2,adjusted,factored_log_log,log contact + log HS (current),0.0582647058823529,5.82647058823529,1.4248105442431371,1.438603474315066,0.013792930071928833
19A,BT2,adjusted,factored_log_log,log contact + log HS (current),0.06,6.0,1.4240596884984424,1.437810772186808,0.01375108368836564
19A,BT2,adjusted,log_linear_hs,log contact + linear HS,0.001,0.1,2.420465399572424,2.404271303611511,-0.016194095960913035
19A,BT2,adjusted,log_linear_hs,log contact + linear HS,0.0027096482108372,0.27096482108372,2.1153340630480177,2.115334063048026,8.43769498715119e-15
19A,BT2,adjusted,log_linear_hs,log contact + linear HS,0.002735294117647,0.27352941176469997,2.1125015347142293,2.1126428825586143,0.00014134784438502024
19A,BT2,adjusted,log_linear_hs,log contact + linear HS,0.0044705882352941,0.44705882352941,1.9669067276398768,1.9739412387661024,0.007034511126225551
19A,BT2,adjusted,log_linear_hs,log contact + linear HS,0.0062058823529411,0.62058823529411,1.872730155786622,1.883735720580093,0.011005564793471034
19A,BT2,adjusted,log_linear_hs,log contact + linear HS,0.0079411764705882,0.7941176470588199,1.8040683236829085,1.8177076100994611,0.013639286416552654
19A,BT2,adjusted,log_linear_hs,log contact + linear HS,0.0096764705882352,0.96764705882352,1.7507069777114264,1.7662096309682458,0.015502653256819432
19A,BT2,adjusted,log_linear_hs,log contact + linear HS,0.0114117647058823,1.14117647058823,1.7077725165541844,1.7244190495268823,0.016646532972697914
19A,BT2,adjusted,log_linear_hs,log contact + linear HS,0.0131470588235294,1.31470588235294,1.6718224951754042,1.6895758705834059,0.017753375408001704
19A,BT2,adjusted,log_linear_hs,log contact + linear HS,0.0148823529411764,1.48823529411764,1.6418440471126183,1.6599519832992689,0.01810793618665052
19A,BT2,adjusted,log_linear_hs,log contact + linear HS,0.0166176470588235,1.6617647058823501,1.6155407177189895,1.6343933146429483,0.018852596923958798
19A,BT2,adjusted,log_linear_hs,log contact + linear HS,0.0183529411764705,1.8352941176470499,1.5927758100376124,1.612090745157268,0.01931493511965554
19A,BT2,adjusted,log_linear_hs,log contact + linear HS,0.0200882352941176,2.0088235294117602,1.5729807594603291,1.5924550047104078,0.01947424525007868
19A,BT2,adjusted,log_linear_hs,log contact + linear HS,0.0218235294117647,2.18235294117647,1.5554482537405812,1.575043597410938,0.01959534367035687
19A,BT2,adjusted,log_linear_hs,log contact + linear HS,0.0235588235294117,2.3558823529411703,1.5398720026804964,1.559515772221991,0.019643769541494605
19A,BT2,adjusted,log_linear_hs,log contact + linear HS,0.0252941176470588,2.52941176470588,1.5260463876068262,1.545603538572814,0.019557150965987757
19A,BT2,adjusted,log_linear_hs,log contact + linear HS,0.0270294117647058,2.70294117647058,1.513923056300503,1.533092320399012,0.019169264098509053
19A,BT2,adjusted,log_linear_hs,log contact + linear HS,0.0287647058823529,2.87647058823529,1.5025214995627556,1.5218076411268333,0.019286141564077708
19A,BT2,adjusted,log_linear_hs,log contact + linear HS,0.0305,3.05,1.4932665671740968,1.5116057152915645,0.01833914811746773
19A,BT2,adjusted,log_linear_hs,log contact + linear HS,0.032235294117647,3.2235294117647,1.484262613494967,1.5023666472478143,0.018104033752847304
19A,BT2,adjusted,log_linear_hs,log contact + linear HS,0.0339705882352941,3.39705882352941,1.4764741984002372,1.493989415386929,0.017515216986691895
19A,BT2,adjusted,log_linear_hs,log contact + linear HS,0.0357058823529411,3.5705882352941103,1.4692478564405604,1.486388107323792,0.017140250883231456
19A,BT2,adjusted,log_linear_hs,log contact + linear HS,0.0374411764705882,3.74411764705882,1.4628992568988686,1.4794890493745543,0.016589792475685705
19A,BT2,adjusted,log_linear_hs,log contact + linear HS,0.0391764705882353,3.9176470588235297,1.4571354789724236,1.4732285869300235,0.016093107957599884
19A,BT2,adjusted,log_linear_hs,log contact + linear HS,0.0409117647058823,4.09117647058823,1.4518848538258151,1.4675513462718073,0.015666492445992164
19A,BT2,adjusted,log_linear_hs,log contact + linear HS,0.0426470588235294,4.26470588235294,1.4471186668303917,1.46240885771265,0.015290190882258248
19A,BT2,adjusted,log_linear_hs,log contact + linear HS,0.0443823529411764,4.43823529411764,1.4425732567879654,1.4577584535150563,0.015185196727090844
19A,BT2,adjusted,log_linear_hs,log contact + linear HS,0.0461176470588235,4.61176470588235,1.4391153873625462,1.4535623773015374,0.014446989938991184
19A,BT2,adjusted,log_linear_hs,log contact + linear HS,0.0478529411764705,4.78529411764705,1.435783389921552,1.4497870580485155,0.01400366812696352
19A,BT2,adjusted,log_linear_hs,log contact + linear HS,0.0495882352941176,4.9588235294117595,1.4330226705508875,1.4464025134624228,0.013379842911535267
19A,BT2,adjusted,log_linear_hs,log contact + linear HS,0.0513235294117647,5.13235294117647,1.4306984767546147,1.4433818560188356,0.012683379264220918
19A,BT2,adjusted,log_linear_hs,log contact + linear HS,0.0530588235294117,5.30588235294117,1.4287072558768623,1.4407008811693445,0.011993625292482157
19A,BT2,adjusted,log_linear_hs,log contact + linear HS,0.0547941176470588,5.47941176470588,1.4270866756533118,1.4383377218411022,0.011251046187790381
19A,BT2,adjusted,log_linear_hs,log contact + linear HS,0.0565294117647058,5.65294117647058,1.4258110061153717,1.4362725568209396,0.010461550705567868
19A,BT2,adjusted,log_linear_hs,log contact + linear HS,0.0582647058823529,5.82647058823529,1.4248105442431371,1.4344873632436794,0.009676819000542292
19A,BT2,adjusted,log_linear_hs,log contact + linear HS,0.06,6.0,1.4240596884984424,1.432965705414694,0.008906016916251591
19A,BT2,adjusted,log_reciprocal_hs,log contact + reciprocal HS,0.001,0.1,2.420465399572424,2.405057686721519,-0.015407712850905142
19A,BT2,adjusted,log_reciprocal_hs,log contact + reciprocal HS,0.0027096482108372,0.27096482108372,2.1153340630480177,2.1153340630480266,8.881784197001252e-15
19A,BT2,adjusted,log_reciprocal_hs,log contact + reciprocal HS,0.002735294117647,0.27352941176469997,2.1125015347142293,2.112631499145475,0.00012996443124579926
19A,BT2,adjusted,log_reciprocal_hs,log contact + reciprocal HS,0.0044705882352941,0.44705882352941,1.9669067276398768,1.9731882111937196,0.006281483553842726
19A,BT2,adjusted,log_reciprocal_hs,log contact + reciprocal HS,0.0062058823529411,0.62058823529411,1.872730155786622,1.882297913139207,0.009567757352584971
19A,BT2,adjusted,log_reciprocal_hs,log contact + reciprocal HS,0.0079411764705882,0.7941176470588199,1.8040683236829085,1.8156426421430374,0.011574318460128907
19A,BT2,adjusted,log_reciprocal_hs,log contact + reciprocal HS,0.0096764705882352,0.96764705882352,1.7507069777114264,1.7635758903388488,0.012868912627422402
19A,BT2,adjusted,log_reciprocal_hs,log contact + reciprocal HS,0.0114117647058823,1.14117647058823,1.7077725165541844,1.7212757062838595,0.013503189729675125
19A,BT2,adjusted,log_reciprocal_hs,log contact + reciprocal HS,0.0131470588235294,1.31470588235294,1.6718224951754042,1.685982891037949,0.014160395862544917
19A,BT2,adjusted,log_reciprocal_hs,log contact + reciprocal HS,0.0148823529411764,1.48823529411764,1.6418440471126183,1.6559701443656765,0.014126097253058134
19A,BT2,adjusted,log_reciprocal_hs,log contact + reciprocal HS,0.0166176470588235,1.6617647058823501,1.6155407177189895,1.6300842185146776,0.014543500795688002
19A,BT2,adjusted,log_reciprocal_hs,log contact + reciprocal HS,0.0183529411764705,1.8352941176470499,1.5927758100376124,1.6075168343166348,0.014741024279022463
19A,BT2,adjusted,log_reciprocal_hs,log contact + reciprocal HS,0.0200882352941176,2.0088235294117602,1.5729807594603291,1.5876795772810832,0.014698817820754106
19A,BT2,adjusted,log_reciprocal_hs,log contact + reciprocal HS,0.0218235294117647,2.18235294117647,1.5554482537405812,1.570130822862672,0.014682569122090872
19A,BT2,adjusted,log_reciprocal_hs,log contact + reciprocal HS,0.0235588235294117,2.3558823529411703,1.5398720026804964,1.5545307074373116,0.014658704756815188
19A,BT2,adjusted,log_reciprocal_hs,log contact + reciprocal HS,0.0252941176470588,2.52941176470588,1.5260463876068262,1.5406121442857565,0.014565756678930342
19A,BT2,adjusted,log_reciprocal_hs,log contact + reciprocal HS,0.0270294117647058,2.70294117647058,1.513923056300503,1.5281614780162665,0.014238421715763394
19A,BT2,adjusted,log_reciprocal_hs,log contact + reciprocal HS,0.0287647058823529,2.87647058823529,1.5025214995627556,1.517005169942031,0.014483670379275448
19A,BT2,adjusted,log_reciprocal_hs,log contact + reciprocal HS,0.0305,3.05,1.4932665671740968,1.507000390103788,0.013733822929691275
19A,BT2,adjusted,log_reciprocal_hs,log contact + reciprocal HS,0.032235294117647,3.2235294117647,1.484262613494967,1.4980282163957679,0.013765602900800866
19A,BT2,adjusted,log_reciprocal_hs,log contact + reciprocal HS,0.0339705882352941,3.39705882352941,1.4764741984002372,1.4899886192105987,0.013514420810361472
19A,BT2,adjusted,log_reciprocal_hs,log contact + reciprocal HS,0.0357058823529411,3.5705882352941103,1.4692478564405604,1.4827966970658095,0.013548840625249081
19A,BT2,adjusted,log_reciprocal_hs,log contact + reciprocal HS,0.0374411764705882,3.74411764705882,1.4628992568988686,1.4763798065338969,0.013480549635028316
19A,BT2,adjusted,log_reciprocal_hs,log contact + reciprocal HS,0.0391764705882353,3.9176470588235297,1.4571354789724236,1.4706753430810915,0.01353986410866792
19A,BT2,adjusted,log_reciprocal_hs,log contact + reciprocal HS,0.0409117647058823,4.09117647058823,1.4518848538258151,1.4656290033623889,0.013744149536573769
19A,BT2,adjusted,log_reciprocal_hs,log contact + reciprocal HS,0.0426470588235294,4.26470588235294,1.4471186668303917,1.4611934088547094,0.014074742024317688
19A,BT2,adjusted,log_reciprocal_hs,log contact + reciprocal HS,0.0443823529411764,4.43823529411764,1.4425732567879654,1.4573270042827882,0.014753747494822722
19A,BT2,adjusted,log_reciprocal_hs,log contact + reciprocal HS,0.0461176470588235,4.61176470588235,1.4391153873625462,1.4539931675516022,0.014877780189056056
19A,BT2,adjusted,log_reciprocal_hs,log contact + reciprocal HS,0.0478529411764705,4.78529411764705,1.435783389921552,1.4511594842779005,0.015376094356348569
19A,BT2,adjusted,log_reciprocal_hs,log contact + reciprocal HS,0.0495882352941176,4.9588235294117595,1.4330226705508875,1.4487971517199,0.01577448116901259
19A,BT2,adjusted,log_reciprocal_hs,log contact + reciprocal HS,0.0513235294117647,5.13235294117647,1.4306984767546147,1.44688048538655,0.016182008631935307
19A,BT2,adjusted,log_reciprocal_hs,log contact + reciprocal HS,0.0530588235294117,5.30588235294117,1.4287072558768623,1.4453865078316397,0.016679251954777374
19A,BT2,adjusted,log_reciprocal_hs,log contact + reciprocal HS,0.0547941176470588,5.47941176470588,1.4270866756533118,1.4442946037582978,0.017207928104985948
19A,BT2,adjusted,log_reciprocal_hs,log contact + reciprocal HS,0.0565294117647058,5.65294117647058,1.4258110061153717,1.4435862290263966,0.017775222911024846
19A,BT2,adjusted,log_reciprocal_hs,log contact + reciprocal HS,0.0582647058823529,5.82647058823529,1.4248105442431371,1.443244663783144,0.018434119540006844
19A,BT2,adjusted,log_reciprocal_hs,log contact + reciprocal HS,0.06,6.0,1.4240596884984424,1.4432548019475888,0.019195113449146373
19A,BT2,adjusted,linear_contact_log_hs,linear contact + log HS,0.001,0.1,2.420465399572424,2.129296170434936,-0.2911692291374881
19A,BT2,adjusted,linear_contact_log_hs,linear contact + log HS,0.0027096482108372,0.27096482108372,2.1153340630480177,2.115334063048018,4.440892098500626e-16
19A,BT2,adjusted,linear_contact_log_hs,linear contact + log HS,0.002735294117647,0.27352941176469997,2.1125015347142293,2.1151248405514047,0.0026233058371754048
19A,BT2,adjusted,linear_contact_log_hs,linear contact + log HS,0.0044705882352941,0.44705882352941,1.9669067276398768,2.1009832053803628,0.13407647774048592
19A,BT2,adjusted,linear_contact_log_hs,linear contact + log HS,0.0062058823529411,0.62058823529411,1.872730155786622,2.0868715260533035,0.21414137026668145
19A,BT2,adjusted,linear_contact_log_hs,linear contact + log HS,0.0079411764705882,0.7941176470588199,1.8040683236829085,2.072790067161472,0.26872174347856337
19A,BT2,adjusted,linear_contact_log_hs,linear contact + log HS,0.0096764705882352,0.96764705882352,1.7507069777114264,2.058739096817258,0.3080321191058315
19A,BT2,adjusted,linear_contact_log_hs,linear contact + log HS,0.0114117647058823,1.14117647058823,1.7077725165541844,2.0447188867169483,0.33694637016276396
19A,BT2,adjusted,linear_contact_log_hs,linear contact + log HS,0.0131470588235294,1.31470588235294,1.6718224951754042,2.030729712204892,0.3589072170294878
19A,BT2,adjusted,linear_contact_log_hs,linear contact + log HS,0.0148823529411764,1.48823529411764,1.6418440471126183,2.0167718523391027,0.3749278052264844
19A,BT2,adjusted,linear_contact_log_hs,linear contact + log HS,0.0166176470588235,1.6617647058823501,1.6155407177189895,2.002845589958342,0.3873048722393524
19A,BT2,adjusted,linear_contact_log_hs,linear contact + log HS,0.0183529411764705,1.8352941176470499,1.5927758100376124,1.9889512117507304,0.39617540171311805
19A,BT2,adjusted,linear_contact_log_hs,linear contact + log HS,0.0200882352941176,2.0088235294117602,1.5729807594603291,1.975089008323911,0.4021082488635819
19A,BT2,adjusted,linear_contact_log_hs,linear contact + log HS,0.0218235294117647,2.18235294117647,1.5554482537405812,1.9612592742768327,0.4058110205362515
19A,BT2,adjusted,linear_contact_log_hs,linear contact + log HS,0.0235588235294117,2.3558823529411703,1.5398720026804964,1.9474623082731732,0.40759030559267684
19A,BT2,adjusted,linear_contact_log_hs,linear contact + log HS,0.0252941176470588,2.52941176470588,1.5260463876068262,1.9336984131164592,0.407652025509633
19A,BT2,adjusted,linear_contact_log_hs,linear contact + log HS,0.0270294117647058,2.70294117647058,1.513923056300503,1.9199678958269413,0.4060448395264382
19A,BT2,adjusted,linear_contact_log_hs,linear contact + log HS,0.0287647058823529,2.87647058823529,1.5025214995627556,1.9062710677202435,0.40374956815748786
19A,BT2,adjusted,linear_contact_log_hs,linear contact + log HS,0.0305,3.05,1.4932665671740968,1.8926082444878722,0.39934167731377546
19A,BT2,adjusted,linear_contact_log_hs,linear contact + log HS,0.032235294117647,3.2235294117647,1.484262613494967,1.8789797462796116,0.3947171327846446
19A,BT2,adjusted,linear_contact_log_hs,linear contact + log HS,0.0339705882352941,3.39705882352941,1.4764741984002372,1.8653858977878628,0.3889116993876256
19A,BT2,adjusted,linear_contact_log_hs,linear contact + log HS,0.0357058823529411,3.5705882352941103,1.4692478564405604,1.8518270283340021,0.3825791718934417
19A,BT2,adjusted,linear_contact_log_hs,linear contact + log HS,0.0374411764705882,3.74411764705882,1.4628992568988686,1.8383034719567837,0.3754042150579151
19A,BT2,adjusted,linear_contact_log_hs,linear contact + log HS,0.0391764705882353,3.9176470588235297,1.4571354789724236,1.8248155675028768,0.3676800885304532
19A,BT2,adjusted,linear_contact_log_hs,linear contact + log HS,0.0409117647058823,4.09117647058823,1.4518848538258151,1.8113636587195783,0.35947880489376316
19A,BT2,adjusted,linear_contact_log_hs,linear contact + log HS,0.0426470588235294,4.26470588235294,1.4471186668303917,1.7979480943497677,0.35082942751937596
19A,BT2,adjusted,linear_contact_log_hs,linear contact + log HS,0.0443823529411764,4.43823529411764,1.4425732567879654,1.7845692282291865,0.34199597144122107
19A,BT2,adjusted,linear_contact_log_hs,linear contact + log HS,0.0461176470588235,4.61176470588235,1.4391153873625462,1.7712274193860782,0.332112032023532
19A,BT2,adjusted,linear_contact_log_hs,linear contact + log HS,0.0478529411764705,4.78529411764705,1.435783389921552,1.7579230321432968,0.32213964222174485
19A,BT2,adjusted,linear_contact_log_hs,linear contact + log HS,0.0495882352941176,4.9588235294117595,1.4330226705508875,1.744656436222919,0.3116337656720316
19A,BT2,adjusted,linear_contact_log_hs,linear contact + log HS,0.0513235294117647,5.13235294117647,1.4306984767546147,1.731428006853469,0.3007295300988544
19A,BT2,adjusted,linear_contact_log_hs,linear contact + log HS,0.0530588235294117,5.30588235294117,1.4287072558768623,1.7182381248798082,0.2895308690029459
19A,BT2,adjusted,linear_contact_log_hs,linear contact + log HS,0.0547941176470588,5.47941176470588,1.4270866756533118,1.7050871768757796,0.2780005012224678
19A,BT2,adjusted,linear_contact_log_hs,linear contact + log HS,0.0565294117647058,5.65294117647058,1.4258110061153717,1.6919755552597027,0.26616454914433096
19A,BT2,adjusted,linear_contact_log_hs,linear contact + log HS,0.0582647058823529,5.82647058823529,1.4248105442431371,1.6789036584127728,0.25409311416963565
19A,BT2,adjusted,linear_contact_log_hs,linear contact + log HS,0.06,6.0,1.4240596884984424,1.6658718908004977,0.24181220230205525
19A,BT2,adjusted,reciprocal_contact_log_hs,reciprocal contact + log HS,0.001,0.1,2.420465399572424,6.716650861085748,4.296185461513324
19A,BT2,adjusted,reciprocal_contact_log_hs,reciprocal contact + log HS,0.0027096482108372,0.27096482108372,2.1153340630480177,2.1153340630481017,8.393286066166183e-14
19A,BT2,adjusted,reciprocal_contact_log_hs,reciprocal contact + log HS,0.002735294117647,0.27352941176469997,2.1125015347142293,2.0901636863559627,-0.022337848358266577
19A,BT2,adjusted,reciprocal_contact_log_hs,reciprocal contact + log HS,0.0044705882352941,0.44705882352941,1.9669067276398768,1.0605871605642834,-0.9063195670755935
19A,BT2,adjusted,reciprocal_contact_log_hs,reciprocal contact + log HS,0.0062058823529411,0.62058823529411,1.872730155786622,0.6106327822928284,-1.2620973734937937
19A,BT2,adjusted,reciprocal_contact_log_hs,reciprocal contact + log HS,0.0079411764705882,0.7941176470588199,1.8040683236829085,0.3603459349228242,-1.4437223887600843
19A,BT2,adjusted,reciprocal_contact_log_hs,reciprocal contact + log HS,0.0096764705882352,0.96764705882352,1.7507069777114264,0.20232322713652473,-1.5483837505749016
19A,BT2,adjusted,reciprocal_contact_log_hs,reciprocal contact + log HS,0.0114117647058823,1.14117647058823,1.7077725165541844,0.09448927023487519,-1.6132832463193092
19A,BT2,adjusted,reciprocal_contact_log_hs,reciprocal contact + log HS,0.0131470588235294,1.31470588235294,1.6718224951754042,0.01698312179173378,-1.6548393733836704
19A,BT2,adjusted,reciprocal_contact_log_hs,reciprocal contact + log HS,0.0148823529411764,1.48823529411764,1.6418440471126183,-0.040792822134953166,-1.6826368692475715
19A,BT2,adjusted,reciprocal_contact_log_hs,reciprocal contact + log HS,0.0166176470588235,1.6617647058823501,1.6155407177189895,-0.08500943535602712,-1.7005501530750167
19A,BT2,adjusted,reciprocal_contact_log_hs,reciprocal contact + log HS,0.0183529411764705,1.8352941176470499,1.5927758100376124,-0.1195036247411263,-1.7122794347787387
19A,BT2,adjusted,reciprocal_contact_log_hs,reciprocal contact + log HS,0.0200882352941176,2.0088235294117602,1.5729807594603291,-0.14678641083974053,-1.7197671703000696
19A,BT2,adjusted,reciprocal_contact_log_hs,reciprocal contact + log HS,0.0218235294117647,2.18235294117647,1.5554482537405812,-0.1685700643433612,-1.7240183180839423
19A,BT2,adjusted,reciprocal_contact_log_hs,reciprocal contact + log HS,0.0235588235294117,2.3558823529411703,1.5398720026804964,-0.18606227583812274,-1.7259342785186191
19A,BT2,adjusted,reciprocal_contact_log_hs,reciprocal contact + log HS,0.0252941176470588,2.52941176470588,1.5260463876068262,-0.20013923704594383,-1.72618562465277
19A,BT2,adjusted,reciprocal_contact_log_hs,reciprocal contact + log HS,0.0270294117647058,2.70294117647058,1.513923056300503,-0.21145205091488695,-1.72537510721539
19A,BT2,adjusted,reciprocal_contact_log_hs,reciprocal contact + log HS,0.0287647058823529,2.87647058823529,1.5025214995627556,-0.2204946251441413,-1.723016124706897
19A,BT2,adjusted,reciprocal_contact_log_hs,reciprocal contact + log HS,0.0305,3.05,1.4932665671740968,-0.22764838891285155,-1.7209149560869483
19A,BT2,adjusted,reciprocal_contact_log_hs,reciprocal contact + log HS,0.032235294117647,3.2235294117647,1.484262613494967,-0.23321256640404542,-1.7174751798990124
19A,BT2,adjusted,reciprocal_contact_log_hs,reciprocal contact + log HS,0.0339705882352941,3.39705882352941,1.4764741984002372,-0.23742517166285548,-1.7138993700630927
19A,BT2,adjusted,reciprocal_contact_log_hs,reciprocal contact + log HS,0.0357058823529411,3.5705882352941103,1.4692478564405604,-0.24047788136898518,-1.7097257378095456
19A,BT2,adjusted,reciprocal_contact_log_hs,reciprocal contact + log HS,0.0374411764705882,3.74411764705882,1.4628992568988686,-0.242526771713937,-1.7054260286128056
19A,BT2,adjusted,reciprocal_contact_log_hs,reciprocal contact + log HS,0.0391764705882353,3.9176470588235297,1.4571354789724236,-0.24370020175822127,-1.7008356807306448
19A,BT2,adjusted,reciprocal_contact_log_hs,reciprocal contact + log HS,0.0409117647058823,4.09117647058823,1.4518848538258151,-0.24410469050277506,-1.6959895443285902
19A,BT2,adjusted,reciprocal_contact_log_hs,reciprocal contact + log HS,0.0426470588235294,4.26470588235294,1.4471186668303917,-0.2438293591194447,-1.6909480259498364
19A,BT2,adjusted,reciprocal_contact_log_hs,reciprocal contact + log HS,0.0443823529411764,4.43823529411764,1.4425732567879654,-0.24294933104316474,-1.6855225878311302
19A,BT2,adjusted,reciprocal_contact_log_hs,reciprocal contact + log HS,0.0461176470588235,4.61176470588235,1.4391153873625462,-0.2415283644169519,-1.680643751779498
19A,BT2,adjusted,reciprocal_contact_log_hs,reciprocal contact + log HS,0.0478529411764705,4.78529411764705,1.435783389921552,-0.23962091174968458,-1.6754043016712366
19A,BT2,adjusted,reciprocal_contact_log_hs,reciprocal contact + log HS,0.0495882352941176,4.9588235294117595,1.4330226705508875,-0.2372737470950903,-1.6702964176459778
19A,BT2,adjusted,reciprocal_contact_log_hs,reciprocal contact + log HS,0.0513235294117647,5.13235294117647,1.4306984767546147,-0.23452726310870897,-1.6652257398633237
19A,BT2,adjusted,reciprocal_contact_log_hs,reciprocal contact + log HS,0.0530588235294117,5.30588235294117,1.4287072558768623,-0.2314165135588806,-1.660123769435743
19A,BT2,adjusted,reciprocal_contact_log_hs,reciprocal contact + log HS,0.0547941176470588,5.47941176470588,1.4270866756533118,-0.22797205772021645,-1.6550587333735283
19A,BT2,adjusted,reciprocal_contact_log_hs,reciprocal contact + log HS,0.0565294117647058,5.65294117647058,1.4258110061153717,-0.22422064922044482,-1.6500316553358165
19A,BT2,adjusted,reciprocal_contact_log_hs,reciprocal contact + log HS,0.0582647058823529,5.82647058823529,1.4248105442431371,-0.22018580176839775,-1.6449963460115349
19A,BT2,adjusted,reciprocal_contact_log_hs,reciprocal contact + log HS,0.06,6.0,1.4240596884984424,-0.21588825668798695,-1.6399479451864294
19A,BT2,adjusted,quadratic_tangent,second-order local tangent,0.001,0.1,2.420465399572424,2.148408478270422,-0.2720569213020023
19A,BT2,adjusted,quadratic_tangent,second-order local tangent,0.0027096482108372,0.27096482108372,2.1153340630480177,2.115334063048019,1.3322676295501878e-15
19A,BT2,adjusted,quadratic_tangent,second-order local tangent,0.002735294117647,0.27352941176469997,2.1125015347142293,2.1148490955963926,0.0023475608821632576
19A,BT2,adjusted,quadratic_tangent,second-order local tangent,0.0044705882352941,0.44705882352941,1.9669067276398768,2.0828015442239587,0.11589481658408185
19A,BT2,adjusted,quadratic_tangent,second-order local tangent,0.0062058823529411,0.62058823529411,1.872730155786622,2.0522658241531246,0.1795356683665026
19A,BT2,adjusted,quadratic_tangent,second-order local tangent,0.0079411764705882,0.7941176470588199,1.8040683236829085,2.023241935383887,0.21917361170097838
19A,BT2,adjusted,quadratic_tangent,second-order local tangent,0.0096764705882352,0.96764705882352,1.7507069777114264,1.995729877916248,0.24502290020482165
19A,BT2,adjusted,quadratic_tangent,second-order local tangent,0.0114117647058823,1.14117647058823,1.7077725165541844,1.9697296517502054,0.26195713519602104
19A,BT2,adjusted,quadratic_tangent,second-order local tangent,0.0131470588235294,1.31470588235294,1.6718224951754042,1.9452412568857607,0.2734187617103565
19A,BT2,adjusted,quadratic_tangent,second-order local tangent,0.0148823529411764,1.48823529411764,1.6418440471126183,1.9222646933229148,0.2804206462102965
19A,BT2,adjusted,quadratic_tangent,second-order local tangent,0.0166176470588235,1.6617647058823501,1.6155407177189895,1.9007999610616655,0.28525924334267594
19A,BT2,adjusted,quadratic_tangent,second-order local tangent,0.0183529411764705,1.8352941176470499,1.5927758100376124,1.880847060102015,0.2880712500644027
19A,BT2,adjusted,quadratic_tangent,second-order local tangent,0.0200882352941176,2.0088235294117602,1.5729807594603291,1.8624059904439612,0.28942523098363204
19A,BT2,adjusted,quadratic_tangent,second-order local tangent,0.0218235294117647,2.18235294117647,1.5554482537405812,1.845476752087505,0.2900284983469239
19A,BT2,adjusted,quadratic_tangent,second-order local tangent,0.0235588235294117,2.3558823529411703,1.5398720026804964,1.8300593450326477,0.29018734235215127
19A,BT2,adjusted,quadratic_tangent,second-order local tangent,0.0252941176470588,2.52941176470588,1.5260463876068262,1.816153769279387,0.2901073816725608
19A,BT2,adjusted,quadratic_tangent,second-order local tangent,0.0270294117647058,2.70294117647058,1.513923056300503,1.8037600248277248,0.28983696852722174
19A,BT2,adjusted,quadratic_tangent,second-order local tangent,0.0287647058823529,2.87647058823529,1.5025214995627556,1.7928781116776598,0.29035661211490416
19A,BT2,adjusted,quadratic_tangent,second-order local tangent,0.0305,3.05,1.4932665671740968,1.7835080298291923,0.29024146265509554
19A,BT2,adjusted,quadratic_tangent,second-order local tangent,0.032235294117647,3.2235294117647,1.484262613494967,1.7756497792823231,0.29138716578735613
19A,BT2,adjusted,quadratic_tangent,second-order local tangent,0.0339705882352941,3.39705882352941,1.4764741984002372,1.7693033600370514,0.29282916163681416
19A,BT2,adjusted,quadratic_tangent,second-order local tangent,0.0357058823529411,3.5705882352941103,1.4692478564405604,1.7644687720933776,0.29522091565281716
19A,BT2,adjusted,quadratic_tangent,second-order local tangent,0.0374411764705882,3.74411764705882,1.4628992568988686,1.761146015451301,0.29824675855243243
19A,BT2,adjusted,quadratic_tangent,second-order local tangent,0.0391764705882353,3.9176470588235297,1.4571354789724236,1.7593350901108225,0.3021996111383989
19A,BT2,adjusted,quadratic_tangent,second-order local tangent,0.0409117647058823,4.09117647058823,1.4518848538258151,1.7590359960719415,0.3071511422461264
19A,BT2,adjusted,quadratic_tangent,second-order local tangent,0.0426470588235294,4.26470588235294,1.4471186668303917,1.7602487333346584,0.31313006650426667
19A,BT2,adjusted,quadratic_tangent,second-order local tangent,0.0443823529411764,4.43823529411764,1.4425732567879654,1.7629733018989728,0.3204000451110074
19A,BT2,adjusted,quadratic_tangent,second-order local tangent,0.0461176470588235,4.61176470588235,1.4391153873625462,1.7672097017648851,0.32809431440233894
19A,BT2,adjusted,quadratic_tangent,second-order local tangent,0.0478529411764705,4.78529411764705,1.435783389921552,1.7729579329323948,0.3371745430108428
19A,BT2,adjusted,quadratic_tangent,second-order local tangent,0.0495882352941176,4.9588235294117595,1.4330226705508875,1.7802179954015027,0.3471953248506152
19A,BT2,adjusted,quadratic_tangent,second-order local tangent,0.0513235294117647,5.13235294117647,1.4306984767546147,1.7889898891722082,0.35829141241759355
19A,BT2,adjusted,quadratic_tangent,second-order local tangent,0.0530588235294117,5.30588235294117,1.4287072558768623,1.7992736142445112,0.37056635836764884
19A,BT2,adjusted,quadratic_tangent,second-order local tangent,0.0547941176470588,5.47941176470588,1.4270866756533118,1.811069170618412,0.3839824949651003
19A,BT2,adjusted,quadratic_tangent,second-order local tangent,0.0565294117647058,5.65294117647058,1.4258110061153717,1.8243765582939102,0.3985655521785385
19A,BT2,adjusted,quadratic_tangent,second-order local tangent,0.0582647058823529,5.82647058823529,1.4248105442431371,1.8391957772710066,0.41438523302786945
19A,BT2,adjusted,quadratic_tangent,second-order local tangent,0.06,6.0,1.4240596884984424,1.855526827549701,0.43146713905125855
19A,BT2,adjusted,local_linear_tangent,first-order local tangent,0.001,0.1,2.420465399572424,2.1288914166704695,-0.2915739829019546
19A,BT2,adjusted,local_linear_tangent,first-order local tangent,0.0027096482108372,0.27096482108372,2.1153340630480177,2.115334063048018,4.440892098500626e-16
19A,BT2,adjusted,local_linear_tangent,first-order local tangent,0.002735294117647,0.27352941176469997,2.1125015347142293,2.1151306933574676,0.0026291586432383163
19A,BT2,adjusted,local_linear_tangent,first-order local tangent,0.0044705882352941,0.44705882352941,1.9669067276398768,2.101369970044465,0.13446324240458796
19A,BT2,adjusted,local_linear_tangent,first-order local tangent,0.0062058823529411,0.62058823529411,1.872730155786622,2.0876092467314624,0.21487909094484037
19A,BT2,adjusted,local_linear_tangent,first-order local tangent,0.0079411764705882,0.7941176470588199,1.8040683236829085,2.0738485234184596,0.2697801997355511
19A,BT2,adjusted,local_linear_tangent,first-order local tangent,0.0096764705882352,0.96764705882352,1.7507069777114264,2.0600878001054577,0.3093808223940313
19A,BT2,adjusted,local_linear_tangent,first-order local tangent,0.0114117647058823,1.14117647058823,1.7077725165541844,2.046327076792455,0.33855456023827046
19A,BT2,adjusted,local_linear_tangent,first-order local tangent,0.0131470588235294,1.31470588235294,1.6718224951754042,2.032566353479452,0.36074385830404787
19A,BT2,adjusted,local_linear_tangent,first-order local tangent,0.0148823529411764,1.48823529411764,1.6418440471126183,2.01880563016645,0.37696158305383176
19A,BT2,adjusted,local_linear_tangent,first-order local tangent,0.0166176470588235,1.6617647058823501,1.6155407177189895,2.0050449068534473,0.3895041891344577
19A,BT2,adjusted,local_linear_tangent,first-order local tangent,0.0183529411764705,1.8352941176470499,1.5927758100376124,1.9912841835404451,0.39850837350283275
19A,BT2,adjusted,local_linear_tangent,first-order local tangent,0.0200882352941176,2.0088235294117602,1.5729807594603291,1.977523460227442,0.40454270076711296
19A,BT2,adjusted,local_linear_tangent,first-order local tangent,0.0218235294117647,2.18235294117647,1.5554482537405812,1.9637627369144393,0.4083144831738581
19A,BT2,adjusted,local_linear_tangent,first-order local tangent,0.0235588235294117,2.3558823529411703,1.5398720026804964,1.9500020136014373,0.4101300109209409
19A,BT2,adjusted,local_linear_tangent,first-order local tangent,0.0252941176470588,2.52941176470588,1.5260463876068262,1.9362412902884345,0.4101949026816083
19A,BT2,adjusted,local_linear_tangent,first-order local tangent,0.0270294117647058,2.70294117647058,1.513923056300503,1.9224805669754323,0.4085575106749293
19A,BT2,adjusted,local_linear_tangent,first-order local tangent,0.0287647058823529,2.87647058823529,1.5025214995627556,1.9087198436624295,0.4061983440996739
19A,BT2,adjusted,local_linear_tangent,first-order local tangent,0.0305,3.05,1.4932665671740968,1.8949591203494267,0.4016925531753299
19A,BT2,adjusted,local_linear_tangent,first-order local tangent,0.032235294117647,3.2235294117647,1.484262613494967,1.8811983970364246,0.39693578354145753
19A,BT2,adjusted,local_linear_tangent,first-order local tangent,0.0339705882352941,3.39705882352941,1.4764741984002372,1.8674376737234217,0.39096347532318454
19A,BT2,adjusted,local_linear_tangent,first-order local tangent,0.0357058823529411,3.5705882352941103,1.4692478564405604,1.8536769504104198,0.38442909396985936
19A,BT2,adjusted,local_linear_tangent,first-order local tangent,0.0374411764705882,3.74411764705882,1.4628992568988686,1.839916227097417,0.3770169701985484
19A,BT2,adjusted,local_linear_tangent,first-order local tangent,0.0391764705882353,3.9176470588235297,1.4571354789724236,1.8261555037844142,0.3690200248119906
19A,BT2,adjusted,local_linear_tangent,first-order local tangent,0.0409117647058823,4.09117647058823,1.4518848538258151,1.812394780471412,0.3605099266455969
19A,BT2,adjusted,local_linear_tangent,first-order local tangent,0.0426470588235294,4.26470588235294,1.4471186668303917,1.7986340571584092,0.3515153903280175
19A,BT2,adjusted,local_linear_tangent,first-order local tangent,0.0443823529411764,4.43823529411764,1.4425732567879654,1.784873333845407,0.3423000770574416
19A,BT2,adjusted,local_linear_tangent,first-order local tangent,0.0461176470588235,4.61176470588235,1.4391153873625462,1.7711126105324042,0.331997223169858
19A,BT2,adjusted,local_linear_tangent,first-order local tangent,0.0478529411764705,4.78529411764705,1.435783389921552,1.7573518872194023,0.3215684972978503
19A,BT2,adjusted,local_linear_tangent,first-order local tangent,0.0495882352941176,4.9588235294117595,1.4330226705508875,1.7435911639063995,0.31056849335551195
19A,BT2,adjusted,local_linear_tangent,first-order local tangent,0.0513235294117647,5.13235294117647,1.4306984767546147,1.7298304405933966,0.29913196383878193
19A,BT2,adjusted,local_linear_tangent,first-order local tangent,0.0530588235294117,5.30588235294117,1.4287072558768623,1.7160697172803945,0.28736246140353217
19A,BT2,adjusted,local_linear_tangent,first-order local tangent,0.0547941176470588,5.47941176470588,1.4270866756533118,1.7023089939673917,0.27522231831407984
19A,BT2,adjusted,local_linear_tangent,first-order local tangent,0.0565294117647058,5.65294117647058,1.4258110061153717,1.6885482706543895,0.2627372645390178
19A,BT2,adjusted,local_linear_tangent,first-order local tangent,0.0582647058823529,5.82647058823529,1.4248105442431371,1.6747875473413867,0.24997700309824955
19A,BT2,adjusted,local_linear_tangent,first-order local tangent,0.06,6.0,1.4240596884984424,1.6610268240283839,0.23696713552994142
19A,BT2,adjusted,integrated_local_projection,integrated local projection slope,0.001,0.1,2.420465399572424,2.4209270771062075,0.00046167753378334453
19A,BT2,adjusted,integrated_local_projection,integrated local projection slope,0.0027096482108372,0.27096482108372,2.1153340630480177,2.115334063048027,9.325873406851315e-15
19A,BT2,adjusted,integrated_local_projection,integrated local projection slope,0.002735294117647,0.27352941176469997,2.1125015347142293,2.112498392881834,-3.1418323951371008e-06
19A,BT2,adjusted,integrated_local_projection,integrated local projection slope,0.0044705882352941,0.44705882352941,1.9669067276398768,1.966733417391259,-0.00017331024861788613
19A,BT2,adjusted,integrated_local_projection,integrated local projection slope,0.0062058823529411,0.62058823529411,1.872730155786622,1.872399719775605,-0.00033043601101701014
19A,BT2,adjusted,integrated_local_projection,integrated local projection slope,0.0079411764705882,0.7941176470588199,1.8040683236829085,1.8036366062708318,-0.0004317174120767042
19A,BT2,adjusted,integrated_local_projection,integrated local projection slope,0.0096764705882352,0.96764705882352,1.7507069777114264,1.7502076684712917,-0.0004993092401346377
19A,BT2,adjusted,integrated_local_projection,integrated local projection slope,0.0114117647058823,1.14117647058823,1.7077725165541844,1.707004407348164,-0.0007681092060203287
19A,BT2,adjusted,integrated_local_projection,integrated local projection slope,0.0131470588235294,1.31470588235294,1.6718224951754042,1.6711088767162599,-0.0007136184591443051
19A,BT2,adjusted,integrated_local_projection,integrated local projection slope,0.0148823529411764,1.48823529411764,1.6418440471126183,1.6406972937193975,-0.0011467533932207896
19A,BT2,adjusted,integrated_local_projection,integrated local projection slope,0.0166176470588235,1.6617647058823501,1.6155407177189895,1.6145537540899308,-0.0009869636290587014
19A,BT2,adjusted,integrated_local_projection,integrated local projection slope,0.0183529411764705,1.8352941176470499,1.5927758100376124,1.5918271796627623,-0.0009486303748500458
19A,BT2,adjusted,integrated_local_projection,integrated local projection slope,0.0200882352941176,2.0088235294117602,1.5729807594603291,1.5718987179776365,-0.0010820414826926417
19A,BT2,adjusted,integrated_local_projection,integrated local projection slope,0.0218235294117647,2.18235294117647,1.5554482537405812,1.5543043648692114,-0.001143888871369736
19A,BT2,adjusted,integrated_local_projection,integrated local projection slope,0.0235588235294117,2.3558823529411703,1.5398720026804964,1.538687336520296,-0.0011846661602004094
19A,BT2,adjusted,integrated_local_projection,integrated local projection slope,0.0252941176470588,2.52941176470588,1.5260463876068262,1.5247674417723633,-0.0012789458344628635
19A,BT2,adjusted,integrated_local_projection,integrated local projection slope,0.0270294117647058,2.70294117647058,1.513923056300503,1.5123206563433902,-0.0016023999571128655
19A,BT2,adjusted,integrated_local_projection,integrated local projection slope,0.0287647058823529,2.87647058823529,1.5025214995627556,1.5011650771295546,-0.0013564224332009989
19A,BT2,adjusted,integrated_local_projection,integrated local projection slope,0.0305,3.05,1.4932665671740968,1.4911510072800125,-0.0021155598940842957
19A,BT2,adjusted,integrated_local_projection,integrated local projection slope,0.032235294117647,3.2235294117647,1.484262613494967,1.4821537936729836,-0.0021088198219834098
19A,BT2,adjusted,integrated_local_projection,integrated local projection slope,0.0339705882352941,3.39705882352941,1.4764741984002372,1.4740685490026975,-0.002405649397539733
19A,BT2,adjusted,integrated_local_projection,integrated local projection slope,0.0357058823529411,3.5705882352941103,1.4692478564405604,1.466806194255767,-0.0024416621847933584
19A,BT2,adjusted,integrated_local_projection,integrated local projection slope,0.0374411764705882,3.74411764705882,1.4628992568988686,1.4602904428818775,-0.00260881401699109
19A,BT2,adjusted,integrated_local_projection,integrated local projection slope,0.0391764705882353,3.9176470588235297,1.4571354789724236,1.45445547101557,-0.002680007956853636
19A,BT2,adjusted,integrated_local_projection,integrated local projection slope,0.0409117647058823,4.09117647058823,1.4518848538258151,1.4492440943302514,-0.0026407594955637492
19A,BT2,adjusted,integrated_local_projection,integrated local projection slope,0.0426470588235294,4.26470588235294,1.4471186668303917,1.4446063248698628,-0.002512341960528852
19A,BT2,adjusted,integrated_local_projection,integrated local projection slope,0.0443823529411764,4.43823529411764,1.4425732567879654,1.4404982165855849,-0.0020750402023805847
19A,BT2,adjusted,integrated_local_projection,integrated local projection slope,0.0461176470588235,4.61176470588235,1.4391153873625462,1.4368809332419095,-0.0022344541206367197
19A,BT2,adjusted,integrated_local_projection,integrated local projection slope,0.0478529411764705,4.78529411764705,1.435783389921552,1.433719988961914,-0.002063400959637862
19A,BT2,adjusted,integrated_local_projection,integrated local projection slope,0.0495882352941176,4.9588235294117595,1.4330226705508875,1.4309846245645303,-0.002038045986357151
19A,BT2,adjusted,integrated_local_projection,integrated local projection slope,0.0513235294117647,5.13235294117647,1.4306984767546147,1.4286472915635509,-0.0020511851910638423
19A,BT2,adjusted,integrated_local_projection,integrated local projection slope,0.0530588235294117,5.30588235294117,1.4287072558768623,1.4266832222430788,-0.002024033633783562
19A,BT2,adjusted,integrated_local_projection,integrated local projection slope,0.0547941176470588,5.47941176470588,1.4270866756533118,1.4250700691262295,-0.002016606527082354
19A,BT2,adjusted,integrated_local_projection,integrated local projection slope,0.0565294117647058,5.65294117647058,1.4258110061153717,1.4237876008412131,-0.002023405274158563
19A,BT2,adjusted,integrated_local_projection,integrated local projection slope,0.0582647058823529,5.82647058823529,1.4248105442431371,1.4228174441490662,-0.001993100094070943
19A,BT2,adjusted,integrated_local_projection,integrated local projection slope,0.06,6.0,1.4240596884984424,1.4221428639098308,-0.001916824588611643
BT2,19A,raw,factored_log_log,log contact + log HS (current),0.001,0.1,2.446163765578984,2.451189599668682,0.005025834089698034
BT2,19A,raw,factored_log_log,log contact + log HS (current),0.002735294117647,0.27352941176469997,2.1370420626052784,2.1448920825055575,0.007850019900279115
BT2,19A,raw,factored_log_log,log contact + log HS (current),0.0044705882352941,0.44705882352941,1.9906839100431035,1.998778964475039,0.008095054431935589
BT2,19A,raw,factored_log_log,log contact + log HS (current),0.0062058823529411,0.62058823529411,1.895791744480548,1.9034836423011252,0.007691897820577109
BT2,19A,raw,factored_log_log,log contact + log HS (current),0.0079411764705882,0.7941176470588199,1.82649015017174,1.8335381650562816,0.0070480148845415425
BT2,19A,raw,factored_log_log,log contact + log HS (current),0.0096764705882352,0.96764705882352,1.7725341834816406,1.778839513637114,0.00630533015547341
BT2,19A,raw,factored_log_log,log contact + log HS (current),0.0114117647058823,1.14117647058823,1.728812023622644,1.7343372606896785,0.00552523706703445
BT2,19A,raw,factored_log_log,log contact + log HS (current),0.0131470588235294,1.31470588235294,1.6924034756334454,1.697141222021869,0.004737746388423503
BT2,19A,raw,factored_log_log,log contact + log HS (current),0.0148823529411764,1.48823529411764,1.6614832940549331,1.6654418763430423,0.0039585822881091914
BT2,19A,raw,factored_log_log,log contact + log HS (current),0.0166176470588235,1.6617647058823501,1.6348345490335496,1.6380308773824486,0.003196328348898936
BT2,19A,raw,factored_log_log,log contact + log HS (current),0.0183529411764705,1.8352941176470499,1.6116054227732353,1.6140611414151351,0.0024557186418998622
BT2,19A,raw,factored_log_log,log contact + log HS (current),0.0200882352941176,2.0088235294117602,1.5911765002221905,1.5929158296785872,0.0017393294563967654
BT2,19A,raw,factored_log_log,log contact + log HS (current),0.0218235294117647,2.18235294117647,1.5730833576170749,1.5741318192593086,0.0010484616422337112
BT2,19A,raw,factored_log_log,log contact + log HS (current),0.0235588235294117,2.3558823529411703,1.5569688866513365,1.5573525453387767,0.0003836586874401693
BT2,19A,raw,factored_log_log,log contact + log HS (current),0.0245927335748796,2.45927335748796,1.5481904618179994,1.5481904617062148,-1.1178458159122329e-10
BT2,19A,raw,factored_log_log,log contact + log HS (current),0.0252941176470588,2.52941176470588,1.5425526417205058,1.5422976468502367,-0.0002549948702690319
BT2,19A,raw,factored_log_log,log contact + log HS (current),0.0270294117647058,2.70294117647058,1.52961039033377,1.5287427061532548,-0.0008676841805153046
BT2,19A,raw,factored_log_log,log contact + log HS (current),0.0287647058823529,2.87647058823529,1.5179600935845543,1.516505304723554,-0.0014547888610003668
BT2,19A,raw,factored_log_log,log contact + log HS (current),0.0305,3.05,1.507451906680731,1.5054351701367843,-0.00201673654394674
BT2,19A,raw,factored_log_log,log contact + log HS (current),0.032235294117647,3.2235294117647,1.497961085836606,1.4954070533775443,-0.002554032459061606
BT2,19A,raw,factored_log_log,log contact + log HS (current),0.0339705882352941,3.39705882352941,1.489382668536403,1.4863154760544497,-0.003067192481953418
BT2,19A,raw,factored_log_log,log contact + log HS (current),0.0357058823529411,3.5705882352941103,1.4816275194386608,1.4780707877171242,-0.003556731721536588
BT2,19A,raw,factored_log_log,log contact + log HS (current),0.0374411764705882,3.74411764705882,1.474619312137131,1.4705961597373143,-0.004023152399816654
BT2,19A,raw,factored_log_log,log contact + log HS (current),0.0391764705882353,3.9176470588235297,1.4682921970754268,1.463825260854143,-0.0044669362212836905
BT2,19A,raw,factored_log_log,log contact + log HS (current),0.0409117647058823,4.09117647058823,1.4625889766467386,1.4577004369210087,-0.00488853972572989
BT2,19A,raw,factored_log_log,log contact + log HS (current),0.0426470588235294,4.26470588235294,1.457459660689865,1.4521712690578716,-0.005288391631993461
BT2,19A,raw,factored_log_log,log contact + log HS (current),0.0443823529411764,4.43823529411764,1.4528603110821023,1.447193419572263,-0.005666891509839234
BT2,19A,raw,factored_log_log,log contact + log HS (current),0.0461176470588235,4.61176470588235,1.4487521087047477,1.4427276993709952,-0.0060244093337524784
BT2,19A,raw,factored_log_log,log contact + log HS (current),0.0478529411764705,4.78529411764705,1.445100571885276,1.4387393077374337,-0.006361264147842327
BT2,19A,raw,factored_log_log,log contact + log HS (current),0.0495882352941176,4.9588235294117595,1.4418750180975644,1.4351972076090536,-0.006677810488510794
BT2,19A,raw,factored_log_log,log contact + log HS (current),0.0513235294117647,5.13235294117647,1.4390479185364131,1.4320736083732304,-0.006974310163182729
BT2,19A,raw,factored_log_log,log contact + log HS (current),0.0530588235294117,5.30588235294117,1.436594553860075,1.4293435347172765,-0.007251019142798576
BT2,19A,raw,factored_log_log,log contact + log HS (current),0.0547941176470588,5.47941176470588,1.434492631879411,1.4269844649073695,-0.007508166972041375
BT2,19A,raw,factored_log_log,log contact + log HS (current),0.0565294117647058,5.65294117647058,1.4327219805829103,1.4249760255018298,-0.007745955081080558
BT2,19A,raw,factored_log_log,log contact + log HS (current),0.0582647058823529,5.82647058823529,1.431264297841112,1.4232997322561787,-0.007964565584933414
BT2,19A,raw,factored_log_log,log contact + log HS (current),0.06,6.0,1.4301029235315392,1.421938769082829,-0.008164154448710326
BT2,19A,raw,log_linear_hs,log contact + linear HS,0.001,0.1,2.446163765578984,2.4535783968136453,0.00741463123466124
BT2,19A,raw,log_linear_hs,log contact + linear HS,0.002735294117647,0.27352941176469997,2.1370420626052784,2.1472949615470447,0.010252898941766286
BT2,19A,raw,log_linear_hs,log contact + linear HS,0.0044705882352941,0.44705882352941,1.9906839100431035,2.0011668165158163,0.010482906472712772
BT2,19A,raw,log_linear_hs,log contact + linear HS,0.0062058823529411,0.62058823529411,1.895791744480548,1.9058271024640496,0.010035357983501525
BT2,19A,raw,log_linear_hs,log contact + linear HS,0.0079411764705882,0.7941176470588199,1.82649015017174,1.8358076090928026,0.009317458921062505
BT2,19A,raw,log_linear_hs,log contact + linear HS,0.0096764705882352,0.96764705882352,1.7725341834816406,1.781005054475595,0.008470870993954493
BT2,19A,raw,log_linear_hs,log contact + linear HS,0.0114117647058823,1.14117647058823,1.728812023622644,1.7363687449222016,0.007556721299557534
BT2,19A,raw,log_linear_hs,log contact + linear HS,0.0131470588235294,1.31470588235294,1.6924034756334454,1.6990082263281412,0.0066047506946957935
BT2,19A,raw,log_linear_hs,log contact + linear HS,0.0148823529411764,1.48823529411764,1.6614832940549331,1.6671137038499955,0.005630409795062352
BT2,19A,raw,log_linear_hs,log contact + linear HS,0.0166176470588235,1.6617647058823501,1.6348345490335496,1.6394765539580751,0.004642004924525489
BT2,19A,raw,log_linear_hs,log contact + linear HS,0.0183529411764705,1.8352941176470499,1.6116054227732353,1.6152494118950727,0.0036439891218373877
BT2,19A,raw,log_linear_hs,log contact + linear HS,0.0200882352941176,2.0088235294117602,1.5911765002221905,1.5938151540239152,0.0026386538017246775
BT2,19A,raw,log_linear_hs,log contact + linear HS,0.0218235294117647,2.18235294117647,1.5730833576170749,1.5747103686439874,0.0016270110269125393
BT2,19A,raw,log_linear_hs,log contact + linear HS,0.0235588235294117,2.3558823529411703,1.5569688866513365,1.5575781981651062,0.0006093115137697502
BT2,19A,raw,log_linear_hs,log contact + linear HS,0.0245927335748796,2.45927335748796,1.5481904618179994,1.5481904617062145,-1.1178480363582821e-10
BT2,19A,raw,log_linear_hs,log contact + linear HS,0.0252941176470588,2.52941176470588,1.5425526417205058,1.5421379846906755,-0.00041465702983023434
BT2,19A,raw,log_linear_hs,log contact + linear HS,0.0270294117647058,2.70294117647058,1.52961039033377,1.5281650096168873,-0.001445380716882827
BT2,19A,raw,log_linear_hs,log contact + linear HS,0.0287647058823529,2.87647058823529,1.5179600935845543,1.5154765492454518,-0.0024835443391024725
BT2,19A,raw,log_linear_hs,log contact + linear HS,0.0305,3.05,1.507451906680731,1.503922021688454,-0.0035298849922771325
BT2,19A,raw,log_linear_hs,log contact + linear HS,0.032235294117647,3.2235294117647,1.497961085836606,1.4933758640966024,-0.004585221740003531
BT2,19A,raw,log_linear_hs,log contact + linear HS,0.0339705882352941,3.39705882352941,1.489382668536403,1.4837322797916195,-0.00565038874478363
BT2,19A,raw,log_linear_hs,log contact + linear HS,0.0357058823529411,3.5705882352941103,1.4816275194386608,1.4749012954985834,-0.0067262239400773804
BT2,19A,raw,log_linear_hs,log contact + linear HS,0.0374411764705882,3.74411764705882,1.474619312137131,1.4668057551403788,-0.007813556996752125
BT2,19A,raw,log_linear_hs,log contact + linear HS,0.0391764705882353,3.9176470588235297,1.4682921970754268,1.4593789952942042,-0.008913201781222568
BT2,19A,raw,log_linear_hs,log contact + linear HS,0.0409117647058823,4.09117647058823,1.4625889766467386,1.4525630248475851,-0.010025951799153443
BT2,19A,raw,log_linear_hs,log contact + linear HS,0.0426470588235294,4.26470588235294,1.457459660689865,1.4463070830575755,-0.011152577632289606
BT2,19A,raw,log_linear_hs,log contact + linear HS,0.0443823529411764,4.43823529411764,1.4528603110821023,1.4405664853764155,-0.012293825705686823
BT2,19A,raw,log_linear_hs,log contact + linear HS,0.0461176470588235,4.61176470588235,1.4487521087047477,1.4353016907655556,-0.013450417939192105
BT2,19A,raw,log_linear_hs,log contact + linear HS,0.0478529411764705,4.78529411764705,1.445100571885276,1.4304775413728459,-0.01462303051243019
BT2,19A,raw,log_linear_hs,log contact + linear HS,0.0495882352941176,4.9588235294117595,1.4418750180975644,1.4260626377075352,-0.01581238039002919
BT2,19A,raw,log_linear_hs,log contact + linear HS,0.0513235294117647,5.13235294117647,1.4390479185364131,1.4220288213309575,-0.01701909720545558
BT2,19A,raw,log_linear_hs,log contact + linear HS,0.0530588235294117,5.30588235294117,1.436594553860075,1.4183507435988472,-0.0182438102612279
BT2,19A,raw,log_linear_hs,log contact + linear HS,0.0547941176470588,5.47941176470588,1.434492631879411,1.415005503829838,-0.019487128049572977
BT2,19A,raw,log_linear_hs,log contact + linear HS,0.0565294117647058,5.65294117647058,1.4327219805829103,1.4119723439055356,-0.020749636677374728
BT2,19A,raw,log_linear_hs,log contact + linear HS,0.0582647058823529,5.82647058823529,1.431264297841112,1.4092323890595,-0.022031908781612097
BT2,19A,raw,log_linear_hs,log contact + linear HS,0.06,6.0,1.4301029235315392,1.406768426717906,-0.02333449681363331
BT2,19A,raw,log_reciprocal_hs,log contact + reciprocal HS,0.001,0.1,2.446163765578984,2.448708267057754,0.002544501478769945
BT2,19A,raw,log_reciprocal_hs,log contact + reciprocal HS,0.002735294117647,0.27352941176469997,2.1370420626052784,2.142396708261826,0.005354645656547419
BT2,19A,raw,log_reciprocal_hs,log contact + reciprocal HS,0.0044705882352941,0.44705882352941,1.9906839100431035,1.9962986618095113,0.0056147517664077995
BT2,19A,raw,log_reciprocal_hs,log contact + reciprocal HS,0.0062058823529411,0.62058823529411,1.895791744480548,1.901048038129952,0.0052562936494038315
BT2,19A,raw,log_reciprocal_hs,log contact + reciprocal HS,0.0079411764705882,0.7941176470588199,1.82649015017174,1.8311774102360894,0.0046872600643492746
BT2,19A,raw,log_reciprocal_hs,log contact + reciprocal HS,0.0096764705882352,0.96764705882352,1.7725341834816406,1.7765842934430696,0.00405010996142896
BT2,19A,raw,log_reciprocal_hs,log contact + reciprocal HS,0.0114117647058823,1.14117647058823,1.728812023622644,1.73221880554306,0.003406781920415991
BT2,19A,raw,log_reciprocal_hs,log contact + reciprocal HS,0.0131470588235294,1.31470588235294,1.6924034756334454,1.6951913184741385,0.002787842840693111
BT2,19A,raw,log_reciprocal_hs,log contact + reciprocal HS,0.0148823529411764,1.48823529411764,1.6614832940549331,1.6636928783236415,0.002209584268708431
BT2,19A,raw,log_reciprocal_hs,log contact + reciprocal HS,0.0166176470588235,1.6617647058823501,1.6348345490335496,1.6365157177177705,0.0016811686842208573
BT2,19A,raw,log_reciprocal_hs,log contact + reciprocal HS,0.0183529411764705,1.8352941176470499,1.6116054227732353,1.6128133436263783,0.0012079208531430297
BT2,19A,raw,log_reciprocal_hs,log contact + reciprocal HS,0.0200882352941176,2.0088235294117602,1.5911765002221905,1.5919695200664414,0.0007930198442509528
BT2,19A,raw,log_reciprocal_hs,log contact + reciprocal HS,0.0218235294117647,2.18235294117647,1.5730833576170749,1.5735217392836902,0.0004383816666153617
BT2,19A,raw,log_reciprocal_hs,log contact + reciprocal HS,0.0235588235294117,2.3558823529411703,1.5569688866513365,1.557114064302099,0.0001451776507626068
BT2,19A,raw,log_reciprocal_hs,log contact + reciprocal HS,0.0245927335748796,2.45927335748796,1.5481904618179994,1.5481904617062145,-1.1178480363582821e-10
BT2,19A,raw,log_reciprocal_hs,log contact + reciprocal HS,0.0252941176470588,2.52941176470588,1.5425526417205058,1.5424667748929939,-8.586682751188235e-05
BT2,19A,raw,log_reciprocal_hs,log contact + reciprocal HS,0.0270294117647058,2.70294117647058,1.52961039033377,1.5293561075709756,-0.0002542827627944888
BT2,19A,raw,log_reciprocal_hs,log contact + reciprocal HS,0.0287647058823529,2.87647058823529,1.5179600935845543,1.5176003116145012,-0.0003597819700531524
BT2,19A,raw,log_reciprocal_hs,log contact + reciprocal HS,0.0305,3.05,1.507451906680731,1.5070497963900844,-0.00040211029064662895
BT2,19A,raw,log_reciprocal_hs,log contact + reciprocal HS,0.032235294117647,3.2235294117647,1.497961085836606,1.497580009011759,-0.0003810768248468932
BT2,19A,raw,log_reciprocal_hs,log contact + reciprocal HS,0.0339705882352941,3.39705882352941,1.489382668536403,1.4890861819169499,-0.00029648661945325117
BT2,19A,raw,log_reciprocal_hs,log contact + reciprocal HS,0.0357058823529411,3.5705882352941103,1.4816275194386608,1.481479390554974,-0.00014812888368687105
BT2,19A,raw,log_reciprocal_hs,log contact + reciprocal HS,0.0374411764705882,3.74411764705882,1.474619312137131,1.4746835476507436,6.423551361267599e-05
BT2,19A,raw,log_reciprocal_hs,log contact + reciprocal HS,0.0391764705882353,3.9176470588235297,1.4682921970754268,1.4686330791440712,0.0003408820686443548
BT2,19A,raw,log_reciprocal_hs,log contact + reciprocal HS,0.0409117647058823,4.09117647058823,1.4625889766467386,1.4632711043424789,0.0006821276957402755
BT2,19A,raw,log_reciprocal_hs,log contact + reciprocal HS,0.0426470588235294,4.26470588235294,1.457459660689865,1.4585479944916697,0.0010883338018046196
BT2,19A,raw,log_reciprocal_hs,log contact + reciprocal HS,0.0443823529411764,4.43823529411764,1.4528603110821023,1.4544202191274218,0.0015599080453194691
BT2,19A,raw,log_reciprocal_hs,log contact + reciprocal HS,0.0461176470588235,4.61176470588235,1.4487521087047477,1.4508494139313373,0.002097305226589574
BT2,19A,raw,log_reciprocal_hs,log contact + reciprocal HS,0.0478529411764705,4.78529411764705,1.445100571885276,1.447801620965767,0.002701049080490847
BT2,19A,raw,log_reciprocal_hs,log contact + reciprocal HS,0.0495882352941176,4.9588235294117595,1.4418750180975644,1.4452466644231214,0.003371646325557087
BT2,19A,raw,log_reciprocal_hs,log contact + reciprocal HS,0.0513235294117647,5.13235294117647,1.4390479185364131,1.4431576339080172,0.004109715371604095
BT2,19A,raw,log_reciprocal_hs,log contact + reciprocal HS,0.0530588235294117,5.30588235294117,1.436594553860075,1.441510453788799,0.004915899928723988
BT2,19A,raw,log_reciprocal_hs,log contact + reciprocal HS,0.0547941176470588,5.47941176470588,1.434492631879411,1.4402835219936279,0.005790890114216962
BT2,19A,raw,log_reciprocal_hs,log contact + reciprocal HS,0.0565294117647058,5.65294117647058,1.4327219805829103,1.4394574052571556,0.006735424674245261
BT2,19A,raw,log_reciprocal_hs,log contact + reciprocal HS,0.0582647058823529,5.82647058823529,1.431264297841112,1.4390145805758205,0.007750282734708458
BT2,19A,raw,log_reciprocal_hs,log contact + reciprocal HS,0.06,6.0,1.4301029235315392,1.4389392147352185,0.008836291203679236
BT2,19A,raw,linear_contact_log_hs,linear contact + log HS,0.001,0.1,2.446163765578984,4.163120461351503,1.7169566957725189
BT2,19A,raw,linear_contact_log_hs,linear contact + log HS,0.002735294117647,0.27352941176469997,2.1370420626052784,3.970597194469609,1.8335551318643306
BT2,19A,raw,linear_contact_log_hs,linear contact + log HS,0.0044705882352941,0.44705882352941,1.9906839100431035,3.7781030364849384,1.7874191264418349
BT2,19A,raw,linear_contact_log_hs,linear contact + log HS,0.0062058823529411,0.62058823529411,1.895791744480548,3.5856382433774217,1.6898464988968736
BT2,19A,raw,linear_contact_log_hs,linear contact + log HS,0.0079411764705882,0.7941176470588199,1.82649015017174,3.393203074518444,1.566712924346704
BT2,19A,raw,linear_contact_log_hs,linear contact + log HS,0.0096764705882352,0.96764705882352,1.7725341834816406,3.200797792731114,1.4282636092494736
BT2,19A,raw,linear_contact_log_hs,linear contact + log HS,0.0114117647058823,1.14117647058823,1.728812023622644,3.0084226643516914,1.2796106407290473
BT2,19A,raw,linear_contact_log_hs,linear contact + log HS,0.0131470588235294,1.31470588235294,1.6924034756334454,2.8160779592925618,1.1236744836591164
BT2,19A,raw,linear_contact_log_hs,linear contact + log HS,0.0148823529411764,1.48823529411764,1.6614832940549331,2.623763951106511,0.9622806570515781
BT2,19A,raw,linear_contact_log_hs,linear contact + log HS,0.0166176470588235,1.6617647058823501,1.6348345490335496,2.4314809170524567,0.7966463680189071
BT2,19A,raw,linear_contact_log_hs,linear contact + log HS,0.0183529411764705,1.8352941176470499,1.6116054227732353,2.2392291381627767,0.6276237153895414
BT2,19A,raw,linear_contact_log_hs,linear contact + log HS,0.0200882352941176,2.0088235294117602,1.5911765002221905,2.0470088993120052,0.45583239908981477
BT2,19A,raw,linear_contact_log_hs,linear contact + log HS,0.0218235294117647,2.18235294117647,1.5730833576170749,1.854820489287273,0.2817371316701982
BT2,19A,raw,linear_contact_log_hs,linear contact + log HS,0.0235588235294117,2.3558823529411703,1.5569688866513365,1.6626642008602524,0.10569531420891587
BT2,19A,raw,linear_contact_log_hs,linear contact + log HS,0.0245927335748796,2.45927335748796,1.5481904618179994,1.548190461706219,-1.1178036274372971e-10
BT2,19A,raw,linear_contact_log_hs,linear contact + log HS,0.0252941176470588,2.52941176470588,1.5425526417205058,1.470540330860763,-0.0720123108597428
BT2,19A,raw,linear_contact_log_hs,linear contact + log HS,0.0270294117647058,2.70294117647058,1.52961039033377,1.2784491802521991,-0.251161210081571
BT2,19A,raw,linear_contact_log_hs,linear contact + log HS,0.0287647058823529,2.87647058823529,1.5179600935845543,1.0863910542085526,-0.43156903937600166
BT2,19A,raw,linear_contact_log_hs,linear contact + log HS,0.0305,3.05,1.507451906680731,0.8943662621934001,-0.6130856444873309
BT2,19A,raw,linear_contact_log_hs,linear contact + log HS,0.032235294117647,3.2235294117647,1.497961085836606,0.7023751180406421,-0.7955859677959638
BT2,19A,raw,linear_contact_log_hs,linear contact + log HS,0.0339705882352941,3.39705882352941,1.489382668536403,0.5104179400371498,-0.9789647284992533
BT2,19A,raw,linear_contact_log_hs,linear contact + log HS,0.0357058823529411,3.5705882352941103,1.4816275194386608,0.31849505100749065,-1.1631324684311701
BT2,19A,raw,linear_contact_log_hs,linear contact + log HS,0.0374411764705882,3.74411764705882,1.474619312137131,0.12660677840050472,-1.3480125337366262
BT2,19A,raw,linear_contact_log_hs,linear contact + log HS,0.0391764705882353,3.9176470588235297,1.4682921970754268,-0.06524654562187227,-1.533538742697299
BT2,19A,raw,linear_contact_log_hs,linear contact + log HS,0.0409117647058823,4.09117647058823,1.4625889766467386,-0.2570645840937571,-1.7196535607404957
BT2,19A,raw,linear_contact_log_hs,linear contact + log HS,0.0426470588235294,4.26470588235294,1.457459660689865,-0.448846995152266,-1.906306655842131
BT2,19A,raw,linear_contact_log_hs,linear contact + log HS,0.0443823529411764,4.43823529411764,1.4528603110821023,-0.6405934319420847,-2.0934537430241873
BT2,19A,raw,linear_contact_log_hs,linear contact + log HS,0.0461176470588235,4.61176470588235,1.4487521087047477,-0.8323035425178729,-2.2810556512226206
BT2,19A,raw,linear_contact_log_hs,linear contact + log HS,0.0478529411764705,4.78529411764705,1.445100571885276,-1.023976969744095,-2.469077541629371
BT2,19A,raw,linear_contact_log_hs,linear contact + log HS,0.0495882352941176,4.9588235294117595,1.4418750180975644,-1.2156133511925438,-2.657488369290108
BT2,19A,raw,linear_contact_log_hs,linear contact + log HS,0.0513235294117647,5.13235294117647,1.4390479185364131,-1.4072123190371713,-2.8462602375735844
BT2,19A,raw,linear_contact_log_hs,linear contact + log HS,0.0530588235294117,5.30588235294117,1.436594553860075,-1.5987734999463852,-3.0353680538064602
BT2,19A,raw,linear_contact_log_hs,linear contact + log HS,0.0547941176470588,5.47941176470588,1.434492631879411,-1.7902965149726633,-3.224789146852074
BT2,19A,raw,linear_contact_log_hs,linear contact + log HS,0.0565294117647058,5.65294117647058,1.4327219805829103,-1.9817809794392707,-3.414502960022181
BT2,19A,raw,linear_contact_log_hs,linear contact + log HS,0.0582647058823529,5.82647058823529,1.431264297841112,-2.1732265028242663,-3.6044908006653786
BT2,19A,raw,linear_contact_log_hs,linear contact + log HS,0.06,6.0,1.4301029235315392,-2.364632688641403,-3.794735612172942
BT2,19A,raw,reciprocal_contact_log_hs,reciprocal contact + log HS,0.001,0.1,2.446163765578984,2.263657737049218,-0.18250602852976616
BT2,19A,raw,reciprocal_contact_log_hs,reciprocal contact + log HS,0.002735294117647,0.27352941176469997,2.1370420626052784,1.735679368001077,-0.4013626946042015
BT2,19A,raw,reciprocal_contact_log_hs,reciprocal contact + log HS,0.0044705882352941,0.44705882352941,1.9906839100431035,1.6227700774026805,-0.367913832640423
BT2,19A,raw,reciprocal_contact_log_hs,reciprocal contact + log HS,0.0062058823529411,0.62058823529411,1.895791744480548,1.5767686301875268,-0.3190231142930213
BT2,19A,raw,reciprocal_contact_log_hs,reciprocal contact + log HS,0.0079411764705882,0.7941176470588199,1.82649015017174,1.553832727595243,-0.27265742257649705
BT2,19A,raw,reciprocal_contact_log_hs,reciprocal contact + log HS,0.0096764705882352,0.96764705882352,1.7725341834816406,1.5415694473235233,-0.2309647361581173
BT2,19A,raw,reciprocal_contact_log_hs,reciprocal contact + log HS,0.0114117647058823,1.14117647058823,1.728812023622644,1.5351239934945757,-0.19368803012806834
BT2,19A,raw,reciprocal_contact_log_hs,reciprocal contact + log HS,0.0131470588235294,1.31470588235294,1.6924034756334454,1.532204872872746,-0.16019860276069942
BT2,19A,raw,reciprocal_contact_log_hs,reciprocal contact + log HS,0.0148823529411764,1.48823529411764,1.6614832940549331,1.5315894814417028,-0.1298938126132303
BT2,19A,raw,reciprocal_contact_log_hs,reciprocal contact + log HS,0.0166176470588235,1.6617647058823501,1.6348345490335496,1.5325660137697017,-0.10226853526384794
BT2,19A,raw,reciprocal_contact_log_hs,reciprocal contact + log HS,0.0183529411764705,1.8352941176470499,1.6116054227732353,1.5346919815237372,-0.07691344124949806
BT2,19A,raw,reciprocal_contact_log_hs,reciprocal contact + log HS,0.0200882352941176,2.0088235294117602,1.5911765002221905,1.537677892263116,-0.05349860795907446
BT2,19A,raw,reciprocal_contact_log_hs,reciprocal contact + log HS,0.0218235294117647,2.18235294117647,1.5730833576170749,1.541326423829517,-0.03175693378755784
BT2,19A,raw,reciprocal_contact_log_hs,reciprocal contact + log HS,0.0235588235294117,2.3558823529411703,1.5569688866513365,1.5454984805000012,-0.011470406151335322
BT2,19A,raw,reciprocal_contact_log_hs,reciprocal contact + log HS,0.0245927335748796,2.45927335748796,1.5481904618179994,1.548190461706214,-1.1178524772503806e-10
BT2,19A,raw,reciprocal_contact_log_hs,reciprocal contact + log HS,0.0252941176470588,2.52941176470588,1.5425526417205058,1.5500932214060041,0.007540579685498372
BT2,19A,raw,reciprocal_contact_log_hs,reciprocal contact + log HS,0.0270294117647058,2.70294117647058,1.52961039033377,1.5550357820614846,0.02542539172771452
BT2,19A,raw,reciprocal_contact_log_hs,reciprocal contact + log HS,0.0287647058823529,2.87647058823529,1.5179600935845543,1.560269440274949,0.04230934669039477
BT2,19A,raw,reciprocal_contact_log_hs,reciprocal contact + log HS,0.0305,3.05,1.507451906680731,1.5657504564070013,0.05829854972627024
BT2,19A,raw,reciprocal_contact_log_hs,reciprocal contact + log HS,0.032235294117647,3.2235294117647,1.497961085836606,1.5714445802143897,0.07348349437778379
BT2,19A,raw,reciprocal_contact_log_hs,reciprocal contact + log HS,0.0339705882352941,3.39705882352941,1.489382668536403,1.5773246283503353,0.08794195981393216
BT2,19A,raw,reciprocal_contact_log_hs,reciprocal contact + log HS,0.0357058823529411,3.5705882352941103,1.4816275194386608,1.583368768287049,0.1017412488483882
BT2,19A,raw,reciprocal_contact_log_hs,reciprocal contact + log HS,0.0374411764705882,3.74411764705882,1.474619312137131,1.5895592794762459,0.11493996733911493
BT2,19A,raw,reciprocal_contact_log_hs,reciprocal contact + log HS,0.0391764705882353,3.9176470588235297,1.4682921970754268,1.59588164377589,0.12758944670046324
BT2,19A,raw,reciprocal_contact_log_hs,reciprocal contact + log HS,0.0409117647058823,4.09117647058823,1.4625889766467386,1.6023238673818514,0.1397348907351128
BT2,19A,raw,reciprocal_contact_log_hs,reciprocal contact + log HS,0.0426470588235294,4.26470588235294,1.457459660689865,1.608875968326152,0.15141630763628688
BT2,19A,raw,reciprocal_contact_log_hs,reciprocal contact + log HS,0.0443823529411764,4.43823529411764,1.4528603110821023,1.6155295842283537,0.16266927314625135
BT2,19A,raw,reciprocal_contact_log_hs,reciprocal contact + log HS,0.0461176470588235,4.61176470588235,1.4487521087047477,1.6222776686269345,0.17352555992218677
BT2,19A,raw,reciprocal_contact_log_hs,reciprocal contact + log HS,0.0478529411764705,4.78529411764705,1.445100571885276,1.6291142534060428,0.1840136815207667
BT2,19A,raw,reciprocal_contact_log_hs,reciprocal contact + log HS,0.0495882352941176,4.9588235294117595,1.4418750180975644,1.6360342611276653,0.1941592430301009
BT2,19A,raw,reciprocal_contact_log_hs,reciprocal contact + log HS,0.0513235294117647,5.13235294117647,1.4390479185364131,1.6430333554584398,0.20398543692202664
BT2,19A,raw,reciprocal_contact_log_hs,reciprocal contact + log HS,0.0530588235294117,5.30588235294117,1.436594553860075,1.6501078209705526,0.21351326711047758
BT2,19A,raw,reciprocal_contact_log_hs,reciprocal contact + log HS,0.0547941176470588,5.47941176470588,1.434492631879411,1.6572544658055735,0.22276183392616256
BT2,19A,raw,reciprocal_contact_log_hs,reciprocal contact + log HS,0.0565294117647058,5.65294117647058,1.4327219805829103,1.6644705422890858,0.23174856170617542
BT2,19A,raw,reciprocal_contact_log_hs,reciprocal contact + log HS,0.0582647058823529,5.82647058823529,1.431264297841112,1.6717536817543972,0.24048938391328512
BT2,19A,raw,reciprocal_contact_log_hs,reciprocal contact + log HS,0.06,6.0,1.4301029235315392,1.6791018406993483,0.2489989171678091
BT2,19A,raw,quadratic_tangent,second-order local tangent,0.001,0.1,2.446163765578984,-5.917054120563629,-8.363217886142612
BT2,19A,raw,quadratic_tangent,second-order local tangent,0.002735294117647,0.27352941176469997,2.1370420626052784,-6.171468711171432,-8.30851077377671
BT2,19A,raw,quadratic_tangent,second-order local tangent,0.0044705882352941,0.44705882352941,1.9906839100431035,-6.298301426184132,-8.288985336227235
BT2,19A,raw,quadratic_tangent,second-order local tangent,0.0062058823529411,0.62058823529411,1.895791744480548,-6.297552265601713,-8.19334401008226
BT2,19A,raw,quadratic_tangent,second-order local tangent,0.0079411764705882,0.7941176470588199,1.82649015017174,-6.169221229424176,-7.995711379595916
BT2,19A,raw,quadratic_tangent,second-order local tangent,0.0096764705882352,0.96764705882352,1.7725341834816406,-5.913308317651536,-7.685842501133177
BT2,19A,raw,quadratic_tangent,second-order local tangent,0.0114117647058823,1.14117647058823,1.728812023622644,-5.5298135302837625,-7.258625553906406
BT2,19A,raw,quadratic_tangent,second-order local tangent,0.0131470588235294,1.31470588235294,1.6924034756334454,-5.018736867320868,-6.711140342954313
BT2,19A,raw,quadratic_tangent,second-order local tangent,0.0148823529411764,1.48823529411764,1.6614832940549331,-4.380078328762892,-6.041561622817825
BT2,19A,raw,quadratic_tangent,second-order local tangent,0.0166176470588235,1.6617647058823501,1.6348345490335496,-3.61383791460976,-5.2486724636433095
BT2,19A,raw,quadratic_tangent,second-order local tangent,0.0183529411764705,1.8352941176470499,1.6116054227732353,-2.720015624861563,-4.3316210476347985
BT2,19A,raw,quadratic_tangent,second-order local tangent,0.0200882352941176,2.0088235294117602,1.5911765002221905,-1.6986114595181943,-3.2897879597403845
BT2,19A,raw,quadratic_tangent,second-order local tangent,0.0218235294117647,2.18235294117647,1.5730833576170749,-0.5496254185797063,-2.122708776196781
BT2,19A,raw,quadratic_tangent,second-order local tangent,0.0235588235294117,2.3558823529411703,1.5569688866513365,0.7269424979538299,-0.8300263886975066
BT2,19A,raw,quadratic_tangent,second-order local tangent,0.0245927335748796,2.45927335748796,1.5481904618179994,1.5481904617061812,-1.1181811032656697e-10
BT2,19A,raw,quadratic_tangent,second-order local tangent,0.0252941176470588,2.52941176470588,1.5425526417205058,2.1310922900825537,0.588539648362048
BT2,19A,raw,quadratic_tangent,second-order local tangent,0.0270294117647058,2.70294117647058,1.52961039033377,3.662823957806306,2.133213567472536
BT2,19A,raw,quadratic_tangent,second-order local tangent,0.0287647058823529,2.87647058823529,1.5179600935845543,5.3221375011252725,3.804177407540718
BT2,19A,raw,quadratic_tangent,second-order local tangent,0.0305,3.05,1.507451906680731,7.109032920039352,5.601581013358621
BT2,19A,raw,quadratic_tangent,second-order local tangent,0.032235294117647,3.2235294117647,1.497961085836606,9.023510214548445,7.525549128711839
BT2,19A,raw,quadratic_tangent,second-order local tangent,0.0339705882352941,3.39705882352941,1.489382668536403,11.065569384652761,9.576186716116357
BT2,19A,raw,quadratic_tangent,second-order local tangent,0.0357058823529411,3.5705882352941103,1.4816275194386608,13.235210430352069,11.753582910913408
BT2,19A,raw,quadratic_tangent,second-order local tangent,0.0374411764705882,3.74411764705882,1.474619312137131,15.532433351646624,14.057814039509493
BT2,19A,raw,quadratic_tangent,second-order local tangent,0.0391764705882353,3.9176470588235297,1.4682921970754268,17.957238148536298,16.48894595146087
BT2,19A,raw,quadratic_tangent,second-order local tangent,0.0409117647058823,4.09117647058823,1.4625889766467386,20.50962482102095,19.04703584437421
BT2,19A,raw,quadratic_tangent,second-order local tangent,0.0426470588235294,4.26470588235294,1.457459660689865,23.189593369100862,21.732133708411
BT2,19A,raw,quadratic_tangent,second-order local tangent,0.0443823529411764,4.43823529411764,1.4528603110821023,25.99714379277573,24.54428348169363
BT2,19A,raw,quadratic_tangent,second-order local tangent,0.0461176470588235,4.61176470588235,1.4487521087047477,28.932276092045882,27.483523983341133
BT2,19A,raw,quadratic_tangent,second-order local tangent,0.0478529411764705,4.78529411764705,1.445100571885276,31.994990266910975,30.549889695025698
BT2,19A,raw,quadratic_tangent,second-order local tangent,0.0495882352941176,4.9588235294117595,1.4418750180975644,35.185286317371364,33.7434112992738
BT2,19A,raw,quadratic_tangent,second-order local tangent,0.0513235294117647,5.13235294117647,1.4390479185364131,38.503164243426866,37.064116324890456
BT2,19A,raw,quadratic_tangent,second-order local tangent,0.0530588235294117,5.30588235294117,1.436594553860075,41.948624045077295,40.51202949121722
BT2,19A,raw,quadratic_tangent,second-order local tangent,0.0547941176470588,5.47941176470588,1.434492631879411,45.52166572232303,44.08717309044362
BT2,19A,raw,quadratic_tangent,second-order local tangent,0.0565294117647058,5.65294117647058,1.4327219805829103,49.22228927516368,47.78956729458077
BT2,19A,raw,quadratic_tangent,second-order local tangent,0.0582647058823529,5.82647058823529,1.431264297841112,53.05049470359967,51.61923040575856
BT2,19A,raw,quadratic_tangent,second-order local tangent,0.06,6.0,1.4301029235315392,57.00628200763076,55.576179084099216
BT2,19A,raw,local_linear_tangent,first-order local tangent,0.001,0.1,2.446163765578984,4.165509258496467,1.719345492917483
BT2,19A,raw,local_linear_tangent,first-order local tangent,0.002735294117647,0.27352941176469997,2.1370420626052784,3.9730000735110966,1.8359580109058182
BT2,19A,raw,local_linear_tangent,first-order local tangent,0.0044705882352941,0.44705882352941,1.9906839100431035,3.7804908885257156,1.789806978482612
BT2,19A,raw,local_linear_tangent,first-order local tangent,0.0062058823529411,0.62058823529411,1.895791744480548,3.587981703540346,1.692189959059798
BT2,19A,raw,local_linear_tangent,first-order local tangent,0.0079411764705882,0.7941176470588199,1.82649015017174,3.3954725185549655,1.5689823683832254
BT2,19A,raw,local_linear_tangent,first-order local tangent,0.0096764705882352,0.96764705882352,1.7725341834816406,3.2029633335695955,1.430429150087955
BT2,19A,raw,local_linear_tangent,first-order local tangent,0.0114117647058823,1.14117647058823,1.728812023622644,3.010454148584215,1.2816421249615708
BT2,19A,raw,local_linear_tangent,first-order local tangent,0.0131470588235294,1.31470588235294,1.6924034756334454,2.817944963598834,1.1255414879653884
BT2,19A,raw,local_linear_tangent,first-order local tangent,0.0148823529411764,1.48823529411764,1.6614832940549331,2.625435778613464,0.9639524845585308
BT2,19A,raw,local_linear_tangent,first-order local tangent,0.0166176470588235,1.6617647058823501,1.6348345490335496,2.4329265936280833,0.7980920445945336
BT2,19A,raw,local_linear_tangent,first-order local tangent,0.0183529411764705,1.8352941176470499,1.6116054227732353,2.2404174086427133,0.6288119858694781
BT2,19A,raw,local_linear_tangent,first-order local tangent,0.0200882352941176,2.0088235294117602,1.5911765002221905,2.0479082236573323,0.4567317234351418
BT2,19A,raw,local_linear_tangent,first-order local tangent,0.0218235294117647,2.18235294117647,1.5730833576170749,1.8553990386719517,0.2823156810548768
BT2,19A,raw,local_linear_tangent,first-order local tangent,0.0235588235294117,2.3558823529411703,1.5569688866513365,1.6628898536865817,0.10592096703524523
BT2,19A,raw,local_linear_tangent,first-order local tangent,0.0245927335748796,2.45927335748796,1.5481904618179994,1.5481904617062185,-1.1178080683293956e-10
BT2,19A,raw,local_linear_tangent,first-order local tangent,0.0252941176470588,2.52941176470588,1.5425526417205058,1.470380668701201,-0.07217197301930467
BT2,19A,raw,local_linear_tangent,first-order local tangent,0.0270294117647058,2.70294117647058,1.52961039033377,1.2778714837158316,-0.2517389066179385
BT2,19A,raw,local_linear_tangent,first-order local tangent,0.0287647058823529,2.87647058823529,1.5179600935845543,1.0853622987304505,-0.43259779485410377
BT2,19A,raw,local_linear_tangent,first-order local tangent,0.0305,3.05,1.507451906680731,0.8928531137450699,-0.6145987929356611
BT2,19A,raw,local_linear_tangent,first-order local tangent,0.032235294117647,3.2235294117647,1.497961085836606,0.7003439287597,-0.797617157076906
BT2,19A,raw,local_linear_tangent,first-order local tangent,0.0339705882352941,3.39705882352941,1.489382668536403,0.5078347437743198,-0.9815479247620833
BT2,19A,raw,local_linear_tangent,first-order local tangent,0.0357058823529411,3.5705882352941103,1.4816275194386608,0.31532555878894986,-1.166301960649711
BT2,19A,raw,local_linear_tangent,first-order local tangent,0.0374411764705882,3.74411764705882,1.474619312137131,0.12281637380356925,-1.3518029383335617
BT2,19A,raw,local_linear_tangent,first-order local tangent,0.0391764705882353,3.9176470588235297,1.4682921970754268,-0.06969281118181181,-1.5379850082572386
BT2,19A,raw,local_linear_tangent,first-order local tangent,0.0409117647058823,4.09117647058823,1.4625889766467386,-0.2622019961671813,-1.72479097281392
BT2,19A,raw,local_linear_tangent,first-order local tangent,0.0426470588235294,4.26470588235294,1.457459660689865,-0.45471118115256237,-1.9121708418424275
BT2,19A,raw,local_linear_tangent,first-order local tangent,0.0443823529411764,4.43823529411764,1.4528603110821023,-0.6472203661379319,-2.100080677220034
BT2,19A,raw,local_linear_tangent,first-order local tangent,0.0461176470588235,4.61176470588235,1.4487521087047477,-0.8397295511233129,-2.2884816598280606
BT2,19A,raw,local_linear_tangent,first-order local tangent,0.0478529411764705,4.78529411764705,1.445100571885276,-1.0322387361086824,-2.4773393079939585
BT2,19A,raw,local_linear_tangent,first-order local tangent,0.0495882352941176,4.9588235294117595,1.4418750180975644,-1.2247479210940635,-2.666622939191628
BT2,19A,raw,local_linear_tangent,first-order local tangent,0.0513235294117647,5.13235294117647,1.4390479185364131,-1.4172571060794437,-2.856305024615857
BT2,19A,raw,local_linear_tangent,first-order local tangent,0.0530588235294117,5.30588235294117,1.436594553860075,-1.609766291064814,-3.046360844924889
BT2,19A,raw,local_linear_tangent,first-order local tangent,0.0547941176470588,5.47941176470588,1.434492631879411,-1.8022754760501942,-3.2367681079296053
BT2,19A,raw,local_linear_tangent,first-order local tangent,0.0565294117647058,5.65294117647058,1.4327219805829103,-1.9947846610355646,-3.427506641618475
BT2,19A,raw,local_linear_tangent,first-order local tangent,0.0582647058823529,5.82647058823529,1.431264297841112,-2.1872938460209457,-3.6185581438620575
BT2,19A,raw,local_linear_tangent,first-order local tangent,0.06,6.0,1.4301029235315392,-2.379803031006326,-3.8099059545378653
BT2,19A,raw,integrated_local_projection,integrated local projection slope,0.001,0.1,2.446163765578984,2.439195108717964,-0.006968656861019884
BT2,19A,raw,integrated_local_projection,integrated local projection slope,0.002735294117647,0.27352941176469997,2.1370420626052784,2.1313626638145275,-0.005679398790750856
BT2,19A,raw,integrated_local_projection,integrated local projection slope,0.0044705882352941,0.44705882352941,1.9906839100431035,1.9857820562273285,-0.004901853815775015
BT2,19A,raw,integrated_local_projection,integrated local projection slope,0.0062058823529411,0.62058823529411,1.895791744480548,1.891503410169976,-0.004288334310572184
BT2,19A,raw,integrated_local_projection,integrated local projection slope,0.0079411764705882,0.7941176470588199,1.82649015017174,1.8227318592948998,-0.00375829087684032
BT2,19A,raw,integrated_local_projection,integrated local projection slope,0.0096764705882352,0.96764705882352,1.7725341834816406,1.7692546913650369,-0.0032794921166037216
BT2,19A,raw,integrated_local_projection,integrated local projection slope,0.0114117647058823,1.14117647058823,1.728812023622644,1.7259763688535927,-0.0028356547690513434
BT2,19A,raw,integrated_local_projection,integrated local projection slope,0.0131470588235294,1.31470588235294,1.6924034756334454,1.6899861975035964,-0.002417278129849043
BT2,19A,raw,integrated_local_projection,integrated local projection slope,0.0148823529411764,1.48823529411764,1.6614832940549331,1.6594650040605514,-0.0020182899943816945
BT2,19A,raw,integrated_local_projection,integrated local projection slope,0.0166176470588235,1.6617647058823501,1.6348345490335496,1.633200004698237,-0.0016345443353127376
BT2,19A,raw,integrated_local_projection,integrated local projection slope,0.0183529411764705,1.8352941176470499,1.6116054227732353,1.6103423321464265,-0.0012630906268087383
BT2,19A,raw,integrated_local_projection,integrated local projection slope,0.0200882352941176,2.0088235294117602,1.5911765002221905,1.590274758329051,-0.0009017418931394072
BT2,19A,raw,integrated_local_projection,integrated local projection slope,0.0218235294117647,2.18235294117647,1.5730833576170749,1.5725345253353291,-0.000548832281745737
BT2,19A,raw,integrated_local_projection,integrated local projection slope,0.0235588235294117,2.3558823529411703,1.5569688866513365,1.5567658274940177,-0.00020305915731877455
BT2,19A,raw,integrated_local_projection,integrated local projection slope,0.0245927335748796,2.45927335748796,1.5481904618179994,1.548190461706214,-1.1178524772503806e-10
BT2,19A,raw,integrated_local_projection,integrated local projection slope,0.0252941176470588,2.52941176470588,1.5425526417205058,1.5426892591613863,0.00013661744088055983
BT2,19A,raw,integrated_local_projection,integrated local projection slope,0.0270294117647058,2.70294117647058,1.52961039033377,1.5300814408371952,0.0004710505034251078
BT2,19A,raw,integrated_local_projection,integrated local projection slope,0.0287647058823529,2.87647058823529,1.5179600935845543,1.5187610086855798,0.0008009151010255344
BT2,19A,raw,integrated_local_projection,integrated local projection slope,0.0305,3.05,1.507451906680731,1.5085787228327194,0.0011268161519883968
BT2,19A,raw,integrated_local_projection,integrated local projection slope,0.032235294117647,3.2235294117647,1.497961085836606,1.4994103237141565,0.0014492378775505799
BT2,19A,raw,integrated_local_projection,integrated local projection slope,0.0339705882352941,3.39705882352941,1.489382668536403,1.4911512682080192,0.0017685996716161334
BT2,19A,raw,integrated_local_projection,integrated local projection slope,0.0357058823529411,3.5705882352941103,1.4816275194386608,1.483712781602986,0.0020852621643252522
BT2,19A,raw,integrated_local_projection,integrated local projection slope,0.0374411764705882,3.74411764705882,1.474619312137131,1.4770188501436317,0.0023995380065007232
BT2,19A,raw,integrated_local_projection,integrated local projection slope,0.0391764705882353,3.9176470588235297,1.4682921970754268,1.4710038972285098,0.0027117001530829743
BT2,19A,raw,integrated_local_projection,integrated local projection slope,0.0409117647058823,4.09117647058823,1.4625889766467386,1.4656109649535707,0.0030219883068320907
BT2,19A,raw,integrated_local_projection,integrated local projection slope,0.0426470588235294,4.26470588235294,1.457459660689865,1.460790274678137,0.0033306139882718355
BT2,19A,raw,integrated_local_projection,integrated local projection slope,0.0443823529411764,4.43823529411764,1.4528603110821023,1.4564980759439354,0.0036377648618330927
BT2,19A,raw,integrated_local_projection,integrated local projection slope,0.0461176470588235,4.61176470588235,1.4487521087047477,1.4526957167456689,0.003943608040921198
BT2,19A,raw,integrated_local_projection,integrated local projection slope,0.0478529411764705,4.78529411764705,1.445100571885276,1.4493488862874098,0.0042483144021336905
BT2,19A,raw,integrated_local_projection,integrated local projection slope,0.0495882352941176,4.9588235294117595,1.4418750180975644,1.4464269931007232,0.004551975003158848
BT2,19A,raw,integrated_local_projection,integrated local projection slope,0.0513235294117647,5.13235294117647,1.4390479185364131,1.4439026505046773,0.0048547319682641366
BT2,19A,raw,integrated_local_projection,integrated local projection slope,0.0530588235294117,5.30588235294117,1.436594553860075,1.4417512478904544,0.005156694030379327
BT2,19A,raw,integrated_local_projection,integrated local projection slope,0.0547941176470588,5.47941176470588,1.434492631879411,1.4399505913282598,0.005457959448848859
BT2,19A,raw,integrated_local_projection,integrated local projection slope,0.0565294117647058,5.65294117647058,1.4327219805829103,1.4384806003636181,0.0057586197807077966
BT2,19A,raw,integrated_local_projection,integrated local projection slope,0.0582647058823529,5.82647058823529,1.431264297841112,1.437323050850806,0.006058753009693829
BT2,19A,raw,integrated_local_projection,integrated local projection slope,0.06,6.0,1.4301029235315392,1.4364613556736985,0.006358432142159254
BT2,19A,adjusted,factored_log_log,log contact + log HS (current),0.001,0.1,2.439021412925153,2.448053732971,0.009032320045847086
BT2,19A,adjusted,factored_log_log,log contact + log HS (current),0.002735294117647,0.27352941176469997,2.130574138594429,2.141736441181043,0.011162302586614103
BT2,19A,adjusted,factored_log_log,log contact + log HS (current),0.0044705882352941,0.44705882352941,1.9848012526978496,1.9957665245318275,0.010965271833977885
BT2,19A,adjusted,factored_log_log,log contact + log HS (current),0.0062058823529411,0.62058823529411,1.8904612027587413,1.9006669833989438,0.0102057806402025
BT2,19A,adjusted,factored_log_log,log contact + log HS (current),0.0079411764705882,0.7941176470588199,1.8216934958373292,1.830944167804878,0.009250671967548696
BT2,19A,adjusted,factored_log_log,log contact + log HS (current),0.0096764705882352,0.96764705882352,1.7682596445184535,1.7764848709127883,0.008225226394334761
BT2,19A,adjusted,factored_log_log,log contact + log HS (current),0.0114117647058823,1.14117647058823,1.7250512280151065,1.7322335784675795,0.007182350452473063
BT2,19A,adjusted,factored_log_log,log contact + log HS (current),0.0131470588235294,1.31470588235294,1.6891501280926475,1.6952972003347517,0.006147072242104201
BT2,19A,adjusted,factored_log_log,log contact + log HS (current),0.0148823529411764,1.48823529411764,1.6587324198273878,1.6638644003877516,0.005131980560363791
BT2,19A,adjusted,factored_log_log,log contact + log HS (current),0.0166176470588235,1.6617647058823501,1.6325820843579384,1.636725624577895,0.004143540219956554
BT2,19A,adjusted,factored_log_log,log contact + log HS (current),0.0183529411764705,1.8352941176470499,1.6098479336819929,1.6130329462673787,0.003185012585385838
BT2,19A,adjusted,factored_log_log,log contact + log HS (current),0.0200882352941176,2.0088235294117602,1.5899110205977334,1.592168916384382,0.0022578957866485894
BT2,19A,adjusted,factored_log_log,log contact + log HS (current),0.0218235294117647,2.18235294117647,1.57230725856066,1.5736699570552384,0.0013626984945784848
BT2,19A,adjusted,factored_log_log,log contact + log HS (current),0.0235588235294117,2.3558823529411703,1.5566797848443532,1.5571791562469488,0.0004993714025955942
BT2,19A,adjusted,factored_log_log,log contact + log HS (current),0.0245927335748796,2.45927335748796,1.548190461706214,1.5481904617062145,4.440892098500626e-16
BT2,19A,adjusted,factored_log_log,log contact + log HS (current),0.0252941176470588,2.52941176470588,1.542717371827408,1.5424158827839427,-0.0003014890434653861
BT2,19A,adjusted,factored_log_log,log contact + log HS (current),0.0270294117647058,2.70294117647058,1.5301899677790038,1.5291555055727608,-0.0010344622062430364
BT2,19A,adjusted,factored_log_log,log contact + log HS (current),0.0287647058823529,2.87647058823529,1.5189442833055544,1.5172154352182226,-0.001728848087331869
BT2,19A,adjusted,factored_log_log,log contact + log HS (current),0.0305,3.05,1.50883577536138,1.50644526106384,-0.002390514297540003
BT2,19A,adjusted,factored_log_log,log contact + log HS (current),0.032235294117647,3.2235294117647,1.4997435219975774,1.496719621313875,-0.0030239006837025073
BT2,19A,adjusted,factored_log_log,log contact + log HS (current),0.0339705882352941,3.39705882352941,1.4915624355509751,1.4879329449492285,-0.0036294906017466655
BT2,19A,adjusted,factored_log_log,log contact + log HS (current),0.0357058823529411,3.5705882352941103,1.4842034308635106,1.4799955050679081,-0.004207925795602474
BT2,19A,adjusted,factored_log_log,log contact + log HS (current),0.0374411764705882,3.74411764705882,1.4777805690973196,1.4728304097351879,-0.004950159362131723
BT2,19A,adjusted,factored_log_log,log contact + log HS (current),0.0391764705882353,3.9176470588235297,1.472035382441908,1.466371275186145,-0.005664107255762829
BT2,19A,adjusted,factored_log_log,log contact + log HS (current),0.0409117647058823,4.09117647058823,1.4668420586069502,1.46056040373894,-0.006281654868010245
BT2,19A,adjusted,factored_log_log,log contact + log HS (current),0.0426470588235294,4.26470588235294,1.4621390996890202,1.455347340495582,-0.006791759193438329
BT2,19A,adjusted,factored_log_log,log contact + log HS (current),0.0443823529411764,4.43823529411764,1.457989840828354,1.4506877181020288,-0.007302122726325244
BT2,19A,adjusted,factored_log_log,log contact + log HS (current),0.0461176470588235,4.61176470588235,1.454039399336606,1.4465423232226815,-0.007497076113924583
BT2,19A,adjusted,factored_log_log,log contact + log HS (current),0.0478529411764705,4.78529411764705,1.450566881934323,1.4428763355545577,-0.007690546379765184
BT2,19A,adjusted,factored_log_log,log contact + log HS (current),0.0495882352941176,4.9588235294117595,1.4476719306071335,1.439658702478643,-0.00801322812849059
BT2,19A,adjusted,factored_log_log,log contact + log HS (current),0.0513235294117647,5.13235294117647,1.445216914962547,1.4368616213381291,-0.008355293624417781
BT2,19A,adjusted,factored_log_log,log contact + log HS (current),0.0530588235294117,5.30588235294117,1.4431052077299935,1.4344601078578876,-0.008645099872105932
BT2,19A,adjusted,factored_log_log,log contact + log HS (current),0.0547941176470588,5.47941176470588,1.4413687593892108,1.4324316340630403,-0.008937125326170525
BT2,19A,adjusted,factored_log_log,log contact + log HS (current),0.0565294117647058,5.65294117647058,1.4399512719111114,1.4307558226889723,-0.009195449222139107
BT2,19A,adjusted,factored_log_log,log contact + log HS (current),0.0582647058823529,5.82647058823529,1.4388432908777449,1.4294141878298823,-0.009429103047862597
BT2,19A,adjusted,factored_log_log,log contact + log HS (current),0.06,6.0,1.4380301769708528,1.4283899136805103,-0.00964026329034251
BT2,19A,adjusted,log_linear_hs,log contact + linear HS,0.001,0.1,2.439021412925153,2.4505489224590846,0.011527509533931557
BT2,19A,adjusted,log_linear_hs,log contact + linear HS,0.002735294117647,0.27352941176469997,2.130574138594429,2.144246339745724,0.01367220115129486
BT2,19A,adjusted,log_linear_hs,log contact + linear HS,0.0044705882352941,0.44705882352941,1.9848012526978496,1.9982607268226373,0.013459474124787763
BT2,19A,adjusted,log_linear_hs,log contact + linear HS,0.0062058823529411,0.62058823529411,1.8904612027587413,1.9031148166846632,0.012653613925921903
BT2,19A,adjusted,log_linear_hs,log contact + linear HS,0.0079411764705882,0.7941176470588199,1.8216934958373292,1.8333146884309854,0.011621192593656238
BT2,19A,adjusted,log_linear_hs,log contact + linear HS,0.0096764705882352,0.96764705882352,1.7682596445184535,1.7787468606960513,0.010487216177597736
BT2,19A,adjusted,log_linear_hs,log contact + linear HS,0.0114117647058823,1.14117647058823,1.7250512280151065,1.7343555410263876,0.009304313011281096
BT2,19A,adjusted,log_linear_hs,log contact + linear HS,0.0131470588235294,1.31470588235294,1.6891501280926475,1.6972473573537523,0.008097229261104788
BT2,19A,adjusted,log_linear_hs,log contact + linear HS,0.0148823529411764,1.48823529411764,1.6587324198273878,1.6656106878153112,0.006878267987923348
BT2,19A,adjusted,log_linear_hs,log contact + linear HS,0.0166176470588235,1.6617647058823501,1.6325820843579384,1.6382356887548717,0.005653604396933298
BT2,19A,adjusted,log_linear_hs,log contact + linear HS,0.0183529411764705,1.8352941176470499,1.6098479336819929,1.6142741399856448,0.0044262063036519805
BT2,19A,adjusted,log_linear_hs,log contact + linear HS,0.0200882352941176,2.0088235294117602,1.5899110205977334,1.5931082948734983,0.003197274275764883
BT2,19A,adjusted,log_linear_hs,log contact + linear HS,0.0218235294117647,2.18235294117647,1.57230725856066,1.5742742738956332,0.0019670153349733432
BT2,19A,adjusted,log_linear_hs,log contact + linear HS,0.0235588235294117,2.3558823529411703,1.5566797848443532,1.5574148592079147,0.0007350743635614609
BT2,19A,adjusted,log_linear_hs,log contact + linear HS,0.0245927335748796,2.45927335748796,1.548190461706214,1.5481904617062145,4.440892098500626e-16
BT2,19A,adjusted,log_linear_hs,log contact + linear HS,0.0252941176470588,2.52941176470588,1.542717371827408,1.5422491095847108,-0.00046826224269724825
BT2,19A,adjusted,log_linear_hs,log contact + linear HS,0.0270294117647058,2.70294117647058,1.5301899677790038,1.5285520795648697,-0.001637888214134131
BT2,19A,adjusted,log_linear_hs,log contact + linear HS,0.0287647058823529,2.87647058823529,1.5189442833055544,1.516140860987346,-0.002803422318208515
BT2,19A,adjusted,log_linear_hs,log contact + linear HS,0.0305,3.05,1.50883577536138,1.5048647199491851,-0.003971055412194779
BT2,19A,adjusted,log_linear_hs,log contact + linear HS,0.032235294117647,3.2235294117647,1.4997435219975774,1.4945979668432137,-0.005145555154363768
BT2,19A,adjusted,log_linear_hs,log contact + linear HS,0.0339705882352941,3.39705882352941,1.4915624355509751,1.4852346981875633,-0.006327737363411856
BT2,19A,adjusted,log_linear_hs,log contact + linear HS,0.0357058823529411,3.5705882352941103,1.4842034308635106,1.4766848498777252,-0.007518580985785395
BT2,19A,adjusted,log_linear_hs,log contact + linear HS,0.0374411764705882,3.74411764705882,1.4777805690973196,1.46887118794618,-0.008909381151139595
BT2,19A,adjusted,log_linear_hs,log contact + linear HS,0.0391764705882353,3.9176470588235297,1.472035382441908,1.4617269816722396,-0.010308400769668324
BT2,19A,adjusted,log_linear_hs,log contact + linear HS,0.0409117647058823,4.09117647058823,1.4668420586069502,1.4551941814003917,-0.011647877206558466
BT2,19A,adjusted,log_linear_hs,log contact + linear HS,0.0426470588235294,4.26470588235294,1.4621390996890202,1.449221975143836,-0.012917124545184233
BT2,19A,adjusted,log_linear_hs,log contact + linear HS,0.0443823529411764,4.43823529411764,1.457989840828354,1.4437656332449835,-0.014224207583370507
BT2,19A,adjusted,log_linear_hs,log contact + linear HS,0.0461176470588235,4.61176470588235,1.454039399336606,1.438785574747918,-0.01525382458868818
BT2,19A,adjusted,log_linear_hs,log contact + linear HS,0.0478529411764705,4.78529411764705,1.450566881934323,1.4342466063080246,-0.01632027562629834
BT2,19A,adjusted,log_linear_hs,log contact + linear HS,0.0495882352941176,4.9588235294117595,1.4476719306071335,1.4301172967362197,-0.017554633870913827
BT2,19A,adjusted,log_linear_hs,log contact + linear HS,0.0513235294117647,5.13235294117647,1.445216914962547,1.4263694591674037,-0.018847455795143242
BT2,19A,adjusted,log_linear_hs,log contact + linear HS,0.0530588235294117,5.30588235294117,1.4431052077299935,1.422977719367412,-0.02012748836258149
BT2,19A,adjusted,log_linear_hs,log contact + linear HS,0.0547941176470588,5.47941176470588,1.4413687593892108,1.4199191535362423,-0.021449605852968512
BT2,19A,adjusted,log_linear_hs,log contact + linear HS,0.0565294117647058,5.65294117647058,1.4399512719111114,1.4171729825998183,-0.02277828931129311
BT2,19A,adjusted,log_linear_hs,log contact + linear HS,0.0582647058823529,5.82647058823529,1.4388432908777449,1.414720312737294,-0.024122978140450835
BT2,19A,adjusted,log_linear_hs,log contact + linear HS,0.06,6.0,1.4380301769708528,1.4125439139984515,-0.025486262972401308
BT2,19A,adjusted,log_reciprocal_hs,log contact + reciprocal HS,0.001,0.1,2.439021412925153,2.4454618866686544,0.006440473743501318
BT2,19A,adjusted,log_reciprocal_hs,log contact + reciprocal HS,0.002735294117647,0.27352941176469997,2.130574138594429,2.1391299278590883,0.008555789264659275
BT2,19A,adjusted,log_reciprocal_hs,log contact + reciprocal HS,0.0044705882352941,0.44705882352941,1.9848012526978496,1.9931757540466313,0.008374501348781704
BT2,19A,adjusted,log_reciprocal_hs,log contact + reciprocal HS,0.0062058823529411,0.62058823529411,1.8904612027587413,1.8981229021914376,0.007661699432696345
BT2,19A,adjusted,log_reciprocal_hs,log contact + reciprocal HS,0.0079411764705882,0.7941176470588199,1.8216934958373292,1.8284782695917512,0.006784773754421991
BT2,19A,adjusted,log_reciprocal_hs,log contact + reciprocal HS,0.0096764705882352,0.96764705882352,1.7682596445184535,1.7741292076312245,0.005869563112770981
BT2,19A,adjusted,log_reciprocal_hs,log contact + reciprocal HS,0.0114117647058823,1.14117647058823,1.7250512280151065,1.730020771480613,0.004969543465506598
BT2,19A,adjusted,log_reciprocal_hs,log contact + reciprocal HS,0.0131470588235294,1.31470588235294,1.6891501280926475,1.6932604519045502,0.004110323811902683
BT2,19A,adjusted,log_reciprocal_hs,log contact + reciprocal HS,0.0148823529411764,1.48823529411764,1.6587324198273878,1.662037505424364,0.003305085596976065
BT2,19A,adjusted,log_reciprocal_hs,log contact + reciprocal HS,0.0166176470588235,1.6617647058823501,1.6325820843579384,1.635142982671258,0.002560898313319626
BT2,19A,adjusted,log_reciprocal_hs,log contact + reciprocal HS,0.0183529411764705,1.8352941176470499,1.6098479336819929,1.6117295740106234,0.001881640328630585
BT2,19A,adjusted,log_reciprocal_hs,log contact + reciprocal HS,0.0200882352941176,2.0088235294117602,1.5899110205977334,1.5911804599967487,0.0012694393990153596
BT2,19A,adjusted,log_reciprocal_hs,log contact + reciprocal HS,0.0218235294117647,2.18235294117647,1.57230725856066,1.5730327053131794,0.0007254467525195096
BT2,19A,adjusted,log_reciprocal_hs,log contact + reciprocal HS,0.0235588235294117,2.3558823529411703,1.5566797848443532,1.5569300537322879,0.00025026888793466817
BT2,19A,adjusted,log_reciprocal_hs,log contact + reciprocal HS,0.0245927335748796,2.45927335748796,1.548190461706214,1.5481904617062145,4.440892098500626e-16
BT2,19A,adjusted,log_reciprocal_hs,log contact + reciprocal HS,0.0252941176470588,2.52941176470588,1.542717371827408,1.5425925434582564,-0.00012482836915173046
BT2,19A,adjusted,log_reciprocal_hs,log contact + reciprocal HS,0.0270294117647058,2.70294117647058,1.5301899677790038,1.5297962266874436,-0.00039374109156020687
BT2,19A,adjusted,log_reciprocal_hs,log contact + reciprocal HS,0.0287647058823529,2.87647058823529,1.5189442833055544,1.5183592115700284,-0.0005850717355260215
BT2,19A,adjusted,log_reciprocal_hs,log contact + reciprocal HS,0.0305,3.05,1.50883577536138,1.508131799606015,-0.0007039757553648496
BT2,19A,adjusted,log_reciprocal_hs,log contact + reciprocal HS,0.032235294117647,3.2235294117647,1.4997435219975774,1.4989893561333414,-0.0007541658642360449
BT2,19A,adjusted,log_reciprocal_hs,log contact + reciprocal HS,0.0339705882352941,3.39705882352941,1.4915624355509751,1.4908270526206393,-0.000735382930335815
BT2,19A,adjusted,log_reciprocal_hs,log contact + reciprocal HS,0.0357058823529411,3.5705882352941103,1.4842034308635106,1.48355592039576,-0.0006475104677505783
BT2,19A,adjusted,log_reciprocal_hs,log contact + reciprocal HS,0.0374411764705882,3.74411764705882,1.4777805690973196,1.4770998418955594,-0.0006807272017601562
BT2,19A,adjusted,log_reciprocal_hs,log contact + reciprocal HS,0.0391764705882353,3.9176470588235297,1.472035382441908,1.4713932242800398,-0.0006421581618680783
BT2,19A,adjusted,log_reciprocal_hs,log contact + reciprocal HS,0.0409117647058823,4.09117647058823,1.4668420586069502,1.4663791777696153,-0.00046288083733481145
BT2,19A,adjusted,log_reciprocal_hs,log contact + reciprocal HS,0.0426470588235294,4.26470588235294,1.4621390996890202,1.462008072782691,-0.00013102690632926794
BT2,19A,adjusted,log_reciprocal_hs,log contact + reciprocal HS,0.0443823529411764,4.43823529411764,1.457989840828354,1.4582363851458346,0.00024654431748061256
BT2,19A,adjusted,log_reciprocal_hs,log contact + reciprocal HS,0.0461176470588235,4.61176470588235,1.454039399336606,1.4550257630320904,0.000986363695484327
BT2,19A,adjusted,log_reciprocal_hs,log contact + reciprocal HS,0.0478529411764705,4.78529411764705,1.450566881934323,1.4523422664531855,0.0017753845188626105
BT2,19A,adjusted,log_reciprocal_hs,log contact + reciprocal HS,0.0495882352941176,4.9588235294117595,1.4476719306071335,1.4501557424036475,0.002483811796514024
BT2,19A,adjusted,log_reciprocal_hs,log contact + reciprocal HS,0.0513235294117647,5.13235294117647,1.445216914962547,1.44843930764706,0.0032223926845131867
BT2,19A,adjusted,log_reciprocal_hs,log contact + reciprocal HS,0.0530588235294117,5.30588235294117,1.4431052077299935,1.4471689176593572,0.004063709929363668
BT2,19A,adjusted,log_reciprocal_hs,log contact + reciprocal HS,0.0547941176470588,5.47941176470588,1.4413687593892108,1.446323005087586,0.004954245698375104
BT2,19A,adjusted,log_reciprocal_hs,log contact + reciprocal HS,0.0565294117647058,5.65294117647058,1.4399512719111114,1.445882174717075,0.005930902805963534
BT2,19A,adjusted,log_reciprocal_hs,log contact + reciprocal HS,0.0582647058823529,5.82647058823529,1.4388432908777449,1.445828944694726,0.006985653816981019
BT2,19A,adjusted,log_reciprocal_hs,log contact + reciprocal HS,0.06,6.0,1.4380301769708528,1.446147525863707,0.008117348892854315
BT2,19A,adjusted,linear_contact_log_hs,linear contact + log HS,0.001,0.1,2.439021412925153,4.16171281867522,1.7226914057500666
BT2,19A,adjusted,linear_contact_log_hs,linear contact + log HS,0.002735294117647,0.27352941176469997,2.130574138594429,3.9692846342537473,1.8387104956593183
BT2,19A,adjusted,linear_contact_log_hs,linear contact + log HS,0.0044705882352941,0.44705882352941,1.9848012526978496,3.7768868551827315,1.792085602484882
BT2,19A,adjusted,linear_contact_log_hs,linear contact + log HS,0.0062058823529411,0.62058823529411,1.8904612027587413,3.584519748842946,1.6940585460842048
BT2,19A,adjusted,linear_contact_log_hs,linear contact + log HS,0.0079411764705882,0.7941176470588199,1.8216934958373292,3.392183586157671,1.5704900903203418
BT2,19A,adjusted,linear_contact_log_hs,linear contact + log HS,0.0096764705882352,0.96764705882352,1.7682596445184535,3.1998786416556397,1.4316189971371862
BT2,19A,adjusted,linear_contact_log_hs,linear contact + log HS,0.0114117647058823,1.14117647058823,1.7250512280151065,3.007605193535208,1.2825539655201017
BT2,19A,adjusted,linear_contact_log_hs,linear contact + log HS,0.0131470588235294,1.31470588235294,1.6891501280926475,2.815363523730129,1.1262133956374816
BT2,19A,adjusted,linear_contact_log_hs,linear contact + log HS,0.0148823529411764,1.48823529411764,1.6587324198273878,2.623153917976694,0.9644214981493062
BT2,19A,adjusted,linear_contact_log_hs,linear contact + log HS,0.0166176470588235,1.6617647058823501,1.6325820843579384,2.4309766658823904,0.798394581524452
BT2,19A,adjusted,linear_contact_log_hs,linear contact + log HS,0.0183529411764705,1.8352941176470499,1.6098479336819929,2.238832060996226,0.6289841273142329
BT2,19A,adjusted,linear_contact_log_hs,linear contact + log HS,0.0200882352941176,2.0088235294117602,1.5899110205977334,2.0467204008804885,0.4568093802827551
BT2,19A,adjusted,linear_contact_log_hs,linear contact + log HS,0.0218235294117647,2.18235294117647,1.57230725856066,1.8546419871843232,0.28233472862366327
BT2,19A,adjusted,linear_contact_log_hs,linear contact + log HS,0.0235588235294117,2.3558823529411703,1.5566797848443532,1.662597125718876,0.10591734087452287
BT2,19A,adjusted,linear_contact_log_hs,linear contact + log HS,0.0245927335748796,2.45927335748796,1.548190461706214,1.548190461706219,4.884981308350689e-15
BT2,19A,adjusted,linear_contact_log_hs,linear contact + log HS,0.0252941176470588,2.52941176470588,1.542717371827408,1.4705861265341875,-0.07213124529322057
BT2,19A,adjusted,linear_contact_log_hs,linear contact + log HS,0.0270294117647058,2.70294117647058,1.5301899677790038,1.2786093039979707,-0.25158066378103316
BT2,19A,adjusted,linear_contact_log_hs,linear contact + log HS,0.0287647058823529,2.87647058823529,1.5189442833055544,1.086666976876069,-0.43227730642948536
BT2,19A,adjusted,linear_contact_log_hs,linear contact + log HS,0.0305,3.05,1.50883577536138,0.8947594684149607,-0.6140763069464192
BT2,19A,adjusted,linear_contact_log_hs,linear contact + log HS,0.032235294117647,3.2235294117647,1.4997435219975774,0.702887106426092,-0.7968564155714855
BT2,19A,adjusted,linear_contact_log_hs,linear contact + log HS,0.0339705882352941,3.39705882352941,1.4915624355509751,0.5110502233722087,-0.9805122121787664
BT2,19A,adjusted,linear_contact_log_hs,linear contact + log HS,0.0357058823529411,3.5705882352941103,1.4842034308635106,0.3192491564558506,-1.16495427440766
BT2,19A,adjusted,linear_contact_log_hs,linear contact + log HS,0.0374411764705882,3.74411764705882,1.4777805690973196,0.1274842477097895,-1.35029632138753
BT2,19A,adjusted,linear_contact_log_hs,linear contact + log HS,0.0391764705882353,3.9176470588235297,1.472035382441908,-0.06424415591019939,-1.5362795383521073
BT2,19A,adjusted,linear_contact_log_hs,linear contact + log HS,0.0409117647058823,4.09117647058823,1.4668420586069502,-0.2559357024304325,-1.7227777610373827
BT2,19A,adjusted,linear_contact_log_hs,linear contact + log HS,0.0426470588235294,4.26470588235294,1.4621390996890202,-0.44759003476212156,-1.9097291344511418
BT2,19A,adjusted,linear_contact_log_hs,linear contact + log HS,0.0443823529411764,4.43823529411764,1.457989840828354,-0.6392067906016989,-2.097196631430053
BT2,19A,adjusted,linear_contact_log_hs,linear contact + log HS,0.0461176470588235,4.61176470588235,1.454039399336606,-0.8307856023288669,-2.2848250016654728
BT2,19A,adjusted,linear_contact_log_hs,linear contact + log HS,0.0478529411764705,4.78529411764705,1.450566881934323,-1.0223260969019736,-2.4728929788362963
BT2,19A,adjusted,linear_contact_log_hs,linear contact + log HS,0.0495882352941176,4.9588235294117595,1.4476719306071335,-1.2138278957509692,-2.661499826358103
BT2,19A,adjusted,linear_contact_log_hs,linear contact + log HS,0.0513235294117647,5.13235294117647,1.445216914962547,-1.4052906146675537,-2.8505075296301006
BT2,19A,adjusted,linear_contact_log_hs,linear contact + log HS,0.0530588235294117,5.30588235294117,1.4431052077299935,-1.5967138636926799,-3.0398190714226736
BT2,19A,adjusted,linear_contact_log_hs,linear contact + log HS,0.0547941176470588,5.47941176470588,1.4413687593892108,-1.7880972470012444,-3.2294660063904552
BT2,19A,adjusted,linear_contact_log_hs,linear contact + log HS,0.0565294117647058,5.65294117647058,1.4399512719111114,-1.9794403627837638,-3.4193916346948754
BT2,19A,adjusted,linear_contact_log_hs,linear contact + log HS,0.0582647058823529,5.82647058823529,1.4388432908777449,-2.1707428031252154,-3.6095860940029603
BT2,19A,adjusted,linear_contact_log_hs,linear contact + log HS,0.06,6.0,1.4380301769708528,-2.362004153880633,-3.800034330851486
BT2,19A,adjusted,reciprocal_contact_log_hs,reciprocal contact + log HS,0.001,0.1,2.439021412925153,2.260332553669998,-0.1786888592551552
BT2,19A,adjusted,reciprocal_contact_log_hs,reciprocal contact + log HS,0.002735294117647,0.27352941176469997,2.130574138594429,1.7321106193140536,-0.3984635192803754
BT2,19A,adjusted,reciprocal_contact_log_hs,reciprocal contact + log HS,0.0044705882352941,0.44705882352941,1.9848012526978496,1.61937804993906,-0.3654232027587896
BT2,19A,adjusted,reciprocal_contact_log_hs,reciprocal contact + log HS,0.0062058823529411,0.62058823529411,1.8904612027587413,1.573622146790254,-0.31683905596848727
BT2,19A,adjusted,reciprocal_contact_log_hs,reciprocal contact + log HS,0.0079411764705882,0.7941176470588199,1.8216934958373292,1.5509563628331207,-0.27073713300420854
BT2,19A,adjusted,reciprocal_contact_log_hs,reciprocal contact + log HS,0.0096764705882352,0.96764705882352,1.7682596445184535,1.538975276334745,-0.22928436818370845
BT2,19A,adjusted,reciprocal_contact_log_hs,reciprocal contact + log HS,0.0114117647058823,1.14117647058823,1.7250512280151065,1.5328192020095657,-0.1922320260055408
BT2,19A,adjusted,reciprocal_contact_log_hs,reciprocal contact + log HS,0.0131470588235294,1.31470588235294,1.6891501280926475,1.530194345068483,-0.15895578302416458
BT2,19A,adjusted,reciprocal_contact_log_hs,reciprocal contact + log HS,0.0148823529411764,1.48823529411764,1.6587324198273878,1.5298768791624655,-0.12885554066492233
BT2,19A,adjusted,reciprocal_contact_log_hs,reciprocal contact + log HS,0.0166176470588235,1.6617647058823501,1.6325820843579384,1.53115429234846,-0.10142779200947838
BT2,19A,adjusted,reciprocal_contact_log_hs,reciprocal contact + log HS,0.0183529411764705,1.8352941176470499,1.6098479336819929,1.5335836618267056,-0.07626427185528728
BT2,19A,adjusted,reciprocal_contact_log_hs,reciprocal contact + log HS,0.0200882352941176,2.0088235294117602,1.5899110205977334,1.5368752153090164,-0.053035805288716986
BT2,19A,adjusted,reciprocal_contact_log_hs,reciprocal contact + log HS,0.0218235294117647,2.18235294117647,1.57230725856066,1.5408314440073925,-0.03147581455326742
BT2,19A,adjusted,reciprocal_contact_log_hs,reciprocal contact + log HS,0.0235588235294117,2.3558823529411703,1.5566797848443532,1.5453131245232576,-0.011366660321095567
BT2,19A,adjusted,reciprocal_contact_log_hs,reciprocal contact + log HS,0.0245927335748796,2.45927335748796,1.548190461706214,1.548190461706214,0.0
BT2,19A,adjusted,reciprocal_contact_log_hs,reciprocal contact + log HS,0.0252941176470588,2.52941176470588,1.542717371827408,1.5502193271079991,0.007501955280591055
BT2,19A,adjusted,reciprocal_contact_log_hs,reciprocal contact + log HS,0.0270294117647058,2.70294117647058,1.5301899677790038,1.555475124799064,0.025285157020060067
BT2,19A,adjusted,reciprocal_contact_log_hs,reciprocal contact + log HS,0.0287647058823529,2.87647058823529,1.5189442833055544,1.5610237514266923,0.04207946812113783
BT2,19A,adjusted,reciprocal_contact_log_hs,reciprocal contact + log HS,0.0305,3.05,1.50883577536138,1.5668214366660522,0.05798566130467231
BT2,19A,adjusted,reciprocal_contact_log_hs,reciprocal contact + log HS,0.032235294117647,3.2235294117647,1.4997435219975774,1.5728339093584005,0.07309038736082307
BT2,19A,adjusted,reciprocal_contact_log_hs,reciprocal contact + log HS,0.0339705882352941,3.39705882352941,1.4915624355509751,1.579033972569454,0.08747153701847887
BT2,19A,adjusted,reciprocal_contact_log_hs,reciprocal contact + log HS,0.0357058823529411,3.5705882352941103,1.4842034308635106,1.5853997857831827,0.10119635491967216
BT2,19A,adjusted,reciprocal_contact_log_hs,reciprocal contact + log HS,0.0374411764705882,3.74411764705882,1.4777805690973196,1.5919136248154646,0.11413305571814503
BT2,19A,adjusted,reciprocal_contact_log_hs,reciprocal contact + log HS,0.0391764705882353,3.9176470588235297,1.472035382441908,1.5985609713264646,0.12652558888455667
BT2,19A,adjusted,reciprocal_contact_log_hs,reciprocal contact + log HS,0.0409117647058823,4.09117647058823,1.4668420586069502,1.6053298340717248,0.13848777546477464
BT2,19A,adjusted,reciprocal_contact_log_hs,reciprocal contact + log HS,0.0426470588235294,4.26470588235294,1.4621390996890202,1.612210235887084,0.15007113619806378
BT2,19A,adjusted,reciprocal_contact_log_hs,reciprocal contact + log HS,0.0443823529411764,4.43823529411764,1.457989840828354,1.619193821048234,0.16120398021987992
BT2,19A,adjusted,reciprocal_contact_log_hs,reciprocal contact + log HS,0.0461176470588235,4.61176470588235,1.454039399336606,1.6262735512997886,0.17223415196318248
BT2,19A,adjusted,reciprocal_contact_log_hs,reciprocal contact + log HS,0.0478529411764705,4.78529411764705,1.450566881934323,1.633443468046561,0.18287658611223812
BT2,19A,adjusted,reciprocal_contact_log_hs,reciprocal contact + log HS,0.0495882352941176,4.9588235294117595,1.4476719306071335,1.640698504500741,0.19302657389360744
BT2,19A,adjusted,reciprocal_contact_log_hs,reciprocal contact + log HS,0.0513235294117647,5.13235294117647,1.445216914962547,1.648034335962286,0.2028174209997391
BT2,19A,adjusted,reciprocal_contact_log_hs,reciprocal contact + log HS,0.0530588235294117,5.30588235294117,1.4431052077299935,1.6554472595031662,0.21234205177317267
BT2,19A,adjusted,reciprocal_contact_log_hs,reciprocal contact + log HS,0.0547941176470588,5.47941176470588,1.4413687593892108,1.6629340965377408,0.22156533714853
BT2,19A,adjusted,reciprocal_contact_log_hs,reciprocal contact + log HS,0.0565294117647058,5.65294117647058,1.4399512719111114,1.6704921133621773,0.2305408414510659
BT2,19A,adjusted,reciprocal_contact_log_hs,reciprocal contact + log HS,0.0582647058823529,5.82647058823529,1.4388432908777449,1.6781189559174172,0.23927566503967235
BT2,19A,adjusted,reciprocal_contact_log_hs,reciprocal contact + log HS,0.06,6.0,1.4380301769708528,1.6858125958968104,0.24778241892595765
BT2,19A,adjusted,quadratic_tangent,second-order local tangent,0.001,0.1,2.439021412925153,-5.928634014374216,-8.367655427299368
BT2,19A,adjusted,quadratic_tangent,second-order local tangent,0.002735294117647,0.27352941176469997,2.130574138594429,-6.183016004649129,-8.313590143243559
BT2,19A,adjusted,quadratic_tangent,second-order local tangent,0.0044705882352941,0.44705882352941,1.9848012526978496,-6.309686056311813,-8.294487309009662
BT2,19A,adjusted,quadratic_tangent,second-order local tangent,0.0062058823529411,0.62058823529411,1.8904612027587413,-6.308644169362257,-8.199105372120998
BT2,19A,adjusted,quadratic_tangent,second-order local tangent,0.0079411764705882,0.7941176470588199,1.8216934958373292,-6.179890343800457,-8.001583839637785
BT2,19A,adjusted,quadratic_tangent,second-order local tangent,0.0096764705882352,0.96764705882352,1.7682596445184535,-5.923424579626431,-7.691684224144884
BT2,19A,adjusted,quadratic_tangent,second-order local tangent,0.0114117647058823,1.14117647058823,1.7250512280151065,-5.5392468768401475,-7.2642981048552535
BT2,19A,adjusted,quadratic_tangent,second-order local tangent,0.0131470588235294,1.31470588235294,1.6891501280926475,-5.0273572354416185,-6.716507363534266
BT2,19A,adjusted,quadratic_tangent,second-order local tangent,0.0148823529411764,1.48823529411764,1.6587324198273878,-4.387755655430883,-6.046488075258271
BT2,19A,adjusted,quadratic_tangent,second-order local tangent,0.0166176470588235,1.6617647058823501,1.6325820843579384,-3.620442136807871,-5.253024221165809
BT2,19A,adjusted,quadratic_tangent,second-order local tangent,0.0183529411764705,1.8352941176470499,1.6098479336819929,-2.725416679572668,-4.335264613254661
BT2,19A,adjusted,quadratic_tangent,second-order local tangent,0.0200882352941176,2.0088235294117602,1.5899110205977334,-1.702679283725169,-3.2925903043229026
BT2,19A,adjusted,quadratic_tangent,second-order local tangent,0.0218235294117647,2.18235294117647,1.57230725856066,-0.5522299492654281,-2.124537207826088
BT2,19A,adjusted,quadratic_tangent,second-order local tangent,0.0235588235294117,2.3558823529411703,1.5566797848443532,0.7259313238064844,-0.8307484610378688
BT2,19A,adjusted,quadratic_tangent,second-order local tangent,0.0245927335748796,2.45927335748796,1.548190461706214,1.5481904617061821,-3.197442310920451e-14
BT2,19A,adjusted,quadratic_tangent,second-order local tangent,0.0252941176470588,2.52941176470588,1.542717371827408,2.1318045354907116,0.5890871636633035
BT2,19A,adjusted,quadratic_tangent,second-order local tangent,0.0270294117647058,2.70294117647058,1.5301899677790038,3.66538968578709,2.135199718008086
BT2,19A,adjusted,quadratic_tangent,second-order local tangent,0.0287647058823529,2.87647058823529,1.5189442833055544,5.326686774695803,3.8077424913902487
BT2,19A,adjusted,quadratic_tangent,second-order local tangent,0.0305,3.05,1.50883577536138,7.115695802216756,5.606860026855376
BT2,19A,adjusted,quadratic_tangent,second-order local tangent,0.032235294117647,3.2235294117647,1.4997435219975774,9.032416768349847,7.53267324635227
BT2,19A,adjusted,quadratic_tangent,second-order local tangent,0.0339705882352941,3.39705882352941,1.4915624355509751,11.076849673095284,9.585287237544309
BT2,19A,adjusted,quadratic_tangent,second-order local tangent,0.0357058823529411,3.5705882352941103,1.4842034308635106,13.248994516452841,11.76479108558933
BT2,19A,adjusted,quadratic_tangent,second-order local tangent,0.0374411764705882,3.74411764705882,1.4777805690973196,15.54885129842276,14.07107072932544
BT2,19A,adjusted,quadratic_tangent,second-order local tangent,0.0391764705882353,3.9176470588235297,1.472035382441908,17.976420019004927,16.504384636563017
BT2,19A,adjusted,quadratic_tangent,second-order local tangent,0.0409117647058823,4.09117647058823,1.4668420586069502,20.531700678199194,19.064858619592243
BT2,19A,adjusted,quadratic_tangent,second-order local tangent,0.0426470588235294,4.26470588235294,1.4621390996890202,23.214693276005853,21.752554176316835
BT2,19A,adjusted,quadratic_tangent,second-order local tangent,0.0443823529411764,4.43823529411764,1.457989840828354,26.02539781242458,24.567407971596225
BT2,19A,adjusted,quadratic_tangent,second-order local tangent,0.0461176470588235,4.61176470588235,1.454039399336606,28.96381428745572,27.509774888119114
BT2,19A,adjusted,quadratic_tangent,second-order local tangent,0.0478529411764705,4.78529411764705,1.450566881934323,32.029942701098925,30.579375819164603
BT2,19A,adjusted,quadratic_tangent,second-order local tangent,0.0495882352941176,4.9588235294117595,1.4476719306071335,35.223783053354545,33.77611112274741
BT2,19A,adjusted,quadratic_tangent,second-order local tangent,0.0513235294117647,5.13235294117647,1.445216914962547,38.54533534422241,37.100118429259865
BT2,19A,adjusted,quadratic_tangent,second-order local tangent,0.0530588235294117,5.30588235294117,1.4431052077299935,41.994599573702324,40.55149436597233
BT2,19A,adjusted,quadratic_tangent,second-order local tangent,0.0547941176470588,5.47941176470588,1.4413687593892108,45.57157574179467,44.130206982405454
BT2,19A,adjusted,quadratic_tangent,second-order local tangent,0.0565294117647058,5.65294117647058,1.4399512719111114,49.27626384849905,47.836312576587936
BT2,19A,adjusted,quadratic_tangent,second-order local tangent,0.0582647058823529,5.82647058823529,1.4388432908777449,53.10866389381589,51.669820602938145
BT2,19A,adjusted,quadratic_tangent,second-order local tangent,0.06,6.0,1.4380301769708528,57.06877587774496,55.630745700774106
BT2,19A,adjusted,local_linear_tangent,first-order local tangent,0.001,0.1,2.439021412925153,4.164208008163303,1.7251865952381502
BT2,19A,adjusted,local_linear_tangent,first-order local tangent,0.002735294117647,0.27352941176469997,2.130574138594429,3.971794532818428,1.841220394223999
BT2,19A,adjusted,local_linear_tangent,first-order local tangent,0.0044705882352941,0.44705882352941,1.9848012526978496,3.7793810574735414,1.7945798047756918
BT2,19A,adjusted,local_linear_tangent,first-order local tangent,0.0062058823529411,0.62058823529411,1.8904612027587413,3.5869675821286657,1.6965063793699244
BT2,19A,adjusted,local_linear_tangent,first-order local tangent,0.0079411764705882,0.7941176470588199,1.8216934958373292,3.394554106783779,1.5728606109464498
BT2,19A,adjusted,local_linear_tangent,first-order local tangent,0.0096764705882352,0.96764705882352,1.7682596445184535,3.2021406314389034,1.4338809869204499
BT2,19A,adjusted,local_linear_tangent,first-order local tangent,0.0114117647058823,1.14117647058823,1.7250512280151065,3.0097271560940166,1.2846759280789102
BT2,19A,adjusted,local_linear_tangent,first-order local tangent,0.0131470588235294,1.31470588235294,1.6891501280926475,2.8173136807491295,1.128163552656482
BT2,19A,adjusted,local_linear_tangent,first-order local tangent,0.0148823529411764,1.48823529411764,1.6587324198273878,2.624900205404254,0.966167785576866
BT2,19A,adjusted,local_linear_tangent,first-order local tangent,0.0166176470588235,1.6617647058823501,1.6325820843579384,2.432486730059367,0.7999046457014287
BT2,19A,adjusted,local_linear_tangent,first-order local tangent,0.0183529411764705,1.8352941176470499,1.6098479336819929,2.2400732547144915,0.6302253210324986
BT2,19A,adjusted,local_linear_tangent,first-order local tangent,0.0200882352941176,2.0088235294117602,1.5899110205977334,2.0476597793696047,0.4577487587718714
BT2,19A,adjusted,local_linear_tangent,first-order local tangent,0.0218235294117647,2.18235294117647,1.57230725856066,1.855246304024718,0.2829390454640581
BT2,19A,adjusted,local_linear_tangent,first-order local tangent,0.0235588235294117,2.3558823529411703,1.5566797848443532,1.662832828679842,0.10615304383548874
BT2,19A,adjusted,local_linear_tangent,first-order local tangent,0.0245927335748796,2.45927335748796,1.548190461706214,1.548190461706219,4.884981308350689e-15
BT2,19A,adjusted,local_linear_tangent,first-order local tangent,0.0252941176470588,2.52941176470588,1.542717371827408,1.4704193533349552,-0.07229801849245288
BT2,19A,adjusted,local_linear_tangent,first-order local tangent,0.0270294117647058,2.70294117647058,1.5301899677790038,1.27800587799008,-0.2521840897889238
BT2,19A,adjusted,local_linear_tangent,first-order local tangent,0.0287647058823529,2.87647058823529,1.5189442833055544,1.0855924026451929,-0.43335188066036157
BT2,19A,adjusted,local_linear_tangent,first-order local tangent,0.0305,3.05,1.50883577536138,0.8931789273003061,-0.6156568480610738
BT2,19A,adjusted,local_linear_tangent,first-order local tangent,0.032235294117647,3.2235294117647,1.4997435219975774,0.7007654519554305,-0.7989780700421469
BT2,19A,adjusted,local_linear_tangent,first-order local tangent,0.0339705882352941,3.39705882352941,1.4915624355509751,0.5083519766105442,-0.9832104589404309
BT2,19A,adjusted,local_linear_tangent,first-order local tangent,0.0357058823529411,3.5705882352941103,1.4842034308635106,0.31593850126566814,-1.1682649295978424
BT2,19A,adjusted,local_linear_tangent,first-order local tangent,0.0374411764705882,3.74411764705882,1.4777805690973196,0.1235250259207814,-1.3542555431765382
BT2,19A,adjusted,local_linear_tangent,first-order local tangent,0.0391764705882353,3.9176470588235297,1.472035382441908,-0.06888844942410532,-1.5409238318660132
BT2,19A,adjusted,local_linear_tangent,first-order local tangent,0.0409117647058823,4.09117647058823,1.4668420586069502,-0.26130192476898095,-1.7281439833759311
BT2,19A,adjusted,local_linear_tangent,first-order local tangent,0.0426470588235294,4.26470588235294,1.4621390996890202,-0.45371540011386724,-1.9158544998028875
BT2,19A,adjusted,local_linear_tangent,first-order local tangent,0.0443823529411764,4.43823529411764,1.457989840828354,-0.6461288754587438,-2.104118716287098
BT2,19A,adjusted,local_linear_tangent,first-order local tangent,0.0461176470588235,4.61176470588235,1.454039399336606,-0.83854235080363,-2.2925817501402364
BT2,19A,adjusted,local_linear_tangent,first-order local tangent,0.0478529411764705,4.78529411764705,1.450566881934323,-1.0309558261485057,-2.481522708082829
BT2,19A,adjusted,local_linear_tangent,first-order local tangent,0.0495882352941176,4.9588235294117595,1.4476719306071335,-1.2233693014933928,-2.671041232100526
BT2,19A,adjusted,local_linear_tangent,first-order local tangent,0.0513235294117647,5.13235294117647,1.445216914962547,-1.4157827768382791,-2.860999691800826
BT2,19A,adjusted,local_linear_tangent,first-order local tangent,0.0530588235294117,5.30588235294117,1.4431052077299935,-1.6081962521831548,-3.051301459913148
BT2,19A,adjusted,local_linear_tangent,first-order local tangent,0.0547941176470588,5.47941176470588,1.4413687593892108,-1.800609727528042,-3.2419784869172528
BT2,19A,adjusted,local_linear_tangent,first-order local tangent,0.0565294117647058,5.65294117647058,1.4399512719111114,-1.9930232028729176,-3.4329744747840287
BT2,19A,adjusted,local_linear_tangent,first-order local tangent,0.0582647058823529,5.82647058823529,1.4388432908777449,-2.185436678217804,-3.6242799690955487
BT2,19A,adjusted,local_linear_tangent,first-order local tangent,0.06,6.0,1.4380301769708528,-2.377850153562691,-3.8158803305335436
BT2,19A,adjusted,integrated_local_projection,integrated local projection slope,0.001,0.1,2.439021412925153,2.4362725530906153,-0.0027488598345377646
BT2,19A,adjusted,integrated_local_projection,integrated local projection slope,0.002735294117647,0.27352941176469997,2.130574138594429,2.1284208066077075,-0.0021533319867215184
BT2,19A,adjusted,integrated_local_projection,integrated local projection slope,0.0044705882352941,0.44705882352941,1.9848012526978496,1.982980396251175,-0.0018208564466746235
BT2,19A,adjusted,integrated_local_projection,integrated local projection slope,0.0062058823529411,0.62058823529411,1.8904612027587413,1.8888899252953744,-0.001571277463366938
BT2,19A,adjusted,integrated_local_projection,integrated local projection slope,0.0079411764705882,0.7941176470588199,1.8216934958373292,1.82033025839941,-0.001363237437919107
BT2,19A,adjusted,integrated_local_projection,integrated local projection slope,0.0096764705882352,0.96764705882352,1.7682596445184535,1.767079280601867,-0.001180363916586602
BT2,19A,adjusted,integrated_local_projection,integrated local projection slope,0.0114117647058823,1.14117647058823,1.7250512280151065,1.7240368041866265,-0.0010144238284799378
BT2,19A,adjusted,integrated_local_projection,integrated local projection slope,0.0131470588235294,1.31470588235294,1.6891501280926475,1.6882894813978084,-0.0008606466948390956
BT2,19A,adjusted,integrated_local_projection,integrated local projection slope,0.0148823529411764,1.48823529411764,1.6587324198273878,1.658016473306437,-0.0007159465209507498
BT2,19A,adjusted,integrated_local_projection,integrated local projection slope,0.0166176470588235,1.6617647058823501,1.6325820843579384,1.6320038753930297,-0.0005782089649086775
BT2,19A,adjusted,integrated_local_projection,integrated local projection slope,0.0183529411764705,1.8352941176470499,1.6098479336819929,1.6094020250057297,-0.00044590867626315145
BT2,19A,adjusted,integrated_local_projection,integrated local projection slope,0.0200882352941176,2.0088235294117602,1.5899110205977334,1.5895931047702776,-0.0003179158274557725
BT2,19A,adjusted,integrated_local_projection,integrated local projection slope,0.0218235294117647,2.18235294117647,1.57230725856066,1.5721139042128343,-0.0001933543478256361
BT2,19A,adjusted,integrated_local_projection,integrated local projection slope,0.0235588235294117,2.3558823529411703,1.5566797848443532,1.5566082591324304,-7.15257119228152e-05
BT2,19A,adjusted,integrated_local_projection,integrated local projection slope,0.0245927335748796,2.45927335748796,1.548190461706214,1.5481904617062145,4.440892098500626e-16
BT2,19A,adjusted,integrated_local_projection,integrated local projection slope,0.0252941176470588,2.52941176470588,1.542717371827408,1.5427964720052132,7.910017780510259e-05
BT2,19A,adjusted,integrated_local_projection,integrated local projection slope,0.0270294117647058,2.70294117647058,1.5301899677790038,1.5304549198103108,0.000264952031306942
BT2,19A,adjusted,integrated_local_projection,integrated local projection slope,0.0287647058823529,2.87647058823529,1.5189442833055544,1.5194020309610452,0.0004577476554907811
BT2,19A,adjusted,integrated_local_projection,integrated local projection slope,0.0305,3.05,1.50883577536138,1.509488384692181,0.0006526093308010239
BT2,19A,adjusted,integrated_local_projection,integrated local projection slope,0.032235294117647,3.2235294117647,1.4997435219975774,1.5005895609736881,0.0008460389761106857
BT2,19A,adjusted,integrated_local_projection,integrated local projection slope,0.0339705882352941,3.39705882352941,1.4915624355509751,1.4926008718583677,0.0010384363073925318
BT2,19A,adjusted,integrated_local_projection,integrated local projection slope,0.0357058823529411,3.5705882352941103,1.4842034308635106,1.4854334098568533,0.0012299789933427618
BT2,19A,adjusted,integrated_local_projection,integrated local projection slope,0.0374411764705882,3.74411764705882,1.4777805690973196,1.4790110377238999,0.0012304686265802722
BT2,19A,adjusted,integrated_local_projection,integrated local projection slope,0.0391764705882353,3.9176470588235297,1.472035382441908,1.473268062503514,0.0012326800616060396
BT2,19A,adjusted,integrated_local_projection,integrated local projection slope,0.0409117647058823,4.09117647058823,1.4668420586069502,1.4681474153718659,0.0013053567649157216
BT2,19A,adjusted,integrated_local_projection,integrated local projection slope,0.0426470588235294,4.26470588235294,1.4621390996890202,1.4635992108382099,0.0014601111491896468
BT2,19A,adjusted,integrated_local_projection,integrated local projection slope,0.0443823529411764,4.43823529411764,1.457989840828354,1.4595795945577423,0.001589753729388299
BT2,19A,adjusted,integrated_local_projection,integrated local projection slope,0.0461176470588235,4.61176470588235,1.454039399336606,1.4560498126883519,0.002010413351745788
BT2,19A,adjusted,integrated_local_projection,integrated local projection slope,0.0478529411764705,4.78529411764705,1.450566881934323,1.4529754538868893,0.002408571952566385
BT2,19A,adjusted,integrated_local_projection,integrated local projection slope,0.0495882352941176,4.9588235294117595,1.4476719306071335,1.4503258267881578,0.0026538961810242956
BT2,19A,adjusted,integrated_local_projection,integrated local projection slope,0.0513235294117647,5.13235294117647,1.445216914962547,1.4480734449172208,0.002856529954673892
BT2,19A,adjusted,integrated_local_projection,integrated local projection slope,0.0530588235294117,5.30588235294117,1.4431052077299935,1.4461935975019267,0.0030883897719331532
BT2,19A,adjusted,integrated_local_projection,integrated local projection slope,0.0547941176470588,5.47941176470588,1.4413687593892108,1.444663989668316,0.0032952302791051657
BT2,19A,adjusted,integrated_local_projection,integrated local projection slope,0.0565294117647058,5.65294117647058,1.4399512719111114,1.4434644388728035,0.003513166961692127
BT2,19A,adjusted,integrated_local_projection,integrated local projection slope,0.0582647058823529,5.82647058823529,1.4388432908777449,1.4425766174111594,0.003733326533414516
BT2,19A,adjusted,integrated_local_projection,integrated local projection slope,0.06,6.0,1.4380301769708528,1.4419838328455525,0.003953655874699757
