adjustment,method,method_label,Vcem_fraction,Vcem_percent,lnCn_profile,lnCn_predicted,log_coordinate_error,coordinate_ratio,local_tangent_at_reference,reference_beta,tangent_difference
raw,factored_log_log,log contact + log HS (current),0.001,0.1,2.43256094691116,2.4146883635587173,0.017872583352442906,1.0180332537412635,20.271560301147414,20.271560299724396,1.4230181477614678e-09
raw,factored_log_log,log contact + log HS (current),0.0024749999999999,0.24749999999999,2.1543050717361822,2.1459705507403313,0.00833452099585097,1.0083693498092166,20.271560301147414,20.271560299724396,1.4230181477614678e-09
raw,factored_log_log,log contact + log HS (current),0.00395,0.395,2.014532775406124,2.010049524683891,0.004483250722233212,1.0044933155261444,20.271560301147414,20.271560299724396,1.4230181477614678e-09
raw,factored_log_log,log contact + log HS (current),0.005425,0.5425,1.9220441692396804,1.919593510437157,0.0024506588025232645,1.0024536641213087,20.271560301147414,20.271560299724396,1.4230181477614678e-09
raw,factored_log_log,log contact + log HS (current),0.0069,0.69,1.8536794184375756,1.8523986869732163,0.0012807314643592527,1.0012815519511382,20.271560301147414,20.271560299724396,1.4230181477614678e-09
raw,factored_log_log,log contact + log HS (current),0.008375,0.8375,1.7999767620184195,1.7993792534167015,0.0005975086017180331,1.0005976871455413,20.271560301147414,20.271560299724396,1.4230181477614678e-09
raw,factored_log_log,log contact + log HS (current),0.00985,0.985,1.7561337755210409,1.7559161077602363,0.00021766776080456296,1.0002176914521506,20.271560301147414,20.271560299724396,1.4230181477614678e-09
raw,factored_log_log,log contact + log HS (current),0.0113249999999999,1.1324999999999898,1.7193768101030475,1.7193372949121033,3.951519094425038e-05,1.0000395159716797,20.271560301147414,20.271560299724396,1.4230181477614678e-09
raw,factored_log_log,log contact + log HS (current),0.012546045825196,1.2546045825196002,1.6930438447489806,1.693043841663064,3.08591663333857e-09,1.0000000030859166,20.271560301147414,20.271560299724396,1.4230181477614678e-09
raw,factored_log_log,log contact + log HS (current),0.0127999999999999,1.27999999999999,1.687958818884537,1.6879572854467548,1.5334377820863665e-06,1.0000015334389578,20.271560301147414,20.271560299724396,1.4230181477614678e-09
raw,factored_log_log,log contact + log HS (current),0.014275,1.4275,1.660708328711764,1.6606442263739292,6.410233783493702e-05,1.0000641043924337,20.271560301147414,20.271560299724396,1.4230181477614678e-09
raw,factored_log_log,log contact + log HS (current),0.01575,1.575,1.6368016788055426,1.6366012178106089,0.0002004609949337599,1.0002004810885816,20.271560301147414,20.271560299724396,1.4230181477614678e-09
raw,factored_log_log,log contact + log HS (current),0.017225,1.7225000000000001,1.615637808185581,1.6152459520285256,0.00039185615705528143,1.0003919329427085,20.271560301147414,20.271560299724396,1.4230181477614678e-09
raw,factored_log_log,log contact + log HS (current),0.0187,1.87,1.5967647162811656,1.5961399866924757,0.0006247295886898652,1.000624924772863,20.271560301147414,20.271560299724396,1.4230181477614678e-09
raw,factored_log_log,log contact + log HS (current),0.020175,2.0175,1.579833993530968,1.5789449513010883,0.0008890422298797329,1.000889437545065,20.271560301147414,20.271560299724396,1.4230181477614678e-09
raw,factored_log_log,log contact + log HS (current),0.02165,2.165,1.5645714492847436,1.56339424556876,0.0011772037159836213,1.0011778968922547,20.271560301147414,20.271560299724396,1.4230181477614678e-09
raw,factored_log_log,log contact + log HS (current),0.023125,2.3125,1.55075745799643,1.5492740857662848,0.0014833722301452745,1.001484472970934,20.271560301147414,20.271560299724396,1.4230181477614678e-09
raw,factored_log_log,log contact + log HS (current),0.0246,2.46,1.5382134049952456,1.5364104223876995,0.0018029826075460775,1.001804608957968,20.271560301147414,20.271560299724396,1.4230181477614678e-09
raw,factored_log_log,log contact + log HS (current),0.026075,2.6075,1.5267920929009215,1.5246596733676216,0.0021324195332999007,1.002134694756789,20.271560301147414,20.271560299724396,1.4230181477614678e-09
raw,factored_log_log,log contact + log HS (current),0.02755,2.7550000000000003,1.516370796811059,1.5139020107410208,0.002468786070038087,1.0024718360317524,20.271560301147414,20.271560299724396,1.4230181477614678e-09
raw,factored_log_log,log contact + log HS (current),0.029025,2.9025,1.5068461368161885,1.5040364003527777,0.0028097364634107613,1.0028136874724725,20.271560301147414,20.271560299724396,1.4230181477614678e-09
raw,factored_log_log,log contact + log HS (current),0.0305,3.05,1.498130225612318,1.4949768724514472,0.003153353160870731,1.0031583302090379,20.271560301147414,20.271560299724396,1.4230181477614678e-09
raw,factored_log_log,log contact + log HS (current),0.0319749999999999,3.19749999999999,1.490147729009324,1.486649673906645,0.0034980551026788653,1.0035041804376001,20.271560301147414,20.271560299724396,1.4230181477614678e-09
raw,factored_log_log,log contact + log HS (current),0.03345,3.345,1.4828335914162531,1.4789910632061551,0.0038425282100980063,1.0038499201865476,20.271560301147414,20.271560299724396,1.4230181477614678e-09
raw,factored_log_log,log contact + log HS (current),0.034925,3.4924999999999997,1.4761312318337516,1.4719455816292053,0.0041856502045463095,1.0041944222730304,20.271560301147414,20.271560299724396,1.4230181477614678e-09
raw,factored_log_log,log contact + log HS (current),0.0364,3.64,1.4699912194089944,1.465464682292456,0.004526537116538387,1.0045367973609565,20.271560301147414,20.271560299724396,1.4230181477614678e-09
raw,factored_log_log,log contact + log HS (current),0.037875,3.7875,1.4643700107860136,1.4595056316967416,0.004864379089271953,1.0048762293882247,20.271560301147414,20.271560299724396,1.4230181477614678e-09
raw,factored_log_log,log contact + log HS (current),0.03935,3.9350000000000005,1.4592291180537107,1.4540306212569636,0.00519849679674711,1.0052120324260307,20.271560301147414,20.271560299724396,1.4230181477614678e-09
raw,factored_log_log,log contact + log HS (current),0.040825,4.0825,1.4545343584965895,1.4490060424165359,0.0055283160800536635,1.0055436254180121,20.271560301147414,20.271560299724396,1.4230181477614678e-09
raw,factored_log_log,log contact + log HS (current),0.0423,4.2299999999999995,1.450255226173607,1.444401890485301,0.005853335688305927,1.0058704999306616,20.271560301147414,20.271560299724396,1.4230181477614678e-09
raw,factored_log_log,log contact + log HS (current),0.043775,4.3775,1.4463643892629632,1.4401912707107791,0.006173118552184054,1.0061922115160045,20.271560301147414,20.271560299724396,1.4230181477614678e-09
raw,factored_log_log,log contact + log HS (current),0.04525,4.5249999999999995,1.4428372674142214,1.436349986242305,0.006487281171916326,1.0065083691569845,20.271560301147414,20.271560299724396,1.4230181477614678e-09
raw,factored_log_log,log contact + log HS (current),0.046725,4.6725,1.4396516769344296,1.432856192217964,0.006795484716465738,1.0068186264127144,20.271560301147414,20.271560299724396,1.4230181477614678e-09
raw,factored_log_log,log contact + log HS (current),0.0482,4.82,1.4367875313118483,1.4296901036373626,0.0070974276744857345,1.0071226741071833,20.271560301147414,20.271560299724396,1.4230181477614678e-09
raw,factored_log_log,log contact + log HS (current),0.049675,4.967499999999999,1.4342265870373232,1.42683374728794,0.0073928397493832065,1.007420234255284,20.271560301147414,20.271560299724396,1.4230181477614678e-09
raw,factored_log_log,log contact + log HS (current),0.05115,5.115,1.431952226750859,1.4242707499870773,0.007681476763781836,1.0077110549927397,20.271560301147414,20.271560299724396,1.4230181477614678e-09
raw,factored_log_log,log contact + log HS (current),0.052625,5.2625,1.4299492733238823,1.4219861569429244,0.007963116380957924,1.0079949063185052,20.271560301147414,20.271560299724396,1.4230181477614678e-09
raw,factored_log_log,log contact + log HS (current),0.0541,5.41,1.428203829734726,1.4199662752365916,0.008237554498134347,1.0082715765054047,20.271560301147414,20.271560299724396,1.4230181477614678e-09
raw,factored_log_log,log contact + log HS (current),0.055575,5.5575,1.4267031405593498,1.4181985383697966,0.008504602189553179,1.0085408690576105,20.271560301147414,20.271560299724396,1.4230181477614678e-09
raw,factored_log_log,log contact + log HS (current),0.05705,5.705,1.4254354716714377,1.4166713885660913,0.008764083105346376,1.008802600121568,20.271560301147414,20.271560299724396,1.4230181477614678e-09
raw,factored_log_log,log contact + log HS (current),0.058525,5.8525,1.4243900053545175,1.4153741741058172,0.009015831248700312,1.0090565962733475,20.271560301147414,20.271560299724396,1.4230181477614678e-09
raw,factored_log_log,log contact + log HS (current),0.06,6.0,1.4235567485144451,1.4142970594490325,0.009259689065412635,1.009302692616893,20.271560301147414,20.271560299724396,1.4230181477614678e-09
raw,log_linear_hs,log contact + linear HS,0.001,0.1,2.43256094691116,2.4140391255506657,0.018521821360494517,1.0186944142250867,20.27156030114755,20.271560299724396,1.4231531508812623e-09
raw,log_linear_hs,log contact + linear HS,0.0024749999999999,0.24749999999999,2.1543050717361822,2.145475370006494,0.00882970172968811,1.008868798532321,20.27156030114755,20.271560299724396,1.4231531508812623e-09
raw,log_linear_hs,log contact + linear HS,0.00395,0.395,2.014532775406124,2.009687871251784,0.004844904154340135,1.0048566596796027,20.27156030114755,20.271560299724396,1.4231531508812623e-09
raw,log_linear_hs,log contact + linear HS,0.005425,0.5425,1.9220441692396804,1.9193447011298606,0.0026994681098198026,1.0027031149546333,20.27156030114755,20.271560299724396,1.4231531508812623e-09
raw,log_linear_hs,log contact + linear HS,0.0069,0.69,1.8536794184375756,1.8522418836880217,0.0014375347495538815,1.0014385684979223,20.27156030114755,20.271560299724396,1.4231531508812623e-09
raw,log_linear_hs,log contact + linear HS,0.008375,0.8375,1.7999767620184195,1.7992934613778766,0.0006833006405428943,1.000683534143607,20.27156030114755,20.271560299724396,1.4231531508812623e-09
raw,log_linear_hs,log contact + linear HS,0.00985,0.985,1.7561337755210409,1.7558801737454164,0.00025360177562450126,1.0002536339352732,20.27156030114755,20.271560299724396,1.4231531508812623e-09
raw,log_linear_hs,log contact + linear HS,0.0113249999999999,1.1324999999999898,1.7193768101030475,1.7193299054518105,4.690465123702303e-05,1.0000469057512773,20.27156030114755,20.271560299724396,1.4231531508812623e-09
raw,log_linear_hs,log contact + linear HS,0.012546045825196,1.2546045825196002,1.6930438447489806,1.693043841663064,3.08591663333857e-09,1.0000000030859166,20.27156030114755,20.271560299724396,1.4231531508812623e-09
raw,log_linear_hs,log contact + linear HS,0.0127999999999999,1.27999999999999,1.687958818884537,1.6879569649965347,1.8538880022234139e-06,1.0000018538897206,20.27156030114755,20.271560299724396,1.4231531508812623e-09
raw,log_linear_hs,log contact + linear HS,0.014275,1.4275,1.660708328711764,1.6606293354585804,7.899325318372341e-05,1.0000789963732328,20.27156030114755,20.271560299724396,1.4231531508812623e-09
raw,log_linear_hs,log contact + linear HS,0.01575,1.575,1.6368016788055426,1.6365499511399748,0.00025172766556780246,1.0002517593516354,20.27156030114755,20.271560299724396,1.4231531508812623e-09
raw,log_linear_hs,log contact + linear HS,0.017225,1.7225000000000001,1.615637808185581,1.615136336584298,0.000501471601282999,1.0005015973591869,20.27156030114755,20.271560299724396,1.4231531508812623e-09
raw,log_linear_hs,log contact + linear HS,0.0187,1.87,1.5967647162811656,1.5959498797854503,0.0008148364957152321,1.0008151685651605,20.27156030114755,20.271560299724396,1.4231531508812623e-09
raw,log_linear_hs,log contact + linear HS,0.020175,2.0175,1.579833993530968,1.578652038598304,0.0011819549326639311,1.0011826537166786,20.27156030114755,20.271560299724396,1.4231531508812623e-09
raw,log_linear_hs,log contact + linear HS,0.02165,2.165,1.5645714492847436,1.5629760390899299,0.0015954101948136845,1.001596683538737,20.27156030114755,20.271560299724396,1.4231531508812623e-09
raw,log_linear_hs,log contact + linear HS,0.023125,2.3125,1.55075745799643,1.5487079218489244,0.002049536147505693,1.002051637882331,20.27156030114755,20.271560299724396,1.4231531508812623e-09
raw,log_linear_hs,log contact + linear HS,0.0246,2.46,1.5382134049952456,1.535673459620335,0.002539945374910646,1.0025431737689006,20.27156030114755,20.271560299724396,1.4231531508812623e-09
raw,log_linear_hs,log contact + linear HS,0.026075,2.6075,1.5267920929009215,1.5237288904904525,0.0030632024104690903,1.0030678988090884,20.27156030114755,20.271560299724396,1.4231531508812623e-09
raw,log_linear_hs,log contact + linear HS,0.02755,2.7550000000000003,1.516370796811059,1.5127542045133902,0.0036165922976687526,1.0036231400587403,20.27156030114755,20.271560299724396,1.4231531508812623e-09
raw,log_linear_hs,log contact + linear HS,0.029025,2.9025,1.5068461368161885,1.5026481833867962,0.0041979534293923315,1.004206777178799,20.27156030114755,20.271560299724396,1.4231531508812623e-09
raw,log_linear_hs,log contact + linear HS,0.0305,3.05,1.498130225612318,1.493324671011092,0.004805554601226003,1.0048171197970441,20.27156030114755,20.271560299724396,1.4231531508812623e-09
raw,log_linear_hs,log contact + linear HS,0.0319749999999999,3.19749999999999,1.490147729009324,1.4847097256716466,0.0054380033376773,1.0054528161163019,20.27156030114755,20.271560299724396,1.4231531508812623e-09
raw,log_linear_hs,log contact + linear HS,0.03345,3.345,1.4828335914162531,1.476739414999963,0.006094176416290065,1.00611278368885,20.27156030114755,20.271560299724396,1.4231531508812623e-09
raw,log_linear_hs,log contact + linear HS,0.034925,3.4924999999999997,1.4761312318337516,1.469358087110309,0.006773144723442703,1.0067961343428622,20.27156030114755,20.271560299724396,1.4231531508812623e-09
raw,log_linear_hs,log contact + linear HS,0.0364,3.64,1.4699912194089944,1.46251699960832,0.007474219800674309,1.0075022215016374,20.27156030114755,20.271560299724396,1.4231531508812623e-09
raw,log_linear_hs,log contact + linear HS,0.037875,3.7875,1.4643700107860136,1.4561732210995937,0.008196789686419903,1.0082304753421778,20.27156030114755,20.271560299724396,1.4231531508812623e-09
raw,log_linear_hs,log contact + linear HS,0.03935,3.9350000000000005,1.4592291180537107,1.4502887426806574,0.008940375373053255,1.008980459896803,20.27156030114755,20.271560299724396,1.4231531508812623e-09
raw,log_linear_hs,log contact + linear HS,0.040825,4.0825,1.4545343584965895,1.444829753013693,0.009704605482896422,1.0097518478659118,20.27156030114755,20.271560299724396,1.4231531508812623e-09
raw,log_linear_hs,log contact + linear HS,0.0423,4.2299999999999995,1.450255226173607,1.439766042123912,0.01048918404969501,1.0105443883880312,20.27156030114755,20.271560299724396,1.4231531508812623e-09
raw,log_linear_hs,log contact + linear HS,0.043775,4.3775,1.4463643892629632,1.435070507429427,0.01129388183353619,1.0113578984888296,20.27156030114755,20.271560299724396,1.4231531508812623e-09
raw,log_linear_hs,log contact + linear HS,0.04525,4.5249999999999995,1.4428372674142214,1.4307187416631533,0.012118525751068088,1.0121922526035063,20.27156030114755,20.271560299724396,1.4231531508812623e-09
raw,log_linear_hs,log contact + linear HS,0.046725,4.6725,1.4396516769344296,1.42668868691663,0.012962990017799658,1.013047373800723,20.27156030114755,20.271560299724396,1.4231531508812623e-09
raw,log_linear_hs,log contact + linear HS,0.0482,4.82,1.4367875313118483,1.4229603424687722,0.0138271888430761,1.0139232265520604,20.27156030114755,20.271560299724396,1.4231531508812623e-09
raw,log_linear_hs,log contact + linear HS,0.049675,4.967499999999999,1.4342265870373232,1.4195155166672393,0.0147110703700839,1.0148198107405435,20.27156030114755,20.271560299724396,1.4231531508812623e-09
raw,log_linear_hs,log contact + linear HS,0.05115,5.115,1.431952226750859,1.4163376151246556,0.015614611626203478,1.0157371566746147,20.27156030114755,20.271560299724396,1.4231531508812623e-09
raw,log_linear_hs,log contact + linear HS,0.052625,5.2625,1.4299492733238823,1.4134114590325728,0.016537814291309516,1.0166753209159345,20.27156030114755,20.271560299724396,1.4231531508812623e-09
raw,log_linear_hs,log contact + linear HS,0.0541,5.41,1.428203829734726,1.4107231285958037,0.017480701138922194,1.0176343827766725,20.27156030114755,20.271560299724396,1.4231531508812623e-09
raw,log_linear_hs,log contact + linear HS,0.055575,5.5575,1.4267031405593498,1.4082598275311846,0.018443313028165154,1.0186144413647815,20.27156030114755,20.271560299724396,1.4231531508812623e-09
raw,log_linear_hs,log contact + linear HS,0.05705,5.705,1.4254354716714377,1.4060097653188726,0.01942570635256513,1.0196156130838034,20.27156030114755,20.271560299724396,1.4231531508812623e-09
raw,log_linear_hs,log contact + linear HS,0.058525,5.8525,1.4243900053545175,1.4039620544862927,0.020427950868224798,1.0206380295101414,20.27156030114755,20.271560299724396,1.4231531508812623e-09
raw,log_linear_hs,log contact + linear HS,0.06,6.0,1.4235567485144451,1.4021066206789536,0.021450127835491495,1.021681835582201,20.27156030114755,20.271560299724396,1.4231531508812623e-09
raw,log_reciprocal_hs,log contact + reciprocal HS,0.001,0.1,2.43256094691116,2.41532501546526,0.0172359314459003,1.0173853272030633,20.271560300487764,20.271560299724396,7.633680354501848e-10
raw,log_reciprocal_hs,log contact + reciprocal HS,0.0024749999999999,0.24749999999999,2.1543050717361822,2.14645733234176,0.00784773939442207,1.0078786136126507,20.271560300487764,20.271560299724396,7.633680354501848e-10
raw,log_reciprocal_hs,log contact + reciprocal HS,0.00395,0.395,2.014532775406124,2.010405926000301,0.004126849405823307,1.0041353765749115,20.271560300487764,20.271560299724396,7.633680354501848e-10
raw,log_reciprocal_hs,log contact + reciprocal HS,0.005425,0.5425,1.9220441692396804,1.9198393170923334,0.002204852147347003,1.0022072846212629,20.271560300487764,20.271560299724396,7.633680354501848e-10
raw,log_reciprocal_hs,log contact + reciprocal HS,0.0069,0.69,1.8536794184375756,1.8525539852094026,0.001125433228172934,1.0011260667657942,20.271560300487764,20.271560299724396,7.633680354501848e-10
raw,log_reciprocal_hs,log contact + reciprocal HS,0.008375,0.8375,1.7999767620184195,1.7994644352103348,0.0005123268080846621,1.0005124580698792,20.271560300487764,20.271560299724396,7.633680354501848e-10
raw,log_reciprocal_hs,log contact + reciprocal HS,0.00985,0.985,1.7561337755210409,1.7559518760410397,0.00018189948000113532,1.0001819160247147,20.271560300487764,20.271560299724396,7.633680354501848e-10
raw,log_reciprocal_hs,log contact + reciprocal HS,0.0113249999999999,1.1324999999999898,1.7193768101030475,1.719344668887992,3.214121505545897e-05,1.0000321417315898,20.271560300487764,20.271560299724396,7.633680354501848e-10
raw,log_reciprocal_hs,log contact + reciprocal HS,0.012546045825196,1.2546045825196002,1.6930438447489806,1.693043841663064,3.08591663333857e-09,1.0000000030859166,20.271560300487764,20.271560299724396,7.633680354501848e-10
raw,log_reciprocal_hs,log contact + reciprocal HS,0.0127999999999999,1.27999999999999,1.687958818884537,1.6879576060370765,1.212847460463351e-06,1.0000012128481959,20.271560300487764,20.271560299724396,7.633680354501848e-10
raw,log_reciprocal_hs,log contact + reciprocal HS,0.014275,1.4275,1.660708328711764,1.6606591617536277,4.9166958136392935e-05,1.000049168166851,20.271560300487764,20.271560299724396,7.633680354501848e-10
raw,log_reciprocal_hs,log contact + reciprocal HS,0.01575,1.575,1.6368016788055426,1.6366527690679797,0.0001489097375628745,1.0001489208251682,20.271560300487764,20.271560299724396,7.633680354501848e-10
raw,log_reciprocal_hs,log contact + reciprocal HS,0.017225,1.7225000000000001,1.615637808185581,1.6153564589392955,0.0002813492462854228,1.0002813888286968,20.271560300487764,20.271560299724396,7.633680354501848e-10
raw,log_reciprocal_hs,log contact + reciprocal HS,0.0187,1.87,1.5967647162811656,1.5963321336130185,0.0004325826681470524,1.0004326762455222,20.271560300487764,20.271560299724396,7.633680354501848e-10
raw,log_reciprocal_hs,log contact + reciprocal HS,0.020175,2.0175,1.579833993530968,1.579241773183676,0.0005922203472918941,1.0005923957443847,20.271560300487764,20.271560299724396,7.633680354501848e-10
raw,log_reciprocal_hs,log contact + reciprocal HS,0.02165,2.165,1.5645714492847436,1.5638191341018115,0.0007523151829320618,1.0007525982429784,20.271560300487764,20.271560299724396,7.633680354501848e-10
raw,log_reciprocal_hs,log contact + reciprocal HS,0.023125,2.3125,1.55075745799643,1.5498507956426792,0.000906662353750809,1.000907073496309,20.271560300487764,20.271560299724396,7.633680354501848e-10
raw,log_reciprocal_hs,log contact + reciprocal HS,0.0246,2.46,1.5382134049952456,1.5371630777042902,0.001050327290955444,1.0010508790778332,20.271560300487764,20.271560299724396,7.633680354501848e-10
raw,log_reciprocal_hs,log contact + reciprocal HS,0.026075,2.6075,1.5267920929009215,1.5256127741591872,0.001179318741734381,1.001180014411527,20.271560300487764,20.271560299724396,7.633680354501848e-10
raw,log_reciprocal_hs,log contact + reciprocal HS,0.02755,2.7550000000000003,1.516370796811059,1.515080439651975,0.001290357159083877,1.0012911900280772,20.271560300487764,20.271560299724396,7.633680354501848e-10
raw,log_reciprocal_hs,log contact + reciprocal HS,0.029025,2.9025,1.5068461368161885,1.505465429450061,0.0013807073661276092,1.0013816609813804,20.271560300487764,20.271560299724396,7.633680354501848e-10
raw,log_reciprocal_hs,log contact + reciprocal HS,0.0305,3.05,1.498130225612318,1.4966821701821147,0.00144805543020321,1.0014491043687137,20.271560300487764,20.271560299724396,7.633680354501848e-10
raw,log_reciprocal_hs,log contact + reciprocal HS,0.0319749999999999,3.19749999999999,1.490147729009324,1.488657312203772,0.0014904168055518419,1.0014915280286723,20.271560300487764,20.271560299724396,7.633680354501848e-10
raw,log_reciprocal_hs,log contact + reciprocal HS,0.03345,3.345,1.4828335914162531,1.481327524746785,0.0015060666694681757,1.0015072013574418,20.271560300487764,20.271560299724396,7.633680354501848e-10
raw,log_reciprocal_hs,log contact + reciprocal HS,0.034925,3.4924999999999997,1.4761312318337516,1.4746377672481683,0.001493464585583304,1.0014945803592046,20.271560300487764,20.271560299724396,7.633680354501848e-10
raw,log_reciprocal_hs,log contact + reciprocal HS,0.0364,3.64,1.4699912194089944,1.4685399185560097,0.001451300852984616,1.0014523544997254,20.271560300487764,20.271560299724396,7.633680354501848e-10
raw,log_reciprocal_hs,log contact + reciprocal HS,0.037875,3.7875,1.4643700107860136,1.4629916786400847,0.0013783321459288622,1.0013792824822574,20.271560300487764,20.271560299724396,7.633680354501848e-10
raw,log_reciprocal_hs,log contact + reciprocal HS,0.03935,3.9350000000000005,1.4592291180537107,1.4579556802898082,0.0012734377639025407,1.0012742489300586,20.271560300487764,20.271560299724396,7.633680354501848e-10
raw,log_reciprocal_hs,log contact + reciprocal HS,0.040825,4.0825,1.4545343584965895,1.4533987644010375,0.0011355940955519728,1.0011362391266683,20.271560300487764,20.271560299724396,7.633680354501848e-10
raw,log_reciprocal_hs,log contact + reciprocal HS,0.0423,4.2299999999999995,1.450255226173607,1.4492913839907784,0.0009638421828286337,1.0009643068279748,20.271560300487764,20.271560299724396,7.633680354501848e-10
raw,log_reciprocal_hs,log contact + reciprocal HS,0.043775,4.3775,1.4463643892629632,1.445607110449783,0.0007572788131802177,1.000757565621174,20.271560300487764,20.271560299724396,7.633680354501848e-10
raw,log_reciprocal_hs,log contact + reciprocal HS,0.04525,4.5249999999999995,1.4428372674142214,1.4423222216927345,0.000515045721486862,1.0005151783803086,20.271560300487764,20.271560299724396,7.633680354501848e-10
raw,log_reciprocal_hs,log contact + reciprocal HS,0.046725,4.6725,1.4396516769344296,1.439415356436072,0.000236320498357534,1.0002363484242462,20.271560300487764,20.271560299724396,7.633680354501848e-10
raw,log_reciprocal_hs,log contact + reciprocal HS,0.0482,4.82,1.4367875313118483,1.4368672222666328,-7.969095478443933e-05,0.9999203122204553,20.271560300487764,20.271560299724396,7.633680354501848e-10
raw,log_reciprocal_hs,log contact + reciprocal HS,0.049675,4.967499999999999,1.4342265870373232,1.4346603477689681,-0.0004337607316449166,0.9995663333289408,20.271560300487764,20.271560299724396,7.633680354501848e-10
raw,log_reciprocal_hs,log contact + reciprocal HS,0.05115,5.115,1.431952226750859,1.4327788709737557,-0.0008266442228965776,0.9991736973533119,20.271560300487764,20.271560299724396,7.633680354501848e-10
raw,log_reciprocal_hs,log contact + reciprocal HS,0.052625,5.2625,1.4299492733238823,1.4312083579303732,-0.0012590846064908234,0.9987417077079671,20.271560300487764,20.271560299724396,7.633680354501848e-10
raw,log_reciprocal_hs,log contact + reciprocal HS,0.0541,5.41,1.428203829734726,1.4299356464064643,-0.0017318166717383843,0.9982696820574543,20.271560300487764,20.271560299724396,7.633680354501848e-10
raw,log_reciprocal_hs,log contact + reciprocal HS,0.055575,5.5575,1.4267031405593498,1.4289487106587484,-0.0022455700993986305,0.9977569493069497,20.271560300487764,20.271560299724396,7.633680354501848e-10
raw,log_reciprocal_hs,log contact + reciprocal HS,0.05705,5.705,1.4254354716714377,1.428236543963381,-0.002801072291943374,0.9972028470507409,20.271560300487764,20.271560299724396,7.633680354501848e-10
raw,log_reciprocal_hs,log contact + reciprocal HS,0.058525,5.8525,1.4243900053545175,1.4277890561862028,-0.0033990508316852353,0.996606719401969,20.271560300487764,20.271560299724396,7.633680354501848e-10
raw,log_reciprocal_hs,log contact + reciprocal HS,0.06,6.0,1.4235567485144451,1.427596984147303,-0.004040235632857936,0.9959679151384195,20.271560300487764,20.271560299724396,7.633680354501848e-10
raw,linear_contact_log_hs,linear contact + log HS,0.001,0.1,2.43256094691116,1.9277494438399574,0.5048115030712028,1.6566732132145856,20.27156030034341,20.271560299724396,6.190141732531629e-10
raw,linear_contact_log_hs,linear contact + log HS,0.0024749999999999,0.24749999999999,2.1543050717361822,1.8976948351236518,0.25661023661253046,1.292541243314635,20.27156030034341,20.271560299724396,6.190141732531629e-10
raw,linear_contact_log_hs,linear contact + log HS,0.00395,0.395,2.014532775406124,1.8676607563798258,0.14687201902629843,1.1582057252477858,20.27156030034341,20.271560299724396,6.190141732531629e-10
raw,linear_contact_log_hs,linear contact + log HS,0.005425,0.5425,1.9220441692396804,1.8376473608129222,0.08439680842675812,1.0880605597577542,20.27156030034341,20.271560299724396,6.190141732531629e-10
raw,linear_contact_log_hs,linear contact + log HS,0.0069,0.69,1.8536794184375756,1.8076548033487265,0.04602461508884903,1.0471001851038095,20.27156030034341,20.271560299724396,6.190141732531629e-10
raw,linear_contact_log_hs,linear contact + log HS,0.008375,0.8375,1.7999767620184195,1.7776832406602634,0.0222935213581561,1.0225438788943295,20.27156030034341,20.271560299724396,6.190141732531629e-10
raw,linear_contact_log_hs,linear contact + log HS,0.00985,0.985,1.7561337755210409,1.7477328311941647,0.008400944326876214,1.0084363312848763,20.27156030034341,20.271560299724396,6.190141732531629e-10
raw,linear_contact_log_hs,linear contact + log HS,0.0113249999999999,1.1324999999999898,1.7193768101030475,1.7178037351975464,0.0015730749055011817,1.0015743128368648,20.27156030034341,20.271560299724396,6.190141732531629e-10
raw,linear_contact_log_hs,linear contact + log HS,0.012546045825196,1.2546045825196002,1.6930438447489806,1.693043841663064,3.08591663333857e-09,1.0000000030859166,20.27156030034341,20.271560299724396,6.190141732531629e-10
raw,linear_contact_log_hs,linear contact + log HS,0.0127999999999999,1.27999999999999,1.687958818884537,1.6878961147453806,6.270413915632211e-05,1.000062706105102,20.27156030034341,20.271560299724396,6.190141732531629e-10
raw,linear_contact_log_hs,linear contact + log HS,0.014275,1.4275,1.660708328711764,1.6580101337684134,0.0026981949433506625,1.0027018383474613,20.27156030034341,20.271560299724396,6.190141732531629e-10
raw,linear_contact_log_hs,linear contact + log HS,0.01575,1.575,1.6368016788055426,1.628145958081605,0.008655720723937721,1.0086932897921184,20.27156030034341,20.271560299724396,6.190141732531629e-10
raw,linear_contact_log_hs,linear contact + log HS,0.017225,1.7225000000000001,1.615637808185581,1.598303755413105,0.017334052772475905,1.0174851592987557,20.27156030034341,20.271560299724396,6.190141732531629e-10
raw,linear_contact_log_hs,linear contact + log HS,0.0187,1.87,1.5967647162811656,1.5684836954338093,0.028281020847356286,1.0286847256594833,20.27156030034341,20.271560299724396,6.190141732531629e-10
raw,linear_contact_log_hs,linear contact + log HS,0.020175,2.0175,1.579833993530968,1.538685949787475,0.04114804374349301,1.0420063566490243,20.27156030034341,20.271560299724396,6.190141732531629e-10
raw,linear_contact_log_hs,linear contact + log HS,0.02165,2.165,1.5645714492847436,1.5089106921214273,0.05566075716331631,1.0572389621486151,20.27156030034341,20.271560299724396,6.190141732531629e-10
raw,linear_contact_log_hs,linear contact + log HS,0.023125,2.3125,1.55075745799643,1.479158098117864,0.07159935987856603,1.074224880252563,20.27156030034341,20.271560299724396,6.190141732531629e-10
raw,linear_contact_log_hs,linear contact + log HS,0.0246,2.46,1.5382134049952456,1.4494283455257746,0.08878505946947102,1.092845734238192,20.27156030034341,20.271560299724396,6.190141732531629e-10
raw,linear_contact_log_hs,linear contact + log HS,0.026075,2.6075,1.5267920929009215,1.4197216141934859,0.10707047870743569,1.1130126954112174,20.27156030034341,20.271560299724396,6.190141732531629e-10
raw,linear_contact_log_hs,linear contact + log HS,0.02755,2.7550000000000003,1.516370796811059,1.390038086101854,0.12633271070920493,1.1346596188951215,20.27156030034341,20.271560299724396,6.190141732531629e-10
raw,linear_contact_log_hs,linear contact + log HS,0.029025,2.9025,1.5068461368161885,1.3603779453981115,0.146468191418077,1.157738104225425,20.27156030034341,20.271560299724396,6.190141732531629e-10
raw,linear_contact_log_hs,linear contact + log HS,0.0305,3.05,1.498130225612318,1.3307413784303916,0.16738884718192626,1.1822138764776189,20.27156030034341,20.271560299724396,6.190141732531629e-10
raw,linear_contact_log_hs,linear contact + log HS,0.0319749999999999,3.19749999999999,1.490147729009324,1.3011285737829432,0.1890191552263807,1.208064093002454,20.27156030034341,20.271560299724396,6.190141732531629e-10
raw,linear_contact_log_hs,linear contact + log HS,0.03345,3.345,1.4828335914162531,1.2715397223120413,0.21129386910421188,1.2352753109771093,20.27156030034341,20.271560299724396,6.190141732531629e-10
raw,linear_contact_log_hs,linear contact + log HS,0.034925,3.4924999999999997,1.4761312318337516,1.241975017182652,0.2341562146510996,1.263841907410414,20.27156030034341,20.271560299724396,6.190141732531629e-10
raw,linear_contact_log_hs,linear contact + log HS,0.0364,3.64,1.4699912194089944,1.212434653905798,0.2575565655031964,1.2937649913783087,20.27156030034341,20.271560299724396,6.190141732531629e-10
raw,linear_contact_log_hs,linear contact + log HS,0.037875,3.7875,1.4643700107860136,1.1829188303767169,0.28145118040929673,1.3250513062800304,20.27156030034341,20.271560299724396,6.190141732531629e-10
raw,linear_contact_log_hs,linear contact + log HS,0.03935,3.9350000000000005,1.4592291180537107,1.1534277469137812,0.30580137113992945,1.3577125988570993,20.27156030034341,20.271560299724396,6.190141732531629e-10
raw,linear_contact_log_hs,linear contact + log HS,0.040825,4.0825,1.4545343584965895,1.1239616062982247,0.3305727521983648,1.3917650367109033,20.27156030034341,20.271560299724396,6.190141732531629e-10
raw,linear_contact_log_hs,linear contact + log HS,0.0423,4.2299999999999995,1.450255226173607,1.0945206138146777,0.35573461235892934,1.4272287291334176,20.27156030034341,20.271560299724396,6.190141732531629e-10
raw,linear_contact_log_hs,linear contact + log HS,0.043775,4.3775,1.4463643892629632,1.0651049772925472,0.381259411970416,1.4641273683156317,20.27156030034341,20.271560299724396,6.190141732531629e-10
raw,linear_contact_log_hs,linear contact + log HS,0.04525,4.5249999999999995,1.4428372674142214,1.0357149071482532,0.40712236026596815,1.5024879392386177,20.27156030034341,20.271560299724396,6.190141732531629e-10
raw,linear_contact_log_hs,linear contact + log HS,0.046725,4.6725,1.4396516769344296,1.0063506164283416,0.4333010605060881,1.5423404886188223,20.27156030034341,20.271560299724396,6.190141732531629e-10
raw,linear_contact_log_hs,linear contact + log HS,0.0482,4.82,1.4367875313118483,0.9770123208535049,0.45977521045834346,1.5837179417483431,20.27156030034341,20.271560299724396,6.190141732531629e-10
raw,linear_contact_log_hs,linear contact + log HS,0.049675,4.967499999999999,1.4342265870373232,0.9477002388635218,0.48652634817380136,1.626655958317598,20.27156030034341,20.271560299724396,6.190141732531629e-10
raw,linear_contact_log_hs,linear contact + log HS,0.05115,5.115,1.431952226750859,0.9184145916631492,0.5135376350877099,1.6711928202519255,20.27156030034341,20.271560299724396,6.190141732531629e-10
raw,linear_contact_log_hs,linear contact + log HS,0.052625,5.2625,1.4299492733238823,0.8891556032689854,0.540793670054897,1.717369346055176,20.27156030034341,20.271560299724396,6.190141732531629e-10
raw,linear_contact_log_hs,linear contact + log HS,0.0541,5.41,1.428203829734726,0.8599235005573285,0.5682803291773975,1.7652288273002494,20.27156030034341,20.271560299724396,6.190141732531629e-10
raw,linear_contact_log_hs,linear contact + log HS,0.055575,5.5575,1.4267031405593498,0.830718513313059,0.5959846272462908,1.8148169837738763,20.27156030034341,20.271560299724396,6.190141732531629e-10
raw,linear_contact_log_hs,linear contact + log HS,0.05705,5.705,1.4254354716714377,0.8015408742795725,0.6238945973918651,1.8661819344765904,20.27156030034341,20.271560299724396,6.190141732531629e-10
raw,linear_contact_log_hs,linear contact + log HS,0.058525,5.8525,1.4243900053545175,0.7723908192097846,0.651999186144733,1.9193741822154906,20.27156030034341,20.271560299724396,6.190141732531629e-10
raw,linear_contact_log_hs,linear contact + log HS,0.06,6.0,1.4235567485144451,0.7432685869182454,0.6802881615961998,1.9744466099488895,20.27156030034341,20.271560299724396,6.190141732531629e-10
raw,reciprocal_contact_log_hs,reciprocal contact + log HS,0.001,0.1,2.43256094691116,5.14324502613513,-2.7106840792239697,0.06649130583279232,20.271560302753503,20.271560299724396,3.0291076313915255e-09
raw,reciprocal_contact_log_hs,reciprocal contact + log HS,0.0024749999999999,0.24749999999999,2.1543050717361822,2.8861461978622946,-0.7318411261261124,0.4810225511315021,20.271560302753503,20.271560299724396,3.0291076313915255e-09
raw,reciprocal_contact_log_hs,reciprocal contact + log HS,0.00395,0.395,2.014532775406124,2.318873868894871,-0.30434109348874694,0.7376092298316895,20.271560302753503,20.271560299724396,3.0291076313915255e-09
raw,reciprocal_contact_log_hs,reciprocal contact + log HS,0.005425,0.5425,1.9220441692396804,2.0631071944100614,-0.14106302517038105,0.8684345767356823,20.271560302753503,20.271560299724396,3.0291076313915255e-09
raw,reciprocal_contact_log_hs,reciprocal contact + log HS,0.0069,0.69,1.8536794184375756,1.919089662952806,-0.06541024451523048,0.9366831154338603,20.271560302753503,20.271560299724396,3.0291076313915255e-09
raw,reciprocal_contact_log_hs,reciprocal contact + log HS,0.008375,0.8375,1.7999767620184195,1.8277888641164342,-0.027812102098014657,0.9725710937017468,20.271560302753503,20.271560299724396,3.0291076313915255e-09
raw,reciprocal_contact_log_hs,reciprocal contact + log HS,0.00985,0.985,1.7561337755210409,1.765531997975518,-0.009398222454477079,0.9906458028104813,20.271560302753503,20.271560299724396,3.0291076313915255e-09
raw,reciprocal_contact_log_hs,reciprocal contact + log HS,0.0113249999999999,1.1324999999999898,1.7193768101030475,1.7209791983605351,-0.001602388257487597,0.9983988948811227,20.271560302753503,20.271560299724396,3.0291076313915255e-09
raw,reciprocal_contact_log_hs,reciprocal contact + log HS,0.012546045825196,1.2546045825196002,1.6930438447489806,1.693043841663064,3.08591663333857e-09,1.0000000030859166,20.271560302753503,20.271560299724396,3.0291076313915255e-09
raw,reciprocal_contact_log_hs,reciprocal contact + log HS,0.0127999999999999,1.27999999999999,1.687958818884537,1.6880176443562376,-5.88254717006631e-05,0.9999411762584834,20.271560302753503,20.271560299724396,3.0291076313915255e-09
raw,reciprocal_contact_log_hs,reciprocal contact + log HS,0.014275,1.4275,1.660708328711764,1.663061073795784,-0.002352745084019947,0.9976500204514035,20.271560302753503,20.271560299724396,3.0291076313915255e-09
raw,reciprocal_contact_log_hs,reciprocal contact + log HS,0.01575,1.575,1.6368016788055426,1.6438667129981812,-0.007065034192638597,0.9929598644902448,20.271560302753503,20.271560299724396,3.0291076313915255e-09
raw,reciprocal_contact_log_hs,reciprocal contact + log HS,0.017225,1.7225000000000001,1.615637808185581,1.6289600539417004,-0.01332224575611951,0.9867661025918967,20.271560302753503,20.271560299724396,3.0291076313915255e-09
raw,reciprocal_contact_log_hs,reciprocal contact + log HS,0.0187,1.87,1.5967647162811656,1.6173318625753947,-0.020567146294229177,0.9796429148746455,20.271560302753503,20.271560299724396,3.0291076313915255e-09
raw,reciprocal_contact_log_hs,reciprocal contact + log HS,0.020175,2.0175,1.579833993530968,1.60826809799634,-0.02843410446537198,0.9719663402775693,20.271560302753503,20.271560299724396,3.0291076313915255e-09
raw,reciprocal_contact_log_hs,reciprocal contact + log HS,0.02165,2.165,1.5645714492847436,1.601249356595038,-0.03667790731029452,0.9639865783805246,20.271560302753503,20.271560299724396,3.0291076313915255e-09
raw,reciprocal_contact_log_hs,reciprocal contact + log HS,0.023125,2.3125,1.55075745799643,1.595888799210496,-0.04513134121406592,0.9558719282085552,20.271560302753503,20.271560299724396,3.0291076313915255e-09
raw,reciprocal_contact_log_hs,reciprocal contact + log HS,0.0246,2.46,1.5382134049952456,1.591892409381635,-0.053679004386389284,0.9477362768682442,20.271560302753503,20.271560299724396,3.0291076313915255e-09
raw,reciprocal_contact_log_hs,reciprocal contact + log HS,0.026075,2.6075,1.5267920929009215,1.5890327401806321,-0.06224064727971057,0.9396567337437853,20.271560302753503,20.271560299724396,3.0291076313915255e-09
raw,reciprocal_contact_log_hs,reciprocal contact + log HS,0.02755,2.7550000000000003,1.516370796811059,1.587131094470243,-0.07076029765918412,0.9316851924852559,20.271560302753503,20.271560299724396,3.0291076313915255e-09
raw,reciprocal_contact_log_hs,reciprocal contact + log HS,0.029025,2.9025,1.5068461368161885,1.586045138581816,-0.07919900176562744,0.9238560571641755,20.271560302753503,20.271560299724396,3.0291076313915255e-09
raw,reciprocal_contact_log_hs,reciprocal contact + log HS,0.0305,3.05,1.498130225612318,1.5856601100677206,-0.08752988445540266,0.9161914913579933,20.271560302753503,20.271560299724396,3.0291076313915255e-09
raw,reciprocal_contact_log_hs,reciprocal contact + log HS,0.0319749999999999,3.19749999999999,1.490147729009324,1.5858824589711717,-0.09573472996184784,0.9087050363192207,20.271560302753503,20.271560299724396,3.0291076313915255e-09
raw,reciprocal_contact_log_hs,reciprocal contact + log HS,0.03345,3.345,1.4828335914162531,1.5866351714606934,-0.10380158004444029,0.9014041362466776,20.271560302753503,20.271560299724396,3.0291076313915255e-09
raw,reciprocal_contact_log_hs,reciprocal contact + log HS,0.034925,3.4924999999999997,1.4761312318337516,1.5878542784661103,-0.11172304663235866,0.8942919003594714,20.271560302753503,20.271560299724396,3.0291076313915255e-09
raw,reciprocal_contact_log_hs,reciprocal contact + log HS,0.0364,3.64,1.4699912194089944,1.5894862131860386,-0.1194949937770442,0.8873684501722363,20.271560302753503,20.271560299724396,3.0291076313915255e-09
raw,reciprocal_contact_log_hs,reciprocal contact + log HS,0.037875,3.7875,1.4643700107860136,1.591485786058574,-0.12711577527256046,0.8806317113185701,20.271560302753503,20.271560299724396,3.0291076313915255e-09
raw,reciprocal_contact_log_hs,reciprocal contact + log HS,0.03935,3.9350000000000005,1.4592291180537107,1.5938146151799455,-0.1345854971262348,0.8740781445123705,20.271560302753503,20.271560299724396,3.0291076313915255e-09
raw,reciprocal_contact_log_hs,reciprocal contact + log HS,0.040825,4.0825,1.4545343584965895,1.596439896984578,-0.1419055384879886,0.8677032171726592,20.271560302753503,20.271560299724396,3.0291076313915255e-09
raw,reciprocal_contact_log_hs,reciprocal contact + log HS,0.0423,4.2299999999999995,1.450255226173607,1.5993334341324275,-0.14907820795882043,0.8615017359719178,20.271560302753503,20.271560299724396,3.0291076313915255e-09
raw,reciprocal_contact_log_hs,reciprocal contact + log HS,0.043775,4.3775,1.4463643892629632,1.6024708599375472,-0.15610647067458405,0.8554681032560124,20.271560302753503,20.271560299724396,3.0291076313915255e-09
raw,reciprocal_contact_log_hs,reciprocal contact + log HS,0.04525,4.5249999999999995,1.4428372674142214,1.6058310144919559,-0.1629937470777345,0.849596500858858,20.271560302753503,20.271560299724396,3.0291076313915255e-09
raw,reciprocal_contact_log_hs,reciprocal contact + log HS,0.046725,4.6725,1.4396516769344296,1.6093954389643255,-0.16974376202989583,0.8438810232554314,20.271560302753503,20.271560299724396,3.0291076313915255e-09
raw,reciprocal_contact_log_hs,reciprocal contact + log HS,0.0482,4.82,1.4367875313118483,1.6131479627592877,-0.1763604314474394,0.8383157735097255,20.271560302753503,20.271560299724396,3.0291076313915255e-09
raw,reciprocal_contact_log_hs,reciprocal contact + log HS,0.049675,4.967499999999999,1.4342265870373232,1.6170743642363905,-0.1828477771990673,0.8328949316871351,20.271560302753503,20.271560299724396,3.0291076313915255e-09
raw,reciprocal_contact_log_hs,reciprocal contact + log HS,0.05115,5.115,1.431952226750859,1.6211620901403614,-0.1892098633895023,0.8276128028403318,20.271560302753503,20.271560299724396,3.0291076313915255e-09
raw,reciprocal_contact_log_hs,reciprocal contact + log HS,0.052625,5.2625,1.4299492733238823,1.6254000222237623,-0.19545074889988,0.8224638498160979,20.271560302753503,20.271560299724396,3.0291076313915255e-09
raw,reciprocal_contact_log_hs,reciprocal contact + log HS,0.0541,5.41,1.428203829734726,1.6297782820555633,-0.20157445232083737,0.817442714787172,20.271560302753503,20.271560299724396,3.0291076313915255e-09
raw,reciprocal_contact_log_hs,reciprocal contact + log HS,0.055575,5.5575,1.4267031405593498,1.6342880669214708,-0.207584926362121,0.8125442324170608,20.271560302753503,20.271560299724396,3.0291076313915255e-09
raw,reciprocal_contact_log_hs,reciprocal contact + log HS,0.05705,5.705,1.4254354716714377,1.6389215111891968,-0.21348603951775913,0.8077634368389635,20.271560302753503,20.271560299724396,3.0291076313915255e-09
raw,reciprocal_contact_log_hs,reciprocal contact + log HS,0.058525,5.8525,1.4243900053545175,1.6436715686463381,-0.21928156329182058,0.8030955640861082,20.271560302753503,20.271560299724396,3.0291076313915255e-09
raw,reciprocal_contact_log_hs,reciprocal contact + log HS,0.06,6.0,1.4235567485144451,1.6485319122020472,-0.22497516368760206,0.7985360512039223,20.271560302753503,20.271560299724396,3.0291076313915255e-09
raw,quadratic_tangent,second-order local tangent,0.001,0.1,2.43256094691116,2.0559100801203924,0.37665086679076776,1.4573953954054941,20.271560299652183,20.271560299724396,-7.221245823529898e-11
raw,quadratic_tangent,second-order local tangent,0.0024749999999999,0.24749999999999,2.1543050717361822,1.9952009341232828,0.15910413761289943,1.17246003751301,20.271560299652183,20.271560299724396,-7.221245823529898e-11
raw,quadratic_tangent,second-order local tangent,0.00395,0.395,2.014532775406124,1.9386961165995402,0.07583665880658397,1.0787863495155332,20.271560299652183,20.271560299724396,-7.221245823529898e-11
raw,quadratic_tangent,second-order local tangent,0.005425,0.5425,1.9220441692396804,1.8863956275491773,0.03564854169050302,1.0362915691974766,20.271560299652183,20.271560299724396,-7.221245823529898e-11
raw,quadratic_tangent,second-order local tangent,0.0069,0.69,1.8536794184375756,1.83829946697219,0.015379951465385622,1.0154988315938753,20.271560299652183,20.271560299724396,-7.221245823529898e-11
raw,quadratic_tangent,second-order local tangent,0.008375,0.8375,1.7999767620184195,1.7944076348685778,0.005569127149841702,1.0055846635664838,20.271560299652183,20.271560299724396,-7.221245823529898e-11
raw,quadratic_tangent,second-order local tangent,0.00985,0.985,1.7561337755210409,1.7547201312383411,0.0014136442826997442,1.0014146439487808,20.271560299652183,20.271560299724396,-7.221245823529898e-11
raw,quadratic_tangent,second-order local tangent,0.0113249999999999,1.1324999999999898,1.7193768101030475,1.7192369560814822,0.00013985402156535542,1.000139863801595,20.271560299652183,20.271560299724396,-7.221245823529898e-11
raw,quadratic_tangent,second-order local tangent,0.012546045825196,1.2546045825196002,1.6930438447489806,1.693043841663064,3.08591663333857e-09,1.0000000030859166,20.271560299652183,20.271560299724396,-7.221245823529898e-11
raw,quadratic_tangent,second-order local tangent,0.0127999999999999,1.27999999999999,1.687958818884537,1.687958109397996,7.0948654085079e-07,1.0000007094867924,20.271560299652183,20.271560299724396,-7.221245823529898e-11
raw,quadratic_tangent,second-order local tangent,0.014275,1.4275,1.660708328711764,1.6608835911878836,-0.00017526247611954204,0.999824752881451,20.271560299652183,20.271560299724396,-7.221245823529898e-11
raw,quadratic_tangent,second-order local tangent,0.01575,1.575,1.6368016788055426,1.6380134014511485,-0.0012117226456058727,0.9987890111938459,20.271560299652183,20.271560299724396,-7.221245823529898e-11
raw,quadratic_tangent,second-order local tangent,0.017225,1.7225000000000001,1.615637808185581,1.619347540187789,-0.0037097320022081437,0.996297140552484,20.271560299652183,20.271560299724396,-7.221245823529898e-11
raw,quadratic_tangent,second-order local tangent,0.0187,1.87,1.5967647162811656,1.6048860073978048,-0.008121291116639284,0.9919115974752293,20.271560299652183,20.271560299724396,-7.221245823529898e-11
raw,quadratic_tangent,second-order local tangent,0.020175,2.0175,1.579833993530968,1.5946288030811961,-0.01479480955022816,0.9853140959045874,20.271560299652183,20.271560299724396,-7.221245823529898e-11
raw,quadratic_tangent,second-order local tangent,0.02165,2.165,1.5645714492847436,1.5885759272379627,-0.02400447795321914,0.9762813380059607,20.271560299652183,20.271560299724396,-7.221245823529898e-11
raw,quadratic_tangent,second-order local tangent,0.023125,2.3125,1.55075745799643,1.5867273798681047,-0.03596992187167469,0.9646693084940146,20.271560299652183,20.271560299724396,-7.221245823529898e-11
raw,quadratic_tangent,second-order local tangent,0.0246,2.46,1.5382134049952456,1.5890831609716223,-0.05086975597637666,0.9504024467104193,20.271560299652183,20.271560299724396,-7.221245823529898e-11
raw,quadratic_tangent,second-order local tangent,0.026075,2.6075,1.5267920929009215,1.595643270548515,-0.06885117764759352,0.9334655902865105,20.271560299652183,20.271560299724396,-7.221245823529898e-11
raw,quadratic_tangent,second-order local tangent,0.02755,2.7550000000000003,1.516370796811059,1.6064077085987836,-0.09003691178772466,0.9138974510599214,20.271560299652183,20.271560299724396,-7.221245823529898e-11
raw,quadratic_tangent,second-order local tangent,0.029025,2.9025,1.5068461368161885,1.6213764751224273,-0.11453033830623882,0.8917848827648435,20.271560299652183,20.271560299724396,-7.221245823529898e-11
raw,quadratic_tangent,second-order local tangent,0.0305,3.05,1.498130225612318,1.6405495701194464,-0.14241934450712845,0.8672575005525957,20.271560299652183,20.271560299724396,-7.221245823529898e-11
raw,quadratic_tangent,second-order local tangent,0.0319749999999999,3.19749999999999,1.490147729009324,1.663926993589839,-0.17377926458051518,0.8404824014194999,20.271560299652183,20.271560299724396,-7.221245823529898e-11
raw,quadratic_tangent,second-order local tangent,0.03345,3.345,1.4828335914162531,1.6915087455336109,-0.2086751541173577,0.811658856860721,20.271560299652183,20.271560299724396,-7.221245823529898e-11
raw,quadratic_tangent,second-order local tangent,0.034925,3.4924999999999997,1.4761312318337516,1.7232948259507561,-0.2471635941170045,0.7810129139616399,20.271560299652183,20.271560299724396,-7.221245823529898e-11
raw,quadratic_tangent,second-order local tangent,0.0364,3.64,1.4699912194089944,1.759285234841277,-0.2892940154322827,0.7487920166263482,20.271560299652183,20.271560299724396,-7.221245823529898e-11
raw,quadratic_tangent,second-order local tangent,0.037875,3.7875,1.4643700107860136,1.799479972205173,-0.3351099614191595,0.7152594310860074,20.271560299652183,20.271560299724396,-7.221245823529898e-11
raw,quadratic_tangent,second-order local tangent,0.03935,3.9350000000000005,1.4592291180537107,1.843879038042445,-0.3846499199887343,0.680688890072501,20.271560299652183,20.271560299724396,-7.221245823529898e-11
raw,quadratic_tangent,second-order local tangent,0.040825,4.0825,1.4545343584965895,1.892482432353092,-0.4379480738565025,0.6453592930065167,20.271560299652183,20.271560299724396,-7.221245823529898e-11
raw,quadratic_tangent,second-order local tangent,0.0423,4.2299999999999995,1.450255226173607,1.9452901551371142,-0.4950349289635072,0.6095496159881771,20.271560299652183,20.271560299724396,-7.221245823529898e-11
raw,quadratic_tangent,second-order local tangent,0.043775,4.3775,1.4463643892629632,2.0023022063945124,-0.5559378171315492,0.5735341387647964,20.271560299652183,20.271560299724396,-7.221245823529898e-11
raw,quadratic_tangent,second-order local tangent,0.04525,4.5249999999999995,1.4428372674142214,2.0635185861252854,-0.620681318711064,0.5375780508110869,20.271560299652183,20.271560299724396,-7.221245823529898e-11
raw,quadratic_tangent,second-order local tangent,0.046725,4.6725,1.4396516769344296,2.1289392943294345,-0.6892876173950049,0.5019335104351303,20.271560299652183,20.271560299724396,-7.221245823529898e-11
raw,quadratic_tangent,second-order local tangent,0.0482,4.82,1.4367875313118483,2.198564331006958,-0.7617767996951097,0.4668362152234256,20.271560299652183,20.271560299724396,-7.221245823529898e-11
raw,quadratic_tangent,second-order local tangent,0.049675,4.967499999999999,1.4342265870373232,2.2723936961578577,-0.8381671091205345,0.43250252731666583,20.271560299652183,20.271560299724396,-7.221245823529898e-11
raw,quadratic_tangent,second-order local tangent,0.05115,5.115,1.431952226750859,2.350427389782133,-0.918475163031274,0.39912718119052537,20.271560299652183,20.271560299724396,-7.221245823529898e-11
raw,quadratic_tangent,second-order local tangent,0.052625,5.2625,1.4299492733238823,2.432665411879783,-1.0027161385559005,0.36688158540807525,20.271560299652183,20.271560299724396,-7.221245823529898e-11
raw,quadratic_tangent,second-order local tangent,0.0541,5.41,1.428203829734726,2.519107762450809,-1.0909039327160832,0.3359127139373058,20.271560299652183,20.271560299724396,-7.221245823529898e-11
raw,quadratic_tangent,second-order local tangent,0.055575,5.5575,1.4267031405593498,2.6097544414952103,-1.1830513009358605,0.3063425676943961,20.271560299652183,20.271560299724396,-7.221245823529898e-11
raw,quadratic_tangent,second-order local tangent,0.05705,5.705,1.4254354716714377,2.7046054490129867,-1.279169977341549,0.27826817351414596,20.271560299652183,20.271560299724396,-7.221245823529898e-11
raw,quadratic_tangent,second-order local tangent,0.058525,5.8525,1.4243900053545175,2.803660785004139,-1.3792707796496213,0.2517620761666261,20.271560299652183,20.271560299724396,-7.221245823529898e-11
raw,quadratic_tangent,second-order local tangent,0.06,6.0,1.4235567485144451,2.9069204494686667,-1.4833637009542215,0.22687326963297033,20.271560299652183,20.271560299724396,-7.221245823529898e-11
raw,local_linear_tangent,first-order local tangent,0.001,0.1,2.43256094691116,1.9271002058319058,0.5054607410792544,1.6577491376592544,20.271560299652183,20.271560299724396,-7.221245823529898e-11
raw,local_linear_tangent,first-order local tangent,0.0024749999999999,0.24749999999999,2.1543050717361822,1.8971996543898144,0.2571054173463678,1.2931814433302897,20.271560299652183,20.271560299724396,-7.221245823529898e-11
raw,local_linear_tangent,first-order local tangent,0.00395,0.395,2.014532775406124,1.8672991029477188,0.14723367245840535,1.1586246700752587,20.271560299652183,20.271560299724396,-7.221245823529898e-11
raw,local_linear_tangent,first-order local tangent,0.005425,0.5425,1.9220441692396804,1.8373985515056255,0.08464561773405488,1.088331313033495,20.271560299652183,20.271560299724396,-7.221245823529898e-11
raw,local_linear_tangent,first-order local tangent,0.0069,0.69,1.8536794184375756,1.807498000063532,0.04618141837404366,1.0472643867261022,20.271560299652183,20.271560299724396,-7.221245823529898e-11
raw,local_linear_tangent,first-order local tangent,0.008375,0.8375,1.7999767620184195,1.7775974486214383,0.022379313396981182,1.0226316087816971,20.271560299652183,20.271560299724396,-7.221245823529898e-11
raw,local_linear_tangent,first-order local tangent,0.00985,0.985,1.7561337755210409,1.747696897179345,0.00843687834169593,1.0084725691020306,20.271560299652183,20.271560299724396,-7.221245823529898e-11
raw,local_linear_tangent,first-order local tangent,0.0113249999999999,1.1324999999999898,1.7193768101030475,1.7177963457372536,0.0015804643657939543,1.001581713957825,20.271560299652183,20.271560299724396,-7.221245823529898e-11
raw,local_linear_tangent,first-order local tangent,0.012546045825196,1.2546045825196002,1.6930438447489806,1.693043841663064,3.08591663333857e-09,1.0000000030859166,20.271560299652183,20.271560299724396,-7.221245823529898e-11
raw,local_linear_tangent,first-order local tangent,0.0127999999999999,1.27999999999999,1.687958818884537,1.68789579429516,6.302458937690325e-05,1.000063026575468,20.271560299652183,20.271560299724396,-7.221245823529898e-11
raw,local_linear_tangent,first-order local tangent,0.014275,1.4275,1.660708328711764,1.6579952428530644,0.002713085858699671,1.0027167696068262,20.271560299652183,20.271560299724396,-7.221245823529898e-11
raw,local_linear_tangent,first-order local tangent,0.01575,1.575,1.6368016788055426,1.628094691410971,0.008706987394571541,1.0087450034643592,20.271560299652183,20.271560299724396,-7.221245823529898e-11
raw,local_linear_tangent,first-order local tangent,0.017225,1.7225000000000001,1.615637808185581,1.5981941399688775,0.0174436682167034,1.0175966974995303,20.271560299652183,20.271560299724396,-7.221245823529898e-11
raw,local_linear_tangent,first-order local tangent,0.0187,1.87,1.5967647162811656,1.568293588526784,0.028471127754381653,1.0288803043208208,20.271560299652183,20.271560299724396,-7.221245823529898e-11
raw,local_linear_tangent,first-order local tangent,0.020175,2.0175,1.579833993530968,1.5383930370846906,0.04144095644627743,1.042311618252587,20.271560299652183,20.271560299724396,-7.221245823529898e-11
raw,local_linear_tangent,first-order local tangent,0.02165,2.165,1.5645714492847436,1.5084924856425972,0.05607896364214637,1.057681198798928,20.271560299652183,20.271560299724396,-7.221245823529898e-11
raw,local_linear_tangent,first-order local tangent,0.023125,2.3125,1.55075745799643,1.4785919342005036,0.07216552379592645,1.0748332398182598,20.271560299652183,20.271560299724396,-7.221245823529898e-11
raw,local_linear_tangent,first-order local tangent,0.0246,2.46,1.5382134049952456,1.44869138275841,0.08952202223683559,1.09365141769769,20.271560299652183,20.271560299724396,-7.221245823529898e-11
raw,local_linear_tangent,first-order local tangent,0.026075,2.6075,1.5267920929009215,1.4187908313163167,0.10800126158460488,1.1140491508528387,20.271560299652183,20.271560299724396,-7.221245823529898e-11
raw,local_linear_tangent,first-order local tangent,0.02755,2.7550000000000003,1.516370796811059,1.388890279874223,0.12748051693683582,1.1359627359918232,20.271560299652183,20.271560299724396,-7.221245823529898e-11
raw,local_linear_tangent,first-order local tangent,0.029025,2.9025,1.5068461368161885,1.3589897284321297,0.14785640838405878,1.159346411985647,20.271560299652183,20.271560299724396,-7.221245823529898e-11
raw,local_linear_tangent,first-order local tangent,0.0305,3.05,1.498130225612318,1.3290891769900361,0.16904104862228175,1.1841687464219168,20.271560299652183,20.271560299724396,-7.221245823529898e-11
raw,local_linear_tangent,first-order local tangent,0.0319749999999999,3.19749999999999,1.490147729009324,1.2991886255479448,0.19095910346137912,1.2104099494918177,20.271560299652183,20.271560299724396,-7.221245823529898e-11
raw,local_linear_tangent,first-order local tangent,0.03345,3.345,1.4828335914162531,1.2692880741058492,0.21354551731040394,1.238059850140081,20.271560299652183,20.271560299724396,-7.221245823529898e-11
raw,local_linear_tangent,first-order local tangent,0.034925,3.4924999999999997,1.4761312318337516,1.2393875226637558,0.23674370916999576,1.2671163258615998,20.271560299652183,20.271560299724396,-7.221245823529898e-11
raw,local_linear_tangent,first-order local tangent,0.0364,3.64,1.4699912194089944,1.2094869712216623,0.2605042481873321,1.2975842262215516,20.271560299652183,20.271560299724396,-7.221245823529898e-11
raw,local_linear_tangent,first-order local tangent,0.037875,3.7875,1.4643700107860136,1.179586419779569,0.2847835910064447,1.3294742867953282,20.271560299652183,20.271560299724396,-7.221245823529898e-11
raw,local_linear_tangent,first-order local tangent,0.03935,3.9350000000000005,1.4592291180537107,1.149685868337475,0.3095432497162356,1.3628025115221898,20.271560299652183,20.271560299724396,-7.221245823529898e-11
raw,local_linear_tangent,first-order local tangent,0.040825,4.0825,1.4545343584965895,1.1197853168953817,0.3347490416012078,1.3975896043593274,20.271560299652183,20.271560299724396,-7.221245823529898e-11
raw,local_linear_tangent,first-order local tangent,0.0423,4.2299999999999995,1.450255226173607,1.0898847654532884,0.36037046072031864,1.4338605051757443,20.271560299652183,20.271560299724396,-7.221245823529898e-11
raw,local_linear_tangent,first-order local tangent,0.043775,4.3775,1.4463643892629632,1.0599842140111948,0.3863801752517684,1.4716440471236198,20.271560299652183,20.271560299724396,-7.221245823529898e-11
raw,local_linear_tangent,first-order local tangent,0.04525,4.5249999999999995,1.4428372674142214,1.0300836625691014,0.4127536048451199,1.5109726837157944,20.271560299652183,20.271560299724396,-7.221245823529898e-11
raw,local_linear_tangent,first-order local tangent,0.046725,4.6725,1.4396516769344296,1.0001831111270079,0.4394685658074218,1.5518822760250932,20.271560299652183,20.271560299724396,-7.221245823529898e-11
raw,local_linear_tangent,first-order local tangent,0.0482,4.82,1.4367875313118483,0.9702825596849144,0.46650497162693394,1.594411928883823,20.271560299652183,20.271560299724396,-7.221245823529898e-11
raw,local_linear_tangent,first-order local tangent,0.049675,4.967499999999999,1.4342265870373232,0.940382008242821,0.49384457879450216,1.6386038672135037,20.271560299652183,20.271560299724396,-7.221245823529898e-11
raw,local_linear_tangent,first-order local tangent,0.05115,5.115,1.431952226750859,0.9104814568007275,0.5214707699501316,1.6845033455646186,20.271560299652183,20.271560299724396,-7.221245823529898e-11
raw,local_linear_tangent,first-order local tangent,0.052625,5.2625,1.4299492733238823,0.880580905358634,0.5493683679652483,1.7321585854126655,20.271560299652183,20.271560299724396,-7.221245823529898e-11
raw,local_linear_tangent,first-order local tangent,0.0541,5.41,1.428203829734726,0.8506803539165404,0.5775234758181855,1.7816207359085956,20.271560299652183,20.271560299724396,-7.221245823529898e-11
raw,local_linear_tangent,first-order local tangent,0.055575,5.5575,1.4267031405593498,0.820779802474447,0.6059233380849027,1.8329438546535968,20.271560299652183,20.271560299724396,-7.221245823529898e-11
raw,local_linear_tangent,first-order local tangent,0.05705,5.705,1.4254354716714377,0.7908792510323536,0.6345562206390841,1.8861849057664677,20.271560299652183,20.271560299724396,-7.221245823529898e-11
raw,local_linear_tangent,first-order local tangent,0.058525,5.8525,1.4243900053545175,0.76097869959026,0.6634113057642576,1.9414037730529632,20.271560299652183,20.271560299724396,-7.221245823529898e-11
raw,local_linear_tangent,first-order local tangent,0.06,6.0,1.4235567485144451,0.7310781481481666,0.6924786003662785,1.99866328651254,20.271560299652183,20.271560299724396,-7.221245823529898e-11
raw,integrated_local_projection,integrated local projection slope,0.001,0.1,2.43256094691116,2.4325598663403856,1.0805707746364135e-06,1.0000010805713584,20.271560299724396,20.271560299724396,0.0
raw,integrated_local_projection,integrated local projection slope,0.0024749999999999,0.24749999999999,2.1543050717361822,2.1543042898447875,7.818913947410522e-07,1.0000007818917005,20.271560299724396,20.271560299724396,0.0
raw,integrated_local_projection,integrated local projection slope,0.00395,0.395,2.014532775406124,2.01453134726191,1.4281442139996159e-06,1.0000014281452339,20.271560299724396,20.271560299724396,0.0
raw,integrated_local_projection,integrated local projection slope,0.005425,0.5425,1.9220441692396804,1.922043095089323,1.0741503573274969e-06,1.0000010741509342,20.271560299724396,20.271560299724396,0.0
raw,integrated_local_projection,integrated local projection slope,0.0069,0.69,1.8536794184375756,1.8536789685181891,4.499193864138107e-07,1.0000004499194877,20.271560299724396,20.271560299724396,0.0
raw,integrated_local_projection,integrated local projection slope,0.008375,0.8375,1.7999767620184195,1.7999765597318211,2.0228659836085683e-07,1.0000002022866188,20.271560299724396,20.271560299724396,0.0
raw,integrated_local_projection,integrated local projection slope,0.00985,0.985,1.7561337755210409,1.7561336924524629,8.306857801620993e-08,1.0000000830685816,20.271560299724396,20.271560299724396,0.0
raw,integrated_local_projection,integrated local projection slope,0.0113249999999999,1.1324999999999898,1.7193768101030475,1.7193767833390923,2.6763955274233808e-08,1.0000000267639557,20.271560299724396,20.271560299724396,0.0
raw,integrated_local_projection,integrated local projection slope,0.012546045825196,1.2546045825196002,1.6930438447489806,1.693043841663064,3.08591663333857e-09,1.0000000030859166,20.271560299724396,20.271560299724396,0.0
raw,integrated_local_projection,integrated local projection slope,0.0127999999999999,1.27999999999999,1.687958818884537,1.6879588065155886,1.236894831002644e-08,1.0000000123689483,20.271560299724396,20.271560299724396,0.0
raw,integrated_local_projection,integrated local projection slope,0.014275,1.4275,1.660708328711764,1.6607083017647957,2.6946968434415908e-08,1.0000000269469689,20.271560299724396,20.271560299724396,0.0
raw,integrated_local_projection,integrated local projection slope,0.01575,1.575,1.6368016788055426,1.6368016120765017,6.672904095950116e-08,1.0000000667290432,20.271560299724396,20.271560299724396,0.0
raw,integrated_local_projection,integrated local projection slope,0.017225,1.7225000000000001,1.615637808185581,1.6156376723037884,1.3588179248458232e-07,1.0000001358818018,20.271560299724396,20.271560299724396,0.0
raw,integrated_local_projection,integrated local projection slope,0.0187,1.87,1.5967647162811656,1.5967644879403495,2.28340816033068e-07,1.000000228340842,20.271560299724396,20.271560299724396,0.0
raw,integrated_local_projection,integrated local projection slope,0.020175,2.0175,1.579833993530968,1.5798336515247053,3.4200626264357936e-07,1.000000342006321,20.271560299724396,20.271560299724396,0.0
raw,integrated_local_projection,integrated local projection slope,0.02165,2.165,1.5645714492847436,1.5645709732261697,4.760585738949885e-07,1.0000004760586871,20.271560299724396,20.271560299724396,0.0
raw,integrated_local_projection,integrated local projection slope,0.023125,2.3125,1.55075745799643,1.5507568280503912,6.299460388881073e-07,1.0000006299462374,20.271560299724396,20.271560299724396,0.0
raw,integrated_local_projection,integrated local projection slope,0.0246,2.46,1.5382134049952456,1.538212601709629,8.032856166906299e-07,1.0000008032859393,20.271560299724396,20.271560299724396,0.0
raw,integrated_local_projection,integrated local projection slope,0.026075,2.6075,1.5267920929009215,1.5267910970972776,9.958036439883244e-07,1.0000009958041398,20.271560299724396,20.271560299724396,0.0
raw,integrated_local_projection,integrated local projection slope,0.02755,2.7550000000000003,1.516370796811059,1.5163695895075247,1.2073035342563543e-06,1.000001207304263,20.271560299724396,20.271560299724396,0.0
raw,integrated_local_projection,integrated local projection slope,0.029025,2.9025,1.5068461368161885,1.506844699152535,1.437663653458543e-06,1.0000014376646869,20.271560299724396,20.271560299724396,0.0
raw,integrated_local_projection,integrated local projection slope,0.0305,3.05,1.498130225612318,1.4981285388395715,1.6867727463676374e-06,1.000001686774169,20.271560299724396,20.271560299724396,0.0
raw,integrated_local_projection,integrated local projection slope,0.0319749999999999,3.19749999999999,1.490147729009324,1.4901457744142426,1.9545950813437685e-06,1.0000019545969916,20.271560299724396,20.271560299724396,0.0
raw,integrated_local_projection,integrated local projection slope,0.03345,3.345,1.4828335914162531,1.4828313502960997,2.241120153456677e-06,1.0000022411226648,20.271560299724396,20.271560299724396,0.0
raw,integrated_local_projection,integrated local projection slope,0.034925,3.4924999999999997,1.4761312318337516,1.4761287073939706,2.5244397809931485e-06,1.0000025244429673,20.271560299724396,20.271560299724396,0.0
raw,integrated_local_projection,integrated local projection slope,0.0364,3.64,1.4699912194089944,1.4699883708598827,2.8485491117002937e-06,1.000002848553169,20.271560299724396,20.271560299724396,0.0
raw,integrated_local_projection,integrated local projection slope,0.037875,3.7875,1.4643700107860136,1.4643668192882562,3.191497757404349e-06,1.0000031915028502,20.271560299724396,20.271560299724396,0.0
raw,integrated_local_projection,integrated local projection slope,0.03935,3.9350000000000005,1.4592291180537107,1.4592255706657455,3.5473879651526374e-06,1.0000035473942572,20.271560299724396,20.271560299724396,0.0
raw,integrated_local_projection,integrated local projection slope,0.040825,4.0825,1.4545343584965895,1.4545304370819705,3.921414619023622e-06,1.0000039214223078,20.271560299724396,20.271560299724396,0.0
raw,integrated_local_projection,integrated local projection slope,0.0423,4.2299999999999995,1.450255226173607,1.4502509121604632,4.314013143824624e-06,1.0000043140224493,20.271560299724396,20.271560299724396,0.0
raw,integrated_local_projection,integrated local projection slope,0.043775,4.3775,1.4463643892629632,1.44635966383948,4.725423483176172e-06,1.000004725434648,20.271560299724396,20.271560299724396,0.0
raw,integrated_local_projection,integrated local projection slope,0.04525,4.5249999999999995,1.4428372674142214,1.4428321114967972,5.155917424115586e-06,1.000005155930716,20.271560299724396,20.271560299724396,0.0
raw,integrated_local_projection,integrated local projection slope,0.046725,4.6725,1.4396516769344296,1.4396460711382584,5.605796171259669e-06,1.0000056058118838,20.271560299724396,20.271560299724396,0.0
raw,integrated_local_projection,integrated local projection slope,0.0482,4.82,1.4367875313118483,1.436781455921406,6.07539044228389e-06,1.0000060754088975,20.271560299724396,20.271560299724396,0.0
raw,integrated_local_projection,integrated local projection slope,0.049675,4.967499999999999,1.4342265870373232,1.4342200219796255,6.565057697693888e-06,1.0000065650792478,20.271560299724396,20.271560299724396,0.0
raw,integrated_local_projection,integrated local projection slope,0.05115,5.115,1.431952226750859,1.4319451515678203,7.075183038773858e-06,1.0000070752080679,20.271560299724396,20.271560299724396,0.0
raw,integrated_local_projection,integrated local projection slope,0.052625,5.2625,1.4299492733238823,1.429941667146281,7.606177601315878e-06,1.0000076062065284,20.271560299724396,20.271560299724396,0.0
raw,integrated_local_projection,integrated local projection slope,0.0541,5.41,1.428203829734726,1.4281956712562718,8.158478454145524e-06,1.0000081585117346,20.271560299724396,20.271560299724396,0.0
raw,integrated_local_projection,integrated local projection slope,0.055575,5.5575,1.4267031405593498,1.4266944080123245,8.73254702526971e-06,1.000008732585154,20.271560299724396,20.271560299724396,0.0
raw,integrated_local_projection,integrated local projection slope,0.05705,5.705,1.4254354716714377,1.425426142801707,9.328869730707012e-06,1.0000093289132448,20.271560299724396,20.271560299724396,0.0
raw,integrated_local_projection,integrated local projection slope,0.058525,5.8525,1.4243900053545175,1.424380057396437,9.947958080624986e-06,1.0000099480075617,20.271560299724396,20.271560299724396,0.0
raw,integrated_local_projection,integrated local projection slope,0.06,6.0,1.4235567485144451,1.4235461581642135,1.0590350231654e-05,1.0000105904063097,20.271560299724396,20.271560299724396,0.0
adjusted,factored_log_log,log contact + log HS (current),0.001,0.1,2.4298437455093227,2.4115266982951726,0.018317047214150062,1.018485833302747,19.96176553460818,19.961765533133907,1.4742731480055227e-09
adjusted,factored_log_log,log contact + log HS (current),0.0024749999999999,0.24749999999999,2.15177197904838,2.1430762855743497,0.008695693474030097,1.0087336108427774,19.96176553460818,19.961765533133907,1.4742731480055227e-09
adjusted,factored_log_log,log contact + log HS (current),0.00395,0.395,2.012312919549301,2.0075225626541364,0.004790356895164383,1.0048018489978525,19.96176553460818,19.961765533133907,1.4742731480055227e-09
adjusted,factored_log_log,log contact + log HS (current),0.005425,0.5425,1.920176823216949,1.917469207145264,0.002707616071685015,1.0027112849746604,19.96176553460818,19.961765533133907,1.4742731480055227e-09
adjusted,factored_log_log,log contact + log HS (current),0.0069,0.69,1.8521833509856391,1.8506959968307413,0.0014873541548978686,1.001488460814686,19.96176553460818,19.961765533133907,1.4742731480055227e-09
adjusted,factored_log_log,log contact + log HS (current),0.008375,0.8375,1.7988627634247578,1.798110427341689,0.0007523360830687942,1.0007526191588447,19.96176553460818,19.961765533133907,1.4742731480055227e-09
adjusted,factored_log_log,log contact + log HS (current),0.00985,0.985,1.7554086916549376,1.7550899953519785,0.00031869630295910945,1.0003187470920212,19.96176553460818,19.961765533133907,1.4742731480055227e-09
adjusted,factored_log_log,log contact + log HS (current),0.0113249999999999,1.1324999999999898,1.7190489198533057,1.7189607840392622,8.813581404343296e-05,1.0000881396981185,19.96176553460818,19.961765533133907,1.4742731480055227e-09
adjusted,factored_log_log,log contact + log HS (current),0.012546045825196,1.2546045825196002,1.6930438416630622,1.693043841663064,-1.7763568394002505e-15,0.9999999999999982,19.96176553460818,19.961765533133907,1.4742731480055227e-09
adjusted,factored_log_log,log contact + log HS (current),0.0127999999999999,1.27999999999999,1.688028882259698,1.6880360316207506,-7.149361052505299e-06,0.9999928506645042,19.96176553460818,19.961765533133907,1.4742731480055227e-09
adjusted,factored_log_log,log contact + log HS (current),0.014275,1.4275,1.661179428857922,1.661183062213073,-3.633355150967077e-06,0.9999963666514496,19.96176553460818,19.961765533133907,1.4742731480055227e-09
adjusted,factored_log_log,log contact + log HS (current),0.01575,1.575,1.6378800248899414,1.6376044008145396,0.00027562407540182576,1.0002756620632074,19.96176553460818,19.961765533133907,1.4742731480055227e-09
adjusted,factored_log_log,log contact + log HS (current),0.017225,1.7225000000000001,1.617151458088755,1.6167173233777725,0.0004341347109824145,1.0004342289610946,19.96176553460818,19.961765533133907,1.4742731480055227e-09
adjusted,factored_log_log,log contact + log HS (current),0.0187,1.87,1.598590015100005,1.5980830777654722,0.0005069373345327755,1.0005070658489787,19.96176553460818,19.961765533133907,1.4742731480055227e-09
adjusted,factored_log_log,log contact + log HS (current),0.020175,2.0175,1.5820493001694813,1.5813630578191638,0.0006862423503175563,1.0006864778684703,19.96176553460818,19.961765533133907,1.4742731480055227e-09
adjusted,factored_log_log,log contact + log HS (current),0.02165,2.165,1.567191692504797,1.566290480821636,0.0009012116831610406,1.000901617896429,19.96176553460818,19.961765533133907,1.4742731480055227e-09
adjusted,factored_log_log,log contact + log HS (current),0.023125,2.3125,1.5537760971450818,1.552651419828646,0.0011246773164357293,1.001125310003136,19.96176553460818,19.961765533133907,1.4742731480055227e-09
adjusted,factored_log_log,log contact + log HS (current),0.0246,2.46,1.5416373670968937,1.5402717116672893,0.0013656554296044288,1.0013665883616203,19.96176553460818,19.961765533133907,1.4742731480055227e-09
adjusted,factored_log_log,log contact + log HS (current),0.026075,2.6075,1.5306214988583808,1.5290076833055792,0.0016138155528016007,1.0016151184539073,19.96176553460818,19.961765533133907,1.4742731480055227e-09
adjusted,factored_log_log,log contact + log HS (current),0.02755,2.7550000000000003,1.520602638775931,1.5187394335521547,0.0018632052237763652,1.0018649420691617,19.96176553460818,19.961765533133907,1.4742731480055227e-09
adjusted,factored_log_log,log contact + log HS (current),0.029025,2.9025,1.5119379574075262,1.5093658691017808,0.0025720883057454014,1.002575398962697,19.96176553460818,19.961765533133907,1.4742731480055227e-09
adjusted,factored_log_log,log contact + log HS (current),0.0305,3.05,1.504096868295726,1.5008009723750475,0.003295895920678582,1.0033013333577396,19.96176553460818,19.961765533133907,1.4742731480055227e-09
adjusted,factored_log_log,log contact + log HS (current),0.0319749999999999,3.19749999999999,1.4967924416263232,1.4929709516334928,0.0038214899928303847,1.0038288011959764,19.96176553460818,19.961765533133907,1.4742731480055227e-09
adjusted,factored_log_log,log contact + log HS (current),0.03345,3.345,1.490001789339818,1.4858120343496832,0.004189754990134853,1.004198544284283,19.96176553460818,19.961765533133907,1.4742731480055227e-09
adjusted,factored_log_log,log contact + log HS (current),0.034925,3.4924999999999997,1.4837852558340463,1.479268737105541,0.0045165187285052255,1.0045267335719383,19.96176553460818,19.961765533133907,1.4742731480055227e-09
adjusted,factored_log_log,log contact + log HS (current),0.0364,3.64,1.4779555751728368,1.4732924936280043,0.004663081544832526,1.0046739706285621,19.96176553460818,19.961765533133907,1.4742731480055227e-09
adjusted,factored_log_log,log contact + log HS (current),0.037875,3.7875,1.4729991043131865,1.4678405555269507,0.005158548786235784,1.005171877007263,19.96176553460818,19.961765533133907,1.4742731480055227e-09
adjusted,factored_log_log,log contact + log HS (current),0.03935,3.9350000000000005,1.4680183679593175,1.4628751031715708,0.0051432647877467375,1.0051565140792176,19.96176553460818,19.961765533133907,1.4742731480055227e-09
adjusted,factored_log_log,log contact + log HS (current),0.040825,4.0825,1.463203904207793,1.4583625202722914,0.0048413839355014865,1.0048531223704853,19.96176553460818,19.961765533133907,1.4742731480055227e-09
adjusted,factored_log_log,log contact + log HS (current),0.0423,4.2299999999999995,1.4592285042470312,1.454272797281397,0.004955706965634299,1.0049680067911155,19.96176553460818,19.961765533133907,1.4742731480055227e-09
adjusted,factored_log_log,log contact + log HS (current),0.043775,4.3775,1.455674521376555,1.4505790371026315,0.0050954842739234785,1.0051084883318586,19.96176553460818,19.961765533133907,1.4742731480055227e-09
adjusted,factored_log_log,log contact + log HS (current),0.04525,4.5249999999999995,1.45249839159595,1.4472570427543008,0.005241348841649174,1.0052551087401278,19.96176553460818,19.961765533133907,1.4742731480055227e-09
adjusted,factored_log_log,log contact + log HS (current),0.046725,4.6725,1.4496700093806645,1.444284971204129,0.005385038176535462,1.0053995635561535,19.96176553460818,19.961765533133907,1.4742731480055227e-09
adjusted,factored_log_log,log contact + log HS (current),0.0482,4.82,1.447146947981257,1.441643041029789,0.005503906951468185,1.0055190812739128,19.96176553460818,19.961765533133907,1.4742731480055227e-09
adjusted,factored_log_log,log contact + log HS (current),0.049675,4.967499999999999,1.444919232355924,1.4393132841656135,0.00560594819031035,1.0056216909217643,19.96176553460818,19.961765533133907,1.4742731480055227e-09
adjusted,factored_log_log,log contact + log HS (current),0.05115,5.115,1.4429817248968424,1.437279333992038,0.0057023909048044,1.005718680484284,19.96176553460818,19.961765533133907,1.4742731480055227e-09
adjusted,factored_log_log,log contact + log HS (current),0.052625,5.2625,1.4412863592391412,1.4355262435661025,0.00576011567303869,1.0057767370376582,19.96176553460818,19.961765533133907,1.4742731480055227e-09
adjusted,factored_log_log,log contact + log HS (current),0.0541,5.41,1.439863511433341,1.4340403289919759,0.005823182441365038,1.00584017012636,19.96176553460818,19.961765533133907,1.4742731480055227e-09
adjusted,factored_log_log,log contact + log HS (current),0.055575,5.5575,1.438588585224811,1.432809033872595,0.0057795513522160835,1.0057962851816085,19.96176553460818,19.961765533133907,1.4742731480055227e-09
adjusted,factored_log_log,log contact + log HS (current),0.05705,5.705,1.437510846659175,1.4318208115280944,0.005690035131080684,1.005706254128607,19.96176553460818,19.961765533133907,1.4742731480055227e-09
adjusted,factored_log_log,log contact + log HS (current),0.058525,5.8525,1.436705915891232,1.431065022259172,0.005640893632059996,1.0056568334300182,19.96176553460818,19.961765533133907,1.4742731480055227e-09
adjusted,factored_log_log,log contact + log HS (current),0.06,6.0,1.4361905398368322,1.4305318434079712,0.005658696428860965,1.0056747370936425,19.96176553460818,19.961765533133907,1.4742731480055227e-09
adjusted,log_linear_hs,log contact + linear HS,0.001,0.1,2.4298437455093227,2.410822192532634,0.019021552976688838,1.0192036152524446,19.961765534608325,19.961765533133907,1.4744188092663535e-09
adjusted,log_linear_hs,log contact + linear HS,0.0024749999999999,0.24749999999999,2.15177197904838,2.1425389515363538,0.009233027512026037,1.0092757833979928,19.961765534608325,19.961765533133907,1.4744188092663535e-09
adjusted,log_linear_hs,log contact + linear HS,0.00395,0.395,2.012312919549301,2.0071301227110006,0.005182796838300252,1.0051962507627774,19.961765534608325,19.961765533133907,1.4744188092663535e-09
adjusted,log_linear_hs,log contact + linear HS,0.005425,0.5425,1.920176823216949,1.9171992174210182,0.00297760579593076,1.0029820432673224,19.961765534608325,19.961765533133907,1.4744188092663535e-09
adjusted,log_linear_hs,log contact + linear HS,0.0069,0.69,1.8521833509856391,1.8505258453352424,0.0016575056503966845,1.0016588800721529,19.961765534608325,19.961765533133907,1.4744188092663535e-09
adjusted,log_linear_hs,log contact + linear HS,0.008375,0.8375,1.7988627634247578,1.798017332074649,0.0008454313501087274,1.0008457888279265,19.961765534608325,19.961765533133907,1.4744188092663535e-09
adjusted,log_linear_hs,log contact + linear HS,0.00985,0.985,1.7554086916549376,1.755051002378373,0.00035768927656465443,1.0003577532550019,19.961765534608325,19.961765533133907,1.4744188092663535e-09
adjusted,log_linear_hs,log contact + linear HS,0.0113249999999999,1.1324999999999898,1.7190489198533057,1.71895276553558,9.615431772558303e-05,1.0000961589407003,19.961765534608325,19.961765533133907,1.4744188092663535e-09
adjusted,log_linear_hs,log contact + linear HS,0.012546045825196,1.2546045825196002,1.6930438416630622,1.693043841663064,-1.7763568394002505e-15,0.9999999999999982,19.961765534608325,19.961765533133907,1.4744188092663535e-09
adjusted,log_linear_hs,log contact + linear HS,0.0127999999999999,1.27999999999999,1.688028882259698,1.6880356838915296,-6.801631831532262e-06,0.9999931983912995,19.961765534608325,19.961765533133907,1.4744188092663535e-09
adjusted,log_linear_hs,log contact + linear HS,0.014275,1.4275,1.661179428857922,1.6611669036771546,1.2525180767442023e-05,1.0000125252592078,19.961765534608325,19.961765533133907,1.4744188092663535e-09
adjusted,log_linear_hs,log contact + linear HS,0.01575,1.575,1.6378800248899414,1.6375487699604614,0.00033125492948005153,1.0003313098004527,19.961765534608325,19.961765533133907,1.4744188092663535e-09
adjusted,log_linear_hs,log contact + linear HS,0.017225,1.7225000000000001,1.617151458088755,1.6165983766877083,0.0005530814010465956,1.0005532343787664,19.961765534608325,19.961765533133907,1.4744188092663535e-09
adjusted,log_linear_hs,log contact + linear HS,0.0187,1.87,1.598590015100005,1.597876787607107,0.0007132274928980387,1.0007134819001062,19.961765534608325,19.961765533133907,1.4744188092663535e-09
adjusted,log_linear_hs,log contact + linear HS,0.020175,2.0175,1.5820493001694813,1.5810452103048882,0.0010040898645931051,1.0010045941315835,19.961765534608325,19.961765533133907,1.4744188092663535e-09
adjusted,log_linear_hs,log contact + linear HS,0.02165,2.165,1.567191692504797,1.5658366736344211,0.0013550188703759236,1.001355937323239,19.961765534608325,19.961765533133907,1.4744188092663535e-09
adjusted,log_linear_hs,log contact + linear HS,0.023125,2.3125,1.5537760971450818,1.552037060013947,0.0017390371311347685,1.001740550133135,19.961765534608325,19.961765533133907,1.4744188092663535e-09
adjusted,log_linear_hs,log contact + linear HS,0.0246,2.46,1.5416373670968937,1.5394720133903153,0.0021653537065784434,1.0021676997779683,19.961765534608325,19.961765533133907,1.4744188092663535e-09
adjusted,log_linear_hs,log contact + linear HS,0.026075,2.6075,1.5306214988583808,1.5279976655732435,0.002623833285137378,1.002627278548298,19.961765534608325,19.961765533133907,1.4744188092663535e-09
adjusted,log_linear_hs,log contact + linear HS,0.02755,2.7550000000000003,1.520602638775931,1.5174939178990112,0.003108720876919824,1.0031135579607475,19.961765534608325,19.961765533133907,1.4744188092663535e-09
adjusted,log_linear_hs,log contact + linear HS,0.029025,2.9025,1.5119379574075262,1.5078594772392286,0.0040784801682975935,1.0040868084869843,19.961765534608325,19.961765533133907,1.4744188092663535e-09
adjusted,log_linear_hs,log contact + linear HS,0.0305,3.05,1.504096868295726,1.499008123803075,0.005088744492651065,1.0051017141433205,19.961765534608325,19.961765533133907,1.4744188092663535e-09
adjusted,log_linear_hs,log contact + linear HS,0.0319749999999999,3.19749999999999,1.4967924416263232,1.4908658612142096,0.00592658041211358,1.0059441773358229,19.961765534608325,19.961765533133907,1.4744188092663535e-09
adjusted,log_linear_hs,log contact + linear HS,0.03345,3.345,1.490001789339818,1.483368709841875,0.006633079497943006,1.0066551270906101,19.961765534608325,19.961765533133907,1.4744188092663535e-09
adjusted,log_linear_hs,log contact + linear HS,0.034925,3.4924999999999997,1.4837852558340463,1.476460976659459,0.007324279174587334,1.007351167312624,19.961765534608325,19.961765533133907,1.4744188092663535e-09
adjusted,log_linear_hs,log contact + linear HS,0.0364,3.64,1.4779555751728368,1.4700938832395856,0.007861691933251258,1.0078926761762461,19.961765534608325,19.961765533133907,1.4744188092663535e-09
adjusted,log_linear_hs,log contact + linear HS,0.037875,3.7875,1.4729991043131865,1.4642244664506465,0.008774637862539958,1.0088132478442606,19.961765534608325,19.961765533133907,1.4744188092663535e-09
adjusted,log_linear_hs,log contact + linear HS,0.03935,3.9350000000000005,1.4680183679593175,1.4588146892909353,0.009203678668382231,1.0092461627555005,19.961765534608325,19.961765533133907,1.4744188092663535e-09
adjusted,log_linear_hs,log contact + linear HS,0.040825,4.0825,1.463203904207793,1.4538307154274654,0.009373188780327446,1.0094172546860258,19.961765534608325,19.961765533133907,1.4744188092663535e-09
adjusted,log_linear_hs,log contact + linear HS,0.0423,4.2299999999999995,1.4592285042470312,1.4492423125526037,0.009986191694427493,1.0100362200991098,19.961765534608325,19.961765533133907,1.4744188092663535e-09
adjusted,log_linear_hs,log contact + linear HS,0.043775,4.3775,1.455674521376555,1.4450223580487704,0.010652163327784514,1.0107090996048211,19.961765534608325,19.961765533133907,1.4744188092663535e-09
adjusted,log_linear_hs,log contact + linear HS,0.04525,4.5249999999999995,1.45249839159595,1.4411464266057101,0.011351964990239827,1.0114166430541494,19.961765534608325,19.961765533133907,1.4744188092663535e-09
adjusted,log_linear_hs,log contact + linear HS,0.046725,4.6725,1.4496700093806645,1.4375924440085646,0.012077565372099919,1.0121507936743437,19.961765534608325,19.961765533133907,1.4744188092663535e-09
adjusted,log_linear_hs,log contact + linear HS,0.0482,4.82,1.447146947981257,1.434340394750635,0.012806553230622075,1.0128889083195454,19.961765534608325,19.961765533133907,1.4744188092663535e-09
adjusted,log_linear_hs,log contact + linear HS,0.049675,4.967499999999999,1.444919232355924,1.4313720737313296,0.013547158624594324,1.0136393371600645,19.961765534608325,19.961765533133907,1.4744188092663535e-09
adjusted,log_linear_hs,log contact + linear HS,0.05115,5.115,1.4429817248968424,1.4286708742958043,0.014310850601038094,1.014413741054244,19.961765534608325,19.961765533133907,1.4744188092663535e-09
adjusted,log_linear_hs,log contact + linear HS,0.052625,5.2625,1.4412863592391412,1.4262216064146163,0.015064752824524907,1.015178798182059,19.961765534608325,19.961765533133907,1.4744188092663535e-09
adjusted,log_linear_hs,log contact + linear HS,0.0541,5.41,1.439863511433341,1.424010340002313,0.015853171431027935,1.0159794996379596,19.961765534608325,19.961765533133907,1.4744188092663535e-09
adjusted,log_linear_hs,log contact + linear HS,0.055575,5.5575,1.438588585224811,1.4220242693160277,0.016564315908783378,1.0167022648134114,19.961765534608325,19.961765533133907,1.4744188092663535e-09
adjusted,log_linear_hs,log contact + linear HS,0.05705,5.705,1.437510846659175,1.420251595119728,0.017259251539446963,1.0174090530007096,19.961765534608325,19.961765533133907,1.4744188092663535e-09
adjusted,log_linear_hs,log contact + linear HS,0.058525,5.8525,1.436705915891232,1.4186814218922315,0.018024493999000635,1.0181879155781488,19.961765534608325,19.961765533133907,1.4744188092663535e-09
adjusted,log_linear_hs,log contact + linear HS,0.06,6.0,1.4361905398368322,1.4173036678315392,0.018886872005293043,1.0190663571627263,19.961765534608325,19.961765533133907,1.4744188092663535e-09
adjusted,log_reciprocal_hs,log contact + reciprocal HS,0.001,0.1,2.4298437455093227,2.412217546537771,0.0176261989715516,1.0177824571457643,19.961765533892375,19.961765533133907,7.584688432871189e-10
adjusted,log_reciprocal_hs,log contact + reciprocal HS,0.0024749999999999,0.24749999999999,2.15177197904838,2.1436045054860795,0.008167473562300298,1.0082009183656715,19.961765533892375,19.961765533133907,7.584688432871189e-10
adjusted,log_reciprocal_hs,log contact + reciprocal HS,0.00395,0.395,2.012312919549301,2.0079093033841513,0.004403616165149504,1.0044133263308634,19.961765533892375,19.961765533133907,7.584688432871189e-10
adjusted,log_reciprocal_hs,log contact + reciprocal HS,0.005425,0.5425,1.920176823216949,1.917735938610296,0.0024408846066530376,1.002443865990729,19.961765533892375,19.961765533133907,7.584688432871189e-10
adjusted,log_reciprocal_hs,log contact + reciprocal HS,0.0069,0.69,1.8521833509856391,1.8508645151567613,0.001318835828877818,1.0013197058752903,19.961765533892375,19.961765533133907,7.584688432871189e-10
adjusted,log_reciprocal_hs,log contact + reciprocal HS,0.008375,0.8375,1.7988627634247578,1.7982028604151288,0.000659903009629037,1.0006601207935228,19.961765533892375,19.961765533133907,7.584688432871189e-10
adjusted,log_reciprocal_hs,log contact + reciprocal HS,0.00985,0.985,1.7554086916549376,1.7551288084831103,0.00027988317182736644,1.0002799223427767,19.961765533892375,19.961765533133907,7.584688432871189e-10
adjusted,log_reciprocal_hs,log contact + reciprocal HS,0.0113249999999999,1.1324999999999898,1.7190489198533057,1.7189687857403984,8.01341129073041e-05,1.0000801373237311,19.961765533892375,19.961765533133907,7.584688432871189e-10
adjusted,log_reciprocal_hs,log contact + reciprocal HS,0.012546045825196,1.2546045825196002,1.6930438416630622,1.693043841663064,-1.7763568394002505e-15,0.9999999999999982,19.961765533892375,19.961765533133907,7.584688432871189e-10
adjusted,log_reciprocal_hs,log contact + reciprocal HS,0.0127999999999999,1.27999999999999,1.688028882259698,1.6880363795019993,-7.497242301202078e-06,0.9999925027858031,19.961765533892375,19.961765533133907,7.584688432871189e-10
adjusted,log_reciprocal_hs,log contact + reciprocal HS,0.014275,1.4275,1.661179428857922,1.6611992689984627,-1.9840140540683393e-05,0.9999801600562735,19.961765533892375,19.961765533133907,7.584688432871189e-10
adjusted,log_reciprocal_hs,log contact + reciprocal HS,0.01575,1.575,1.6378800248899414,1.6376603404814005,0.00021968440854092108,1.0002197085409277,19.961765533892375,19.961765533133907,7.584688432871189e-10
adjusted,log_reciprocal_hs,log contact + reciprocal HS,0.017225,1.7225000000000001,1.617151458088755,1.616837237422348,0.0003142206664068503,1.0003142700388916,19.961765533892375,19.961765533133907,7.584688432871189e-10
adjusted,log_reciprocal_hs,log contact + reciprocal HS,0.0187,1.87,1.598590015100005,1.5982915815978078,0.0002984335021971596,1.000298478037905,19.961765533892375,19.961765533133907,7.584688432871189e-10
adjusted,log_reciprocal_hs,log contact + reciprocal HS,0.020175,2.0175,1.5820493001694813,1.581685147290417,0.0003641528790643278,1.000364219190773,19.961765533892375,19.961765533133907,7.584688432871189e-10
adjusted,log_reciprocal_hs,log contact + reciprocal HS,0.02165,2.165,1.567191692504797,1.5667515388870286,0.0004401536177685017,1.000440250499586,19.961765533892375,19.961765533133907,7.584688432871189e-10
adjusted,log_reciprocal_hs,log contact + reciprocal HS,0.023125,2.3125,1.5537760971450818,1.5532772233493801,0.000498873795701682,1.0004989982539292,19.961765533892375,19.961765533133907,7.584688432871189e-10
adjusted,log_reciprocal_hs,log contact + reciprocal HS,0.0246,2.46,1.5416373670968937,1.5410884383548336,0.0005489287420601396,1.0005490794310132,19.961765533892375,19.961765533133907,7.584688432871189e-10
adjusted,log_reciprocal_hs,log contact + reciprocal HS,0.026075,2.6075,1.5306214988583808,1.5300419188118362,0.000579580046544681,1.0005797480355128,19.961765533892375,19.961765533133907,7.584688432871189e-10
adjusted,log_reciprocal_hs,log contact + reciprocal HS,0.02755,2.7550000000000003,1.520602638775931,1.5200181787091138,0.0005844600668172273,1.0005846308968815,19.961765533892375,19.961765533133907,7.584688432871189e-10
adjusted,log_reciprocal_hs,log contact + reciprocal HS,0.029025,2.9025,1.5119379574075262,1.5109165473143724,0.0010214100931538184,1.0010219319100908,19.961765533892375,19.961765533133907,7.584688432871189e-10
adjusted,log_reciprocal_hs,log contact + reciprocal HS,0.0305,3.05,1.504096868295726,1.5026514371710096,0.001445431124716512,1.001446476263783,19.961765533892375,19.961765533133907,7.584688432871189e-10
adjusted,log_reciprocal_hs,log contact + reciprocal HS,0.0319749999999999,3.19749999999999,1.4967924416263232,1.4951494943741812,0.0016429472521419797,1.0016442976294102,19.961765533892375,19.961765533133907,7.584688432871189e-10
adjusted,log_reciprocal_hs,log contact + reciprocal HS,0.03345,3.345,1.490001789339818,1.4883473921058694,0.0016543972339486679,1.001655766504054,19.961765533892375,19.961765533133907,7.584688432871189e-10
adjusted,log_reciprocal_hs,log contact + reciprocal HS,0.034925,3.4924999999999997,1.4837852558340463,1.4821901007023461,0.0015951551317001655,1.001596428068401,19.961765533892375,19.961765533133907,7.584688432871189e-10
adjusted,log_reciprocal_hs,log contact + reciprocal HS,0.0364,3.64,1.4779555751728368,1.476629515863262,0.0013260593095747453,1.001326938914981,19.961765533892375,19.961765533133907,7.584688432871189e-10
adjusted,log_reciprocal_hs,log contact + reciprocal HS,0.037875,3.7875,1.4729991043131865,1.4716233595673938,0.0013757447457927174,1.0013766915167175,19.961765533892375,19.961765533133907,7.584688432871189e-10
adjusted,log_reciprocal_hs,log contact + reciprocal HS,0.03935,3.9350000000000005,1.4680183679593175,1.4671342911313814,0.00088407682793612,1.000884467739045,19.961765533892375,19.961765533133907,7.584688432871189e-10
adjusted,log_reciprocal_hs,log contact + reciprocal HS,0.040825,4.0825,1.463203904207793,1.4631291819786827,7.472222911020232e-05,1.0000747250208855,19.961765533892375,19.961765533133907,7.584688432871189e-10
adjusted,log_reciprocal_hs,log contact + reciprocal HS,0.0423,4.2299999999999995,1.4592285042470312,1.459578519232032,-0.00035001498500086825,0.9996500462630978,19.961765533892375,19.961765533133907,7.584688432871189e-10
adjusted,log_reciprocal_hs,log contact + reciprocal HS,0.043775,4.3775,1.455674521376555,1.4564559116198312,-0.0007813902432762809,0.9992189149625798,19.961765533892375,19.961765533133907,7.584688432871189e-10
adjusted,log_reciprocal_hs,log contact + reciprocal HS,0.04525,4.5249999999999995,1.45249839159595,1.4537376773411361,-0.0012392857451861694,0.9987614818522693,19.961765533892375,19.961765533133907,7.584688432871189e-10
adjusted,log_reciprocal_hs,log contact + reciprocal HS,0.046725,4.6725,1.4496700093806645,1.451402498107652,-0.0017324887269876132,0.9982690111652998,19.961765533892375,19.961765533133907,7.584688432871189e-10
adjusted,log_reciprocal_hs,log contact + reciprocal HS,0.0482,4.82,1.447146947981257,1.449431127016808,-0.002284179035551004,0.9977184277162419,19.961765533892375,19.961765533133907,7.584688432871189e-10
adjusted,log_reciprocal_hs,log contact + reciprocal HS,0.049675,4.967499999999999,1.444919232355924,1.4478061405165878,-0.002886908160663948,0.9971172549515623,19.961765533892375,19.961765533133907,7.584688432871189e-10
adjusted,log_reciprocal_hs,log contact + reciprocal HS,0.05115,5.115,1.4429817248968424,1.4465117267188323,-0.0035300018219899254,0.9964762213097327,19.961765533892375,19.961765533133907,7.584688432871189e-10
adjusted,log_reciprocal_hs,log contact + reciprocal HS,0.052625,5.2625,1.4412863592391412,1.4455335038595174,-0.004247144620376231,0.9957618617433823,19.961765533892375,19.961765533133907,7.584688432871189e-10
adjusted,log_reciprocal_hs,log contact + reciprocal HS,0.0541,5.41,1.439863511433341,1.4448583639051558,-0.004994852471814859,0.995017601060646,19.961765533892375,19.961765533133907,7.584688432871189e-10
adjusted,log_reciprocal_hs,log contact + reciprocal HS,0.055575,5.5575,1.438588585224811,1.4444743372465954,-0.0058857520217843184,0.9941315350841452,19.961765533892375,19.961765533133907,7.584688432871189e-10
adjusted,log_reciprocal_hs,log contact + reciprocal HS,0.05705,5.705,1.437510846659175,1.4443704751660897,-0.006859628506914683,0.9931638450407719,19.961765533892375,19.961765533133907,7.584688432871189e-10
adjusted,log_reciprocal_hs,log contact + reciprocal HS,0.058525,5.8525,1.436705915891232,1.4445367473559854,-0.007830831464753274,0.9921997496187934,19.961765533892375,19.961765533133907,7.584688432871189e-10
adjusted,log_reciprocal_hs,log contact + reciprocal HS,0.06,6.0,1.4361905398368322,1.4449639522418114,-0.008773412404979197,0.9912649616717669,19.961765533892375,19.961765533133907,7.584688432871189e-10
adjusted,linear_contact_log_hs,linear contact + log HS,0.001,0.1,2.4298437455093227,1.9242278070229852,0.5056159384863375,1.658006435992514,19.961765533803582,19.961765533133907,6.69675870312858e-10
adjusted,linear_contact_log_hs,linear contact + log HS,0.0024749999999999,0.24749999999999,2.15177197904838,1.8946170311370714,0.25715494791130844,1.2932454969240408,19.961765533803582,19.961765533133907,6.69675870312858e-10
adjusted,linear_contact_log_hs,linear contact + log HS,0.00395,0.395,2.012312919549301,1.865028532880837,0.14728438666846388,1.1586834303001325,19.961765533803582,19.961765533133907,6.69675870312858e-10
adjusted,linear_contact_log_hs,linear contact + log HS,0.005425,0.5425,1.920176823216949,1.8354624785005746,0.08471434471637429,1.0884061133307734,19.961765533803582,19.961765533133907,6.69675870312858e-10
adjusted,linear_contact_log_hs,linear contact + log HS,0.0069,0.69,1.8521833509856391,1.805919036110455,0.04626431487518423,1.0473512048779416,19.961765533803582,19.961765533133907,6.69675870312858e-10
adjusted,linear_contact_log_hs,linear contact + log HS,0.008375,0.8375,1.7988627634247578,1.7763983757206236,0.02246438770413417,1.0227186121581104,19.961765533803582,19.961765533133907,6.69675870312858e-10
adjusted,linear_contact_log_hs,linear contact + log HS,0.00985,0.985,1.7554086916549376,1.7469006692658167,0.008508022389120962,1.008544318474554,19.961765533803582,19.961765533133907,6.69675870312858e-10
adjusted,linear_contact_log_hs,linear contact + log HS,0.0113249999999999,1.1324999999999898,1.7190489198533057,1.7174260906345231,0.00162282921878254,1.0016241467187152,19.961765533803582,19.961765533133907,6.69675870312858e-10
adjusted,linear_contact_log_hs,linear contact + log HS,0.012546045825196,1.2546045825196002,1.6930438416630622,1.693043841663064,-1.7763568394002505e-15,0.9999999999999982,19.961765533803582,19.961765533133907,6.69675870312858e-10
adjusted,linear_contact_log_hs,linear contact + log HS,0.0127999999999999,1.27999999999999,1.688028882259698,1.6879748156986893,5.406656100870322e-05,1.0000540680226315,19.961765533803582,19.961765533133907,6.69675870312858e-10
adjusted,linear_contact_log_hs,linear contact + log HS,0.014275,1.4275,1.661179428857922,1.658547022344012,0.002632406513910057,1.0026358743381774,19.961765533803582,19.961765533133907,6.69675870312858e-10
adjusted,linear_contact_log_hs,linear contact + log HS,0.01575,1.575,1.6378800248899414,1.629142890500799,0.008737134389142476,1.0087754145529013,19.961765533803582,19.961765533133907,6.69675870312858e-10
adjusted,linear_contact_log_hs,linear contact + log HS,0.017225,1.7225000000000001,1.617151458088755,1.5997626021754128,0.01738885591334216,1.0175409222092475,19.961765533803582,19.961765533133907,6.69675870312858e-10
adjusted,linear_contact_log_hs,linear contact + log HS,0.0187,1.87,1.598590015100005,1.5704063414823413,0.028183673617663718,1.0285845909252118,19.961765533803582,19.961765533133907,6.69675870312858e-10
adjusted,linear_contact_log_hs,linear contact + log HS,0.020175,2.0175,1.5820493001694813,1.541074294676879,0.04097500549260236,1.0418260652907532,19.961765533803582,19.961765533133907,6.69675870312858e-10
adjusted,linear_contact_log_hs,linear contact + log HS,0.02165,2.165,1.567191692504797,1.511766650188446,0.05542504231635115,1.0569897845970246,19.961765533803582,19.961765533133907,6.69675870312858e-10
adjusted,linear_contact_log_hs,linear contact + log HS,0.023125,2.3125,1.5537760971450818,1.4824835986545575,0.07129249849052433,1.0738952926861751,19.961765533803582,19.961765533133907,6.69675870312858e-10
adjusted,linear_contact_log_hs,linear contact + log HS,0.0246,2.46,1.5416373670968937,1.45322533295546,0.08841203414143362,1.0924381511238221,19.961765533803582,19.961765533133907,6.69675870312858e-10
adjusted,linear_contact_log_hs,linear contact + log HS,0.026075,2.6075,1.5306214988583808,1.423992048249449,0.10662945060893181,1.112521933766342,19.961765533803582,19.961765533133907,6.69675870312858e-10
adjusted,linear_contact_log_hs,linear contact + log HS,0.02755,2.7550000000000003,1.520602638775931,1.3947839420088846,0.1258186967670465,1.1340765379001236,19.961765533803582,19.961765533133907,6.69675870312858e-10
adjusted,linear_contact_log_hs,linear contact + log HS,0.029025,2.9025,1.5119379574075262,1.365601214056921,0.14633674335060531,1.1575859317905917,19.961765533803582,19.961765533133907,6.69675870312858e-10
adjusted,linear_contact_log_hs,linear contact + log HS,0.0305,3.05,1.504096868295726,1.3364440666049684,0.1676528016907577,1.1825259683479343,19.961765533803582,19.961765533133907,6.69675870312858e-10
adjusted,linear_contact_log_hs,linear contact + log HS,0.0319749999999999,3.19749999999999,1.4967924416263232,1.3073127042909085,0.18947973733541468,1.2086206338668013,19.961765533803582,19.961765533133907,6.69675870312858e-10
adjusted,linear_contact_log_hs,linear contact + log HS,0.03345,3.345,1.490001789339818,1.2782073342180589,0.2117944551217592,1.2358938273230071,19.961765533803582,19.961765533133907,6.69675870312858e-10
adjusted,linear_contact_log_hs,linear contact + log HS,0.034925,3.4924999999999997,1.4837852558340463,1.2491281659949607,0.23465708983908562,1.2644750930236168,19.961765533803582,19.961765533133907,6.69675870312858e-10
adjusted,linear_contact_log_hs,linear contact + log HS,0.0364,3.64,1.4779555751728368,1.2200754117759245,0.25788016339691233,1.2941837187504759,19.961765533803582,19.961765533133907,6.69675870312858e-10
adjusted,linear_contact_log_hs,linear contact + log HS,0.037875,3.7875,1.4729991043131865,1.1910492863024373,0.28194981801074914,1.325712191442598,19.961765533803582,19.961765533133907,6.69675870312858e-10
adjusted,linear_contact_log_hs,linear contact + log HS,0.03935,3.9350000000000005,1.4680183679593175,1.1620500069453963,0.3059683610139212,1.3579393420442807,19.961765533803582,19.961765533133907,6.69675870312858e-10
adjusted,linear_contact_log_hs,linear contact + log HS,0.040825,4.0825,1.463203904207793,1.1330777937482144,0.3301261104595785,1.3911435551550577,19.961765533803582,19.961765533133907,6.69675870312858e-10
adjusted,linear_contact_log_hs,linear contact + log HS,0.0423,4.2299999999999995,1.4592285042470312,1.104132869470809,0.3550956347762222,1.4263170532713443,19.961765533803582,19.961765533133907,6.69675870312858e-10
adjusted,linear_contact_log_hs,linear contact + log HS,0.043775,4.3775,1.455674521376555,1.0752154596345047,0.38045906174205024,1.4629560224480365,19.961765533803582,19.961765533133907,6.69675870312858e-10
adjusted,linear_contact_log_hs,linear contact + log HS,0.04525,4.5249999999999995,1.45249839159595,1.0463257925678615,0.40617259902808844,1.5010616118759856,19.961765533803582,19.961765533133907,6.69675870312858e-10
adjusted,linear_contact_log_hs,linear contact + log HS,0.046725,4.6725,1.4496700093806645,1.017464099453463,0.43220590992720154,1.540652318109053,19.961765533803582,19.961765533133907,6.69675870312858e-10
adjusted,linear_contact_log_hs,linear contact + log HS,0.0482,4.82,1.447146947981257,0.9886306143756796,0.45851633360557753,1.5817254902788151,19.961765533803582,19.961765533133907,6.69675870312858e-10
adjusted,linear_contact_log_hs,linear contact + log HS,0.049675,4.967499999999999,1.444919232355924,0.9598255743694375,0.4850936579864864,1.6243271329289657,19.961765533803582,19.961765533133907,6.69675870312858e-10
adjusted,linear_contact_log_hs,linear contact + log HS,0.05115,5.115,1.4429817248968424,0.9310492194700144,0.511932505426828,1.6685124908007138,19.961765533803582,19.961765533133907,6.69675870312858e-10
adjusted,linear_contact_log_hs,linear contact + log HS,0.052625,5.2625,1.4412863592391412,0.9023017927638943,0.5389845664752468,1.7142652556807534,19.961765533803582,19.961765533133907,6.69675870312858e-10
adjusted,linear_contact_log_hs,linear contact + log HS,0.0541,5.41,1.439863511433341,0.8735835404406985,0.5662799709926424,1.7617012667361915,19.961765533803582,19.961765533133907,6.69675870312858e-10
adjusted,linear_contact_log_hs,linear contact + log HS,0.055575,5.5575,1.438588585224811,0.8448947118462304,0.5936938733785806,1.8106644427896603,19.961765533803582,19.961765533133907,6.69675870312858e-10
adjusted,linear_contact_log_hs,linear contact + log HS,0.05705,5.705,1.437510846659175,0.8162355595366568,0.6212752871225182,1.8613002211231378,19.961765533803582,19.961765533133907,6.69675870312858e-10
adjusted,linear_contact_log_hs,linear contact + log HS,0.058525,5.8525,1.436705915891232,0.7876063393338587,0.6490995765573734,1.913816807437346,19.961765533803582,19.961765533133907,6.69675870312858e-10
adjusted,linear_contact_log_hs,linear contact + log HS,0.06,6.0,1.4361905398368322,0.7590073103819776,0.6771832294548547,1.9683255947941576,19.961765533803582,19.961765533133907,6.69675870312858e-10
adjusted,reciprocal_contact_log_hs,reciprocal contact + log HS,0.001,0.1,2.4298437455093227,5.1421004573505655,-2.712256711841243,0.06638682161565249,19.961765536215456,19.961765533133907,3.0815492380042997e-09
adjusted,reciprocal_contact_log_hs,reciprocal contact + log HS,0.0024749999999999,0.24749999999999,2.15177197904838,2.8837991105182414,-0.7320271314698616,0.48093308668721807,19.961765536215456,19.961765533133907,3.0815492380042997e-09
adjusted,reciprocal_contact_log_hs,reciprocal contact + log HS,0.00395,0.395,2.012312919549301,2.316575206502751,-0.30426228695345037,0.7376673605500055,19.961765536215456,19.961765533133907,3.0815492380042997e-09
adjusted,reciprocal_contact_log_hs,reciprocal contact + log HS,0.005425,0.5425,1.920176823216949,2.061088984185832,-0.14091216096888326,0.8685656023079402,19.961765536215456,19.961765533133907,3.0815492380042997e-09
adjusted,reciprocal_contact_log_hs,reciprocal contact + log HS,0.0069,0.69,1.8521833509856391,1.9174362743823574,-0.06525292339671829,0.9368304870613026,19.961765536215456,19.961765533133907,3.0815492380042997e-09
adjusted,reciprocal_contact_log_hs,reciprocal contact + log HS,0.008375,0.8375,1.7988627634247578,1.8265410399603108,-0.027678276535552992,0.9727012572848085,19.961765536215456,19.961765533133907,3.0815492380042997e-09
adjusted,reciprocal_contact_log_hs,reciprocal contact + log HS,0.00985,0.985,1.7554086916549376,1.7647129941527484,-0.009304302497810779,0.9907388485907124,19.961765536215456,19.961765533133907,3.0815492380042997e-09
adjusted,reciprocal_contact_log_hs,reciprocal contact + log HS,0.0113249999999999,1.1324999999999898,1.7190489198533057,1.7206039012714174,-0.0015549814181117227,0.9984462269390881,19.961765536215456,19.961765533133907,3.0815492380042997e-09
adjusted,reciprocal_contact_log_hs,reciprocal contact + log HS,0.012546045825196,1.2546045825196002,1.6930438416630622,1.693043841663064,-1.7763568394002505e-15,0.9999999999999982,19.961765536215456,19.961765533133907,3.0815492380042997e-09
adjusted,reciprocal_contact_log_hs,reciprocal contact + log HS,0.0127999999999999,1.27999999999999,1.688028882259698,1.6880964351507997,-6.755289110160767e-05,0.9999324493905436,19.961765536215456,19.961765533133907,3.0815492380042997e-09
adjusted,reciprocal_contact_log_hs,reciprocal contact + log HS,0.014275,1.4275,1.661179428857922,1.6636016962990978,-0.002422267441175796,0.9975806638813092,19.961765536215456,19.961765533133907,3.0815492380042997e-09
adjusted,reciprocal_contact_log_hs,reciprocal contact + log HS,0.01575,1.575,1.6378800248899414,1.6448752670486297,-0.006995242158688297,0.9930291675971928,19.961765536215456,19.961765533133907,3.0815492380042997e-09
adjusted,reciprocal_contact_log_hs,reciprocal contact + log HS,0.017225,1.7225000000000001,1.617151458088755,1.630441563495904,-0.013290105407149033,0.9867978181084573,19.961765536215456,19.961765533133907,3.0815492380042997e-09
adjusted,reciprocal_contact_log_hs,reciprocal contact + log HS,0.0187,1.87,1.598590015100005,1.6192906198278085,-0.02070060472780355,0.9795121819896612,19.961765536215456,19.961765533133907,3.0815492380042997e-09
adjusted,reciprocal_contact_log_hs,reciprocal contact + log HS,0.020175,2.0175,1.5820493001694813,1.6107078817684608,-0.028658581598979493,0.9717481805463926,19.961765536215456,19.961765533133907,3.0815492380042997e-09
adjusted,reciprocal_contact_log_hs,reciprocal contact + log HS,0.02165,2.165,1.567191692504797,1.6041735763908813,-0.036981883886084255,0.9636935935738364,19.961765536215456,19.961765533133907,3.0815492380042997e-09
adjusted,reciprocal_contact_log_hs,reciprocal contact + log HS,0.023125,2.3125,1.5537760971450818,1.5993005933871172,-0.04552449624203536,0.9554961962191854,19.961765536215456,19.961765533133907,3.0815492380042997e-09
adjusted,reciprocal_contact_log_hs,reciprocal contact + log HS,0.0246,2.46,1.5416373670968937,1.5957947139430941,-0.05415734684620044,0.9472830427755123,19.961765536215456,19.961765533133907,3.0815492380042997e-09
adjusted,reciprocal_contact_log_hs,reciprocal contact + log HS,0.026075,2.6075,1.5306214988583808,1.593428338166949,-0.06280683930856812,0.939124858177339,19.961765536215456,19.961765533133907,3.0815492380042997e-09
adjusted,reciprocal_contact_log_hs,reciprocal contact + log HS,0.02755,2.7550000000000003,1.520602638775931,1.592022652175834,-0.071420013399903,0.9310707478000791,19.961765536215456,19.961765533133907,3.0815492380042997e-09
adjusted,reciprocal_contact_log_hs,reciprocal contact + log HS,0.029025,2.9025,1.5119379574075262,1.591435232620151,-0.07949727521262484,0.9235805365257638,19.961765536215456,19.961765533133907,3.0815492380042997e-09
adjusted,reciprocal_contact_log_hs,reciprocal contact + log HS,0.0305,3.05,1.504096868295726,1.591551247939188,-0.08745437964346192,0.9162606708359089,19.961765536215456,19.961765533133907,3.0815492380042997e-09
adjusted,reciprocal_contact_log_hs,reciprocal contact + log HS,0.0319749999999999,3.19749999999999,1.4967924416263232,1.5922770949331986,-0.09548465330687539,0.9089323106518781,19.961765536215456,19.961765533133907,3.0815492380042997e-09
adjusted,reciprocal_contact_log_hs,reciprocal contact + log HS,0.03345,3.345,1.490001789339818,1.5935357189438744,-0.10353392960405627,0.9016454297504237,19.961765536215456,19.961765533133907,3.0815492380042997e-09
adjusted,reciprocal_contact_log_hs,reciprocal contact + log HS,0.034925,3.4924999999999997,1.4837852558340463,1.595263119912424,-0.11147786407837779,0.8945111920137513,19.961765536215456,19.961765533133907,3.0815492380042997e-09
adjusted,reciprocal_contact_log_hs,reciprocal contact + log HS,0.0364,3.64,1.4779555751728368,1.5974057079367472,-0.11945013276391037,0.8874082593128665,19.961765536215456,19.961765533133907,3.0815492380042997e-09
adjusted,reciprocal_contact_log_hs,reciprocal contact + log HS,0.037875,3.7875,1.4729991043131865,1.5999182767483282,-0.12691917243514172,0.8808048630322377,19.961765536215456,19.961765533133907,3.0815492380042997e-09
adjusted,reciprocal_contact_log_hs,reciprocal contact + log HS,0.03935,3.9350000000000005,1.4680183679593175,1.6027624329738572,-0.13474406501453973,0.8739395547750131,19.961765536215456,19.961765533133907,3.0815492380042997e-09
adjusted,reciprocal_contact_log_hs,reciprocal contact + log HS,0.040825,4.0825,1.463203904207793,1.6059053659098652,-0.14270146170207232,0.867012866808561,19.961765536215456,19.961765533133907,3.0815492380042997e-09
adjusted,reciprocal_contact_log_hs,reciprocal contact + log HS,0.0423,4.2299999999999995,1.4592285042470312,1.6093188746948401,-0.15009037044780893,0.8606301973743123,19.961765536215456,19.961765533133907,3.0815492380042997e-09
adjusted,reciprocal_contact_log_hs,reciprocal contact + log HS,0.043775,4.3775,1.455674521376555,1.6129785921679431,-0.1573040707913882,0.8544442077866742,19.961765536215456,19.961765533133907,3.0815492380042997e-09
adjusted,reciprocal_contact_log_hs,reciprocal contact + log HS,0.04525,4.5249999999999995,1.45249839159595,1.6168633605352356,-0.16436496893928565,0.8484323139250837,19.961765536215456,19.961765533133907,3.0815492380042997e-09
adjusted,reciprocal_contact_log_hs,reciprocal contact + log HS,0.046725,4.6725,1.4496700093806645,1.6209547252981658,-0.17128471591750127,0.8425816429116847,19.961765536215456,19.961765533133907,3.0815492380042997e-09
adjusted,reciprocal_contact_log_hs,reciprocal contact + log HS,0.0482,4.82,1.447146947981257,1.6252365221113938,-0.1780895741301367,0.8368674584567235,19.961765536215456,19.961765533133907,3.0815492380042997e-09
adjusted,reciprocal_contact_log_hs,reciprocal contact + log HS,0.049675,4.967499999999999,1.444919232355924,1.6296945372547273,-0.18477530489880345,0.8312910498952124,19.961765536215456,19.961765533133907,3.0815492380042997e-09
adjusted,reciprocal_contact_log_hs,reciprocal contact + log HS,0.05115,5.115,1.4429817248968424,1.634316226859844,-0.1913345019630015,0.8258562913922382,19.961765536215456,19.961765533133907,3.0815492380042997e-09
adjusted,reciprocal_contact_log_hs,reciprocal contact + log HS,0.052625,5.2625,1.4412863592391412,1.6390904833643771,-0.19780412412523596,0.8205305595391841,19.961765536215456,19.961765533133907,3.0815492380042997e-09
adjusted,reciprocal_contact_log_hs,reciprocal contact + log HS,0.0541,5.41,1.439863511433341,1.6440074401802307,-0.2041439287468898,0.8153450111560157,19.961765536215456,19.961765533133907,3.0815492380042997e-09
adjusted,reciprocal_contact_log_hs,reciprocal contact + log HS,0.055575,5.5575,1.438588585224811,1.6490583074767227,-0.21046972225191163,0.8102035859220524,19.961765536215456,19.961765533133907,3.0815492380042997e-09
adjusted,reciprocal_contact_log_hs,reciprocal contact + log HS,0.05705,5.705,1.437510846659175,1.6542352334475803,-0.21672438678840522,0.8051518492140631,19.961765536215456,19.961765533133907,3.0815492380042997e-09
adjusted,reciprocal_contact_log_hs,reciprocal contact + log HS,0.058525,5.8525,1.436705915891232,1.6595311865661426,-0.22282527067491054,0.8002546650367649,19.961765536215456,19.961765533133907,3.0815492380042997e-09
adjusted,reciprocal_contact_log_hs,reciprocal contact + log HS,0.06,6.0,1.4361905398368322,1.664939855217282,-0.22874931538044985,0.7955279351283489,19.961765536215456,19.961765533133907,3.0815492380042997e-09
adjusted,quadratic_tangent,second-order local tangent,0.001,0.1,2.4298437455093227,2.052484272351356,0.3773594731579668,1.4584284810445078,19.9617655330628,19.961765533133907,-7.110756428119203e-11
adjusted,quadratic_tangent,second-order local tangent,0.0024749999999999,0.24749999999999,2.15177197904838,1.9921959344790976,0.1595760445692822,1.1730134601325148,19.9617655330628,19.961765533133907,-7.110756428119203e-11
adjusted,quadratic_tangent,second-order local tangent,0.00395,0.395,2.012312919549301,1.9361168568495466,0.07619606269975421,1.079174139211837,19.9617655330628,19.961765533133907,-7.110756428119203e-11
adjusted,quadratic_tangent,second-order local tangent,0.005425,0.5425,1.920176823216949,1.8842470394627149,0.03592978375423406,1.0365830589646952,19.9617655330628,19.961765533133907,-7.110756428119203e-11
adjusted,quadratic_tangent,second-order local tangent,0.0069,0.69,1.8521833509856391,1.836586482318598,0.01559686866704113,1.0157191346516066,19.9617655330628,19.961765533133907,-7.110756428119203e-11
adjusted,quadratic_tangent,second-order local tangent,0.008375,0.8375,1.7988627634247578,1.7931351854171964,0.005727578007561407,1.0057440119430456,19.9617655330628,19.961765533133907,-7.110756428119203e-11
adjusted,quadratic_tangent,second-order local tangent,0.00985,0.985,1.7554086916549376,1.7538931487585099,0.0015155428964277462,1.0015166919119507,19.9617655330628,19.961765533133907,-7.110756428119203e-11
adjusted,quadratic_tangent,second-order local tangent,0.0113249999999999,1.1324999999999898,1.7190489198533057,1.7188603723425406,0.00018854751076502474,1.0001885652869642,19.9617655330628,19.961765533133907,-7.110756428119203e-11
adjusted,quadratic_tangent,second-order local tangent,0.012546045825196,1.2546045825196002,1.6930438416630622,1.693043841663064,-1.7763568394002505e-15,0.9999999999999982,19.9617655330628,19.961765533133907,-7.110756428119203e-11
adjusted,quadratic_tangent,second-order local tangent,0.0127999999999999,1.27999999999999,1.688028882259698,1.6880368561692838,-7.973909585734518e-06,0.9999920261222058,19.9617655330628,19.961765533133907,-7.110756428119203e-11
adjusted,quadratic_tangent,second-order local tangent,0.014275,1.4275,1.661179428857922,1.6614226002387407,-0.00024317138081864087,0.9997568581829451,19.9617655330628,19.961765533133907,-7.110756428119203e-11
adjusted,quadratic_tangent,second-order local tangent,0.01575,1.575,1.6378800248899414,1.6390176045509144,-0.0011375796609729427,0.9988630671374847,19.9617655330628,19.961765533133907,-7.110756428119203e-11
adjusted,quadratic_tangent,second-order local tangent,0.017225,1.7225000000000001,1.617151458088755,1.6208218691058032,-0.0036704110170482362,0.99633631670778,19.9617655330628,19.961765533133907,-7.110756428119203e-11
adjusted,quadratic_tangent,second-order local tangent,0.0187,1.87,1.598590015100005,1.606835393903407,-0.008245378803402037,0.991788521095915,19.9617655330628,19.961765533133907,-7.110756428119203e-11
adjusted,quadratic_tangent,second-order local tangent,0.020175,2.0175,1.5820493001694813,1.5970581789437261,-0.015008878774244838,0.9851031930553744,19.9617655330628,19.961765533133907,-7.110756428119203e-11
adjusted,quadratic_tangent,second-order local tangent,0.02165,2.165,1.567191692504797,1.5914902242267603,-0.02429853172196328,0.97599430100339,19.9617655330628,19.961765533133907,-7.110756428119203e-11
adjusted,quadratic_tangent,second-order local tangent,0.023125,2.3125,1.5537760971450818,1.5901315297525094,-0.036355432607427574,0.9642974897937941,19.9617655330628,19.961765533133907,-7.110756428119203e-11
adjusted,quadratic_tangent,second-order local tangent,0.0246,2.46,1.5416373670968937,1.5929820955209737,-0.05134472842408,0.949951138921869,19.9617655330628,19.961765533133907,-7.110756428119203e-11
adjusted,quadratic_tangent,second-order local tangent,0.026075,2.6075,1.5306214988583808,1.600041921532153,-0.06942042267377224,0.9329343708534856,19.9617655330628,19.961765533133907,-7.110756428119203e-11
adjusted,quadratic_tangent,second-order local tangent,0.02755,2.7550000000000003,1.520602638775931,1.6113110077860477,-0.0907083690101167,0.9132840139873055,19.9617655330628,19.961765533133907,-7.110756428119203e-11
adjusted,quadratic_tangent,second-order local tangent,0.029025,2.9025,1.5119379574075262,1.6267893542826573,-0.11485139687513102,0.8914986135436755,19.9617655330628,19.961765533133907,-7.110756428119203e-11
adjusted,quadratic_tangent,second-order local tangent,0.0305,3.05,1.504096868295726,1.6464769610219818,-0.14238009272625574,0.8672915426220691,19.9617655330628,19.961765533133907,-7.110756428119203e-11
adjusted,quadratic_tangent,second-order local tangent,0.0319749999999999,3.19749999999999,1.4967924416263232,1.6703738280040197,-0.1735813863776965,0.8406487310225522,19.9617655330628,19.961765533133907,-7.110756428119203e-11
adjusted,quadratic_tangent,second-order local tangent,0.03345,3.345,1.490001789339818,1.6984799552287764,-0.2084781658889583,0.811818759849985,19.9617655330628,19.961765533133907,-7.110756428119203e-11
adjusted,quadratic_tangent,second-order local tangent,0.034925,3.4924999999999997,1.4837852558340463,1.7307953426962461,-0.24701008686219983,0.7811328143125805,19.9617655330628,19.961765533133907,-7.110756428119203e-11
adjusted,quadratic_tangent,second-order local tangent,0.0364,3.64,1.4779555751728368,1.7673199904064314,-0.2893644152335946,0.7487393036726663,19.9617655330628,19.961765533133907,-7.110756428119203e-11
adjusted,quadratic_tangent,second-order local tangent,0.037875,3.7875,1.4729991043131865,1.8080538983593313,-0.3350547940461448,0.7152988911582886,19.9617655330628,19.961765533133907,-7.110756428119203e-11
adjusted,quadratic_tangent,second-order local tangent,0.03935,3.9350000000000005,1.4680183679593175,1.8529970665549467,-0.38497869859562917,0.6804651309131221,19.9617655330628,19.961765533133907,-7.110756428119203e-11
adjusted,quadratic_tangent,second-order local tangent,0.040825,4.0825,1.463203904207793,1.9021494949932767,-0.4389455907854838,0.6447158571588963,19.9617655330628,19.961765533133907,-7.110756428119203e-11
adjusted,quadratic_tangent,second-order local tangent,0.0423,4.2299999999999995,1.4592285042470312,1.955511183674322,-0.49628267942729076,0.6087895244730134,19.9617655330628,19.961765533133907,-7.110756428119203e-11
adjusted,quadratic_tangent,second-order local tangent,0.043775,4.3775,1.455674521376555,2.0130821325980826,-0.5574076112215276,0.572691780875208,19.9617655330628,19.961765533133907,-7.110756428119203e-11
adjusted,quadratic_tangent,second-order local tangent,0.04525,4.5249999999999995,1.45249839159595,2.0748623417645584,-0.6223639501686085,0.5366742656538117,19.9617655330628,19.961765533133907,-7.110756428119203e-11
adjusted,quadratic_tangent,second-order local tangent,0.046725,4.6725,1.4496700093806645,2.140851811173749,-0.6911818017930846,0.5009836556948069,19.9617655330628,19.961765533133907,-7.110756428119203e-11
adjusted,quadratic_tangent,second-order local tangent,0.0482,4.82,1.447146947981257,2.211050540825654,-0.7639035928443971,0.4658444062191968,19.9617655330628,19.961765533133907,-7.110756428119203e-11
adjusted,quadratic_tangent,second-order local tangent,0.049675,4.967499999999999,1.444919232355924,2.285458530720275,-0.8405392983643512,0.43147776541856975,19.9617655330628,19.961765533133907,-7.110756428119203e-11
adjusted,quadratic_tangent,second-order local tangent,0.05115,5.115,1.4429817248968424,2.364075780857611,-0.9210940559607688,0.3980832773705461,19.9617655330628,19.961765533133907,-7.110756428119203e-11
adjusted,quadratic_tangent,second-order local tangent,0.052625,5.2625,1.4412863592391412,2.446902291237662,-1.005615931998521,0.3658192456198835,19.9617655330628,19.961765533133907,-7.110756428119203e-11
adjusted,quadratic_tangent,second-order local tangent,0.0541,5.41,1.439863511433341,2.5339380618604284,-1.0940745504270875,0.33484934978856323,19.9617655330628,19.961765533133907,-7.110756428119203e-11
adjusted,quadratic_tangent,second-order local tangent,0.055575,5.5575,1.438588585224811,2.6251830927259094,-1.1865945075010984,0.3052590533883953,19.9617655330628,19.961765533133907,-7.110756428119203e-11
adjusted,quadratic_tangent,second-order local tangent,0.05705,5.705,1.437510846659175,2.7206373838341054,-1.2831265371749303,0.277169364022092,19.9617655330628,19.961765533133907,-7.110756428119203e-11
adjusted,quadratic_tangent,second-order local tangent,0.058525,5.8525,1.436705915891232,2.820300935185017,-1.383595019293785,0.25067574708239193,19.9617655330628,19.961765533133907,-7.110756428119203e-11
adjusted,quadratic_tangent,second-order local tangent,0.06,6.0,1.4361905398368322,2.924173746778643,-1.4879832069418109,0.22582764420140336,19.9617655330628,19.961765533133907,-7.110756428119203e-11
adjusted,local_linear_tangent,first-order local tangent,0.001,0.1,2.4298437455093227,1.9235233012604462,0.5063204442488765,1.6591749226354546,19.9617655330628,19.961765533133907,-7.110756428119203e-11
adjusted,local_linear_tangent,first-order local tangent,0.0024749999999999,0.24749999999999,2.15177197904838,1.8940796970990756,0.25769228194930416,1.2939405884804749,19.9617655330628,19.961765533133907,-7.110756428119203e-11
adjusted,local_linear_tangent,first-order local tangent,0.00395,0.395,2.012312919549301,1.864636092937701,0.14767682661159975,1.159138233195206,19.9617655330628,19.961765533133907,-7.110756428119203e-11
adjusted,local_linear_tangent,first-order local tangent,0.005425,0.5425,1.920176823216949,1.8351924887763287,0.08498433444062026,1.0887000114701328,19.9617655330628,19.961765533133907,-7.110756428119203e-11
adjusted,local_linear_tangent,first-order local tangent,0.0069,0.69,1.8521833509856391,1.805748884614956,0.04643446637068305,1.0475294284138348,19.9617655330628,19.961765533133907,-7.110756428119203e-11
adjusted,local_linear_tangent,first-order local tangent,0.008375,0.8375,1.7988627634247578,1.7763052804535835,0.022557482971174325,1.022813826852366,19.9617655330628,19.961765533133907,-7.110756428119203e-11
adjusted,local_linear_tangent,first-order local tangent,0.00985,0.985,1.7554086916549376,1.7468616762922111,0.008547015362726507,1.0085836453832757,19.9617655330628,19.961765533133907,-7.110756428119203e-11
adjusted,local_linear_tangent,first-order local tangent,0.0113249999999999,1.1324999999999898,1.7190489198533057,1.7174180721308405,0.001630847722465134,1.0016321782778248,19.9617655330628,19.961765533133907,-7.110756428119203e-11
adjusted,local_linear_tangent,first-order local tangent,0.012546045825196,1.2546045825196002,1.6930438416630622,1.693043841663064,-1.7763568394002505e-15,0.9999999999999982,19.9617655330628,19.961765533133907,-7.110756428119203e-11
adjusted,local_linear_tangent,first-order local tangent,0.0127999999999999,1.27999999999999,1.688028882259698,1.687974467969468,5.4414290230120343e-05,1.0000544157707145,19.9617655330628,19.961765533133907,-7.110756428119203e-11
adjusted,local_linear_tangent,first-order local tangent,0.014275,1.4275,1.661179428857922,1.6585308638080936,0.0026485650498284663,1.00265207559686,19.9617655330628,19.961765533133907,-7.110756428119203e-11
adjusted,local_linear_tangent,first-order local tangent,0.01575,1.575,1.6378800248899414,1.629087259646721,0.00879276524322048,1.0088315351517898,19.9617655330628,19.961765533133907,-7.110756428119203e-11
adjusted,local_linear_tangent,first-order local tangent,0.017225,1.7225000000000001,1.617151458088755,1.5996436554853486,0.01750780260340634,1.0176619625324794,19.9617655330628,19.961765533133907,-7.110756428119203e-11
adjusted,local_linear_tangent,first-order local tangent,0.0187,1.87,1.598590015100005,1.570200051323976,0.02838996377602898,1.0287967996909033,19.9617655330628,19.961765533133907,-7.110756428119203e-11
adjusted,local_linear_tangent,first-order local tangent,0.020175,2.0175,1.5820493001694813,1.5407564471626034,0.041292853006877905,1.0421572597477926,19.9617655330628,19.961765533133907,-7.110756428119203e-11
adjusted,local_linear_tangent,first-order local tangent,0.02165,2.165,1.567191692504797,1.511312843001231,0.05587884950356603,1.0574695630133004,19.9617655330628,19.961765533133907,-7.110756428119203e-11
adjusted,local_linear_tangent,first-order local tangent,0.023125,2.3125,1.5537760971450818,1.4818692388398584,0.07190685830522336,1.0745552535051413,19.9617655330628,19.961765533133907,-7.110756428119203e-11
adjusted,local_linear_tangent,first-order local tangent,0.0246,2.46,1.5416373670968937,1.4524256346784858,0.08921173241840785,1.0933121214406785,19.9617655330628,19.961765533133907,-7.110756428119203e-11
adjusted,local_linear_tangent,first-order local tangent,0.026075,2.6075,1.5306214988583808,1.4229820305171135,0.10763946834126736,1.1136461682998924,19.9617655330628,19.961765533133907,-7.110756428119203e-11
adjusted,local_linear_tangent,first-order local tangent,0.02755,2.7550000000000003,1.520602638775931,1.3935384263557409,0.12706421242019017,1.135489927996969,19.9617655330628,19.961765533133907,-7.110756428119203e-11
adjusted,local_linear_tangent,first-order local tangent,0.029025,2.9025,1.5119379574075262,1.3640948221943683,0.14784313521315795,1.159331023884712,19.9617655330628,19.961765533133907,-7.110756428119203e-11
adjusted,local_linear_tangent,first-order local tangent,0.0305,3.05,1.504096868295726,1.334651218032996,0.16944565026273017,1.184647959978045,19.9617655330628,19.961765533133907,-7.110756428119203e-11
adjusted,local_linear_tangent,first-order local tangent,0.0319749999999999,3.19749999999999,1.4967924416263232,1.3052076138716253,0.19158482775469787,1.2111675694079633,19.9617655330628,19.961765533133907,-7.110756428119203e-11
adjusted,local_linear_tangent,first-order local tangent,0.03345,3.345,1.490001789339818,1.275764009710251,0.21423777962956714,1.2389172090475955,19.9617655330628,19.961765533133907,-7.110756428119203e-11
adjusted,local_linear_tangent,first-order local tangent,0.034925,3.4924999999999997,1.4837852558340463,1.2463204055488784,0.23746485028516795,1.2680304250995422,19.9617655330628,19.961765533133907,-7.110756428119203e-11
adjusted,local_linear_tangent,first-order local tangent,0.0364,3.64,1.4779555751728368,1.2168768013875058,0.26107877378533106,1.2983299357691755,19.9617655330628,19.961765533133907,-7.110756428119203e-11
adjusted,local_linear_tangent,first-order local tangent,0.037875,3.7875,1.4729991043131865,1.1874331972261334,0.2855659070870531,1.330514762846151,19.9617655330628,19.961765533133907,-7.110756428119203e-11
adjusted,local_linear_tangent,first-order local tangent,0.03935,3.9350000000000005,1.4680183679593175,1.1579895930647608,0.3100287748945567,1.3634643471105325,19.9617655330628,19.961765533133907,-7.110756428119203e-11
adjusted,local_linear_tangent,first-order local tangent,0.040825,4.0825,1.463203904207793,1.1285459889033884,0.3346579153044045,1.3974622529968486,19.9617655330628,19.961765533133907,-7.110756428119203e-11
adjusted,local_linear_tangent,first-order local tangent,0.0423,4.2299999999999995,1.4592285042470312,1.0991023847420158,0.3601261195050154,1.4335101967564696,19.9617655330628,19.961765533133907,-7.110756428119203e-11
adjusted,local_linear_tangent,first-order local tangent,0.043775,4.3775,1.455674521376555,1.0696587805806432,0.3860157407959117,1.4711078270405635,19.9617655330628,19.961765533133907,-7.110756428119203e-11
adjusted,local_linear_tangent,first-order local tangent,0.04525,4.5249999999999995,1.45249839159595,1.0402151764192709,0.4122832151766791,1.5102621049136442,19.9617655330628,19.961765533133907,-7.110756428119203e-11
adjusted,local_linear_tangent,first-order local tangent,0.046725,4.6725,1.4496700093806645,1.0107715722578983,0.4388984371227662,1.5509977555935173,19.9617655330628,19.961765533133907,-7.110756428119203e-11
adjusted,local_linear_tangent,first-order local tangent,0.0482,4.82,1.447146947981257,0.9813279680965258,0.4658189798847313,1.5933185505340761,19.9617655330628,19.961765533133907,-7.110756428119203e-11
adjusted,local_linear_tangent,first-order local tangent,0.049675,4.967499999999999,1.444919232355924,0.9518843639351533,0.4930348684207706,1.6372776096784878,19.9617655330628,19.961765533133907,-7.110756428119203e-11
adjusted,local_linear_tangent,first-order local tangent,0.05115,5.115,1.4429817248968424,0.9224407597737807,0.5205409651230617,1.6829378141548161,19.9617655330628,19.961765533133907,-7.110756428119203e-11
adjusted,local_linear_tangent,first-order local tangent,0.052625,5.2625,1.4412863592391412,0.8929971556124083,0.5482892036267328,1.7302903099080997,19.9617655330628,19.961765533133907,-7.110756428119203e-11
adjusted,local_linear_tangent,first-order local tangent,0.0541,5.41,1.439863511433341,0.8635535514510357,0.5763099599823052,1.7794600222273314,19.9617655330628,19.961765533133907,-7.110756428119203e-11
adjusted,local_linear_tangent,first-order local tangent,0.055575,5.5575,1.438588585224811,0.8341099472896633,0.6044786379351478,1.8302977122936612,19.9617655330628,19.961765533133907,-7.110756428119203e-11
adjusted,local_linear_tangent,first-order local tangent,0.05705,5.705,1.437510846659175,0.8046663431282908,0.6328445035308843,1.8829590524558284,19.9617655330628,19.961765533133907,-7.110756428119203e-11
adjusted,local_linear_tangent,first-order local tangent,0.058525,5.8525,1.436705915891232,0.7752227389669182,0.6614831769243139,1.9376641028896862,19.9617655330628,19.961765533133907,-7.110756428119203e-11
adjusted,local_linear_tangent,first-order local tangent,0.06,6.0,1.4361905398368322,0.7457791348055457,0.6904114050312865,1.9945359265898166,19.9617655330628,19.961765533133907,-7.110756428119203e-11
adjusted,integrated_local_projection,integrated local projection slope,0.001,0.1,2.4298437455093227,2.4293705541870874,0.00047319132223533344,1.0004733032949098,19.961765533133907,19.961765533133907,0.0
adjusted,integrated_local_projection,integrated local projection slope,0.0024749999999999,0.24749999999999,2.15177197904838,2.1513704299308594,0.00040154911752043887,1.0004016297491596,19.961765533133907,19.961765533133907,0.0
adjusted,integrated_local_projection,integrated local projection slope,0.00395,0.395,2.012312919549301,2.0119731064990356,0.00033981305026520303,1.0003398707932603,19.961765533133907,19.961765533133907,0.0
adjusted,integrated_local_projection,integrated local projection slope,0.005425,0.5425,1.920176823216949,1.9198969157247099,0.000279907492239051,1.0002799466699965,19.961765533133907,19.961765533133907,0.0
adjusted,integrated_local_projection,integrated local projection slope,0.0069,0.69,1.8521833509856391,1.8519624957514607,0.0002208552341784742,1.0002208796244914,19.961765533133907,19.961765533133907,0.0
adjusted,integrated_local_projection,integrated local projection slope,0.008375,0.8375,1.7988627634247578,1.7987002350517869,0.00016252837297092704,1.0001625415814226,19.961765533133907,19.961765533133907,0.0
adjusted,integrated_local_projection,integrated local projection slope,0.00985,0.985,1.7554086916549376,1.7553044617493219,0.00010422990561576029,1.0001042353377412,19.961765533133907,19.961765533133907,0.0
adjusted,integrated_local_projection,integrated local projection slope,0.0113249999999999,1.1324999999999898,1.7190489198533057,1.7189996358627468,4.928399055881272e-05,1.0000492852050347,19.961765533133907,19.961765533133907,0.0
adjusted,integrated_local_projection,integrated local projection slope,0.012546045825196,1.2546045825196002,1.6930438416630622,1.693043841663064,-1.7763568394002505e-15,0.9999999999999982,19.961765533133907,19.961765533133907,0.0
adjusted,integrated_local_projection,integrated local projection slope,0.0127999999999999,1.27999999999999,1.688028882259698,1.6880375252639335,-8.643004235420193e-06,0.9999913570331153,19.961765533133907,19.961765533133907,0.0
adjusted,integrated_local_projection,integrated local projection slope,0.014275,1.4275,1.661179428857922,1.661245871018344,-6.644216042195339e-05,0.9999335600468096,19.961765533133907,19.961765533133907,0.0
adjusted,integrated_local_projection,integrated local projection slope,0.01575,1.575,1.6378800248899414,1.6378004566383928,7.956825154864511e-05,1.000079571417186,19.961765533133907,19.961765533133907,0.0
adjusted,integrated_local_projection,integrated local projection slope,0.017225,1.7225000000000001,1.617151458088755,1.6170998064546824,5.165163407250262e-05,1.0000516529680412,19.961765533133907,19.961765533133907,0.0
adjusted,integrated_local_projection,integrated local projection slope,0.0187,1.87,1.598590015100005,1.5986916124904842,-0.00010159739047921335,0.9998984077703609,19.961765533133907,19.961765533133907,0.0
adjusted,integrated_local_projection,integrated local projection slope,0.020175,2.0175,1.5820493001694813,1.58222721935525,-0.00017791918576870458,0.999822096640911,19.961765533133907,19.961765533133907,0.0
adjusted,integrated_local_projection,integrated local projection slope,0.02165,2.165,1.567191692504797,1.567432234827988,-0.00024054232319103974,0.9997594866047941,19.961765533133907,19.961765533133907,0.0
adjusted,integrated_local_projection,integrated local projection slope,0.023125,2.3125,1.5537760971450818,1.5540868638757872,-0.00031076673070540295,0.9996892815522733,19.961765533133907,19.961765533133907,0.0
adjusted,integrated_local_projection,integrated local projection slope,0.0246,2.46,1.5416373670968937,1.5420123455581745,-0.0003749784612807616,0.9996250918343558,19.961765533133907,19.961765533133907,0.0
adjusted,integrated_local_projection,integrated local projection slope,0.026075,2.6075,1.5306214988583808,1.5310613532257034,-0.00043985436732252303,0.999560242354428,19.961765533133907,19.961765533133907,0.0
adjusted,integrated_local_projection,integrated local projection slope,0.02755,2.7550000000000003,1.520602638775931,1.5211110452478178,-0.0005084064718867687,0.9994917227447845,19.961765533133907,19.961765533133907,0.0
adjusted,integrated_local_projection,integrated local projection slope,0.029025,2.9025,1.5119379574075262,1.5120579342409406,-0.00011997683341435916,0.9998800303635181,19.961765533133907,19.961765533133907,0.0
adjusted,integrated_local_projection,integrated local projection slope,0.0305,3.05,1.504096868295726,1.5038140322915154,0.00028283600421064037,1.0002828760060845,19.961765533133907,19.961765533133907,0.0
adjusted,integrated_local_projection,integrated local projection slope,0.0319749999999999,3.19749999999999,1.4967924416263232,1.4963039095353927,0.0004885320909304713,1.0004886514421671,19.961765533133907,19.961765533133907,0.0
adjusted,integrated_local_projection,integrated local projection slope,0.03345,3.345,1.490001789339818,1.4894624182551313,0.0005393710846868238,1.0005395165714264,19.961765533133907,19.961765533133907,0.0
adjusted,integrated_local_projection,integrated local projection slope,0.034925,3.4924999999999997,1.4837852558340463,1.4832329096663128,0.0005523461677334751,1.0005524987389673,19.961765533133907,19.961765533133907,0.0
adjusted,integrated_local_projection,integrated local projection slope,0.0364,3.64,1.4779555751728368,1.4775658207731959,0.0003897543996409514,1.0003898303637557,19.961765533133907,19.961765533133907,0.0
adjusted,integrated_local_projection,integrated local projection slope,0.037875,3.7875,1.4729991043131865,1.472417542843444,0.0005815614697424198,1.0005817306094007,19.961765533133907,19.961765533133907,0.0
adjusted,integrated_local_projection,integrated local projection slope,0.03935,3.9350000000000005,1.4680183679593175,1.467749506765321,0.00026886119399649466,1.0002688973404068,19.961765533133907,19.961765533133907,0.0
adjusted,integrated_local_projection,integrated local projection slope,0.040825,4.0825,1.463203904207793,1.46352743726615,-0.0003235330583570839,0.9996765192728191,19.961765533133907,19.961765533133907,0.0
adjusted,integrated_local_projection,integrated local projection slope,0.0423,4.2299999999999995,1.4592285042470312,1.4597207399293397,-0.000492235682308495,0.9995078854457996,19.961765533133907,19.961765533133907,0.0
adjusted,integrated_local_projection,integrated local projection slope,0.043775,4.3775,1.455674521376555,1.4563019936240302,-0.0006274722474752803,0.9993727245720669,19.961765533133907,19.961765533133907,0.0
adjusted,integrated_local_projection,integrated local projection slope,0.04525,4.5249999999999995,1.45249839159595,1.4532465273242432,-0.0007481357282932422,0.9992521440554643,19.961765533133907,19.961765533133907,0.0
adjusted,integrated_local_projection,integrated local projection slope,0.046725,4.6725,1.4496700093806645,1.4505320650329832,-0.0008620556523186718,0.9991383158109068,19.961765533133907,19.961765533133907,0.0
adjusted,integrated_local_projection,integrated local projection slope,0.0482,4.82,1.447146947981257,1.4481384260702048,-0.0009914780889477282,0.999009013263051,19.961765533133907,19.961765533133907,0.0
adjusted,integrated_local_projection,integrated local projection slope,0.049675,4.967499999999999,1.444919232355924,1.4460472706856056,-0.0011280383296816687,0.9988725976663898,19.961765533133907,19.961765533133907,0.0
adjusted,integrated_local_projection,integrated local projection slope,0.05115,5.115,1.4429817248968424,1.4442418830126993,-0.0012601581158568909,0.9987406355499651,19.961765533133907,19.961765533133907,0.0
adjusted,integrated_local_projection,integrated local projection slope,0.052625,5.2625,1.4412863592391412,1.442706984976938,-0.0014206257377968878,0.9985803828732704,19.961765533133907,19.961765533133907,0.0
adjusted,integrated_local_projection,integrated local projection slope,0.0541,5.41,1.439863511433341,1.4414285760085421,-0.0015650645752012249,0.9984361594996923,19.961765533133907,19.961765533133907,0.0
adjusted,integrated_local_projection,integrated local projection slope,0.055575,5.5575,1.438588585224811,1.4403937943811975,-0.0018052091563864892,0.9981964192536417,19.961765533133907,19.961765533133907,0.0
adjusted,integrated_local_projection,integrated local projection slope,0.05705,5.705,1.437510846659175,1.4395907967675805,-0.0020799501084054484,0.99792221148889,19.961765533133907,19.961765533133907,0.0
adjusted,integrated_local_projection,integrated local projection slope,0.058525,5.8525,1.436705915891232,1.4390086532126691,-0.002302737321437043,0.9976999119442376,19.961765533133907,19.961765533133907,0.0
adjusted,integrated_local_projection,integrated local projection slope,0.06,6.0,1.4361905398368322,1.4386372552119513,-0.0024467153751190907,0.9975562753932607,19.961765533133907,19.961765533133907,0.0
