replicate,Vcem_fraction,Cn,median_mK,median_mG,endpoint_AK,endpoint_AG,endpoint_betaK_at_pooled_V,endpoint_betaG_at_pooled_V,contact_beta_raw_at_pooled_V,HS_beta_raw_at_pooled_V,total_beta_raw_at_pooled_V,contact_beta_adjusted_at_pooled_V,HS_beta_adjusted_at_pooled_V,total_beta_adjusted_at_pooled_V,A_raw_saved,Gamma_raw_saved,A_adjusted_saved,Gamma_adjusted_saved,A_raw_recomputed,Gamma_raw_recomputed,A_adjusted_recomputed,Gamma_adjusted_recomputed
0,0.0050722203894828,6.7824480878855375,0.9529065038212543,0.9395104179217587,0.31272637515595153,0.30698043326903907,24.926289885527638,24.468301610419243,24.564285659737116,-3.923824107894011,20.640461551843103,24.62256050475462,-4.211923028199509,20.41063747655511,0.308184653550269,1.520301166089957,0.3089157724263148,1.631926231955814,0.30818465355244967,1.5203011661282537,0.3089157724302146,1.6319262320108052
1,0.0033436201775415,7.660074233521077,0.9574038533997042,0.9444551411331875,0.31466675407101863,0.30909549188665836,25.080950480754403,24.636885293843356,24.716203642861725,-3.9584387936860153,20.757764849175715,24.77544742118445,-4.277375371109741,20.498072050074708,0.3100906235282217,1.5337127629725875,0.3108338986859164,1.6572860010263886,0.31009062352226163,1.5337127629452685,0.31083389867367306,1.6572860009688344
2,0.0117193717223555,5.5607170759862425,0.9420601406592951,0.9271480154722682,0.30807019888952436,0.3017223153411218,24.555162892106633,24.049196021201848,24.16653309496262,-3.84243091628357,20.324102178679052,24.186019701890423,-4.160072555561611,20.02594714632881,0.3031944316455189,1.4887650521575844,0.3034389115090127,1.611836561306428,0.3031944316408421,1.4887650521482931,0.3034389115001128,1.6118365613630574
3,0.0061500941351753,6.199894204204974,0.9515625983857992,0.9382298950924405,0.3121476589553488,0.30643381538953507,24.880162507334862,24.424732673471297,24.48880229750293,-3.8832441722383626,20.60555812526457,24.496012596086587,-4.295635333397565,20.20037726268902,0.307237635828639,1.504578309560017,0.3073280965650829,1.6643608956178888,0.30723763582843255,1.504578309531125,0.3073280965704441,1.6643608955837486
4,0.0110500394016974,5.563450710404662,0.9423912986700979,0.9274858215387074,0.3082118710154789,0.3018654325635008,24.566455065587306,24.060603378099234,24.187421655744274,-3.8636235460514903,20.323798109692785,24.21711813558032,-4.15146228039463,20.065655855185696,0.3034565004863079,1.4969762203605277,0.303829073883178,1.608500476146448,0.30345650049164213,1.4969762203723735,0.30382907388698593,1.6085004761674924
5,0.0072019547173529,6.432633879145983,0.9489212673718641,0.9350061973131526,0.31101172749956635,0.3050597350289921,24.789621513653714,24.315209690717364,24.427357113346,-3.8747512281433067,20.5526058852027,24.458038239192287,-4.207539404586531,20.25049883460576,0.3064667417324686,1.501287684787802,0.3068516685433047,1.6302277796533515,0.3064667417348691,1.5012876847920302,0.3068516685416271,1.6302277796797995
6,0.0155499810680387,5.307949475138908,0.9375706370028988,0.9218755735451694,0.30615257557657705,0.2994926279204774,24.402316063738116,23.87147568989502,23.996263646357253,-3.8059781509640813,20.19028549539318,24.005080049568598,-4.134007123715413,19.87107292585319,0.3010582233406851,1.4746412840939422,0.301168834339388,1.6017374066703445,0.3010582233294803,1.4746412840619778,0.30116883430916236,1.601737406540782
7,0.0190070176599161,4.87540770334945,0.9328984241038148,0.9163092455505624,0.3041628720207053,0.2971469315554504,24.243723979539297,23.68450870462257,23.832521924280993,-3.8170696752613296,20.015452249019663,23.858632979893688,-4.097845989259836,19.760786990633854,0.2990039121920198,1.478938739040737,0.2993315026922809,1.5877266321380847,0.29900391219153727,1.4789387390289717,0.2993315026903449,1.5877266321222407
8,0.0095352170949853,5.551500947438979,0.944057234346446,0.9294063330622824,0.30892503778438624,0.3026796879930952,24.623299012982674,24.125504737534662,24.25599028627187,-3.8858891772318143,20.370101109040064,24.266353106840086,-4.222008980482148,20.044344126357934,0.3043167656670781,1.505603127203542,0.3044467780888052,1.635834074049341,0.3043167656632624,1.5056031271871047,0.3044467780877682,1.6358340740225215
9,0.0427579712671077,4.6179086427333615,0.9233363429698342,0.9051389920579406,0.30010961414648424,0.2924651510149131,23.920653433592385,23.311340886987555,23.315341561550802,-3.6399503008463725,19.67539126070443,23.2479280742786,-3.9182296990433683,19.32969837523524,0.2925153436613153,1.4103131370626942,0.291669570960762,1.518133590259505,0.29251534366851334,1.410313137077028,0.29166957097407786,1.518133590378461
10,0.0104559144580424,5.474324741773063,0.9431858864633618,0.9284468380693853,0.30855192740919574,0.3022727555481453,24.593559732544115,24.093069622071216,24.206180106571086,-3.86734158051201,20.338838526059074,24.22097228517151,-4.211107617328776,20.00986466784273,0.3036918448699908,1.4984167875140142,0.3038774282205662,1.6316102977896714,0.3036918448775686,1.4984167875600212,0.3038774282265436,1.6316102978112526
11,0.0112458131985593,5.809262125939215,0.9441260934424603,0.9296677499447707,0.30895453225883396,0.3027906018731516,24.6256499110153,24.13434528232477,24.222928924417623,-3.8022592199580765,20.420669704459545,24.229538176453644,-4.163477490917672,20.066060685535977,0.3039019763062113,1.4732003695703624,0.3039848962851255,1.6131558169738436,0.3039019762980465,1.473200369541429,0.3039848962747895,1.6131558169385751
12,0.0107271726867871,5.821088674365273,0.9457385785994634,0.9316552410938613,0.3096455895925875,0.3036344721008455,24.68073159518751,24.201607130356532,24.254869572688836,-3.777879564315208,20.47699000837363,24.238027413485053,-4.161381969242064,20.076645444242992,0.3043027051431084,1.4637543755901128,0.3040914026419425,1.61234389881457,0.3043027051396468,1.4637543755513058,0.30409140263530854,1.6123438987690297
13,0.00646803016703,6.534813492172349,0.9501978297743888,0.9364587164727209,0.31156048056195634,0.3056785039940796,24.833360638317835,24.364529530108104,24.46994506501029,-3.8860733650584507,20.583871699951843,24.505667533879137,-4.209201842742298,20.29646569113684,0.30700105212565,1.505674491505283,0.3074492278570677,1.630871897890375,0.30700105212018475,1.5056744914904667,0.30744922784827716,1.6308718979310144
14,0.0188476230293506,4.718507906754477,0.9340333248834949,0.9177773478648891,0.3046456220363198,0.2977647793319306,24.282202239729052,23.733755119396484,23.82454284111075,-3.854386163183633,19.970156677927115,23.836669524128403,-4.16318750297562,19.673482021152783,0.2989038062489229,1.4933971598421498,0.29905594816977,1.6130434599990324,0.29890380625488416,1.4933971598585116,0.2990559481774713,1.613043459990308
15,0.0130810184761573,5.3050256974145205,0.9398463038416123,0.9245409542751017,0.30712388891494674,0.3006188476352101,24.479735941833813,23.961242595773122,24.075314172921786,-3.8522265445289996,20.22308762839279,24.106872440938623,-4.169111948385489,19.93776049255313,0.3020499948694696,1.4925604070549023,0.3024459263461727,1.6153389097993789,0.30204999487288375,1.4925604070265133,0.30244592635046297,1.6153389097366027
16,0.0055318081553323,6.39001366412759,0.9517434197517805,0.938243943351217,0.31222549503174696,0.3064398097012873,24.88636653986293,24.42521045841133,24.521772093982992,-3.9089180262572216,20.61285406772577,24.569973983522495,-4.255740678446835,20.31423330507566,0.3076512764061253,1.5145257458185306,0.3082560195211489,1.6489035538067889,0.3076512764069976,1.5145257457909114,0.30825601952319204,1.648903553796313
17,0.007565226260731,6.4659868092064725,0.9484519701052326,0.934470198510522,0.31081010713697993,0.3048315492012122,24.77355108274699,24.297021822526926,24.411031207672295,-3.8411592506140435,20.56987195705825,24.4446378271871,-4.147479193165798,20.297158634021304,0.3062619161717484,1.4882723402655378,0.3066835463602111,1.6069572132498138,0.3062619161772516,1.48827234028867,0.30668354636982065,1.606957213297344
18,0.0179969235815331,5.149392360705559,0.9348216306847027,0.918611673472349,0.3049811521714229,0.2981161658736834,24.308946134959314,23.761762871531992,23.890735185595823,-3.8089978405613847,20.08173734503444,23.912503876323417,-4.069471576919938,19.84303229940348,0.2997342584361098,1.475811274768798,0.3000073694275327,1.5767328538796046,0.299734258447608,1.4758112747862477,0.30000736944235246,1.576732853926106
19,0.0111359246849657,5.414528301471387,0.9420437002135761,0.9270916445500869,0.3080631663308501,0.3016984359152321,24.5546023522543,24.04729267840983,24.169941677982006,-3.861825298009086,20.308116379972923,24.204196388278454,-4.217366605816948,19.986829782461506,0.3032371958842791,1.4962794820459109,0.3036669570493872,1.6340353676285482,0.30323719589019893,1.49627948206057,0.3036669570564081,1.634035367587193
20,0.0121916587809306,5.462163872443491,0.940873710194398,0.9257125128767392,0.3075628859553189,0.30111449132656326,24.514726810390222,24.000748564287743,24.131632131952024,-3.8432205024327915,20.288411629519235,24.15180057018336,-4.164233805347927,19.98756676483544,0.3027565625642445,1.4890709804332618,0.3030095967145175,1.6134488539904452,0.30275656256440847,1.4890709804235212,0.30300959671490574,1.6134488539768534
21,0.0162928547449132,5.233633422766699,0.9360544258248482,0.9200259474657658,0.3055062184245373,0.2987122397049933,24.350797269606048,23.809273763777643,23.950504722054358,-3.8090142311923674,20.14149049086199,23.955344312554352,-4.123942353127999,19.83140195942636,0.3004841297794693,1.4758176253835835,0.3005448475036574,1.597837771508389,0.30048412977384426,1.475817625354083,0.3005448474932361,1.5978377714126422
22,0.0129541937529558,5.309441507654716,0.9411507311623165,0.9261882668734804,0.3076813037995624,0.30131587334771814,24.524165469063515,24.01679999785978,24.094580543659898,-3.859003438855974,20.23557710480393,24.11756140729353,-4.184522532346215,19.933038874947314,0.3022917116396352,1.4951861415589134,0.3025800306078853,1.6213098014911052,0.3022917116400158,1.4951861415618655,0.3025800306122629,1.62130980155271
23,0.0061179659487589,6.478995249098504,0.9511809225673665,0.9376573406853631,0.31198339370414274,0.30618955649307195,24.867069517440296,24.40526367902744,24.504973416293204,-3.896380751630845,20.60859266466236,24.53130109627319,-4.256368502575515,20.274932593697677,0.3074405194260265,1.5096681291899654,0.3077708277055265,1.6491468067479722,0.3074405194210928,1.5096681292020078,0.3077708277036176,1.6491468067118775
24,0.0186712939064586,4.91064029089284,0.9355569740802581,0.9196442806640018,0.305294295298398,0.2985513247353914,24.33390564262716,23.79644781272949,23.868720054805657,-3.793226247010342,20.07549380779532,23.872383216871103,-4.129990626386377,19.74239259048473,0.2994580555963687,1.4697005084838086,0.2995040137955069,1.600181198898277,0.2994580555963687,1.4697005084838086,0.29950401379550695,1.600181198898277
25,0.0049859805427166,6.875449287020527,0.953570471102058,0.9403247756375731,0.3130124829925135,0.3073282968565781,24.949094507840382,24.49602856059827,24.593171618900417,-3.860896523552085,20.73227509534833,24.61570061987195,-4.2525305202907795,20.36317009958117,0.3085470581176365,1.4959196247100095,0.3088297079962213,1.6476597653356988,0.3085470581169303,1.49591962470399,0.30882970799699144,1.6476597655575855
26,0.0285740228331988,4.604378430778616,0.926672115203399,0.9089787106658405,0.3015207455694978,0.29407067295277173,24.033129622718015,23.439311241968586,23.53535680516217,-3.8067659295639786,19.728590875598197,23.52509833262823,-4.122984276455451,19.402114056172785,0.2952756649899052,1.4749465120274867,0.2951469617233979,1.5974665609132075,0.2952756649922762,1.474946512001945,0.2951469617269918,1.5974665608916079
27,0.0049718827906575,7.281178010960367,0.9537294128542549,0.9404280408252153,0.31308099053271166,0.3073724211666731,24.954554996439953,24.499545549991566,24.595478964907503,-3.8667390059678364,20.728739958939663,24.6311732526135,-4.225858320400468,20.40531493221304,0.308576006186376,1.498183317624189,0.3090238283556332,1.6373255160216569,0.30857600618457537,1.4981833176270816,0.3090238283614912,1.637325516137902
28,0.0132299601368017,5.305768618491522,0.9392199389331055,0.9237563080656666,0.3068563961455375,0.30028710355024285,24.458415059291518,23.934800472925062,24.07078863206737,-3.8651899123254063,20.205598719741964,24.099503626402683,-4.155611005921306,19.943892620481385,0.3019932172265263,1.4975831151670425,0.3023534768613274,1.6101079162565446,0.3019932172222833,1.4975831151359578,0.3023534768531399,1.6101079162202578
29,0.0179060085561692,5.083882069777874,0.9359868359076046,0.9200990086963512,0.3054774199003343,0.29874304768053445,24.348501843253853,23.81172935623844,23.911011415521973,-3.788724185097589,20.122287230424384,23.89548916625035,-4.122892387905387,19.772596778344965,0.2999886449459255,1.4679561667937726,0.2997939020952536,1.597430958331142,0.2999886449442062,1.467956166772241,0.29979390209786494,1.5974309583908697
30,0.007001396835948,6.431533860058582,0.9492167792552312,0.9353431697890326,0.3111387176908311,0.3052032320775846,24.79974344314721,24.326647322190407,24.446711513715396,-3.854865078940761,20.59184643477464,24.4576201299732,-4.194005915483101,20.2636142144901,0.3067095629264222,1.4935827176459655,0.3068464229258821,1.624984175786446,0.3067095629208079,1.4935827176379775,0.3068464229203515,1.6249841758279535
31,0.0091739839146511,5.616391818944786,0.9450987004591619,0.9306688162869187,0.30937127186440144,0.3032155087158287,24.658866719830915,24.168213072112668,24.274549607375242,-3.880066781276714,20.39448282609853,24.306190142562013,-4.228001611930909,20.078188530631103,0.3045496117601255,1.503347216867967,0.3049465753645125,1.6381559428000758,0.30454961176092377,1.503347216852641,0.3049465753686249,1.6381559427872268
32,0.0067613410306621,6.548480394282827,0.9499902886293748,0.936259319491168,0.3114712340382892,0.30559352671312645,24.826247120249224,24.357756297956943,24.474407966663875,-3.8269340680385255,20.647473898625357,24.4942771710305,-4.186253045826584,20.308024125203914,0.3070570438943092,1.4827607370277949,0.3073063238428031,1.6219802957818268,0.3070570438913047,1.4827607370214155,0.30730632384209083,1.6219802956884002
33,0.0079406537869953,6.061166957404083,0.9476344614058096,0.933594272780593,0.31045903559842175,0.304458821118616,24.745568438378427,24.267313013250327,24.37164363126096,-3.875418789336833,20.49622484192413,24.392268214975434,-4.227796366249908,20.16447184872553,0.3057677578331484,1.5015463340118875,0.3060265148055558,1.6380764195493944,0.3057677578402008,1.5015463340618282,0.3060265148162684,1.6380764196201
34,0.0129059244989219,5.330274904349152,0.9406763121370255,0.9255744833154405,0.30747851751316807,0.30105607642548254,24.508002106581046,23.9960925235005,24.082962142706943,-3.864122283482869,20.21883985922408,24.10661216030728,-4.146447574973064,19.96016458533422,0.3021459466488639,1.4971694581504102,0.3024426608534444,1.6065575087018404,0.3021459466456226,1.4971694581040045,0.30244266084847293,1.6065575086753179
35,0.0439989051077343,4.319781941520592,0.9193843641995194,0.9002838109670366,0.298441763884842,0.2904407229772553,23.78771511303463,23.14998103976046,23.20700768470994,-3.7154566328670486,19.491551051842897,23.124568366878584,-4.049677681914672,19.074890684963915,0.2911561818780487,1.4395683639693408,0.2901218944187386,1.5690636309912935,0.2911561818827297,1.4395683640122032,0.2901218944277392,1.5690636309991872
36,0.0072819984193305,6.273369936446108,0.9485368331254797,0.9345671997820142,0.3108465615519863,0.3048728387441918,24.776456732504236,24.30031286287182,24.410989755467742,-3.8940880235300233,20.516901731937725,24.440301938152462,-4.244516131408365,20.195785806744105,0.3062613961104906,1.5087798026214545,0.3066291480976896,1.644554558672913,0.30626139611535497,1.5087798026589168,0.3066291481029331,1.6445545587465369
37,0.0070562246265296,6.188390072574392,0.9487274548678755,0.9347849641405329,0.31092845389424045,0.304965541798742,24.782984075333616,24.307701888533117,24.413410992342587,-3.907307895293836,20.50610309704875,24.465791932432076,-4.218214074755265,20.24757785767681,0.306291773059276,1.5139018942100275,0.3069489467340056,1.6343637228197392,0.30629177304876565,1.513901894188625,0.30694894671932926,1.6343637228114498
38,0.0186771502153914,4.859109040441356,0.9334979546214246,0.9170526513678703,0.30441784835208857,0.2974597187897992,24.26404722201233,23.709439845374554,23.8375250745712,-3.8477538683192463,19.98977120625196,23.8497814417332,-4.168832178174044,19.680949263559164,0.2990666819448311,1.49082745097169,0.299220450888896,1.615230511724694,0.29906668194575764,1.4908274509832655,0.2992204508800164,1.615230511711652
39,0.012474692159976,5.472191502431432,0.9418603067413186,0.9270014254070166,0.30798472313659897,0.30166021978379776,24.548349928554906,24.044246608598925,24.127855865250236,-3.8375508103029197,20.29030505494732,24.159390058047777,-4.163371910481159,19.996018147566616,0.3027091853491557,1.4868742357985891,0.3031048147770542,1.6131149094162327,0.3027091853503072,1.4868742358261462,0.30310481477182666,1.6131149094233093
40,0.0083886593798661,5.963463307944617,0.9478827675574136,0.9340209049899405,0.3105656484888132,0.30464033708190563,24.754066166816283,24.28178099510044,24.356668569874607,-3.85161978288028,20.50504878699433,24.369391026127808,-4.232957783514417,20.136433242613396,0.3055798800267601,1.4923253148548643,0.3057394965459218,1.6400762310776746,0.3055798800239171,1.4923253148591527,0.3057394965509882,1.640076231004501
41,0.0233734938321183,4.800944754518875,0.9308515376112291,0.913985004219562,0.30329309546881006,0.29616998150341767,24.17439723197167,23.606639544438988,23.697235889071376,-3.792933937866821,19.904301951204555,23.677652986709383,-4.112156423079212,19.565496563630177,0.2973066073947709,1.46958725215031,0.297060919404347,1.5932712663073587,0.297306607391814,1.4695872521312439,0.2970609194047828,1.5932712663221957
42,0.017056961631745,5.004706646415879,0.9353445642571938,0.9192436495166838,0.3052038259663232,0.2983824570782661,24.326694658916804,23.78298798168167,23.913243639799944,-3.8276043221021547,20.085639317697797,23.917730508871557,-4.166369489470118,19.75136101940144,0.300016650534009,1.4830204296150498,0.3000729429989931,1.6142763332484564,0.30001665054040433,1.4830204296624208,0.3000729430053432,1.6142763333805072
43,0.0100151072734654,5.55111385656967,0.9448104001224278,0.9304438714504638,0.30924771417141783,0.30312000578732806,24.649018382378213,24.160600878611124,24.23717551369656,-3.8538640505460924,20.383311463150477,24.253438325456074,-4.206510207952651,20.046928117503423,0.3040807146681576,1.49319486523621,0.304284748649739,1.6298290133479316,0.30408071466970443,1.4931948652339004,0.3042847486607414,1.629829013378722
44,0.024178181378806,4.485557811295942,0.9291489076100374,0.9119494936518447,0.3025704860494897,0.2953156017937969,24.11680064501603,23.538540023560074,23.632653190958827,-3.8421245946488236,19.790528596310004,23.61371581246468,-4.166369836298438,19.447345976166247,0.296496349904736,1.4886463666289524,0.2962587606863394,1.6142764676284604,0.29649634990158474,1.4886463665703924,0.2962587606881566,1.614276467582217
45,0.0154633486627395,5.226098666592172,0.9368026413736839,0.9209100975139586,0.30582510093107124,0.29908516044641004,24.37621424248953,23.838997929193,23.981570503243375,-3.8439925886120325,20.137577914631347,24.02114726042036,-4.150173444046614,19.87097381637375,0.3008738824938622,1.4893701282763725,0.3013704143030173,1.608001111407125,0.30087388249570646,1.4893701282963687,0.30137041429856365,1.6080011113839494
46,0.0138527064510887,5.524003705793261,0.9408112857883623,0.9257924835912039,0.3075362044249736,0.30114833779103145,24.51260012197245,24.00344634372676,24.089886218129386,-3.8096953332109686,20.28019088491842,24.0889851469746,-4.163460242463034,19.925524904511565,0.302232816416411,1.4760815210538871,0.3022215115364113,1.6131491339918904,0.3022328164150306,1.4760815210464886,0.30222151153470106,1.6131491340070219
47,0.0361405728312859,4.6222266613259615,0.9208864936777627,0.9019284094315894,0.2990752019329389,0.29112574808709,23.838204172051515,23.204581917150765,23.378939424582313,-3.747337207008569,19.631602217573747,23.379174181904432,-4.026770829087439,19.352403352816992,0.2933132453652932,1.4519206184818358,0.2933161906414143,1.5601882802856817,0.2933132453610239,1.4519206184706535,0.29331619063522796,1.5601882803044236
48,0.0167441864090182,4.990451468478011,0.9349382582451846,0.9187056013282069,0.3050308075392673,0.29815573666840123,24.312903984989216,23.764916916660567,23.90438977587013,-3.860166152570693,20.04422362329944,23.90336884830502,-4.158494551502474,19.744874296802543,0.2999055695514155,1.4956366395852545,0.2998927609473995,1.6112251573940115,0.299905569550349,1.495636639604952,0.29989276094623935,1.611225157416392
49,0.0057668838322682,6.499319025544192,0.9515044882195927,0.9379744929202379,0.31212264690653496,0.3063248463317928,24.878168887260273,24.416047143443706,24.520241085516442,-3.8901221815289904,20.63011890398745,24.544048953011885,-4.268824275343896,20.275224677668,0.3076320683037452,1.5072432214565217,0.3079307629003432,1.6539728451593845,0.3076320683025037,1.5072432214409326,0.3079307629034079,1.6539728451427378
50,0.005505975016279,6.896079659632452,0.9522976484524501,0.9388284378984751,0.31246412497234066,0.3066892589495899,24.905386870564612,24.44509315705425,24.539166426584995,-3.903652186599498,20.635514239985497,24.594442945680353,-4.23765123693675,20.356791708743607,0.3078695065000487,1.5124854754210952,0.3085630082416764,1.6418947281648928,0.30786950649731165,1.512485475437512,0.30856300823942123,1.6418947281987841
51,0.0095889594032209,5.811137289937055,0.9460539375287138,0.9319078785097469,0.30978082722363365,0.3037418179142205,24.691510898318587,24.210163277438305,24.28157584221589,-3.8688528622875062,20.412722979928382,24.286887608808343,-4.210215509018529,20.07667209978981,0.3046377632244149,1.4990023396138026,0.3047044048914965,1.6312646468973142,0.304637763217869,1.4990023396104515,0.30470440488661016,1.631264646902804
52,0.0047895562590018,6.932842411002086,0.9536253668300305,0.9403122932547952,0.31303614350206016,0.30732296344553034,24.95098040160136,24.49560345366641,24.593007001438586,-3.9086953250227587,20.684311676415835,24.644738943193833,-4.219791234460498,20.42494770873333,0.3085449928194168,1.5144394593446384,0.3091940241313045,1.6349747995838972,0.3085449928216497,1.5144394593825623,0.3091940241356494,1.634974799673311
53,0.052291480365714,4.138091799825894,0.9124936448043419,0.8918276463071562,0.29554389200488507,0.2869299204877004,23.556736211767014,22.870147653331706,22.9878091558945,-3.7462650470705143,19.241544108823984,22.95070581294946,-4.038519546898827,18.91218626605064,0.2884061070907146,1.4515052058743287,0.2879406068498582,1.564740367458188,0.2884061070914557,1.4515052058622862,0.2879406068440729,1.564740367459489
54,0.0101758066319341,5.621464051398484,0.9449750649384391,0.9306587756962973,0.3093182821826615,0.30321124556863904,24.65464310368299,24.167873272047448,24.24337789623752,-3.8439579453229262,20.3994199509146,24.27401461919253,-4.151501694245924,20.122512924946605,0.3041585300437419,1.4893567055970225,0.3045428997738693,1.6085157471989813,0.304158530042588,1.4893567055719474,0.3045428997650248,1.6085157471932054
55,0.009550767888501,5.566588186997853,0.9440672614697596,0.9294175675529327,0.3089293326278547,0.3026844541712054,24.6236413394438,24.12588463237775,24.238931893894463,-3.91903848672114,20.31989340717333,24.292854139087144,-4.182349491465147,20.110504647622,0.304102750294607,1.5184469582433455,0.3047792612537918,1.6204678482091517,0.30410275029449413,1.5184469582833633,0.30477926125249877,1.6204678482008712
56,0.0108145247802356,5.699208899909176,0.9443727681900845,0.929955054654026,0.3090602015713519,0.30291252122018236,24.634072430268795,24.144063033138806,24.221270859200907,-3.823611595976543,20.39765926322436,24.247134442391467,-4.168352874012085,20.078781568379387,0.3038811741440212,1.4814734320897445,0.3042056598439338,1.6150448034318907,0.30388117413853166,1.4814734320956284,0.3042056598296142,1.6150448034406328
57,0.0230522838040282,4.751613706672393,0.9309215025125338,0.9140693682175665,0.3033228062673023,0.29620541654547816,24.176765372412586,23.6094639436604,23.700447931030947,-3.8105868649484775,19.889861066082474,23.69637493193414,-4.132714043144009,19.56366088879013,0.2973469058203881,1.4764269485508572,0.2972958057870736,1.6012363974898878,0.2973469058179583,1.4764269485625598,0.29729580577533804,1.6012363974488057
58,0.0035792565651805,7.322095250735377,0.9565311813919269,0.9435106965103393,0.3142897918137355,0.3086909859076269,25.05090418070614,24.60464358321457,24.6983652957611,-3.9162511887322253,20.78211410702888,24.737609418172607,-4.266011118490204,20.4715982996824,0.3098668228080515,1.517367008616077,0.3103591813661959,1.6528828764127077,0.30986682280765226,1.5173670086210302,0.31035918137215246,1.6528828764530854
59,0.0173278752858306,5.190597067530339,0.9367827873529112,0.9210418549439778,0.3058166373201421,0.29914075201799123,24.37553963863051,23.843428932582892,23.944051819539997,-3.7586796801754696,20.185372139364528,23.92920286604415,-4.104072043598129,19.82513082244602,0.3004031713688186,1.456315304560473,0.3002168757178035,1.5901389415103635,0.30040317136392547,1.4563153045578225,0.30021687571167943,1.590138941567845
60,0.0439637940106321,4.460561812691902,0.9169889578215915,0.8972533268909757,0.2974329138872176,0.2891803364635976,23.70730332340141,23.04952018291212,23.193319288917355,-3.7261970556501187,19.46712223326724,23.175427855374565,-3.9656241672222303,19.209803688152338,0.2909844466371615,1.4437297832461504,0.2907599798920552,1.5364967643614171,0.290984446637118,1.4437297832289133,0.2907599798913626,1.5364967643628828
61,0.0082213968884191,5.881412176069238,0.9464833173675741,0.9322110540420989,0.30996500616843337,0.30387066074749836,24.706191136806943,24.220432874335447,24.33209745284841,-3.876322127914328,20.45577532493408,24.35279913771287,-4.212081247364104,20.140717890348768,0.3052716096665732,1.5018963361156965,0.3055313339535415,1.6319875345967625,0.3052716096630513,1.501896336106148,0.3055313339534168,1.6319875345735515
62,0.0063495455180633,6.208806755569763,0.9502675139289534,0.9366030901267567,0.31159044875872954,0.30574003881381184,24.835749295046078,24.369434248342806,24.46894817952648,-3.890398352171603,20.57854982735488,24.483333899491093,-4.238117756960763,20.24521614253033,0.3069885451546876,1.507350224864029,0.3071690290565921,1.6420754831928983,0.3069885451623736,1.5073502248943418,0.3071690290676649,1.6420754832081463
63,0.0075566021892451,5.948247117837685,0.9475588381240769,0.9334477828626608,0.31042656938282814,0.3043965068150853,24.742980673592136,24.262346165177323,24.374938420337248,-3.909239181680475,20.46569923865678,24.42573773997424,-4.246200378682809,20.179537361291437,0.3058090944078839,1.514650178757175,0.3064464249999384,1.645207126939204,0.3058090944051465,1.5146501787472877,0.306446424990929,1.6452071269201458
64,0.0054193543505223,6.5461884874278065,0.9519546424937821,0.9384431618759058,0.3123164293305108,0.30652482102893686,24.893614584388736,24.431986404301693,24.534752046972393,-3.913645263850387,20.62110678312201,24.57117215332529,-4.238960905244664,20.332211248080625,0.3078141234911392,1.5163573327163264,0.3082710518144011,1.6424021643294513,0.30781412349891957,1.5163573327246305,0.30827105182909753,1.642402164445446
65,0.0109735163477066,5.690280723360657,0.9439926815443891,0.9294923131847982,0.3088973890355233,0.30271616553055697,24.62109523107017,24.128412230299315,24.2086773384311,-3.839949260247105,20.368728078184,24.233708351346213,-4.16933359790774,20.06437475343847,0.3037231752553427,1.487803524713354,0.3040372154904267,1.615424788783216,0.30372317526009585,1.4878035247154504,0.3040372155062477,1.6154247887505806
66,0.0335392820842584,4.3817547655572495,0.9214719566632021,0.9026446978503326,0.2993222552114303,0.29142433133966494,23.85789589659434,23.22838090981627,23.39081351255745,-3.7798557990069823,19.61095771355047,23.374995851661392,-4.058656885099621,19.316338966561773,0.2934622182171617,1.4645200755358183,0.2932637691187123,1.5725426587706413,0.29346221821942203,1.4645200755510388,0.2932637691228571,1.572542658758989
67,0.0119326105711553,5.73829227623824,0.9419013974577327,0.92692546293654,0.3080022981190693,0.30162804440867313,24.54975076693181,24.041682025655987,24.167254552876244,-3.816238562746812,20.35101599012944,24.195632949851912,-4.136140072378873,20.05949287747304,0.3032034830895642,1.478616721210623,0.3035595197584665,1.602563826064054,0.30320348309175593,1.478616721229349,0.303559519762675,1.6025638260593145
68,0.0082734768907499,5.746308532780135,0.94763131553419,0.9337323185876447,0.3104576849962125,0.3045175488910863,24.745460786754315,24.27199399188603,24.346512374413617,-3.864780621301292,20.481731753112324,24.353198095424947,-4.252150215770333,20.10104787965461,0.3054524599330969,1.497424533741341,0.3055363392952795,1.647512414845461,0.3054524599334965,1.497424533754853,0.30553633929043267,1.6475124148578055
69,0.0343638483516646,4.45606343677992,0.9226678383250542,0.9041595866889193,0.29982718466857344,0.29205626452879635,23.898141999962547,23.27875002196014,23.389837752579037,-3.774195865430104,19.615641887148936,23.351116331704745,-4.078264409598494,19.27285192210625,0.2934499762877581,1.46232711189109,0.2929641755670525,1.5801396716693086,0.2934499762874672,1.4623271118890215,0.29296417556062965,1.5801396716372107
70,0.0016044459630016,9.771234462897354,0.9634775115954939,0.9506814456241681,0.31729635307319537,0.3117684914421032,25.290546319859004,24.84994043429858,24.93710319189225,-3.926912377592201,21.01019081430005,24.981178427404085,-4.342551192475492,20.63862723492859,0.3128620393931238,1.5214977283960789,0.3134150093176116,1.6825386307311394,0.31286203939623547,1.521497728395036,0.31341500931940897,1.6825386306833576
71,0.0089526715415609,5.829991291761965,0.94594844511949,0.9316676601165861,0.30973558504859633,0.30363974853909936,24.68790480794815,24.202027696192765,24.315331737875248,-3.8719394016587865,20.443392336216466,24.334789005712548,-4.206815380170998,20.127973625541557,0.3050612662382277,1.5001982314979212,0.3053053780121476,1.6299472535306343,0.3050612662336867,1.5001982314805204,0.305305378010355,1.6299472534653967
72,0.0068392020480568,6.406045849742883,0.9508238057538487,0.9373900395209874,0.31182973537182596,0.30607555373272977,24.854821966741238,24.396176930745902,24.467822613238983,-3.8523935881601163,20.615429025078868,24.482952263250773,-4.236955152479666,20.24599711077111,0.3069744237484654,1.4926251287702983,0.3071642410308325,1.641625027489556,0.3069744237507536,1.4926251287980763,0.30716424103279877,1.6416250275276516
73,0.0044702722361332,7.021516017862678,0.9543451614140902,0.941111331237171,0.31334645979029924,0.3076644602491546,24.975714592163285,24.522822930494595,24.62776689000919,-3.9042587706935654,20.72350811931563,24.665708729938682,-4.2741451995136455,20.39156353042504,0.3089810919743023,1.512720498826881,0.3094571120367499,1.6560344582688182,0.30898109197949625,1.5127204988097824,0.309457112047976,1.6560344582462625
74,0.0040207117514667,7.097595626571112,0.9553375891588598,0.9422060567513367,0.3137745537098582,0.30813261921446466,25.00983641233863,24.56013819076328,24.645292940809398,-3.9422171656384073,20.703075775170998,24.70771740735159,-4.227592629051466,20.480124778300127,0.3092009746107764,1.527427629042389,0.3099841548286282,1.6379974807662454,0.3092009746069725,1.5274276290245028,0.3099841548332568,1.6379974807777544
75,0.0079708737744441,6.149264230925996,0.9487921387547922,0.9350679531939748,0.31095624483858897,0.3050860309181771,24.785199191134698,24.317305641071076,24.402052270149547,-3.8376355126098987,20.564416757539654,24.4039592116198,-4.2260596186824975,20.1778995929373,0.3061492660101265,1.486907054042356,0.3061731905851982,1.637403509836998,0.306149266008041,1.4869070540494809,0.30617319058124176,1.6374035098459274
76,0.0062582247326208,6.5569151822933875,0.9505670856373534,0.9368777677130418,0.3117192974340374,0.305857127684245,24.846019357590333,24.378766979313546,24.488957578535114,-3.8734722256716156,20.6154853528635,24.52439509201505,-4.229877308503282,20.29451778351177,0.3072395839915846,1.500792130222746,0.3076841846596349,1.6388826888538734,0.3072395839879584,1.5007921301888665,0.30768418465609826,1.6388826888999535
77,0.0108663878412185,5.613921032216254,0.9430183716027869,0.9282516868633496,0.30848022207356707,0.30219002087299435,24.587844359220302,24.0864751399289,24.197821166160054,-3.8560951299758246,20.34172603618423,24.201927109773568,-4.204518657722124,19.997408452051445,0.3035869732205439,1.4940593057833378,0.3036384865772747,1.629057379336176,0.3035869732210968,1.4940593058004132,0.30363848656973436,1.6290573793321768
78,0.0078827048754063,6.34402735096011,0.9480307245936294,0.9340222529501335,0.3106291836661425,0.3046409106683389,24.75913032633033,24.281826713603408,24.40134604906354,-3.842086990650281,20.559259058413264,24.423425478286575,-4.193786299742934,20.229639178543643,0.3061404057280187,1.4886317968110243,0.3064174152588451,1.6248990847995193,0.3061404057272598,1.4886317968023346,0.3064174152522379,1.6248990847198066
79,0.0108979695326727,5.591089640649624,0.9424788865903211,0.9275701283324513,0.30824934698138184,0.3019011554620176,24.569442139476966,24.063450721319125,24.191677591984195,-3.8603738331297683,20.33130375885443,24.22444690230168,-4.163456649842858,20.060990252458826,0.3035098956574031,1.4957171062390735,0.3039210209263063,1.6131477420169975,0.3035098956574102,1.4957171062410548,0.30392102092232115,1.6131477419040972
80,0.0140545746830785,5.134151351208938,0.9385341628515049,0.9230113567582255,0.3065636570113331,0.2999722988206362,24.435081880194044,23.90970852491269,24.034645931771596,-3.8511754953166584,20.18347043645494,24.039356581640405,-4.190137724879782,19.849218856760626,0.3015397692523692,1.4921531738815483,0.3015988692814897,1.6234854300416883,0.3015397692562464,1.4921531738774534,0.30159886929738083,1.6234854300727461
81,0.0139105324532748,5.152032408380514,0.938727384325388,0.9232388600675374,0.3066461247256546,0.30006842197955064,24.441655083852833,23.917370154740425,24.03877267138715,-3.859006202847471,20.17976646853968,24.04056231648611,-4.188268452516977,19.85229386396913,0.3015915435166946,1.4951872124783483,0.301613996486117,1.6227611730732896,0.30159154351476475,1.4951872124642485,0.3016139964670796,1.6227611729670575
82,0.015529723958065,4.979998049440856,0.9360292235094275,0.9199961566658366,0.30549548014343064,0.2986996781373893,24.349941360002635,23.808272526592717,23.940810989273082,-3.893480896802224,20.047330092470855,23.9631238718175,-4.203729568345346,19.75939430347216,0.3003625117637782,1.5085445689700834,0.3006424502106727,1.628751643536946,0.3003625117677575,1.508544568973821,0.30064245022109426,1.628751643503562
83,0.0239442781001187,4.616180376470673,0.9278746741716434,0.9102930419721712,0.3020302154898107,0.29462115803798256,24.07373763000663,23.483188419916182,23.64428501127925,-3.8268345201917873,19.817450491087463,23.65139385082192,-4.167505944556282,19.48388790626564,0.2966422832555065,1.4827221668209465,0.2967314710821728,1.6147166572653326,0.29664228325993786,1.4827221668516979,0.2967314710821305,1.6147166573468592
84,0.0027715947629465,7.9695955794328,0.9593936935449497,0.9466702241952422,0.31552710112723453,0.3100451944945026,25.14952563727807,24.71258265866064,24.8040514327916,-3.9030581453981816,20.90099328739342,24.827783229093686,-4.294742209480556,20.53304101961313,0.3111927659263241,1.5122553118087023,0.3114905061302443,1.6640148512246755,0.31119276592618106,1.5122553118245017,0.3114905061158281,1.6640148511079014
85,0.012994954209955,5.073487316009106,0.9405257428044618,0.925457019789202,0.3074141711087947,0.30100636931923797,24.502873287089237,23.992130549589586,24.073981322285935,-3.8671795294898077,20.20680179279613,24.081418057312046,-4.2023075059286095,19.87911055138344,0.3020332728643141,1.4983540002046838,0.3021265744827415,1.628200659830498,0.30203327286559867,1.4983540002069196,0.3021265744791302,1.6282006598742014
86,0.0124008579914686,5.646542707769854,0.9419657200634844,0.927085202416716,0.3080298106020707,0.30169570700295006,24.551943687584636,24.047075166667877,24.152710109422383,-3.7957764334242188,20.35693367599817,24.15779522384921,-4.115891894458815,20.041903329390397,0.3030210078354901,1.470688588293748,0.3030848059141154,1.5947185894640925,0.30302100783598046,1.4706885882736103,0.3030848059125397,1.5947185894315699
87,0.023037120529081,4.663305038538124,0.9299375531215406,0.912847461197307,0.30290509369510416,0.2956923733840964,24.143471011940917,23.568571126231706,23.689545905663902,-3.810753785920631,19.87879211974327,23.712453093194817,-4.090586878768182,19.62186621442664,0.2972101285105457,1.4764916227415528,0.2974975231350349,1.5849140610743016,0.2972101285102406,1.4764916227206686,0.29749752313480504,1.5849140610532122
88,0.0103402001576299,5.9412237117572095,0.9438926641866754,0.9292148937075467,0.3088545526937379,0.30259847613675733,24.617680900979067,24.119031633779947,24.253292856703798,-3.8369316050302906,20.416361251673507,24.2717795653443,-4.164171563548814,20.10760800179549,0.3042829235921068,1.486634322267263,0.3045148586858676,1.613424738159264,0.3042829235913752,1.4866343222509577,0.3045148586819813,1.6134247381993392
89,0.0136614479162556,5.1703612198322775,0.9384149327042878,0.9228099053754332,0.30651277429086315,0.2998871948104398,24.431026202319206,23.902925191631258,24.032443227252493,-3.8776977752261512,20.154745452026347,24.07029170917771,-4.136459251357116,19.933832457820596,0.3015121340205332,1.5024293361062124,0.301986982809181,1.6026874932212638,0.3015121340272226,1.5024293361057166,0.3019869828171623,1.6026874932669475
90,0.0028272928887072,8.011038583135798,0.9589422521173064,0.9460971882353546,0.3153318126842414,0.30979937691228243,25.133959900813043,24.692989427004616,24.789075244601655,-3.9213961585863957,20.86767908601526,24.828101389733263,-4.2900399962799876,20.53806139345328,0.3110048739830063,1.5193604475301856,0.3114944977882082,1.6621929601267424,0.31100487399379734,1.5193604475612332,0.31149449781531224,1.6621929602472598
91,0.0081526479326268,5.974646434764937,0.9482204687561243,0.9344096740557364,0.3107106719369203,0.3048057876969974,24.76562546208172,24.294968466069143,24.366287153694802,-3.846061132199517,20.520226021495287,24.387019299865067,-4.187950228579343,20.199069071285724,0.3057005552201418,1.490171593668726,0.3059606616760486,1.6226378759503404,0.30570055522060974,1.4901715937033175,0.30596066167767255,1.6226378760785636
92,0.0050405441020834,6.919968499383939,0.9536377794909517,0.9404202123676163,0.31304149357905264,0.30736907603097624,24.95140683691548,24.499278921306843,24.58380611388032,-3.8935505713362026,20.69025554254412,24.612445493551622,-4.256314879249088,20.356130614302533,0.3084295580624783,1.5085715646437787,0.3087888690322396,1.6491260301781123,0.30842955806558664,1.5085715646676547,0.3087888690344415,1.649126030344141
93,0.033677365529967,4.250830886211164,0.9221367759574207,0.9035181269273075,0.2996029091722446,0.29178860525049055,23.88026581016907,23.257415867595082,23.369521290272935,-3.7942207562413897,19.575300534031545,23.338233013988383,-4.13051320064848,19.207719813339907,0.2931950850206599,1.4700858350178414,0.2928025408726025,1.600383672362479,0.2931950850206599,1.4700858350178414,0.29280254087260255,1.600383672362479
94,0.0028482158554194,7.9899525842652235,0.9588726607199268,0.9460236148208248,0.3153017133925477,0.309767822505714,25.131560794982164,24.69047433922253,24.781460162090816,-3.9016970999422966,20.879763062148523,24.820632328224516,-4.269643885668265,20.550988442556253,0.3109093348088627,1.511727969365008,0.3114007906002483,1.6542904064204438,0.3109093348097455,1.5117279693662693,0.31140079059940484,1.6542904063812138
95,0.0188770049295449,5.108320247999148,0.933624347552387,0.9171621826301256,0.3044716151483783,0.2975058167064407,24.268332779154306,23.713114143817567,23.858780209386065,-3.8031788406152574,20.05560136877081,23.889352787723094,-4.091256853654054,19.79809593406904,0.2993333498402391,1.473556680230328,0.2997169148090499,1.5851736454930303,0.2993333498463202,1.4735566802514923,0.29971691481591606,1.585173645446964
96,0.0146566183202987,5.436305320635651,0.9386127426154613,0.9230906966868421,0.30659719391964624,0.30000581937624077,24.437754986029972,23.912380327333278,24.040197443911943,-3.8312839907073473,20.208913453204595,24.049088655696718,-4.126009683938801,19.92307897175792,0.3016094187780811,1.4844461317661846,0.3017209683285744,1.5986387670056217,0.3016094187798189,1.4844461317631334,0.3017209683335754,1.598638766892714
97,0.018415763546337,4.827940257605864,0.9336176443545763,0.9171948629974903,0.3044687635368502,0.2975195713762506,24.26810548749861,23.714210478870186,23.840765538472652,-3.8567303821516434,19.984035156321013,23.843454071593538,-4.170891540121183,19.67256253147236,0.2991073369534336,1.4943054367507569,0.2991410674131708,1.61602841965419,0.2991073369490104,1.4943054367512079,0.2991410674037611,1.6160284196311085
98,0.0087678277488317,5.753009538835113,0.9457236967546577,0.931366976408476,0.3096392083943985,0.3035120098259274,24.68022297292693,24.1918461047215,24.30776438219231,-3.8924742369274328,20.41529014526488,24.347318289643695,-4.21303957812074,20.134278711522963,0.304966325847054,1.5081545346210865,0.3054625709825047,1.6323588436378285,0.3049663258482794,1.5081545346496938,0.3054625709829439,1.6323588436596868
99,0.0082569224648761,6.135167924015265,0.9483977824814668,0.9346169688065504,0.31078683094308207,0.3048940244321359,24.771695821398342,24.302001497541205,24.377818526399004,-3.8294368880140093,20.548381638385,24.400678466351735,-4.184528027403919,20.21615043894782,0.3058452283505161,1.4837304645238838,0.3061320302047243,1.6213119305729409,0.3058452283462834,1.4837304645204035,0.3061320302124267,1.6213119306347332
100,0.0030396760366605,7.856101348854161,0.958292306977458,0.9454073276574867,0.3150507555922324,0.30950356694611936,25.111557855106774,24.669411482982685,24.766537021565732,-3.899127699059373,20.86740932250636,24.80418317469662,-4.305246354349462,20.49893682034716,0.3107221084039791,1.510732444833059,0.3111944187663016,1.6680847236893583,0.31072210840056136,1.510732444848111,0.31119441876346143,1.6680847236403158
101,0.0071911031995304,6.023490940952502,0.9484642543984545,0.9345187292135501,0.310815383947431,0.3048522064445036,24.77397167824972,24.298668336781635,24.404974703389602,-3.8794745661157086,20.52550013727389,24.422968736692777,-4.240381037757608,20.182587698935173,0.3061859309914773,1.5031177607621131,0.306411684957879,1.6429524002870437,0.3061859309893257,1.5031177607869215,0.3064116849464795,1.6429524002525875
102,0.0043303430380338,7.0226301594928255,0.9546210211105867,0.9414164665181712,0.3134654267097874,0.30779491755338195,24.985197015641226,24.533221211040114,24.63039994149479,-3.9165339380429254,20.71386600345187,24.68058074596352,-4.255498577684105,20.42508216827942,0.3090141263589007,1.517476560954548,0.3096436970313106,1.6488097509089608,0.3090141263658598,1.5174765609601237,0.30964369703943717,1.6488097508868347
103,0.0149923079821152,5.1657802844915786,0.9370827087507094,0.9212406009001268,0.3059445031140543,0.29922461663274724,24.385731359248606,23.850113478130112,23.998605175188626,-3.8461937150308514,20.152411460157776,24.01946053726541,-4.160875531724646,19.858585005540768,0.3010876002687045,1.4902229634109825,0.3013492525970209,1.612147677595904,0.30108760026158415,1.4902229633927746,0.3013492525871274,1.6121476775817338
104,0.0078035334396917,6.344015306962991,0.948140716326906,0.9341482943692714,0.3106764199120486,0.30469454626706804,24.762895356887704,24.286101813461677,24.4020453742499,-3.8452655282723374,20.55677984597757,24.425447152016154,-4.206520971087473,20.21892618092869,0.3061491794938535,1.4898633337811835,0.3064427792701,1.6298331835670776,0.30614917949207854,1.489863333761662,0.30644277927723335,1.629833183676158
105,0.0057320112403756,6.862817816660928,0.9520869960586503,0.9386307967142995,0.3123734157856466,0.3066048994374438,24.898156768908848,24.43836916502349,24.551491988930724,-3.8369603964190526,20.714531592511676,24.571493776496844,-4.215627616086681,20.35586616041017,0.3080241435700595,1.4866454776046851,0.3082750869134499,1.633361589181287,0.3080241435722075,1.4866454776054954,0.3082750869150804,1.6333615891104876
106,0.0063862843904473,6.408830336904808,0.9501293151918795,0.9363809714989731,0.3115310166836322,0.30564536999795544,24.83101217899171,24.361888538947557,24.464324594445518,-3.905607855187876,20.55871673925764,24.51813149262395,-4.228968609096001,20.28916288352795,0.3069305374443852,1.5132432069487176,0.3076056012546435,1.6385306096753665,0.30693053743959553,1.5132432069556598,0.30760560124793584,1.6385306096164198
107,0.0052284358889734,6.882224597681512,0.952761438275818,0.9393481571686645,0.31266388206137974,0.3069111435751203,24.92130878666649,24.462778779171515,24.565964525918808,-3.8856598630935557,20.68030466282525,24.604065322059423,-4.214432379785914,20.389632942273515,0.3082057166823189,1.5055142785339255,0.3086837310166755,1.6328984901503816,0.30820571668588187,1.5055142785425515,0.3086837310304512,1.6328984902833013
108,0.0134730402650567,5.2938267009529705,0.9400015597543134,0.9247821726991837,0.3071902087894009,0.3007208674745765,24.48502205949815,23.96937422870256,24.05933080392695,-3.871067649687501,20.18826315423945,24.084874343024172,-4.168775694009242,19.91609864901493,0.3018494667896194,1.499860467749587,0.3021699372016708,1.6152086267116934,0.3018494667859466,1.4998604677254839,0.30216993720080754,1.6152086267218944
109,0.009713692557942,5.677486131021421,0.9443461698649095,0.9297718626165323,0.30904880669128676,0.30283478002677333,24.63316418553385,24.13786656339111,24.251288779924188,-3.8702384389444426,20.381050340979748,24.28339334504676,-4.2053721243584405,20.07802122068832,0.3042577803529926,1.4995391867683447,0.3046605656982184,1.629388058359173,0.3042577803529927,1.4995391867683447,0.3046605656982184,1.6293880583591733
110,0.0119365584801695,5.81678725587086,0.9418192756114802,0.9268006313136733,0.30796717411126706,0.30157517301256137,24.546951159127754,24.037467837628267,24.170892810281845,-3.827161728474857,20.343731081806997,24.19187935716868,-4.158163553586944,20.03371580358174,0.3032491288336987,1.4828489449640607,0.3035124270126536,1.6110969109428157,0.3032491288365025,1.4828489449646518,0.3035124270211994,1.611096910938062
111,0.0091708856005804,5.872155277470066,0.9461653240546642,0.9319713041126338,0.30982860058125844,0.30376877027321275,24.695318740111166,24.21231155262937,24.302381040247237,-3.8559502690307115,20.446430771216527,24.32448752239789,-4.209713342414064,20.114774179983826,0.3048987861923184,1.4940031788373482,0.3051761351304144,1.6310700804607596,0.3048987861946069,1.4940031788674004,0.30517613512867553,1.6310700804561638
112,0.0157897528054896,5.317472493060511,0.9384466485123376,0.9230059033515577,0.30652630895892435,0.29996999485859416,24.43210500182702,23.90952488441957,23.993660042063574,-3.816279106334566,20.17738093572901,24.00391225982859,-4.143955538727632,19.85995672110096,0.3010255584019059,1.4786324299840146,0.3011541831957957,1.6055919594046009,0.30102555840456097,1.478632429980843,0.301154183203116,1.6055919594201498
113,0.0030796104482124,7.6779790403323265,0.9580314857577279,0.945128844915985,0.3149380019130031,0.3093841923064648,25.10257066656942,24.65989656160285,24.756071455328005,-3.9368891864710833,20.81918226885692,24.796044010812967,-4.322952028813873,20.473091981999097,0.310590806930374,1.5253632824462482,0.3110923044432385,1.674944857271926,0.3105908069353526,1.5253632824672054,0.3110923044455268,1.6749448571924672
114,0.0089660419286511,5.724314960137417,0.9457170513585716,0.9314001235501237,0.3096363589297563,0.3035260904160887,24.679995852391748,24.19296841770819,24.29647955830507,-3.8693132075483985,20.42716635075667,24.303513372514782,-4.207829170070436,20.09568420244435,0.3048247459294354,1.4991807022054209,0.3049129924848364,1.630340050435874,0.3048247459252776,1.4991807021855126,0.3049129924781119,1.6303400504109087
115,0.0069162441248321,6.645801702994157,0.949684735449603,0.9358758962672066,0.31133986263206215,0.30543015380059146,24.81577597993478,24.344734433154976,24.453979788728496,-3.8741634946795838,20.57981629404891,24.49500535749019,-4.177983822373641,20.31702153511655,0.3068007510378067,1.5010599651332817,0.3073154597034956,1.6187763524570289,0.3068007510265916,1.501059965129964,0.30731545968041607,1.6187763524338574
116,0.0203355855177925,4.917575859252829,0.9335215826080279,0.9171709032220278,0.3044278992193215,0.29750948704247393,24.264848340338613,23.713406693046572,23.808809517504457,-3.807382626964794,20.001426890539665,23.798147362800467,-4.122756598615767,19.6753907641847,0.2987064152499757,1.475185453873962,0.2985726473684641,1.5973783462339437,0.2987064152480301,1.4751854538612628,0.29857264737010775,1.5973783462301614
117,0.0131630493013766,5.38497169471402,0.9411539451392387,0.9261947748511336,0.3076826778005603,0.30131862854331554,24.52427498572056,24.017019604549873,24.106824091883343,-3.805738985808926,20.301085106074417,24.08704890963735,-4.201446939847427,19.88560196978993,0.3024453197567095,1.4745486186088763,0.3021972194140497,1.6278672300995152,0.3024453197593284,1.4745486186197212,0.3021972194249895,1.6278672301927415
118,0.0028681748960231,7.960030457612789,0.9587977087499997,0.9459442937236746,0.31526929711601426,0.30973380471734174,25.128977010657998,24.687762904173894,24.78417828420222,-3.921892105650137,20.862286178552083,24.81983548071583,-4.3099414843551624,20.509893996360667,0.3109434364934308,1.5195526041810934,0.3113907933148886,1.6699038703754314,0.31094343649223904,1.519552604165793,0.3113907933102201,1.6699038703641318
119,0.007649571428548,6.188104648454222,0.9480867505493854,0.9340864607368159,0.3106532437381874,0.3046682330648177,24.761048067774936,24.28400448314606,24.390721151537562,-3.878173657578206,20.51254749395936,24.424518795417722,-4.191023641062927,20.2334951543548,0.3060071052767698,1.502613718605238,0.3064311320656739,1.623828681769915,0.30600710528275793,1.5026137186086534,0.30643113207124323,1.6238286817129906
120,0.0100816912069762,5.859028497558535,0.9440319066645133,0.9293765356783533,0.3089141894914662,0.30266704676656553,24.622434334734947,24.12449715102447,24.243684415924008,-3.867018700060386,20.37666571586363,24.265153710875474,-4.193038062709437,20.07211564816604,0.3041623756537749,1.4982916862063067,0.3044317304120706,1.6246091774022309,0.3041623756601329,1.4982916862044948,0.304431730421736,1.6246091774222247
121,0.0357670528646316,4.44275840742444,0.9200386545203539,0.9008890590337351,0.29871759782656465,0.2906927425943806,23.809700840296095,23.170068613218795,23.340522794468026,-3.7575043835501027,19.583018410917923,23.342527035709452,-4.007998506600268,19.334528529109186,0.2928312685634297,1.4558599312356464,0.2928564138658894,1.552914869708983,0.29283126857320185,1.4558599312556864,0.2928564138773914,1.5529148697466926
122,0.0149889874525958,5.48179360938017,0.939631435769564,0.9244050539419361,0.3070321159196212,0.3005613776049183,24.472421047834203,23.956661867223865,24.050562795417843,-3.781288096175012,20.269274699242835,24.053414641418858,-4.106972962256945,19.946441679161914,0.3017394629530684,1.4650750247371247,0.3017752423436835,1.5912629139154613,0.30173946295113674,1.4650750247478501,0.3017752423382361,1.5912629139837324
123,0.0052581605462967,6.565134882754793,0.9522681976031439,0.9387953874438381,0.3124514423658416,0.3066751512111197,24.904375985806517,24.4439686801739,24.55363580611979,-3.9213794661046566,20.632256340015136,24.580202951163592,-4.276397611303057,20.30380533986054,0.3080510399987544,1.5193539799621307,0.3083843526179186,1.656907164123056,0.3080510400036415,1.5193539799636864,0.3083843526229561,1.6569071641617685
124,0.0083220460491647,6.047678802199652,0.9466618807638536,0.9324166372842062,0.3100416147166433,0.303958043526067,24.71229732749661,24.22739784001357,24.35774204087518,-3.851714071517122,20.506027969358065,24.376879791806573,-4.161425580832046,20.21545421097453,0.3055933478431253,1.4923618473600424,0.3058334509433018,1.6123607962975564,0.3055933478477073,1.4923618474136715,0.3058334509414259,1.6123607964142512
125,0.0208345424472148,4.93013326899967,0.9324988449182932,0.9159032499443575,0.3039929890078411,0.2969761729841429,24.230183218152707,23.67089815563473,23.777049200426532,-3.808797542915035,19.9682516575115,23.783429481610053,-4.097058402068709,19.68637107954135,0.2983079488564933,1.4757336686537077,0.2983879961565994,1.5874214783666247,0.2983079488599328,1.4757336686659717,0.2983879961667616,1.5874214784048961
126,0.0147537740826843,5.152374011876042,0.937897055395382,0.9222605887692286,0.3062918106812651,0.29965519023601206,24.413413991055457,23.88443294493774,24.003616201985558,-3.8410682434486443,20.16254795853692,24.023415273338316,-4.149628080262672,19.873787193075646,0.3011504688405301,1.4882370791794457,0.3013988688970181,1.607789808052573,0.30115046884415586,1.4882370792008082,0.30139886890321804,1.6077898081138333
127,0.0164648047613571,5.275255804993275,0.9365125089793378,0.9206132384602462,0.30570143071396055,0.2989599260340788,24.366356936145063,23.829015946496927,23.955046144800622,-3.8281757836393733,20.12687036116125,23.959415688076966,-4.139003768260699,19.820411919816262,0.3005411066773555,1.483241844647304,0.3005959271675357,1.603673376357022,0.30054110668110595,1.4832418446812368,0.3005959271737217,1.6036733763767135
128,0.020885423522623,5.043200766553914,0.9334986796827648,0.9171436469601448,0.30441815677620276,0.29749801545433474,24.264071805384535,23.712492334188088,23.814872053333126,-3.774003479575042,20.04086857375809,23.813698091190233,-4.086812370930085,19.72688572026015,0.2987824761022991,1.462252571230819,0.2987677475194573,1.583451613087367,0.2987824761042938,1.4622525712266778,0.2987677475241467,1.5834516131016918
129,0.0103172529574621,5.853888062802041,0.9462696839254591,0.9322725456620776,0.3098733633891595,0.303896796419707,24.69888662185851,24.222516054372633,24.277414182709233,-3.785633512445942,20.491780670263296,24.26423237053157,-4.140994402179844,20.123237968351724,0.3045855508535355,1.466758673453832,0.3044201712338954,1.604444655340309,0.30458555085353556,1.466758673453832,0.3044201712338954,1.604444655340309
130,0.036409329606595,4.465770722195025,0.9216183347775139,0.9028940549481158,0.29938403843465755,0.29152830770630617,23.862820414174465,23.236668490468368,23.352478987123728,-3.7364309745485027,19.616048012575227,23.346094877778025,-4.026273203556386,19.319821674221643,0.292981271504383,1.4476949555900336,0.2929011761759788,1.5599954733059769,0.2929812715063397,1.447694955621238,0.2929011761770162,1.559995473312617
131,0.0113815061600681,5.56028542429779,0.9424354519537351,0.927586340198704,0.3082307624726799,0.30190802506023695,24.567960835410258,24.063998272182165,24.173594462579235,-3.83535821042598,20.33823625215326,24.197476859642823,-4.158682142941555,20.038794716701272,0.3032830238872255,1.4860247043063457,0.3035826535352008,1.6112978404388527,0.3032830238860341,1.4860247043210417,0.30358265354249614,1.6112978405182363
132,0.0056791232992552,7.069493828550784,0.9522399182757489,0.9387636463911027,0.312439264489948,0.3066616026836322,24.903405331302043,24.442888775981274,24.557064384539558,-3.8232989919221927,20.733765392617368,24.567232356907517,-4.221252934628486,20.34597942227904,0.3080940551007241,1.4813523124127954,0.3082216229480018,1.635541141093802,0.30809405510279103,1.4813523124573191,0.30822162295755906,1.635541141216939
133,0.0041284402755598,7.308931968715389,0.9557314649572205,0.9427187119935077,0.3139445334587706,0.3083519713059212,25.023384884206237,24.577621953736312,24.672183798737635,-3.891006657090341,20.78117714164729,24.703312748888813,-4.285631318366468,20.417681430522343,0.3095383485466229,1.507585915010138,0.3099288937817098,1.6604848004364658,0.30953834854768386,1.5075859149943753,0.3099288937972092,1.6604848005372028
134,0.0186311074520142,5.214423424738764,0.9339738311965018,0.9175620732637821,0.30462030647343774,0.2976741446454124,24.28018442764429,23.72653095588067,23.870674946164133,-3.807856587508345,20.06281835865579,23.8820772039984,-4.122761424357793,19.759315779640605,0.2994825817529354,1.4753690917606836,0.2996256350022348,1.5973802159867738,0.2994825817495724,1.4753690917376132,0.2996256349960653,1.5973802159301094
135,0.0083317271379942,6.024766588613028,0.9475538581334519,0.9335734503743033,0.3104244314541877,0.30444996326041457,24.74281026702179,24.26660698536514,24.35736233744222,-3.8524255066333635,20.50493683080886,24.367491760825335,-4.189932959297159,20.17755880152818,0.3055885840664554,1.492637495708969,0.3057156682764028,1.6234060928070222,0.30558858407108785,1.4926374957049695,0.3057156682809225,1.6234060927038734
136,0.0049772888636639,6.850411803933378,0.9531706024889882,0.9398054449872745,0.31284016206081106,0.30710643656555564,24.93535942874826,24.47834487809674,24.571713695882707,-3.927173172675474,20.64454052320724,24.634107584923743,-4.229219348258664,20.40488823666508,0.3082778460321428,1.5215987744823225,0.3090606426232638,1.6386277595554066,0.3082778460298233,1.521598774465757,0.3090606426211441,1.6386277595620482
137,0.0199519756002718,4.995066510768056,0.9325134682129659,0.9158514620981932,0.30399920539168884,0.2969543946548246,24.23067870365741,23.66916228366186,23.80886433578365,-3.8109018978042624,19.99796243797939,23.805710453585775,-4.1358482433585975,19.669862210227176,0.2987071030026185,1.476549009276526,0.2986675342520367,1.6024507557562055,0.2987071030026185,1.4765490092765259,0.2986675342520367,1.6024507557562055
138,0.0091878041901338,5.703854339944971,0.9450707914574328,0.9306117796564047,0.309359309804859,0.30319129183086185,24.65791326726832,24.16628283167642,24.283149289951925,-3.862672128194556,20.42047716175737,24.300356102282453,-4.219741093138569,20.080615009143884,0.3046575037718147,1.496607589749786,0.3048733812278191,1.6349553721304482,0.304657503770054,1.496607589759594,0.30487338122475977,1.6349553720869352
139,0.0062059392791915,6.582875244462415,0.9506875314547265,0.9370136497793722,0.3117711094751363,0.30591505891362486,24.850149108256065,24.3833844683764,24.49782119761453,-3.8761716002446094,20.62164959736992,24.524201857456827,-4.210570669466813,20.31363118799002,0.307350787362732,1.5018380135748512,0.3076817603300124,1.6314022552173684,0.3073507873646905,1.5018380135569651,0.3076817603432924,1.6314022553030973
140,0.0086259137353642,5.986321680067731,0.9465627649700294,0.9323609046554887,0.3099990902418987,0.3039343533176545,24.70890785520095,24.225509579063264,24.33654078099831,-3.826844276457029,20.50969650454128,24.354131170441253,-4.182774901076823,20.17135626936443,0.3053273558651582,1.4827259469244924,0.3055480456971924,1.6206326748453397,0.3053273558711229,1.4827259469364118,0.30554804570031313,1.620632674942972
141,0.0123142339500257,5.54301550622797,0.9413731877690411,0.9263446812940148,0.30777641260602323,0.3013820956619195,24.531746248520722,24.022078339348727,24.150570379280154,-3.8263516984404027,20.324218680839756,24.15771762130256,-4.152777590265586,20.00494003103698,0.3029941626830721,1.482535095624211,0.303083832309009,1.609010098156915,0.3029941626802387,1.4825350956287164,0.3030838323073014,1.6090100981842592
142,0.008771895018797,6.281412905204443,0.9477935905778783,0.9338958799829031,0.31052735740677684,0.3045871384099297,24.751014122963593,24.277540721095615,24.36220893739913,-3.8214416685788857,20.540767268820247,24.373976875688896,-4.154699757008765,20.21927711868013,0.3056493897316112,1.48063268513925,0.3057970308246627,1.6097548492621432,0.30564938973501665,1.4806326851493479,0.3057970308299533,1.6097548493074592
143,0.019337512197662,5.120300468158893,0.9349106583530521,0.9188206979235748,0.3050190562636917,0.2982042289146808,24.31196733325533,23.7687820584714,23.860371162445237,-3.786874223354261,20.07349693909098,23.8512187813844,-4.106561757132392,19.744657024252007,0.2993533100102252,1.467239391801248,0.2992384838180263,1.591103590863976,0.2993533100141543,1.4672393918183553,0.29923848382865487,1.591103590803818
144,0.0069102590479273,6.308029336235833,0.9491508387947367,0.9352680147368096,0.3111103789935543,0.30517122516228495,24.797484667938537,24.324096166571692,24.428182401341054,-3.8965599136227453,20.53162248771831,24.475151932415134,-4.2109172554297345,20.264234676985403,0.3064770958334735,1.5097375462121652,0.3070663777227169,1.6315365413191636,0.3064770958226711,1.5097375461895501,0.30706637770197676,1.6315365412458134
145,0.0270496884731592,4.853380765159877,0.9285620652385372,0.9112458493508286,0.30232161123277007,0.2950205179519742,24.09696373223991,23.515019956286757,23.629294491308016,-3.750913921655703,19.87838056965232,23.60275854688399,-4.051811697387112,19.55094684949688,0.2964542115050039,1.453306430714823,0.2961212903302452,1.5698904637243607,0.29645421149967077,1.4533064306984866,0.2961212903232677,1.569890463684709
146,0.0061059478077867,6.451787622691917,0.9508699871016248,0.9372573252845218,0.3118496040113972,0.3060189590924712,24.856405624241624,24.391665976374533,24.495742404147528,-3.8928065039349424,20.602935900212582,24.517267222591602,-4.2723767612625085,20.24489046132909,0.3073247067246339,1.508283272786988,0.3075947580832123,1.655349269875701,0.3073247067251018,1.5082832728004312,0.30759475809041287,1.6553492698623755
147,0.008811319748396,5.732344462374602,0.9453837812947099,0.930942403290297,0.30949347270061117,0.3033316821060473,24.66860690713075,24.17747283346196,24.295059208493875,-3.895425214953682,20.3996339935402,24.3103743496962,-4.209282679623473,20.101091670072726,0.3048069261556164,1.5092979027260396,0.3049990706189601,1.630903218459629,0.3048069261578863,1.5092979027264641,0.3049990706195082,1.6309032184323913
148,0.0095433750472998,5.3779289532943,0.9446460576766765,0.9302102558146174,0.30917729189776216,0.30302083638678107,24.643405277290213,24.15269644386501,24.255593794802312,-3.8611988673440067,20.394394927458304,24.25754369125738,-4.23680791187429,20.020735779383088,0.3043117912669317,1.4960367690077097,0.3043362547572114,1.6415679785347876,0.3043117912651115,1.4960367690209329,0.3043362547677315,1.6415679785194819
149,0.0097193447523907,5.729558445704678,0.9442055209006358,0.9295779873765613,0.30898855513965123,0.30275251530727154,24.628361751964338,24.131309539716245,24.24842429015421,-3.8921290778739124,20.3562952122803,24.298802026105854,-4.174665214935061,20.124136811170796,0.3042218423330727,1.5080208013809808,0.3048538837168916,1.6174905448825971,0.30422184234216787,1.5080208013966163,0.30485388372832684,1.6174905449150676
150,0.0214401456859154,4.897678361075015,0.9337899513656762,0.9175711476033606,0.30454206872799927,0.29767796485876186,24.27394837952773,23.726835451289233,23.78277537994306,-3.7630678420300385,20.01970753791302,23.775297816758886,-4.089563578994178,19.685734237764716,0.298379789767111,1.4580155152225849,0.2982859759167415,1.5845175795305575,0.29837978976749624,1.4580155152171514,0.29828597592038636,1.5845175795423372
151,0.0075976562064957,6.268784179596499,0.9480712502185601,0.9340346160832916,0.3106465871087112,0.3046461714744089,24.760517491881224,24.282246033454722,24.395486256030736,-3.87078991290813,20.524696343122606,24.42686330749681,-4.20516497800975,20.22169832948706,0.306066888496103,1.4997528575361998,0.3064605464216559,1.6293077986872804,0.306066888500243,1.4997528575438057,0.3064605464301267,1.6293077986908444
152,0.0109486045994738,5.462777233282105,0.9421232121640452,0.92715536263857,0.3080971790334238,0.30172542775696387,24.557313381932303,24.04944410062746,24.172355433547214,-3.895558509546728,20.27679692400049,24.216551457645803,-4.186381215080365,20.03017024256544,0.303267478972211,1.5093495482431856,0.3038219643158434,1.6220299554660078,0.30326747896860495,1.5093495482267623,0.30382196431764696,1.6220299554028998
153,0.0189120778055823,5.127213980777047,0.9336528993259645,0.9171960807948495,0.3044837615156913,0.29752008393428186,24.269300922223625,23.714251333019643,23.856105013565593,-3.8163195829785987,20.039785430587,23.85748822610115,-4.093148660941121,19.76433956516003,0.2992997867108841,1.4786481128197968,0.2993171405587412,1.5859066337069412,0.29929978671145413,1.4786481128041458,0.2993171405587348,1.5859066336693701
154,0.0056958078244564,6.511173308092192,0.951424160763621,0.93784585421495,0.31208807355828744,0.3062699686447407,24.8754131705405,24.41167304121128,24.514804526502527,-3.9049584310293617,20.60984609547317,24.56856287110565,-4.2370733781721786,20.33148949293347,0.3075638609852252,1.5129915849905646,0.3082383156401027,1.6416708345016051,0.30756386098452665,1.5129915849964048,0.3082383156385635,1.6416708345054412
155,0.0143527313313309,5.429246855694323,0.9404729565366096,0.9254299407204286,0.3073916141862216,0.3009949107932424,24.50107535626008,23.991217231867395,24.065070889577527,-3.8000586135928853,20.26501227598465,24.064348768436773,-4.116836458297371,19.9475123101394,0.3019214821672321,1.4723477359325867,0.3019124224023088,1.5950845644583118,0.30192148216756076,1.4723477359331683,0.301912422405949,1.59508456437033
156,0.0115180539708417,5.517516417622133,0.9415972303255074,0.9265413059171974,0.3078722134513768,0.30146535162519916,24.53938218789862,24.02871437148504,24.145389716324573,-3.8864429016222615,20.25894681470232,24.19588030029611,-4.18055749054206,20.01532280975405,0.3029291658482265,1.5058176699081438,0.3035626230284743,1.6197735303656164,0.30292916585965896,1.5058176699433055,0.3035626230436679,1.6197735304427485
157,0.0188546509398309,4.909066041838608,0.9340059850143028,0.9176959921130259,0.3046339883408611,0.2977305255305229,24.281274959881618,23.731024872601207,23.850513873689177,-3.826333939687573,20.02417993400161,23.854752454938982,-4.1470042839577275,19.70774817098125,0.2992296400137795,1.482528214925206,0.2992828174483734,1.6067732077992731,0.29922964001661945,1.48252821493566,0.2992828174484849,1.6067732078474455
158,0.0119818769619573,5.459701212677158,0.9411983715718508,0.9261036138496866,0.30770167075382127,0.30128003599025677,24.52578884542788,24.013943531530813,24.138202110533296,-3.841586022513497,20.2966160880198,24.167203406210923,-4.1533423967136365,20.01386100949729,0.3028389898165957,1.4884376947255118,0.3032028414011573,1.6092289346485555,0.30283898981975294,1.488437694745628,0.30320284140717535,1.609228934693205
159,0.011415501262347,5.139608027028711,0.9412461465818083,0.9261819698677645,0.3077220958888062,0.30131320747959833,24.52741685916779,24.016587511140305,24.12631032006205,-3.9115705855433114,20.21473973451874,24.145001303227037,-4.251482923466085,19.893518379760952,0.3026897948683998,1.5155534904026091,0.3029242927997057,1.64725386980359,0.3026897948766646,1.5155534904294246,0.30292429282147065,1.6472538698674655
160,0.0070760674491098,6.326991126188892,0.948932634588449,0.9350191671901014,0.31101661187361224,0.3050652575640739,24.790010829467953,24.31564987204292,24.421335952699188,-3.9174554162607724,20.503880536438416,24.466564947876506,-4.224385387016782,20.242179560859725,0.3063911999750728,1.5178335913337389,0.306958645021195,1.6367548221579116,0.3063911999789314,1.5178335913486394,0.30695864502683856,1.6367548220298145
161,0.0083283196425656,5.965969348909471,0.9467345711200094,0.9325330776895572,0.31007280342059673,0.3040075415017565,24.714783266444066,24.23134314488326,24.335084382293132,-3.880156732681542,20.45492764961159,24.371282155945188,-4.217661736574771,20.15362041937042,0.3053090838202633,1.5033820688954511,0.3057632227472721,1.634149717207665,0.30530908382462657,1.5033820689325095,0.30576322275932855,1.6341497173676613
162,0.047462261391193,4.315110875589433,0.9187311685454804,0.899522058450209,0.298166508279575,0.29012367622282714,23.765775482883257,23.124710388047117,23.146071688341657,-3.7162614078408907,19.429810280500767,23.102499988741478,-4.034056365973295,19.068443622768186,0.2903916760752082,1.4398801772151768,0.2898450235353427,1.563011090360393,0.2903916760752082,1.4398801772151768,0.2898450235353427,1.5630110903603933
163,0.0164174773100944,5.384524372740819,0.9394184047821056,0.9242657379968043,0.3069411402884767,0.30050246843979267,24.46516970885361,23.95196643043474,23.99580489986557,-3.754940701012092,20.24086419885348,23.982873724186387,-4.079556354179285,19.9033173700071,0.3010524678861783,1.4548666222990452,0.3008902327635336,1.580640240705711,0.3010524678777977,1.4548666222290147,0.30089023275387056,1.5806402405224573
164,0.0159517007614565,5.2773715286364045,0.9364879635612424,0.92053820146124,0.3056909691955649,0.2989282743815968,24.365523086297756,23.826493107594295,23.965189617807116,-3.8401226106692175,20.1250670071379,23.96821243623978,-4.159734300120528,19.808478136119252,0.3006683671545216,1.4878706900198595,0.3007062915730991,1.611705502898259,0.3006683671579357,1.4878706900476888,0.30070629157990497,1.6117055029804868
165,0.0195490911265114,5.155247210348849,0.9360044690398807,0.9202050837361545,0.30548493285386047,0.2987877793020296,24.349100673644788,23.815294752230006,23.879519419369814,-3.7383460275132654,20.141173391856547,23.83618616343738,-4.097822764501393,19.738363398935988,0.2995935449190736,1.4484369504336851,0.2990498839043903,1.587717633613591,0.2995935449201126,1.4484369504682646,0.2990498838954483,1.587717633563622
166,0.0049979926447986,7.226982288279233,0.9538270322076551,0.9405781088966377,0.31312307025655306,0.3074365492486634,24.95790901924743,24.504656967794737,24.617442212215234,-3.8411903446965394,20.776251867518692,24.641220093897953,-4.220589238277536,20.420630855620416,0.3088515580935689,1.4882843877907523,0.3091498764867864,1.6352839893182551,0.30885155808811576,1.4882843877797287,0.30914987648299697,1.635283989283787
167,0.0109323362307998,5.812116263580313,0.9444806963700794,0.9300806998144023,0.3091064406786917,0.30296584661302745,24.63775798251243,24.148313407606434,24.223875187907918,-3.8403006822042816,20.383574505703635,24.237598661020648,-4.1880966678736415,20.049501993147008,0.3039138481713233,1.487939684540246,0.3040860234938764,1.6226946144339631,0.30391384816874445,1.487939684529897,0.3040860234838631,1.6226946143322805
168,0.0150649593878969,5.284307845363314,0.9390503644716899,0.9237205131671445,0.3067839972184361,0.3002719737009817,24.452644402296464,23.93359452728514,24.02417409470782,-3.7728870156990792,20.25128707900874,24.027498530909043,-4.1036985834084785,19.92379994750057,0.3014083891046931,1.4618199928873838,0.3014500976336166,1.5899942428831564,0.3014083891014248,1.46181999285928,0.3014500976240239,1.5899942428429723
169,0.0044666123582311,7.271403576507556,0.9546538467618064,0.9414527338407107,0.31347958449541075,0.3078104249874554,24.986325481599394,24.534457252601698,24.629883891327683,-3.907796575530961,20.72208731579672,24.658405886220894,-4.248200630202251,20.41020525601865,0.3090076519698561,1.5140912353002287,0.3093654902248123,1.645982132299756,0.30900765198033875,1.5140912353495264,0.30936549024370336,1.6459821323748804
170,0.0061890246015627,6.3201453260881335,0.9503060686509615,0.9365814861321896,0.3116070300964896,0.30573083040804655,24.837070933591885,24.36870027957738,24.47276871760062,-3.9057385978179497,20.56703011978267,24.514617519586825,-4.246990399006716,20.267627120580112,0.3070364778004427,1.513293863697719,0.3075615147878912,1.6455132234375804,0.30703647780078575,1.5132938636893587,0.3075615147927261,1.6455132234520606
171,0.0067844334773647,6.285115834057936,0.9493081329759258,0.9354477202360244,0.31117798006324654,0.3052477604683156,24.80287290504799,24.330196519391773,24.443914852463678,-3.906659973397579,20.537254879066104,24.466679404763056,-4.2465318831582115,20.22014752160485,0.3066744758862006,1.5136508543093263,0.3069600810025387,1.6453355696590255,0.3066744758862007,1.5136508543093263,0.3069600810025388,1.6453355696590257
172,0.0135608265164983,5.365589098414384,0.9390338661737373,0.9235376954848479,0.3067769537848261,0.30019470549969784,24.452082995642282,23.92743575803143,24.061682534428282,-3.855078189003906,20.206604345424378,24.07902073160988,-4.161551288069423,19.917469443540465,0.3018789717082576,1.4936652879826056,0.3020964975246242,1.6124095020637463,0.3018789717082576,1.4936652879826056,0.30209649752462425,1.6124095020637463
173,0.0142974684220229,5.269628933484759,0.9383095922702349,0.9227126856411558,0.3064678224490989,0.29984612789833176,24.427443253365368,23.89965189638906,24.025657928179463,-3.8676528047070167,20.15800512347245,24.042654307362017,-4.214421963609922,19.8282323437521,0.3014270053474253,1.4985373725590043,0.301640242699512,1.632894454361806,0.30142700535335853,1.4985373725643878,0.3016402427072505,1.6328944543264836
174,0.0068078272222373,5.953967559666546,0.9492234876821145,0.9354313724370473,0.311141600785737,0.3052407976847735,24.799973244229243,24.329641541063218,24.433269680815673,-3.887937966479471,20.54533171433621,24.453104323913283,-4.257723209831951,20.195381114081336,0.3065409210748877,1.5063969386988174,0.3067897674161167,1.649671693431228,0.30654092107210923,1.5063969386586904,0.3067897674096146,1.6496716934971976
175,0.015298753543483,5.217999946843534,0.9386559180851347,0.9232553806272646,0.30661562142926685,0.3000754026882775,24.439223776266942,23.917926561820718,24.016159515498526,-3.7969073391436012,20.219252176354924,24.006335520113133,-4.1517809561563865,19.854554563956743,0.3013078378266636,1.4711267621865216,0.301184585530372,1.6086239483304403,0.3013078378276433,1.471126762173811,0.30118458553034877,1.608623948336862
176,0.0457131951410041,4.412045046641896,0.9153142329058411,0.8951921208170445,0.29672851694326297,0.28832448114394066,23.651158387078922,22.9813030464867,23.15100850566336,-3.752935612380171,19.39807289328319,23.126831332860828,-3.9912336093102505,19.13559772355058,0.2904536136115569,1.4540897427801365,0.2901502856936527,1.5464192439626312,0.29045361361127386,1.454089742789543,0.29015028568990137,1.5464192439181417
177,0.0295039423537436,4.631221485964994,0.9266946182195583,0.9090335716486316,0.301530275420499,0.2940936411701772,24.033889212722226,23.44114195562335,23.535928505081788,-3.7595840188205742,19.776344486261213,23.521697298956823,-4.078127965921675,19.44356933303515,0.295282837563295,1.456665694144432,0.2951042921991034,1.5800868060272033,0.29528283756273405,1.456665694118722,0.29510429219616907,1.580086806021915
178,0.0196714680182502,4.840999838381929,0.9326203149381711,0.9160090519941146,0.3040446278887618,0.2970206681658414,24.23429916684604,23.674444705864055,23.7935303116531,-3.834591949511165,19.95893836214194,23.8113173144559,-4.140091332582426,19.671225981873476,0.298514721633192,1.485727813484971,0.2987378781854488,1.6040947574538942,0.29851472163317844,1.485727813479096,0.29873787818563236,1.604094757426424
179,0.0085743028406909,6.181569427530204,0.9502273951398372,0.9369954375430477,0.31157319520332133,0.30590729410845147,24.83437407645939,24.38276556380028,24.40027701407468,-3.7743851485166027,20.625891865558074,24.374910443814457,-4.159580758026301,20.21532968578816,0.3061269935660597,1.4624004503714123,0.3058087434131469,1.611646012406719,0.3061269935696559,1.462400450325542,0.30580874343261527,1.6116460125467393
180,0.0599999999999999,4.160041968244382,0.910050155779196,0.8888686171218045,0.29451939405465793,0.28570590815084357,23.475077180347757,22.77258605074305,22.884377889338495,-3.7230961641452804,19.16128172519322,22.805705589798787,-3.9754461028956394,18.83025948690315,0.2871084536807449,1.4425283305711338,0.2861214274055462,1.54030231217573,0.28710845367554144,1.442528330533237,0.2861214273965524,1.5403023121144015
181,0.0050840042597542,6.836263245151685,0.9529605814010623,0.9395713972564645,0.31274967287402017,0.307006474980067,24.928146862490202,24.470377301150073,24.576931683120204,-3.8935445243890103,20.6833871587312,24.61327147680187,-4.247908154945724,20.365363321856154,0.3083433111391397,1.5085692217301785,0.3087992318559481,1.6458688116051163,0.3083433111349821,1.5085692217366973,0.30879923184495717,1.645868811594086
182,0.0138656497278417,5.076855373898056,0.938110756021117,0.9224680708643456,0.30638298163981104,0.29974281083199905,24.420680898877748,23.891416866183352,24.015861758680593,-3.8734284707224313,20.14243328795817,24.04530745172306,-4.169406916716603,19.87590053500646,0.3013041021559811,1.5007751771946698,0.3016735291702465,1.6154531964456251,0.30130410214988557,1.5007751771616393,0.3016735291515018,1.6154531963780459
183,0.0077699479108195,6.024658379759686,0.9473919989831866,0.933256319806795,0.3103549485120964,0.3043150706837031,24.737272032660194,24.255855185268846,24.37220746455433,-3.8916272715559797,20.48058019299835,24.40118537252167,-4.2160290540800505,20.185156318441624,0.3057748317114848,1.5078263745388678,0.3061383898727614,1.633517127919174,0.3057748317087736,1.5078263745589886,0.30613838987724024,1.6335171279995386
184,0.005853793746936,6.974277812650138,0.9518230913297505,0.9382952009114707,0.31225979326277953,0.30646168147588937,24.889100327983144,24.42695377857027,24.545324269852518,-3.839876627458789,20.70544764239373,24.570756769125918,-4.207868314149346,20.362888454976577,0.3079467630838674,1.4877753828523184,0.3082658403852008,1.63035521696403,0.30794676309000474,1.487775382892813,0.308265840387003,1.6303552169479683
185,0.0426446716155711,4.4197176816892165,0.919164234766944,0.8999662784325132,0.29834898865419135,0.29030854476559,23.780320334477043,23.139445591898482,23.231535612960176,-3.717383077556535,19.51415253540364,23.18984806262221,-4.017248603871086,19.17259945875113,0.2914639103898733,1.4403147725817813,0.290940896472993,1.5564988564730629,0.29146391039368785,1.4403147725787961,0.29094089647997895,1.5564988565336424
186,0.0069663814442094,6.22620996540995,0.9494517882079825,0.9356919867749004,0.311239725547637,0.30535180625987735,24.80779441460174,24.338489633653545,24.438539260003196,-3.882187611166914,20.556351648836287,24.466433790999133,-4.240390262977406,20.22604352802173,0.3066070334568538,1.5041689407950571,0.3069569995210012,1.6429559746349327,0.30660703346084706,1.5041689407798866,0.3069569995321952,1.642955974709015
187,0.0039762141987002,7.284717091422492,0.9556445317992828,0.9425428728662826,0.3139070130874337,0.3082767259437881,25.020394270919816,24.571624417685392,24.66181442543749,-3.9033302056062014,20.75848421983129,24.692403016079776,-4.253491168810634,20.438911847269143,0.3094082539140207,1.5123607226120732,0.309792019773947,1.6480319724032888,0.30940825391891447,1.5123607226401887,0.30979201977539583,1.6480319724146029
188,0.012467577179293,5.403333930206169,0.9413179625527215,0.926326825947479,0.30775280039841235,0.30137453577282985,24.529864204732593,24.02147576789355,24.120325714743924,-3.829433898351001,20.290891816392925,24.145785935404216,-4.158028848689668,19.987757086714552,0.3026147117358329,1.4837293061671295,0.3029341368309565,1.6110447189977193,0.30261471173814025,1.4837293062102517,0.30293413683669185,1.61104471901842
189,0.0095541494006276,5.901564288197752,0.9450109663874401,0.930542505060034,0.3093336689559091,0.30316188010227973,24.655869527805933,24.163938529017884,24.273133889127237,-3.8416031378636957,20.431530751263544,24.291219799176318,-4.166083397597546,20.12513640157877,0.3045318500941105,1.4884443261356233,0.3047587567503766,1.6141654858211714,0.30453185009607187,1.4884443261626403,0.3047587567554197,1.6141654857637868
190,0.0064091613343512,6.239905958854861,0.9498198384107875,0.9360294921104656,0.3113979463809476,0.3054955945888668,24.820405625776566,24.34995048203501,24.459376610426965,-3.9176732838659674,20.54170332656101,24.482520455023216,-4.2595875963736125,20.222932858649607,0.3068684598101461,1.517918004998858,0.3071588235450219,1.6503940573689049,0.3068684598233339,1.517918005005684,0.30715882356411334,1.6503940574152227
191,0.0063430129147892,6.428914013772807,0.9504525992076645,0.9367843230309744,0.3116700527300271,0.30581729196355467,24.84209424009145,24.37559181789254,24.48142720862661,-3.8856031598812186,20.595824048745392,24.51166603802224,-4.254577292758904,20.257088745263346,0.3071451076256318,1.505492308650091,0.3075244853649297,1.6484527954217698,0.30714510762727876,1.5054923086206935,0.30752448537355054,1.6484527954171204
192,0.0159930784860771,5.542293903656535,0.9371619237159734,0.9213337044977264,0.3059782790910647,0.29926390718075996,24.38842352038694,23.853245185805992,23.990947045953703,-3.803631691883408,20.1873153540703,24.002748501144925,-4.084909191782591,19.917839309362336,0.3009915210283879,1.473732139244826,0.301139582626021,1.5827142188011674,0.3009915210231726,1.4737321392319804,0.30113958261617485,1.582714218764461
193,0.0061987364753551,6.64906442016478,0.9513072957413558,0.9378003507585406,0.31203777750788,0.3062505578272286,24.87140425401746,24.41012587505371,24.513121258683324,-3.8445474978621936,20.66857376082113,24.54313855665448,-4.208354977413224,20.334783579241257,0.3075427426300294,1.4895851300595555,0.3079193410259241,1.6305437765699715,0.3075427426280795,1.489585130020343,0.3079193410295738,1.6305437763871629
194,0.0171362089520858,5.104115503137514,0.934925195624582,0.9186897998466269,0.30502524580802043,0.298149079505497,24.31246067947891,23.76438629824924,23.901927902218194,-3.8559461821530108,20.045981720065186,23.930481956032384,-4.156422530731138,19.77405942530125,0.2998746827717625,1.4940015953604229,0.3002329232394104,1.610422344753025,0.2998746827742694,1.4940015953783445,0.30023292324284123,1.6104223447407606
195,0.0055236085292244,6.922512370629751,0.9523035601150792,0.9388350714279468,0.31246667077874646,0.3066920905388416,24.905589787598498,24.445318852806608,24.557300191332402,-3.8760517665362353,20.68124842479617,24.5979867139118,-4.232230064330996,20.365756649580806,0.308097013543553,1.5017915835306983,0.308607468520302,1.6397942734025293,0.3080970135371622,1.5017915834818358,0.30860746851695287,1.6397942733409359
196,0.0101420027641303,5.604256450590718,0.9436585864621532,0.928973234191275,0.3087543107200932,0.3024959744844942,24.60969097530516,24.110861597284686,24.228052276067345,-3.8560576102767925,20.371994665790552,24.257721345455774,-4.17913067693934,20.078590668516437,0.3039662541107873,1.4940447686275884,0.3043384836149255,1.6192207057933723,0.303966254113348,1.494044768647209,0.3043384836108132,1.6192207058214623
197,0.0064572319068403,6.143112195957108,0.9495815755086318,0.9357585527520504,0.3112955153576895,0.3053801630391991,24.812241218864198,24.340749850116715,24.430204420373375,-3.9382505424744276,20.49195387789895,24.483894427236645,-4.211383855069922,20.272510572166723,0.3065024641769124,1.5258907452127837,0.3071760614633741,1.6317173271947707,0.3065024641770295,1.5258907452215151,0.3071760614657085,1.631717327216929
198,0.045976581827104,4.5556447238552975,0.9152574763914993,0.8950926045031462,0.29670465829376264,0.28828318867136826,23.64925670029786,22.97801177263455,23.165199011922766,-3.7158881315577257,19.44931088036504,23.125684137091778,-3.992656366966587,19.13302777012519,0.2906316483533702,1.439735549843265,0.2901358929229637,1.5469704970424112,0.29063164835337024,1.4397355498432647,0.2901358929229637,1.5469704970424112
199,0.0055909559254052,6.779115649281955,0.9519907465052339,0.9384837505059959,0.31233197386579675,0.3065421425285934,24.89485358315397,24.433367038479016,24.546925322646086,-3.8708502635899666,20.67607505905612,24.590977024317834,-4.192464018311441,20.398513006006397,0.3079668499655841,1.4997762406465147,0.3085195246334357,1.6243867616303558,0.3079668499743319,1.4997762406794324,0.3085195246424242,1.6243867616382555
200,0.0047923094034897,7.004240963901537,0.9539223942421523,0.9406842121187137,0.31316417954650944,0.30748189377670615,24.961185692274867,24.508271216353567,24.608461430552087,-3.8837821836221638,20.72467924692993,24.634749220553385,-4.233014862659205,20.40173435789418,0.308738884795277,1.504786764198062,0.3090686926132764,1.6400983466180237,0.3087388847943725,1.5047867641798476,0.30906869261956327,1.6400983466295915
201,0.0093186668226754,6.167515904421514,0.9455884920951133,0.9311793658619241,0.3095812367285511,0.3034323203850132,24.675602260819296,24.18549434720168,24.316241941707112,-3.838673942857586,20.477567998849533,24.33746634033663,-4.184227538812939,20.15323880152369,0.3050726856972126,1.487309397947957,0.3053389679750307,1.6211955050801812,0.30507268569722135,1.4873093980012388,0.3053389679772186,1.6211955051136198
202,0.0250195554434293,4.329814921717915,0.9266938295656834,0.9089275057866326,0.30152994142940337,0.29404923614317924,24.033862591498274,23.437602591299587,23.57234759301355,-3.855811677743774,19.71653591526978,23.58754296861075,-4.163843725818814,19.423699242791944,0.2957397531093987,1.49394948109521,0.2959303949879723,1.6132977161344475,0.29573975310939865,1.4939494810952099,0.29593039498797236,1.6132977161344477
203,0.007959236935443,6.066314337389244,0.9471978262522012,0.9330329021704082,0.31027160370806656,0.3042200559734371,24.73062891934855,24.24828190587948,24.36089650187141,-3.8769759408324997,20.483920561038907,24.39494303276592,-4.237863254716733,20.157079778049187,0.3056329238553378,1.5021496585161327,0.3060600731921293,1.6419768752921025,0.30563292385448315,1.5021496585027876,0.306060073189471,1.6419768752889583
204,0.0092080357720192,6.33319831170039,0.9475119936630825,0.9335935377042968,0.31040645915596143,0.30445850841487937,24.741377760040976,24.26728808876488,24.349445242967644,-3.7852104589966733,20.56423478397097,24.3513063765976,-4.1256642684190705,20.225642108178533,0.305489255836375,1.4665947597220856,0.3055126057041832,1.5985049343966686,0.30548925583732106,1.466594759755984,0.30551260569739525,1.5985049344037001
205,0.0058555143626072,6.560958167348215,0.9512287773970808,0.9376254284030127,0.3120039871620671,0.30617594500010936,24.868710947593772,24.404178756084207,24.5073575646201,-3.8964616633563964,20.610895901263703,24.55315975170613,-4.220285598032201,20.332874153673927,0.3074704310601898,1.5096994787579696,0.3080450673982653,1.6351663427045535,0.3074704310605588,1.5096994787374949,0.30804506739958565,1.6351663427397547
206,0.0074395602760358,6.518588077205071,0.9487176750064711,0.9347737958865844,0.3109242521530626,0.30496078711324925,24.78264916971981,24.307322909725052,24.419679905737485,-3.8565734686758057,20.56310643706168,24.445559863405407,-4.204164627071175,20.241395236334235,0.3063704231340026,1.4942446400040803,0.3066951142688585,1.6289202087605668,0.3063704231310576,1.4942446399944413,0.30669511426341206,1.6289202086996952
207,0.0206159744086714,5.280843786417132,0.9358117423232666,0.9199935566008822,0.3054028224208387,0.29869858180737136,24.342555947588004,23.808185142086618,23.867600963241696,-3.701278476816828,20.166322486424868,23.848143144635074,-4.0229182760747815,19.82522486856029,0.2994440154223246,1.4340749813447755,0.2991998967384276,1.5586955933872595,0.2994440154209402,1.4340749813510916,0.2991998967401952,1.5586955933269016
208,0.0230714959212944,5.199899532002,0.9305153528972608,0.9134479694637355,0.3031503525438925,0.29594445855009,24.163019708973078,23.588663924353593,23.76324149514158,-3.7491891737242686,20.01405232141731,23.763684327797886,-4.037939562788653,19.72574476500924,0.2981347167532475,1.4526381703088338,0.2981402725520464,1.5645156503213424,0.2981347167480707,1.4526381703080693,0.2981402725429784,1.5645156503290172
209,0.0131307462572014,5.176528018866579,0.9389869286085251,0.9234828937323509,0.3067569156709548,0.30017154523567613,24.450485829957533,23.925589737034503,24.06800601179597,-3.859324942439252,20.20868106935672,24.088570705161,-4.18103919925949,19.90753150590151,0.3019583063450872,1.4953107093935358,0.302216311930426,1.6199601703129454,0.3019583063433954,1.4953107093526097,0.3022163119206487,1.6199601702509516
210,0.0162281034304119,5.41249874689646,0.9377069814983954,0.9220795055125722,0.3062107302707499,0.2995787276390087,24.406951364372524,23.878338387491617,23.990497644440218,-3.7883699916271523,20.20212765281307,23.990357924892205,-4.133085252733986,19.857272672158224,0.3009858828164058,1.467818933133109,0.3009841298885538,1.601380224113352,0.3009858828180031,1.467818933136021,0.3009841298940331,1.6013802241915984
211,0.00931952980299,5.765206575589664,0.945028685164438,0.9305630238844689,0.30934126306691867,0.3031705915858633,24.65647482696675,24.164632889910944,24.288505027081463,-3.8597931809902812,20.428711846091183,24.296711625803898,-4.208407649229667,20.08830397657423,0.3047246970952696,1.495492130271629,0.3048276574589103,1.6305641844735257,0.3047246970963088,1.4954921302564945,0.3048276574609812,1.6305641845340804
212,0.0038147522825812,7.537243163686926,0.9562556765653042,0.9432108152337279,0.31417082873972246,0.30856259893036997,25.04142206373713,24.594410320954434,24.684323898131215,-3.9224868426275474,20.76183705550367,24.732580375602527,-4.294074906976269,20.438505468626257,0.3096906587899372,1.5197830373746852,0.3102960867676548,1.663756302230759,0.30969065878345753,1.5197830373577124,0.3102960867610956,1.663756302187493
213,0.0095281952401442,5.767647611258173,0.9447689986500925,0.9302621894149363,0.30922997253977214,0.30304288079822583,24.64760426099743,24.15445352428317,24.276081528103994,-3.856319332707519,20.41976219539648,24.316197395335223,-4.168333521201081,20.147863874134146,0.304568831307789,1.4941461740182695,0.3050721268163895,1.6150373051087428,0.30456883130361906,1.494146173986536,0.30507212680337187,1.615037305036572
214,0.0277351934468352,4.822259178362578,0.9280154346856536,0.9105906624998583,0.3020898754387761,0.2947458763223268,24.078492909064003,23.49312926391452,23.606326624710025,-3.735595649040428,19.8707309756696,23.599253200807492,-4.054380767563557,19.544872433243945,0.2961660555981585,1.447371305418907,0.2960773120977363,1.5708858601227769,0.29616605559948994,1.447371305435521,0.29607731211084326,1.5708858602249751
215,0.0099937685906874,5.737794915696864,0.944031899017911,0.9293950557927954,0.3089141862163187,0.3026749037013469,24.62243407368477,24.1251233989189,24.245628100109858,-3.8676520615037293,20.37797603860613,24.27020252694084,-4.204122500366401,20.06608002657444,0.3041867612046403,1.498537084601952,0.3044950730897897,1.6289038866022256,0.30418676120691257,1.4985370846011516,0.30449507309167273,1.6289038865560936
216,0.0026522330630368,8.476909809680759,0.9597580595495536,0.9469540256940298,0.3156847640248508,0.31016697215288247,25.162092377413803,24.722289115984054,24.81905227836289,-3.9133032394130227,20.905749038949867,24.870783897826136,-4.274360240347183,20.59642365747896,0.3113809672222782,1.5162248139956451,0.3120299944906757,1.6561177766900812,0.31138096722080566,1.5162248140305785,0.3120299944965953,1.6561177767350406
217,0.0071369661814152,5.862908326372859,0.9484383672157837,0.9345162967448286,0.3108042639631818,0.30485117104112663,24.77308534446741,24.298585808518034,24.404297521083194,-3.918142590786622,20.48615493029657,24.42543159938079,-4.260370226252575,20.165061373128214,0.3061774350312291,1.5180998398209873,0.306442584146024,1.6506972904101642,0.30617743502866296,1.5180998398104064,0.30644258412864545,1.650697290334578
218,0.0148115156732197,5.692129786141233,0.9386291449887806,0.9230618995263625,0.30660419447461573,0.2999936525808804,24.43831297498259,23.911410556018087,24.039362414751327,-3.8057083013806055,20.23365411337073,24.047971126721272,-4.11915842985082,19.92881269687045,0.3015989424639667,1.474536729805792,0.3017069477588375,1.595984221518177,0.30159894246468266,1.4745367298027832,0.3017069477570794,1.5959842214995261
219,0.0150771184098529,5.1063505139106935,0.9368298059789183,0.9209418194335961,0.3058366811636816,0.29909854423867543,24.37713726100642,23.840064702936047,23.958900785386028,-3.8812352446171494,20.077665540768887,23.990100263495133,-4.161290704349536,19.8288095591456,0.3005894671747797,1.503799942609527,0.3009808972568587,1.6123085378710826,0.3005894671675881,1.503799942564626,0.30098089724451604,1.612308537748009
220,0.0148103040223678,5.207607386158472,0.9373711947128429,0.9215805067404459,0.3060675172566182,0.2993680714270164,24.395536372260498,23.86154774166365,24.008844166131826,-3.8296022693931904,20.179241896738635,24.02497054486667,-4.151282766254653,19.873687778612016,0.3012160591182817,1.4837945421931944,0.3014183814048835,1.6084309226830835,0.3012160591150477,1.4837945421929346,0.3014183814103226,1.608430922621346
221,0.0160631774914665,5.306530791805403,0.9364702557832126,0.9205176265282554,0.30568342205622284,0.2989195958574307,24.36492153107891,23.825801373777363,23.97649847830074,-3.819310676707147,20.1571878015936,23.996863960336714,-4.163088244721391,19.833775715615328,0.3008102486365054,1.4798070239122303,0.3010657549073809,1.6130050019959468,0.30081024862825495,1.4798070238567358,0.30106575489432297,1.6130050018687987
222,0.0091666193425312,5.722754443034716,0.9454532861008205,0.9310949219264407,0.3095232696225273,0.30339645516534386,24.670981912158734,24.18263566007674,24.28645133927944,-3.8784629813491898,20.40798835793025,24.31239613662358,-4.181181366637687,20.13121476998589,0.3046989314339948,1.5027258182443424,0.3050244360503998,1.6200152536257826,0.30469893143435384,1.502725818250911,0.30502443605925805,1.620015253710242
223,0.0117988023278927,5.394050189871268,0.9414470781973153,0.9264170842221796,0.3078080066839042,0.30141275169983,24.534264498359846,24.02452182140974,24.14313175939,-3.8481618688923143,20.294969890497683,24.15063397345039,-4.18886540367112,19.961768569779277,0.302900837417054,1.4909855324070307,0.3029949605384461,1.622992464158412,0.302900837414473,1.490985532403855,0.3029949605396047,1.6229924641557827
224,0.0221253130567445,4.848124978454005,0.9319449782388373,0.915292453750708,0.30375758310353596,0.29671936156917555,24.211419863739287,23.650428645277003,23.749012400627294,-3.7807998721723854,19.96821252845491,23.73203650139224,-4.1065419346194165,19.625494566772822,0.2979561978814202,1.464885860416784,0.2977432174716933,1.591095910552942,0.2979561978790232,1.4648858604302042,0.2977432174784944,1.5910959105636575
225,0.0392451198104302,4.34160651884534,0.9181612553678928,0.8986432795309529,0.2979264430908755,0.2897581157304093,23.746640753738763,23.095572881496352,23.259326983889913,-3.764274620412295,19.495052363477622,23.241573871397883,-4.045115626123728,19.196458245274155,0.2918125822031028,1.458483086278603,0.2915898508402379,1.5672960444359263,0.29181258220192074,1.4584830862737828,0.29158985083840505,1.56729604443839
226,0.0056221355474905,6.85389286021257,0.9520421874179797,0.9385415668375413,0.3123541223201758,0.30656681687101545,24.896618956458646,24.435333741196818,24.5480525249797,-3.8638054303599145,20.684247094619785,24.58378133566249,-4.236166072824347,20.347615262838143,0.3079809918977159,1.497046692155029,0.3084292471938219,1.6413192954569438,0.30798099189766726,1.4970466921458025,0.3084292471897549,1.641319295417827
227,0.0067559740749211,6.330424361929392,0.9498297358676054,0.9361051392144097,0.31140220171865707,0.3055278270790239,24.820744803376325,24.3525196174109,24.45613158198316,-3.8519767147767965,20.60415486720637,24.489023696627633,-4.2053635781145005,20.283660118513136,0.3068277475345861,1.4924636095295407,0.3072404135122032,1.629384747083165,0.30682774754319037,1.4924636095585728,0.3072404135271084,1.629384747169905
228,0.014552871779527,5.073698129514218,0.9389358878238424,0.9235829673535867,0.3067351265492895,0.30021383887577063,24.448749097765663,23.928960810333916,24.015310027345084,-3.8398936636338137,20.175416363711275,24.01685387139162,-4.204316003593964,19.81253786779766,0.3012971801093626,1.4877819835856956,0.3013165492475174,1.6289788601928905,0.30129718010505513,1.4877819835518857,0.30131654924666446,1.6289788602018267
229,0.0450515250298063,4.23575599887972,0.9162054950973074,0.8963392588883506,0.2971032906507555,0.28880065627511387,23.681030245727797,23.019257246384242,23.13343231711257,-3.76109682813375,19.372335488978827,23.100852107799557,-4.0321798913473055,19.068672216452256,0.2902331019445665,1.4572518380947344,0.2898243491455309,1.562284042846645,0.29023310194708374,1.4572518381149817,0.28982434915163713,1.5622840429003615
230,0.017873601335114,4.851235149314072,0.9337833808646606,0.9173605693178953,0.3045392732650388,0.2975893191358122,24.273725563271565,23.719769820875896,23.849780659117446,-3.8469921358138404,20.00278852330361,23.876060994897145,-4.099032377906838,19.77702861699031,0.2992204410701629,1.4905323147004468,0.2995501553671565,1.5881863031105536,0.2992204410722955,1.4905323147258076,0.29955015538070195,1.5881863031226053
231,0.0119880694049474,5.715575126764546,0.941993607048661,0.927056014073575,0.30804173896429476,0.3016833428527621,24.552894454255686,24.046089664912166,24.165312739090528,-3.8329742529134974,20.33233848617703,24.182521897345076,-4.165156969288245,20.01736492805684,0.3031791210048246,1.4851010305415495,0.3033950278928992,1.613806537509473,0.30317912100693545,1.4851010305290864,0.3033950279052815,1.6138065375754276
232,0.0174492248906999,4.937160449158951,0.9341454339262967,0.9177659464351269,0.30469332898677354,0.2977599787964351,24.28600478844587,23.733372486050303,23.881105964069597,-3.852510338666442,20.02859562540316,23.885644536424454,-4.174922736801843,19.71072179962262,0.2996134497815808,1.492670364215626,0.2996703909183258,1.6175903227481685,0.29961344977809357,1.4926703641973276,0.2996703909191027,1.6175903228022033
233,0.0137106087349738,5.339413002371099,0.9404631486944541,0.925380765576169,0.30738742313012046,0.3009741028142566,24.500741302315156,23.989558703014904,24.065177646353177,-3.825548253521469,20.239629392831716,24.072904673491777,-4.160156319799009,19.91274835369277,0.3019228215426315,1.4822237977134085,0.3020197651792049,1.6118690160914262,0.30192282153899913,1.4822237977439843,0.30201976517569323,1.6118690161501226
234,0.021742694034353,4.934627032802795,0.931314850376287,0.9144541542116537,0.30348986779907555,0.29636706110196,24.1900812437318,23.622348047443698,23.766316948766093,-3.763759559935775,20.00255738883032,23.77335650414941,-4.067531654595546,19.705824849553863,0.2981733015353539,1.458283524060336,0.298261620119782,1.5759812233042274,0.2981733015353539,1.458283524060336,0.2982616201197806,1.5759812233048398
235,0.0057551955981496,6.529582399200946,0.951350704489009,0.9377630096036637,0.31205645919648195,0.3062346293068231,24.87289330394301,24.40885627022144,24.514569293845597,-3.866036243351982,20.648533050493626,24.556445193191717,-4.2061556808475435,20.35028951234417,0.3075609097455318,1.49791102946983,0.3080862866976995,1.6296916504191954,0.3075609097560226,1.4979110294994882,0.30808628671186333,1.629691650463094
236,0.0075098914145882,6.207666281607033,0.9483211295936007,0.9343549165613085,0.31075390624810745,0.304782481706348,24.76907151287649,24.293110829729045,24.409475857050943,-3.872612466705542,20.5368633903454,24.429965216974963,-4.245029508861014,20.184935708113947,0.3062424026715787,1.5004590132117035,0.3064994631201144,1.644753468796926,0.30624240266956815,1.5004590132037372,0.3064994631263897,1.6447534687014578
237,0.0112679905194073,5.320077793438847,0.9414117695042898,0.9263249755286522,0.30779290919840946,0.30137375231721975,24.53306113231886,24.021413321476484,24.148896500972803,-3.9140181213299887,20.23487837964282,24.17293379075481,-4.20752592870417,19.965407862050647,0.3029731621291223,1.5165017978211417,0.3032747350682409,1.6302225583694447,0.3029731621264732,1.5165017978247854,0.3032747350707173,1.6302225584221577
238,0.0186829979419566,4.946245974765539,0.9331085456948853,0.9165348342464602,0.30425222398564017,0.29724183182801633,24.250845901950534,23.692072862596177,23.83662874634053,-3.847995820776772,19.98863292556376,23.881367285032287,-4.093950219933393,19.787417065098893,0.2990554365697747,1.4909211964080804,0.2996167283263538,1.5862172009080011,0.29905543656192174,1.4909211963590616,0.2996167283202566,1.58621720079874
239,0.0047745821687968,6.8110148035880504,0.9536225072998827,0.9403341339137454,0.3130349110000323,0.3073322954432818,24.950882163316162,24.49634727350267,24.596399982145865,-3.941410932045597,20.654989050100276,24.646000115587213,-4.255008781891115,20.390991333696103,0.3085875613108543,1.527115250648866,0.3092098468579453,1.6486199775922283,0.30858756130513065,1.527115250577593,0.30920984684942165,1.648619977602599
240,0.0347100410089503,4.2916701783032405,0.9226435597659034,0.9041735664765668,0.29981692978526636,0.2920620990523378,23.897324620251844,23.279215070758998,23.36598612150659,-3.808024406552994,19.5579617149536,23.343597290111312,-4.112238419006249,19.231358871105066,0.2931507326313175,1.4754341139131186,0.2928698413266598,1.5933030359535152,0.293150732631915,1.4754341139194724,0.2928698413211266,1.593303035922879
241,0.0196419841491791,4.8795813503608505,0.9322753725672597,0.9155588520034823,0.3038979979593034,0.2968313571481753,24.222611824754242,23.659355408383103,23.809778510093352,-3.8492415062553027,19.960537003838056,23.822965700536503,-4.1387074221364974,19.68425827840001,0.2987185722754003,1.4914038421723954,0.2988840193710056,1.6035585558793954,0.29871857228148724,1.491403842167397,0.29888401937611003,1.6035585558436831
242,0.0128292790886743,5.4036397524959785,0.9401500509407192,0.9248755672355485,0.30725364530694016,0.3007603716393717,24.490078355196662,23.97252296300065,24.098467546412135,-3.860697935197308,20.237769611214823,24.131615335475274,-4.150462655955935,19.98115267951934,0.3023404781542874,1.495842680866698,0.3027563518348775,1.608113167704986,0.30234047815116777,1.4958426808577368,0.30275635183166505,1.608113167702601
243,0.0065406990462594,6.430425061710053,0.949919915945931,0.9361432072867203,0.3114409752426329,0.305544048113846,24.82383530093357,24.353812537510837,24.46207319043925,-3.9034537859314304,20.558619404507823,24.508467589942455,-4.230171601741564,20.27829598820089,0.3069022912265515,1.5124086042977414,0.3074843574887512,1.6389967139327328,0.30690229122753604,1.512408604298347,0.3074843574874214,1.6389967139322568
244,0.0048725173371565,7.0692951261917365,0.95385700952609,0.9406114700996142,0.3131359927977943,0.30745080623357135,24.95893902833725,24.5057933405696,24.614882798893348,-3.848003024266284,20.766879774627068,24.63582741429532,-4.237544322007199,20.398283092288125,0.3088194475767469,1.4909239874285758,0.3090822196813712,1.641853303552678,0.3088194475796687,1.4909239874123479,0.3090822196833891,1.6418533035816558
245,0.0126994242989718,5.438891325648489,0.9417430931999873,0.926883964368604,0.30793459212207713,0.3016104675585959,24.544354166446244,24.04028103841888,24.131560312163007,-3.7947293280013352,20.336830984161672,24.134244527265956,-4.145259641591775,19.98898488567418,0.3027556615098803,1.470282883157214,0.3027893377955666,1.6060972392159638,0.30275566151901145,1.47028288316769,0.3027893378119438,1.6060972393258754
246,0.0080829657646092,6.33254938194923,0.9476441070497315,0.9335655861376493,0.31046317673453916,0.30444661784295907,24.745898513381746,24.266340334222452,24.38783817532858,-3.837455256008956,20.550382919319627,24.388388318534368,-4.193009259285699,20.19537905924868,0.3059709353251389,1.4868372129095546,0.3059778374470092,1.6245980174018095,0.305970935316776,1.4868372129068228,0.3059778374293509,1.6245980174419261
247,0.013118559036048,5.689577045449515,0.9413275218105966,0.926338025991701,0.3077568875134419,0.3013792778207432,24.530189973910108,24.0218537394058,24.12021861461983,-3.799582941764601,20.32063567285523,24.125157935826305,-4.132685406352637,19.992472529473677,0.3026133680527681,1.4721634350018284,0.3026753370029699,1.6012253020518357,0.3026133680526246,1.472163434997246,0.30267533701056193,1.601225302017109
248,0.0108771511713839,5.69695759643297,0.9427407712691557,0.9278752763151963,0.3083614115576697,0.302030470690745,24.5783744021077,24.073757971151394,24.203495796904868,-3.836562673760646,20.366933123144225,24.250992923587113,-4.120542009288804,20.130450914298308,0.3036581673979094,1.4864913783880207,0.30425406852583,1.596520294842339,0.30365816739745494,1.4864913783737992,0.3042540685329975,1.59652029482971
249,0.0039933747039506,7.467032864686936,0.9569337660523807,0.9442006241524253,0.31446366673754517,0.3089864575584371,25.06476312289655,24.628194561341626,24.704977036799832,-3.852355488487848,20.852621548311987,24.72089956828591,-4.229774458403017,20.49112510988289,0.3099497740141078,1.492610366901625,0.3101495388237852,1.6388428391758387,0.3099497740150862,1.4926103668739257,0.31014953881214624,1.6388428391452485
250,0.0109341423041479,5.451523122505405,0.9423657902893426,0.9274675626531526,0.3082009572291246,0.30185769607497687,24.565585167094476,24.059986730540974,24.170922607390096,-3.881641629999098,20.289280977391,24.20979393939439,-4.209792201481801,20.000001737912594,0.3032495026695843,1.5039573982326817,0.3037371841821966,1.6311006347183767,0.3032495026684038,1.50395739821321,0.3037371841846105,1.6311006348079182
251,0.0046270159443308,6.997075811581835,0.9540134412484731,0.9407435928117791,0.3132034310878572,0.3075072722251554,24.964314290870366,24.510294040819765,24.60640705786466,-3.9075478006187776,20.69885925724589,24.656520924106104,-4.2655672883044105,20.390953635801694,0.3087131105413985,1.5139948464768038,0.3093418414037414,1.6527109126522397,0.30871311054048506,1.5139948464623263,0.3093418413996114,1.6527109126384734
252,0.0206240759915086,5.027665928499435,0.9340626938326702,0.9178446733030943,0.3046581193795917,0.2977931272161851,24.28319835782443,23.73601462686597,23.824642073814218,-3.753844770500982,20.07079730331324,23.81643406228878,-4.086834181686128,19.72959988060265,0.298905051226968,1.454441999689015,0.2988020731382361,1.5834600637510394,0.2989050512220287,1.454441999670307,0.29880207312567086,1.583460063660343
253,0.0139454753021977,5.604208061291259,0.9397217765288577,0.9243947240872347,0.3070707000826126,0.3005570094858472,24.475496452111297,23.9563137002291,24.082710008525147,-3.7912147979331956,20.29149521059196,24.088632582340075,-4.124926601492593,19.96370598084748,0.302142783361865,1.468921164585247,0.3022170882443502,1.5982191224291409,0.3021427833539824,1.4689211645616644,0.3022170882362609,1.5982191224037974
254,0.009408088481363,5.947459371364747,0.9451907041545148,0.9307382532473801,0.30941070705787305,0.30324499180694897,24.662009956673906,24.17056306282138,24.282456659041436,-3.8616524087922923,20.42080425024915,24.310884802151985,-4.169752408399415,20.14113239375257,0.3046488139926718,1.49621249543523,0.305005474778862,1.615587058564265,0.30464881399307836,1.4962124953740705,0.30500547477798373,1.6155870584957799
255,0.0045675601296128,7.15240479103924,0.9545272986710621,0.9413556197954334,0.3134250056664569,0.3077689011144454,24.981975200266593,24.53114753465641,24.636966020531474,-3.891339602148674,20.745626418382805,24.65810230611393,-4.273454174257082,20.38464813185685,0.3090965046873868,1.507714915889512,0.3093616814948787,1.655766717800728,0.3090965046847335,1.50771491586775,0.30936168148979803,1.6557667178473938
256,0.0085190928234847,5.867244528836577,0.9464753852267648,0.9322601413591864,0.3099616032723722,0.30389152415688586,24.705919904252195,24.222095821345064,24.320875945791848,-3.916753947642499,20.404121998149357,24.355454159444843,-4.219687047836167,20.135767111608683,0.3051308241248138,1.5175618045438592,0.3055646439778577,1.6349344320643282,0.3051308241208704,1.517561804536246,0.30556464397054045,1.634934432121342
257,0.0083399756897668,6.170319799971654,0.9470989858007304,0.9329524664808165,0.3102291824712634,0.3041858517954988,24.727247675776336,24.245555614391716,24.362230325580562,-3.8315770887489786,20.530653236831583,24.390866971832708,-4.190617767191083,20.200249204641626,0.3056496580687156,1.4845596937613754,0.3060089347448749,1.623671424333373,0.3056496580731046,1.4845596937926337,0.30600893475229407,1.6236714243579238
258,0.0096028448139683,5.77714481758925,0.944889908788908,0.9304268745087785,0.3092817870973479,0.3031127901081956,24.65173421224244,24.160025742888443,24.275278567334414,-3.8424436309680643,20.43283493636635,24.29002788411253,-4.206199711466873,20.08382817264566,0.304558757325178,1.4887699785123676,0.3047438029293666,1.6297087102567591,0.3045587573199323,1.4887699784718877,0.3047438029375582,1.6297087102356946
259,0.0176208853897232,4.943872294035149,0.9357781994589701,0.9198492458509964,0.30538853267532584,0.2986377353809541,24.341416963583644,23.803335293196774,23.8970392045075,-3.8197631757772514,20.07727602873025,23.887384687625957,-4.144304239954555,19.743080447671403,0.2998133489462586,1.4799823464662027,0.2996922229350426,1.6057270650737978,0.29981334895077255,1.479982346474651,0.29969222295257203,1.6057270651292916
260,0.0130070278687206,5.447316192874398,0.9418352041240073,0.9270298769432137,0.3079739866844633,0.30167227139229913,24.54749416473216,24.045207198785608,24.122373331761956,-3.800153053476669,20.32222027828529,24.11011126809011,-4.1484808872567545,19.961630380833363,0.3026404012327736,1.4723843270389907,0.3024865608200351,1.6073453235862285,0.30264040123468483,1.4723843270768524,0.30248656080798936,1.6073453235912338
261,0.0056694146670736,6.55088475271009,0.9515281861919754,0.9379631195980462,0.3121328469832122,0.3063199942500104,24.878981898532455,24.41566040152916,24.51237776059205,-3.920955723123303,20.591422037468742,24.570490888882418,-4.243068225816444,20.327422663065978,0.3075334146689053,1.5191897990684515,0.3082625046394818,1.643993561926051,0.30753341466957745,1.51918979903768,0.30826250463156074,1.643993561856448
262,0.0026814010412757,7.7324376857960315,0.9590663799837587,0.9462289428474816,0.315385503212213,0.30985588806051184,25.13823937888284,24.69749372652789,24.797231488717546,-3.9542908807367154,20.842940607980832,24.830525874803232,-4.32815891220245,20.50236696260078,0.3111072025954458,1.5321056376988085,0.3115249154889986,1.6769622848297572,0.3111072025935186,1.5321056376848101,0.311524915503308,1.6769622848752854
263,0.0085332495731544,6.036582720210794,0.9465919257114028,0.9323687683263462,0.3100116010310695,0.30393769586758956,24.709905045020363,24.225776001646253,24.347320257198305,-3.84008340450383,20.50723685269448,24.356962530075883,-4.189195950792363,20.16776657928352,0.305462595667535,1.487855499436052,0.3055835680649161,1.6231205359475784,0.3054625956698286,1.487855499456369,0.30558356806441345,1.6231205359369747
264,0.0133832226990906,5.61638207492587,0.9398399520007042,0.92448410983805,0.3071211757748301,0.30059480843370595,24.479519687234202,23.959326517843945,24.092614039011547,-3.8169815327725587,20.27563250623899,24.11440822590424,-4.1459704861613,19.968437739742942,0.3022670397822015,1.4789045878849318,0.3025404706496801,1.6063726587552298,0.3022670397781681,1.4789045878790748,0.3025404706422548,1.6063726587619658
265,0.0121693796428871,5.462254633155659,0.940999700738812,0.9258711122615257,0.3076167403337891,0.3011816179713453,24.519019348391485,24.00609898670109,24.133191193502228,-3.8354806849245993,20.29771050857763,24.154133385276424,-4.170582591955531,19.9835507933209,0.3027761226218976,1.4860721575351212,0.3030388643195768,1.6159087164657733,0.30277612262041914,1.4860721575379432,0.3030388643188614,1.615908716422685
266,0.0290740815149945,4.4493019141864165,0.9237205496858623,0.905307849641402,0.30027198913659664,0.2925356725826507,23.93359575760226,23.3169619064482,23.482095699772493,-3.820051897607925,19.66204380216457,23.472583650111343,-4.128213030656969,19.344370619454377,0.2946074487209857,1.4800942128811538,0.2944881101100454,1.599492462403994,0.29460744871695055,1.4800942128871577,0.2944881101022046,1.5994924624048796
267,0.0155305060906011,5.258205339415283,0.9373155956788138,0.9215617489579857,0.30604380730719155,0.29936015401512384,24.393646537825255,23.86091667335712,23.9859411900251,-3.823718296035123,20.162222893989973,24.010552770167457,-4.138633088593777,19.87191968157368,0.3009287173305133,1.481514773449352,0.3012374953428098,1.6035297550543408,0.3009287173358674,1.481514773485167,0.3012374953562771,1.6035297551625163
268,0.0319856349815605,4.5426728545267565,0.9230707401366879,0.9045721852300767,0.29999738771299994,0.2922284864514961,23.911708269909106,23.292477209402243,23.445753670873152,-3.7700729972654,19.67568067360776,23.44001665930095,-4.055133005098108,19.384883654202845,0.294151499961034,1.460729690318134,0.2940795231509495,1.5711773175300174,0.2941514999610341,1.460729690318134,0.29407952315089764,1.5711773175320138
269,0.0070997411297067,6.294180000902705,0.9488422129848121,0.9349159799233954,0.3109777596631678,0.305021322025629,24.786914060096493,24.312147928956065,24.42965415977256,-3.8772871364598007,20.55236702331276,24.446970063188026,-4.253833992532994,20.19313607065504,0.3064955605821988,1.5022702324924524,0.3067128066999539,1.648164800810102,0.30649556058935357,1.5022702324984365,0.3067128067132978,1.6481648008625487
270,0.0235673569412535,4.890627927246321,0.9293165716946076,0.9120307816308213,0.30264160842118015,0.29534969979800635,24.122469552389827,23.541257852323376,23.679922051016923,-3.8100941849291106,19.86982786608782,23.696505119594363,-4.065549827166751,19.63095529242761,0.2970893871891297,1.4762360577292106,0.2972974391274246,1.5752133564304482,0.2970893871946295,1.4762360577222748,0.2972974391308534,1.5752133564254915
271,0.0146525180845618,4.972261827248131,0.9374860664625497,0.9217757818865548,0.30611650650669137,0.299450500214531,24.399441128448686,23.868117842607255,23.988351141159956,-3.8710678742911613,20.1172832668688,24.01762022697994,-4.156194372755757,19.861425854224183,0.3009589526878877,1.4998605547731634,0.3013261639798468,1.6103339440432871,0.30095895269433576,1.4998605547901849,0.3013261639913813,1.6103339440915851
272,0.0093240523097003,5.818199643147556,0.9454475156998986,0.9310882422277796,0.30952079578247343,0.3033936182328272,24.67078473130284,24.182409538432026,24.287513041459544,-3.868840018170878,20.418673023288665,24.296922507713663,-4.215991927689844,20.080930580023825,0.3047122515981991,1.498997363110027,0.3048303031930139,1.633502743152484,0.3047122516001304,1.4989973631220004,0.30483030320325977,1.6335027431575184
273,0.0064456321723957,6.650473086390879,0.9504101656882652,0.936699498127993,0.31165180149636884,0.3057811329824053,24.840639500174778,24.372709716101014,24.484447802012312,-3.856209229524211,20.6282385724881,24.50926908689313,-4.204515401191328,20.304753685701804,0.3071830041286681,1.4941035141045296,0.3074944131062231,1.629056117580442,0.307183004125387,1.494103514085142,0.30749441309755693,1.6290561175404472
274,0.0051521898195743,6.618629559087866,0.9527497859548626,0.9393749617352366,0.31265886259143605,0.3069225893374446,24.92090870284617,24.46369107954757,24.56148726774126,-3.919279989486704,20.64220727825456,24.596440770657907,-4.289949339110464,20.30649143154745,0.3081495447960521,1.5185405294448076,0.3085880730453955,1.6621578346479362,0.308149544792253,1.5185405294210301,0.3085880730247416,1.6621578345915795
275,0.0157910687205179,5.145795731432093,0.9379770409429217,0.9224514869156961,0.3063259333730675,0.29973580692355023,24.416133787577632,23.89085860993701,23.97468421063453,-3.823058997744967,20.151625212889563,23.9568706385773,-4.1406019921430826,19.816268646434217,0.3007874867512259,1.4812593257198503,0.3005639968598855,1.604292614519908,0.30078748675917955,1.4812593257538065,0.300563996881441,1.6042926145671672
276,0.0090445161889824,5.583424745625164,0.9447616353655803,0.9302225744024967,0.3092268172269523,0.30302606522733083,24.647352762408644,24.15311321586016,24.256598388223292,-3.9252894804660143,20.33130890775728,24.302285354411033,-4.226293645322696,20.07599170908834,0.304324394942027,1.520868930487319,0.3048975857134326,1.6374941843841249,0.30432439494309343,1.5208689305005978,0.3048975857133775,1.6374941843737931
277,0.0140192130935641,5.25434596355837,0.9410241135033494,0.9261388049482905,0.307627176028862,0.3012949336942037,24.519851139955,24.015130973706178,24.06832549945503,-3.8122718527606554,20.25605364669438,24.06985860553569,-4.176641373575796,19.89321723195989,0.3019623146518984,1.477079803741422,0.3019815490710412,1.6182562153620268,0.30196231465538403,1.4770798037270847,0.3019815490743019,1.6182562153225573
278,0.0152373576072207,5.718475832325902,0.9385634598597539,0.9230115252839711,0.30657616042459523,0.2999723700197332,24.43607848210642,23.90971419993556,24.047813079530457,-3.7572125523410898,20.29060052718937,24.045694476210915,-4.064941797623121,19.9807526785878,0.301704964891539,1.4557468600797627,0.3016783847972066,1.5749777729795138,0.30170496489364823,1.4557468600567283,0.30167838480149345,1.5749777729416892
279,0.0052179081001714,6.579122669792441,0.9527480509228788,0.9394044674955806,0.31265811519504466,0.3069351887627197,24.920849130579192,24.46469533423073,24.557101714708843,-3.928275641164759,20.628826073544083,24.580577782517672,-4.2681647875237365,20.31241299499393,0.3080945234467386,1.522025930257849,0.3083890552692636,1.6537173239957337,0.30809452344974503,1.5220259302601011,0.30838905527812005,1.6537173240488776
280,0.0052739846358684,6.717988421494576,0.952951621487382,0.9396524884848331,0.31274581270434393,0.3070411072432799,24.927839182307135,24.47313771376895,24.5655606701382,-3.876865999962737,20.688694670175465,24.59062561601886,-4.26190909273711,20.32871652328175,0.3082006498891886,1.5021070614914178,0.3085151158488134,1.6512935303145442,0.3082006498955744,1.502107061520765,0.30851511585950836,1.651293530435069
281,0.0044134688914072,6.92695762605124,0.9543412017480405,0.9411075055352468,0.3133447523063909,0.3076628247766917,24.975578494787896,24.522692572891433,24.630598861847446,-3.90901910384255,20.721579758004903,24.661730868127513,-4.254413744600091,20.407317123527427,0.3090166220227607,1.5145649087286446,0.3094072056001807,1.64838942804094,0.30901662202326396,1.5145649087629856,0.30940720559134127,1.6483894280232687
282,0.009246369860972,5.916450503676823,0.9451882322980862,0.9307163018181357,0.3094096475244157,0.3032356710360334,24.661925505088753,24.169820137835654,24.291163969244298,-3.8800906538014264,20.41107331544287,24.31214176171682,-4.206612033437206,20.105529728279613,0.3047580563054911,1.5033564663720629,0.3050212446511628,1.629868466034558,0.304758056316514,1.5033564664150278,0.30502124466950586,1.6298684661221905
283,0.0199429780986099,4.872253077908986,0.9318346052655079,0.915020195428478,0.3037106822418044,0.2966049223636868,24.207681565443156,23.641307109529148,23.79545803217681,-3.82211501357983,19.973343018596985,23.79834436833081,-4.141340606085292,19.65700376224552,0.2985389069032206,1.4808935753223895,0.2985751190088756,1.6045787934124254,0.29853890689493906,1.480893575274018,0.29857511900190936,1.604578793341208
284,0.0080409493866984,5.791100408481306,0.9465628751700685,0.9323030960553057,0.3099991375204065,0.3039097815877685,24.708911623600045,24.223551055220103,24.33613776856524,-3.889954655027775,20.44618311353747,24.370035172758033,-4.19770941256523,20.172325760192805,0.3053222996527048,1.5071783126511968,0.3057475780390628,1.6264191103751915,0.3053222996539302,1.5071783126635445,0.30574757803687175,1.626419110315865
285,0.0072950545871659,6.190491228935092,0.9483748379329031,0.9343820049444165,0.31077697540365573,0.30479401101228043,24.770910271946057,24.294029789064368,24.393497162189053,-3.9038525558778687,20.489644606311185,24.425576578747968,-4.219765034144548,20.20581154460342,0.3060419332336146,1.512563109290295,0.3064444030638083,1.6349646481678817,0.30604193322779294,1.5125631092806824,0.30644440305005105,1.6349646481403717
286,0.0105991313805767,5.21821510311356,0.9421043944944976,0.9271510847427104,0.3080891292686095,0.301723615547522,24.5566717642524,24.04929965595803,24.172078522391267,-3.9038227761736977,20.26825574621757,24.192880934523373,-4.220093130326491,19.972787804196884,0.303264004832159,1.5125515710261597,0.303524992848043,1.6350917703309251,0.303264004828204,1.5125515710273665,0.3035249928480167,1.6350917702803358
287,0.0057502902241008,6.586048691195857,0.9514427539216671,0.9378668186168162,0.312096075986634,0.30627891181179,24.876051015201526,24.412385868756623,24.523811842185275,-3.893414600199929,20.630397241985342,24.555551350644738,-4.218744809354257,20.336806541290485,0.307676867180543,1.5085188820893758,0.3080750725081446,1.6345693580387366,0.30767686718708304,1.5085188821170998,0.3080750725150328,1.6345693580459537
288,0.0183590390942968,4.814095992011641,0.9347500852827543,0.9186291482406062,0.30495069286022,0.2981235276228077,24.30651833327364,23.76234964996616,23.85255695990022,-3.8187586941736917,20.033798265726528,23.84373150947459,-4.158776446469084,19.684955063005507,0.2992552726670081,1.4795931560970077,0.2991445481615401,1.6113343787134866,0.29925527267126645,1.4795931561069424,0.2991445481779307,1.611334378741619
289,0.0175368907741744,4.901455337903276,0.9342362954136203,0.9178980478158894,0.3047319967993631,0.29781560183803363,24.28908686013031,23.737805997801615,23.86244639315238,-3.855913690807994,20.00653270234439,23.895401128796113,-4.158789957520108,19.736611171276003,0.2993793459497749,1.4939890064603196,0.2997927975733184,1.6113396136236309,0.29937934594613425,1.4939890064472012,0.2997927975629979,1.6113396135629618
290,0.0125056800426997,5.550318536027286,0.9405926060329333,0.9253662571021033,0.30744274459417037,0.30096796382320623,24.50515077640928,23.989069386210556,24.12641680659065,-3.835584033123405,20.290832773467248,24.155376289770015,-4.141659770764822,20.013716519005197,0.3026911308532674,1.4861122002034053,0.3030544578563097,1.6047024550295423,0.3026911308544524,1.4861122002188585,0.3030544578587347,1.6047024549995335
291,0.0203142720429124,5.027154658017717,0.9320373656813385,0.9152612023678667,0.30379684395612827,0.2967062245498476,24.21454920450046,23.649381540913524,23.79720852018213,-3.8284033361829226,19.96880518399921,23.79798421095925,-4.112053902144552,19.685930308814697,0.2985608686059518,1.4833300107800846,0.2985706004579877,1.5932315441658391,0.29856086859839664,1.4833300107337253,0.2985706004489199,1.593231544145199
292,0.0061623474686966,6.425920766580667,0.9510275461411575,0.9374836522579441,0.31191739529739515,0.3061154768852534,24.861809022805797,24.399359061042563,24.50097288748986,-3.8729884757575532,20.62798441173231,24.52762149893494,-4.2388610870587025,20.288760411876247,0.3073903286083347,1.5006046994057107,0.3077246633087026,1.642363489378602,0.30739032860538373,1.5006046993932238,0.3077246633083079,1.6423634893858337
293,0.0028028628614672,8.025677705362595,0.9590149886607021,0.9461740090541945,0.31536327376975026,0.30983232569880426,25.13646755031052,24.695615655776685,24.785562670438527,-3.950198697758395,20.83536397268013,24.832348271403646,-4.315900029414846,20.516448241988805,0.3109608050665913,1.5305201052226514,0.311547779360259,1.6722125322199346,0.3109608050679432,1.5305201052239927,0.31154777937278716,1.6722125321876151
294,0.0090302028949805,5.831463827988953,0.9452967138537761,0.9308417497398226,0.30945614853688486,0.30328893912880306,24.665631932844324,24.17406594512122,24.298672082009624,-3.8738450824995803,20.42482699951005,24.319363859239555,-4.215964105506982,20.10339975373258,0.3048522534323056,1.500936595075082,0.3051118534176371,1.6334919633377207,0.30485225342917305,1.5009365950416103,0.3051118534166645,1.633491963379132
295,0.0151794148463758,5.270566692959761,0.9371899675848565,0.9213667836440328,0.3059902369608755,0.29927786744749385,24.38937663900116,23.85435790824686,23.994781328556243,-3.8701995301979575,20.124581798358285,24.006409563984196,-4.169122183176287,19.83728738080791,0.3010396261136261,1.4995241114206672,0.3011855144881714,1.6153428753095438,0.3010396261126824,1.4995241114374942,0.3011855144877304,1.6153428753362116
296,0.0072214298668914,6.217675905736322,0.9490577870557602,0.9352420636379094,0.3110703909858372,0.30516017351375374,24.794297368268644,24.32321527958266,24.419583878760136,-3.877354115594293,20.54222976316584,24.45390535228628,-4.235925074364707,20.217980277921573,0.3063692183751443,1.5022961838229587,0.3067998171547916,1.641225919650806,0.3063692183786308,1.502296183830135,0.30679981715752036,1.6412259196239267
297,0.0076821994379234,5.963897726213568,0.9476350701777385,0.9335684288578809,0.3104592969599212,0.3044478271237487,24.745589270559584,24.266436721626615,24.376488938618653,-3.8804581523169532,20.4960307863017,24.417639956523477,-4.219688709794913,20.197951246728564,0.3058285472812952,1.5034988551250572,0.3063448298376826,1.634935075996816,0.30582854727861186,1.503498855156378,0.30634482982776484,1.6349350759324492
298,0.0195843531159422,4.970349024520728,0.9324442695783771,0.9157455763612603,0.30396978947476744,0.29690986883010856,24.228334067161477,23.66561329098828,23.817259281645754,-3.8325228617647396,19.984736419881013,23.84024769584379,-4.112362100999827,19.72788559484396,0.2988124263781045,1.4849261372560838,0.2991008400760817,1.5933509570309876,0.2988124263728829,1.4849261372462885,0.2991008400733313,1.593350957053221
299,0.0110430430092289,5.759086110894398,0.9429364902784672,0.92813287446652,0.3084451753389837,0.3021396553099069,24.585050910585434,24.082460682801194,24.21692104832231,-3.8315796329138396,20.38534141540847,24.2263009196953,-4.153485331932206,20.0728155877631,0.3038266012174074,1.484560679508111,0.3039442815134874,1.6092843154641814,0.3038266012223174,1.4845606795367907,0.30394428152574887,1.6092843155167789
300,0.0067231174041086,6.48567816414502,0.949725275492553,0.9359219953021495,0.3113572911521644,0.30544979398931493,24.817165144325305,24.346299881663384,24.46806879594007,-3.826283201488384,20.641785594451687,24.502433098030018,-4.194807719974315,20.307625378055704,0.3069775123679146,1.4825085562093023,0.307408648476686,1.6252948381070418,0.3069775123637878,1.4825085561821154,0.30740864846778654,1.625294837991724
301,0.0112549539250467,5.446822088535789,0.9423144595567746,0.9274450784623207,0.3081789958754823,0.3018481694049508,24.56383470691377,24.0592273940808,24.176747698543075,-3.8268792437546435,20.349868454788435,24.18654150628651,-4.190424492166282,19.996117014120227,0.3033225845301255,1.48273949514222,0.3034454580908778,1.6235965391607707,0.30332258453889727,1.4827394951838142,0.30344545810179924,1.6235965391404203
302,0.0084575448222782,5.983551464554733,0.9463565690241074,0.9320650493155131,0.3099106331225018,0.3038086088192842,24.701857257695615,24.2154869392513,24.32388374654158,-3.887626964922809,20.436256781618773,24.378801423392527,-4.202738282993139,20.176063140399396,0.305168560130853,1.506276439915934,0.3058575598212383,1.628367566107518,0.30516856013043536,1.5062764399142687,0.30585755981846324,1.6283675661112735
303,0.0089672942063661,5.959522629022379,0.9456336288093482,0.9312310818707324,0.30960058941479296,0.3034542863000627,24.67714479354327,24.187245170955677,24.301844278698788,-3.85548488453092,20.446359394167867,24.343392111940368,-4.194321284330896,20.14907082760948,0.3048920519573344,1.4938228637726925,0.3054133129771209,1.625106366693548,0.3048920519572374,1.4938228637715922,0.30541331297405416,1.6251063667310048
304,0.0053890483191857,6.458206727944932,0.9518790099910389,0.9383581081577274,0.3122838670482829,0.3064885252119058,24.891019162477996,24.42909339581625,24.53429358246966,-3.9253951090912933,20.60889847337837,24.56297128433466,-4.291015342492783,20.27195594184188,0.3078083715744787,1.5209098567158574,0.3081681633362383,1.6625708618735795,0.3078083715762104,1.520909856719049,0.3081681633363748,1.662570861891928
305,0.0259721808341086,4.525849447805756,0.9266571940322804,0.90887301582289,0.3015144266474039,0.29402642482021535,24.03262596426005,23.435784383134106,23.578436580459464,-3.8396084307298377,19.738828149729635,23.574917095395847,-4.136598132937074,19.43831896245878,0.2958161458249242,1.4876714689691894,0.295771990204035,1.6027413034385805,0.29581614582416427,1.4876714689542248,0.29577199020327766,1.602741303403048
306,0.0087502698741091,5.868734963306463,0.9457403012486286,0.9313542622826132,0.30964632825272254,0.3035066090670347,24.680790471119046,24.191415629736156,24.319915793506777,-3.8733211363962177,20.44659465711056,24.345851267593545,-4.227993313752501,20.11785795384105,0.3051187780102461,1.5007335900855596,0.3054441656566369,1.638152727638039,0.3051187780000607,1.5007335900391705,0.30544416564775356,1.6381527275839936
307,0.0194839516151485,5.006640907082507,0.9331578591700292,0.9166366000567523,0.3042731957887769,0.2972846470427793,24.25251748863441,23.695485508728634,23.830137374043897,-3.8166333007921556,20.01350407325174,23.8318218599522,-4.126112739915407,19.7057091200368,0.2989739955154727,1.4787696640271546,0.2989951291528702,1.598678696451259,0.29897399551293885,1.4787696640291612,0.29899512914220205,1.5986786964424395
308,0.0128957074663514,5.6265791288514775,0.9403646251613992,0.9250992125783564,0.3073453238561162,0.30085497924440924,24.497385721234803,23.980063793502605,24.09406045130665,-3.864234471873636,20.229825979433013,24.11589536062826,-4.178148124284028,19.937747236344237,0.302285186537138,1.4972129259860254,0.3025591283100759,1.6188400118818869,0.30228518654431297,1.4972129260218248,0.30255912832124876,1.6188400119660522
309,0.0099265592278076,5.653469480981988,0.9453160715678571,0.931051940380724,0.30946444663852773,0.30337820070380317,24.66629334455591,24.18118066287722,24.24981948536394,-3.860191242151067,20.389628243212872,24.27087362847331,-4.222557068902815,20.04831655957049,0.304239346516109,1.495646360642379,0.3045034927603694,1.6360464330751656,0.30423934652215195,1.4956463606497035,0.30450349275938327,1.6360464329906563
310,0.0066803646429738,6.251682321449468,0.9498166827440836,0.9360902769684928,0.3113965896314002,0.3055214942959553,24.820297484170336,24.352014854144706,24.448871008270835,-3.8923132547288906,20.556557753541945,24.475181166819123,-4.250927581115856,20.224253585703263,0.306736656044074,1.5080921614317095,0.307066744498889,1.647038700214073,0.3067366560467468,1.5080921614669098,0.30706674450146665,1.6470387002998303
311,0.0115725061047798,5.7528081806600255,0.9420758582194295,0.9271001127481951,0.3080769222976463,0.30170202309367494,24.55569879068501,24.047578599447647,24.178699088323217,-3.8318688252560027,20.34683026306721,24.190282808884135,-4.142693246178601,20.04758956270553,0.30334706675573,1.484672728224599,0.3034923966447135,1.6051028791651534,0.3033470667484286,1.4846727282087184,0.3034923966300927,1.605102879089529
312,0.0071188962418718,6.245478403998551,0.9492564378408719,0.9354690017283429,0.3111557620297154,0.3052568247003967,24.8011019858404,24.33091899659355,24.434552849805236,-3.886473020968959,20.54807982883628,24.460256117455383,-4.262119034468874,20.19813708298651,0.3065570197718322,1.5058293397681188,0.3068794941456282,1.6513748730686628,0.30655701976877553,1.5058293397728584,0.30687949412934135,1.6513748730119584
313,0.0115286030544951,5.530167993099463,0.9418690574718886,0.926887687982417,0.3079884658873565,0.3016120446876508,24.548648249700044,24.040406745679707,24.176264755357124,-3.8404987273019424,20.335766028055183,24.188943956001445,-4.184944966727203,20.003998989274244,0.3033165255027836,1.4880164178964397,0.3034755993350941,1.621473475362398,0.30331652549396315,1.4880164178796242,0.30347559931666623,1.6214734753603417
314,0.0137574224709362,5.080986527042017,0.938074431641307,0.922409470622623,0.30636748369561123,0.2997180624965188,24.41944561371972,23.88944426574612,24.019645186546047,-3.8894402492801134,20.13020493726594,24.051107910982132,-4.199530365203889,19.851577545778245,0.3013515692153574,1.5069790041102151,0.301746301997918,1.6271246456754052,0.301351569219142,1.5069790040931565,0.3017463020050362,1.6271246456262909
315,0.0029799084478988,8.069498918688083,0.9588204462645795,0.9460211025855254,0.31527913078557934,0.30976674507686847,25.12976081694263,24.690388461260618,24.781826328546504,-3.892104172528328,20.889722156018184,24.82052747487607,-4.280406128579441,20.54012134629663,0.3109139287499954,1.508011151706354,0.3113994751053337,1.6584602799921684,0.3109139287521079,1.5080111516782704,0.3113994751015254,1.6584602800129231
316,0.0280085098704614,4.562879747144069,0.9261612512518382,0.9083230405085688,0.3013044362294615,0.29379623175701525,24.015888386471143,23.41743652545788,23.539898759402035,-3.806689107955036,19.733209651447,23.533513091380307,-4.115421119863798,19.41809197151651,0.2953326485559345,1.4749167471913358,0.2952525336723094,1.5945361859857283,0.29533264855189945,1.474916747180212,0.2952525336620905,1.5945361860070095
317,0.0585545542645718,4.551126339930546,0.9154359016512356,0.8955172970753322,0.2967796656069779,0.28845942553704174,23.655235262329306,22.99205897668027,23.019352585404068,-3.6207005634797254,19.39865202192434,22.936050248214073,-3.9024883830018857,19.03356186521219,0.2888018524028255,1.4028547502031603,0.2877567374630939,1.5120345551153174,0.2888018524063429,1.4028547502320303,0.2877567374708609,1.5120345551164365
318,0.0086619375090093,5.949056740230019,0.9464434860834242,0.9322233490072803,0.3099479186876059,0.3038758863705468,24.704829155425276,24.220849389875184,24.331356733590464,-3.862470938909066,20.4688857946814,24.34064890929361,-4.205331186801098,20.13531772249252,0.3052623165688194,1.4965296381655853,0.3053788966310068,1.6293721969407065,0.30526231656641967,1.4965296381942474,0.3053788966320789,1.6293721968887942
319,0.0127490767450513,5.15908291183342,0.9398164328920611,0.9245058809626016,0.30711112986605743,0.3006040152181996,24.478718964128877,23.960060357383664,24.073755455690534,-3.8608545681323254,20.21290088755821,24.119469539735626,-4.149773948080752,19.96969559165488,0.3020304391316578,1.4959033689167245,0.3026039701249444,1.607846325115475,0.30203043913353805,1.4959033689396424,0.3026039701351874,1.607846325158106
320,0.0147479743275829,5.367829460016004,0.9406264976233208,0.9256708436541524,0.30745722838110273,0.301096856120119,24.506305226754368,23.99934292567539,24.05369585193373,-3.769834493046836,20.28386135888689,24.034140016175574,-4.15311410088425,19.881025915291325,0.3017787704236896,1.460637280915564,0.3015334220121178,1.6091404805267382,0.30177877042800183,1.4606372809191832,0.30153342202078853,1.609140480586965
321,0.0239232790504739,4.82138157782784,0.9293383028812836,0.9120944021839946,0.3026508272641387,0.29537638806998995,24.12320435306623,23.54338507809279,23.681957657268267,-3.8036069272626283,19.878350730005643,23.698051526487845,-4.097164825429345,19.6008867010585,0.2971149259984411,1.4737225440945811,0.2973168404191746,1.58746271251852,0.29711492599708816,1.4737225440474526,0.2973168404164858,1.5874627124055094
322,0.020453699926374,5.101842315651989,0.9333352529683512,0.9168986708906556,0.30434864256739014,0.2973949192761472,24.258531078865506,23.704274910178647,23.818331673575,-3.783155418954333,20.035176254620666,23.816295622740725,-4.10440201129006,19.711893611450677,0.2988258806563914,1.4657985263316933,0.2988003362693222,1.5902667887973518,0.2988258806610261,1.4657985263541453,0.29880033627975294,1.5902667888573039
323,0.0047156390514593,7.0452179989817125,0.9539065788041584,0.9406249428008634,0.31315736154594753,0.3074565639108031,24.960642254074745,24.506252264226664,24.60765870696312,-3.89896928436449,20.70868942259864,24.646444632135424,-4.252483591441619,20.393961040693803,0.3087288137883449,1.510671066433127,0.3092154237829292,1.6476415825675268,0.30872881378994954,1.510671066461835,0.3092154237859639,1.6476415826487725
324,0.0184202606980269,4.945498270604449,0.9351420427771827,0.9190969157867204,0.3051175799431012,0.29832061920292935,24.31982029990173,23.778059107979285,23.872047891960072,-3.8185132578184127,20.053534634141663,23.866997155129468,-4.168204426650244,19.698792728479223,0.2994998067938068,1.4794980608106565,0.299436440018079,1.6149872869145587,0.29949980679406535,1.4794980608166812,0.2994364400215055,1.614987286888401
325,0.0166790129017666,5.317346668733979,0.9359462697605319,0.919898426672772,0.30546013619917295,0.29865847108381793,24.347124221858063,23.804988061180627,23.950673227166604,-3.8165059021020573,20.13416732506455,23.956654226005877,-4.138717755235523,19.81793647077036,0.3004862438523293,1.4787203029009193,0.3005612817378473,1.6035625594794718,0.30048624385232936,1.4787203029009193,0.30056128173784724,1.6035625594794718
326,0.0060477570182732,6.305695075774955,0.9505154977080134,0.9368188499511244,0.3116971071647053,0.30583201059988785,24.84425065136677,24.37676498723516,24.481475716553643,-3.9227278007460327,20.55874791580762,24.519666978385242,-4.258499432236084,20.26116754614916,0.3071457162083073,1.5198763975504828,0.3076248655293686,1.6499724438710284,0.307145716211986,1.5198763975977347,0.3076248655312791,1.649972443978043
327,0.0281957411503611,4.401338233722583,0.9242808026525228,0.9059940881357783,0.30050883820916724,0.29282235197472284,23.952474141745807,23.339812085386367,23.507963554003666,-3.824734458192761,19.683229095810905,23.501460282956277,-4.118696879067068,19.38276340388921,0.2949319880055695,1.4819084894954115,0.2948503976689953,1.5958053918419597,0.29493198800556947,1.4819084894954115,0.29485039766899535,1.5958053918419595
328,0.0333466948773367,4.529689655647899,0.9244218528058865,0.9063182423195574,0.30056848129489006,0.2929578131524071,23.957228076695017,23.350609206612578,23.44003628373207,-3.7183207628406816,19.721715520891387,23.406866311178867,-4.051727358315965,19.355138952862905,0.2940797693599616,1.4406780824528955,0.2936636173642886,1.5698577862177532,0.2940797693601191,1.4406780824486776,0.29366361736545543,1.5698577862871343
329,0.0061086650839624,6.409018052896218,0.9510883411966203,0.9375525142028185,0.3119435548256909,0.30614484609154546,24.863894104325524,24.401699974402934,24.502301607697888,-3.857665577650738,20.64463603004715,24.518425090742756,-4.2330413611575315,20.285383729585224,0.3074069987929535,1.4946677819448075,0.3076092847500962,1.64010861356598,0.3074069987935548,1.4946677819499516,0.3076092847465632,1.6401086134725387
330,0.0172740618048704,4.888050772292303,0.9344260242935579,0.9181230815139082,0.3048127468782499,0.297910366246851,24.295523157272207,23.74535932656653,23.878510651027764,-3.8494517806008455,20.02905887042692,23.916401670293816,-4.121217370933819,19.795184299359995,0.2995808888652272,1.4914853137990374,0.3000562713293025,1.596781966382198,0.2995808888658123,1.4914853138041047,0.30005627132903984,1.5967819663563396
331,0.0034672260865599,7.38508544222863,0.9568466153312035,0.9438530529435265,0.3144260227406653,0.3088375884060805,25.061762655864598,24.616328738880046,24.710972627800004,-3.938582388786735,20.77239023901327,24.763404265292973,-4.266944753173805,20.496459512119173,0.3100249949735451,1.5260193203786654,0.3106828047002219,1.6532446168626236,0.3100249949675916,1.526019320323893,0.31068280468917464,1.653244616788196
332,0.002971712668591,8.076888598459632,0.9586509443461022,0.9457887363608264,0.31520582702072975,0.30966709723737124,25.123918038598685,24.68244589187377,24.781914417679623,-3.888175577621918,20.893738840057708,24.81705451532275,-4.24992745098198,20.567127064340767,0.3109150339202962,1.5064890020755144,0.3113559031956287,1.6466511958390135,0.31091503391472514,1.5064890020827613,0.31135590318739553,1.6466511958257417
333,0.0041937671111677,7.443303192278089,0.9553826166116461,0.9422555209249965,0.3137939833833574,0.30815378046567116,25.01138508143883,24.561824877668567,24.670316767074514,-3.9065743466185294,20.76374242045599,24.697620882872368,-4.241807581182675,20.45581330168969,0.3095149246818203,1.5136176778752004,0.3098574833698366,1.643505120177888,0.309514924686654,1.5136176778886266,0.30985748337105107,1.6435051201425752
334,0.0128701090628784,5.426911322494032,0.9403737712230485,0.9251599065539204,0.3073492318697214,0.30088065669686964,24.49769721488465,23.982110450498613,24.10391225947042,-3.831738717282379,20.27217354218804,24.1324626808413,-4.145487696612882,19.986974984228414,0.3024087877738217,1.484622317375749,0.3027669826686694,1.6061856000356611,0.30240878777682373,1.4846223173822242,0.30276698267187696,1.606185600044507
335,0.0114972875458164,5.93290233277845,0.944139915188404,0.929686812823008,0.3089604526990683,0.30279869060452796,24.626121807923443,24.134990005888596,24.224811911062023,-3.780991801206879,20.443820109855142,24.227411155404948,-4.1148274887592144,20.112583666645737,0.3039256003429402,1.4649602240801194,0.3039582105815774,1.5943061812669364,0.303925600341065,1.4649602240818365,0.3039582105870225,1.5943061813193489
336,0.0086096272357576,5.955394801227803,0.9470534888182981,0.9329969612794321,0.310209656589012,0.30420477237891536,24.725691338223974,24.24706370576012,24.340026786235683,-3.855700074349504,20.484326711886183,24.358786858102434,-4.218606132312235,20.1401807257902,0.3053710914466132,1.4939062399188008,0.3056064561679374,1.6345156270704515,0.30537109144197433,1.4939062399319942,0.30560645616328247,1.6345156271745815
337,0.0061193334086136,6.575654320044484,0.9508164516696485,0.9371595221686132,0.31182657147362913,0.3059772550845219,24.854569783843065,24.388341900523834,24.49830581273307,-3.885230633153468,20.6130751795796,24.523612162862175,-4.213233315939421,20.310378846922752,0.3073568673662168,1.5053479716963882,0.307674361994605,1.6324339081217496,0.3073568673599798,1.5053479716584672,0.30767436198709247,1.6324339080094532
338,0.0073380879997591,5.942644313403776,0.9478678040549477,0.9338015849020985,0.3105592232584975,0.3045470183221274,24.75355403491391,24.274342893799165,24.377912154827065,-3.917710034393419,20.46020212043365,24.425192158424128,-4.212323498772749,20.212868659651384,0.3058464030170651,1.5179322441360372,0.3064395801088093,1.6320813958629463,0.3058464030154982,1.5179322441491099,0.3064395801094888,1.6320813959057243
339,0.017550432283718,4.917314014188943,0.9351325890146294,0.9190332984284106,0.3051135542316917,0.29829381082230305,24.319499424984993,23.77592230878376,23.89185983545482,-3.8217877229040016,20.070072112550815,23.876536488966774,-4.1585519541575655,19.71798453480921,0.2997483683447781,1.4807667652558754,0.2995561209375437,1.6112473982797066,0.2997483683494013,1.4807667652399314,0.2995561209403871,1.6112473982804287
340,0.0026966873484749,7.93651259332864,0.9592035949539303,0.9463728292162746,0.31544485956447904,0.3099176082368249,25.142970459343815,24.702413218866194,24.789161000400085,-3.944584811800517,20.84457618859957,24.83393923697673,-4.327544955116981,20.506394281859748,0.3110059498791832,1.528344982909985,0.3115677396872452,1.6767244047292986,0.3110059498775555,1.528344982902343,0.3115677396738076,1.6767244047285361
341,0.0058281107698934,6.572643375834119,0.9512920216360921,0.9376968034953761,0.31203120416492097,0.3062063888924136,24.87088031659123,24.40660532878515,24.507623929404048,-3.933024878383206,20.574599051020844,24.545111153991964,-4.274068773114798,20.27104238087717,0.3074737728849754,1.5238660409974505,0.3079440893225148,1.6560048465583812,0.30747377288410893,1.52386604098413,0.30794408931992856,1.6560048465265995
342,0.0092498978301743,5.63204289216522,0.9445994955091337,0.930035158359452,0.3091573409511288,0.30294651774007086,24.641815059391178,24.146772772953423,24.273821287849948,-3.901321967587891,20.372499320262065,24.303430384180032,-4.20695766609492,20.09647271808512,0.3045404742299858,1.5115826228509546,0.3049119513093857,1.6300023827744812,0.3045404742328113,1.5115826228354554,0.3049119513170209,1.6300023826570353
343,0.0096327960188982,5.9527613009063565,0.9452101359517618,0.930797882003836,0.3094190363389382,0.30327031137706234,24.66267385358463,24.172581194308076,24.28664392171307,-3.8367510151545936,20.449892906558475,24.313567126733435,-4.1684324983823515,20.145134628351087,0.3047013475820322,1.4865643520058405,0.3050391273459789,1.6150756542089992,0.3047013475781687,1.4865643520045675,0.3050391273424569,1.615075654231588
344,0.0599999999999999,4.151252338242062,0.9076419852766994,0.8858414443972525,0.29351128845859514,0.28445611505667134,23.394724724274447,22.672969557101503,22.862794824739392,-3.74305369538252,19.11974112935687,22.82260868187188,-3.9832472838566275,18.839361398015253,0.2868376715632364,1.4502609549645695,0.2863334943732827,1.543324910586298,0.2868376715589314,1.4502609549516516,0.286333494365698,1.5433249105597013
345,0.0041378649969659,7.094692288976067,0.9554652652239979,0.9424259146462406,0.3138296483565312,0.30822668178691165,25.014227807638843,24.56763557868594,24.661766026739784,-3.8827103013976725,20.77905572534211,24.69120595367373,-4.263106828575786,20.428099125097948,0.3094076467017414,1.504371459191773,0.3097770013741451,1.6517575978012966,0.30940764670854276,1.5043714592485025,0.30977700138134945,1.6517575978430854
346,0.0170586383435716,5.307665481194803,0.9355810072516131,0.9194661080224354,0.30530453226714865,0.29847621881938763,24.334721594433272,23.790461391425897,23.934070500596068,-3.818784150169907,20.115286350426167,23.954177233747497,-4.113877904977119,19.840299328770385,0.3002779452839522,1.4796030191233989,0.300530205279465,1.593938261275743,0.30027794527995616,1.4796030191223577,0.3005302052724481,1.5939382612179276
347,0.0532725859706216,4.398014785728649,0.9157767605970226,0.8959040395546213,0.29692298174054754,0.2886199560100185,23.66665847371929,23.004854280891127,23.04652546726669,-3.697466284768471,19.34905918249822,23.00637568534317,-3.9434190759441177,19.062956609399052,0.2891427646238766,1.4325979324615656,0.2886390436199925,1.5278933139428998,0.2891427646210704,1.4325979324454194,0.28863904362108955,1.5278933139178315
348,0.0072462587419052,6.353855830658359,0.950144566359799,0.936615446102947,0.3115375751517965,0.30574530543723,24.831534930801777,24.36985403187393,24.43759930878786,-3.854723459849552,20.582875848938308,24.447359819999306,-4.22735505597448,20.220004764024825,0.3065952407858328,1.49352784676909,0.3067176966067689,1.637905432138162,0.3065952407805137,1.493527846744396,0.30671769659771364,1.6379054322159858
349,0.0045069214772419,7.217759074742524,0.9547210762209757,0.9415700854487176,0.31350858168230417,0.30786060552473377,24.98863674263713,24.538456961990416,24.648147678061378,-3.8393061280446577,20.808841550016723,24.661240427139568,-4.219336146993633,20.441904280145938,0.3092367902751586,1.4875543405984588,0.3094010525050714,1.6347984741453647,0.3092367902740918,1.487554340561013,0.3094010525012784,1.6347984741702948
350,0.0111602328159924,5.442667133350748,0.942082380299445,0.927136805052724,0.3080797122296898,0.30171756639775554,24.555921166091757,24.048817500077945,24.1691861472774,-3.864219043944114,20.304967103333286,24.19898391997213,-4.207802386692867,19.99118153327926,0.3032277169614368,1.4972069483737274,0.3036015611831536,1.6303296731103287,0.30322771696270945,1.4972069483960815,0.3036015611851759,1.6303296730912102
351,0.0224510351786216,4.8635986840807,0.929857081385401,0.9126625039966084,0.30287094315628754,0.2956147506315927,24.140748995833818,23.5623840969808,23.730796955493673,-3.7960285378376915,19.93476841765598,23.7304294981732,-4.105958991858402,19.6244705063148,0.2977276660720475,1.470786267145613,0.297723055935666,1.5908700470751296,0.29772766607493967,1.4707862671440617,0.29772305594403364,1.5908700470782209
352,0.0060682280494548,6.445153084530266,0.9507004624331734,0.937028285314719,0.3117766722228214,0.3059212988556763,24.85059249478299,24.383881831620435,24.487798471142998,-3.9238837373725466,20.563914733770456,24.527568666136535,-4.2390247851283185,20.28854388100822,0.3072250417771268,1.520324269767201,0.3077240004659927,1.6424269148429658,0.30722504178178034,1.5203242697728647,0.30772400047213144,1.6424269148861523
353,0.013731404572534,5.420131489473939,0.940674015462805,0.9256312403367063,0.3074775359727176,0.30108009568705146,24.507923871536782,23.998007012089463,24.083020534387256,-3.8230963063581025,20.259924228029156,24.066095645901086,-4.162704440881321,19.90339120501977,0.3021466792335609,1.4812737810895344,0.3019343388070271,1.6128562956804844,0.30214667923952604,1.4812737810995722,0.3019343388152124,1.6128562956806443
354,0.0045452143223533,7.282656792992834,0.9545172183744586,0.9413017212789846,0.31342065833811095,0.3077458564081014,24.981628690425442,24.529310724344615,24.638439375295096,-3.8543869266674027,20.78405244862769,24.68031699726295,-4.220437267653699,20.45987972960925,0.309114989463768,1.4933974556569551,0.3096403880280269,1.635225107699131,0.3091149894581715,1.4933974556508933,0.3096403880223095,1.6352251077351716
355,0.0072736660592251,6.408052803820574,0.949003290667631,0.9351348339261278,0.31104697286785854,0.30511451018383506,24.792430794664103,24.319575620477718,24.429748385398256,-3.84456304911333,20.58518533628493,24.45447396464389,-4.214959707570554,20.23951425707333,0.3064967427412167,1.4895911554533006,0.3068069509914869,1.6331028053856862,0.30649674274218014,1.4895911554329335,0.30680695099057953,1.6331028053842005
356,0.0249037944470495,4.779415651118219,0.9283470695160173,0.9108977641099472,0.3022304571922268,0.2948745928596608,24.089698172890508,23.503388794218118,23.662528729933385,-3.792671957149999,19.869856772783383,23.66563299091864,-4.085432884989303,19.580200105929336,0.2968711697857633,1.4694857466856597,0.2969101159863376,1.5829171258048826,0.29687116978541755,1.4694857466818365,0.29691011598292133,1.5829171257679513
357,0.0092503099178009,5.897141524742643,0.9453853006782106,0.9309757564017372,0.30949412405044496,0.30334584627139316,24.668658823873514,24.178601807924768,24.298904806473928,-3.8612051434769357,20.43769966299699,24.324889471309664,-4.193698475432285,20.13119099587738,0.3048551732040994,1.49603920072023,0.3051811779998809,1.6248650569230858,0.30485517319994404,1.4960392006744827,0.3051811779845773,1.6248650568489331
358,0.0453429637604065,4.3484941593478,0.9151782292394168,0.8950270335786915,0.29667134675783025,0.2882559826632793,23.646601558080423,22.97584327999009,23.148665475487253,-3.731530123711883,19.41713535177537,23.109773234235874,-4.00055679474393,19.10921643949195,0.2904242178475977,1.4457961015545644,0.2899362740066133,1.550031549024415,0.2904242178477733,1.4457961015568848,0.28993627400492566,1.5500315490634453
359,0.0083326243686574,6.096545285589874,0.9467386282549017,0.9325049586502753,0.31007454422868197,0.3039955879569947,24.71492201996924,24.230390371003082,24.355533400122003,-3.885571199400613,20.4699622007214,24.391321039247586,-4.166275907320437,20.22504513192715,0.3055656381350246,1.5054799254355031,0.3060146314954697,1.6142400744745222,0.3055656381273398,1.505479925388195,0.30601463148786656,1.614240074378171
360,0.014185809805204,5.300208120975981,0.9393093223790636,0.9239681434824372,0.30689456116786856,0.30037664971665146,24.46145705538039,23.94193787443437,24.03978795122215,-3.849574193543455,20.1902137576787,24.04866523547318,-4.153318916889122,19.89534631858406,0.3016042812640299,1.4915327431776937,0.3017156560790466,1.609219837297704,0.30160428125990746,1.4915327431804768,0.3017156560653212,1.6092198372260982
361,0.0188415717207376,4.9942963688172055,0.9331276368776088,0.9165575141910912,0.3042603429141697,0.29725137355712405,24.251493032420377,23.69283339936136,23.834245625443803,-3.8229322172037237,20.01131340824008,23.84297008219007,-4.107775725477675,19.7351943567124,0.2990255378257974,1.4812102040978332,0.299134995259936,1.5915739476995991,0.2990255378326097,1.481210204060489,0.29913499526318205,1.5915739476652273
362,0.009157920576084,5.732974608898825,0.9451700204683473,0.9307266541308896,0.3094018412812797,0.3032400667029351,24.661303297642295,24.1701705005685,24.287787212464583,-3.867939689237929,20.41984752322665,24.295564939838666,-4.2236766521134355,20.07188828772524,0.3047156913601922,1.498648527104898,0.3048132710842434,1.6364802200171484,0.30471569135484455,1.498648527103828,0.3048132710768964,1.636480220063761
363,0.0309088544616443,4.4251917590831376,0.9245191423663558,0.9063899094867881,0.3006096233932358,0.2929877660621489,23.960507364760677,23.35299664486676,23.47126760354259,-3.7716421943094445,19.69962540923315,23.468756903892526,-4.072451623409594,19.39630528048293,0.2944715989294857,1.4613376819177284,0.2944400995766227,1.577887484675647,0.2944715989322656,1.4613376819441015,0.29444009958074957,1.577887484677088
364,0.0043008316546288,7.570842609397537,0.9554386823832055,0.9423440857966143,0.31381817697503256,0.30819167108347584,25.01331346525093,24.56484500196371,24.66901707105758,-3.8732078550885234,20.79580921596906,24.69106660632813,-4.224947829342368,20.46611877698577,0.309498618636033,1.5006896987949594,0.3097752531159616,1.6369727426609553,0.30949861862695743,1.5006896987906784,0.3097752531040867,1.636972742695804
365,0.0240168162221905,4.90153634210987,0.9293975213699666,0.9121541560328966,0.30267594969982,0.2954014552944808,24.125206771679338,23.545383096021318,23.699976893710605,-3.7616728679589357,19.938304025751677,23.7139622715905,-4.036089081285819,19.67787319030468,0.2973409961645817,1.4574750270027648,0.2975164573563456,1.5637986739459422,0.2973409961607193,1.4574750269723113,0.2975164573459403,1.5637986739427039
366,0.0128799892304657,5.547153260328084,0.9401901489600744,0.9248947459021072,0.3072707765289845,0.30076848415825447,24.491443823032743,23.973169582580702,24.093557208861593,-3.86000715511456,20.233550053747035,24.138091423054934,-4.14583288556605,19.992258537488883,0.3022788728343611,1.495575035392172,0.3028376011264199,1.6063193448605038,0.3022788728325601,1.4955750354038189,0.3028376011258702,1.6063193449132236
367,0.0135803057482665,5.272742059167216,0.940826112630482,0.925845168072833,0.30754254163677736,0.30117063670876554,24.51310523823713,24.005223709922035,24.092195951100805,-3.8040542242871895,20.28814172681362,24.075045878737388,-4.1547676506492435,19.920278228088147,0.3022617944321144,1.473895851095438,0.3020466288383375,1.60978115492161,0.3022617944333937,1.4738958511025462,0.30204662884506916,1.6097811549995424
368,0.0348138410002477,4.511845418021632,0.921144850841872,0.9022402572666058,0.29918421173329535,0.29125572419973705,23.84689294952573,23.214941843653346,23.375685410976345,-3.7729231183341447,19.602762292642204,23.396209872531337,-4.024717507133328,19.37149236539801,0.2932724203614769,1.461833980996096,0.2935299211966833,1.5593927125753675,0.29327242036147694,1.461833980996096,0.2935299211966833,1.5593927125753677
369,0.0068760125629033,6.553214170738311,0.9496000591727641,0.9357795817452584,0.31130346105214085,0.30538912154310405,24.81287454147134,24.341463900107424,24.448756776832706,-3.8908554019201205,20.557901374912596,24.487210442770834,-4.203417513846625,20.28379292892421,0.3067352228912166,1.5075273105963467,0.3072176643462231,1.6286307367874984,0.3067352228877092,1.507527310574426,0.30721766433868125,1.6286307366555164
370,0.0161800892117715,5.162228454278545,0.9376725979562929,0.9220918023894196,0.30619606425182294,0.29958391972354836,24.405782388973318,23.87875222979795,23.959549361114245,-3.8355165418216584,20.124032819292594,23.96031326653146,-4.183121808932782,19.777191457598683,0.300597604235587,1.4860860504316713,0.3006071882279575,1.620767085665865,0.3005976042383817,1.4860860504378328,0.3006071882231441,1.6207670856465302
371,0.0064262618087595,6.284634656695296,0.9500896117408061,0.9363722062859957,0.31151394329427873,0.30564163447245707,24.829651320790543,24.36159079370173,24.465784669472864,-3.8997868808589566,20.56599778861391,24.49694536513469,-4.25869310717637,20.23825225795832,0.3069488556125865,1.5109878474278278,0.3073397991283047,1.6500474839924668,0.30694885561371943,1.5109878474566971,0.3073397991298755,1.6500474839861932
372,0.0300629950948262,4.738542092922237,0.9262761196238345,0.908503032914267,0.301353067377827,0.2938715588554134,24.01976459966557,23.423440576411277,23.524430756529078,-3.7704913907120865,19.75393936581699,23.514774290386757,-4.049707651430688,19.465066638956078,0.2951385862830661,1.4608917985134535,0.2950174358163351,1.5690752427987786,0.2951385862830661,1.4608917985134537,0.2950174358163352,1.5690752427987786
373,0.001075933937318,10.606333144956094,0.9655935140139452,0.9525763812532997,0.318214951910165,0.3125841695894781,25.363764515437794,24.914955193429844,25.010114068271587,-3.9362377794166057,21.073876288854983,25.039114809126406,-4.305510179661259,20.73360462946515,0.3137780371939167,1.5251108922072136,0.3141418818176459,1.6681869438496253,0.313778037180903,1.5251108921454066,0.31414188180260866,1.6681869437769345
374,0.0108628412142691,5.735145943646962,0.9443952583098937,0.9299812396722564,0.30906983662668774,0.30292363411257306,24.634840405730554,24.144948801654685,24.221585871023304,-3.8273382018707807,20.394247669152527,24.21472196819209,-4.190047348412283,20.02467461977981,0.3038851262967805,1.482917320279118,0.3037990114573204,1.6234504133219914,0.3038851262952054,1.482917320307709,0.3037990114572323,1.6234504133578638
375,0.0058332086813975,6.394277725239141,0.9510163699744125,0.9373860349597171,0.3119125864137327,0.30607384595641896,24.861425724057376,24.396040810064168,24.512780511003673,-3.911577349559248,20.60120316144443,24.542394440467277,-4.254894424210392,20.28750001625689,0.3075384675940257,1.51555611114733,0.3079100053101402,1.6485756692566422,0.3075384675899985,1.515556111158841,0.30791000529984514,1.648575669250324
376,0.0117668282101455,5.380529986303693,0.9415793135597649,0.9265858677278153,0.3078645517061586,0.3014842217318716,24.53877149785931,24.03021843953448,24.14771840709961,-3.8680690647033975,20.27964934239621,24.153630042085044,-4.211569537931354,19.94206050415369,0.3029583817094028,1.498698654140567,0.3030325493528319,1.6317892707536548,0.3029583817105837,1.4986986541701168,0.30303254935352786,1.6317892708226378
377,0.0095498073999451,6.1501481174824,0.9452675595574346,0.930808455041282,0.30944365111743977,0.30327480100425,24.664635808677456,24.17293904627596,24.30222371977163,-3.844548133987782,20.457675585783846,24.329993523242806,-4.178307243245332,20.15168627999748,0.3048968124424222,1.48958537652893,0.3052452136693283,1.618901663152628,0.30489681244025585,1.4895853764988678,0.3052452136735302,1.6189016631402005
378,0.0051358585448856,6.630666392432692,0.9525816731352522,0.9391468844559295,0.31258644890912946,0.30682520493604115,24.915136869767004,24.455928920636286,24.550735344003385,-3.931857018185611,20.61887832581777,24.599972098846646,-4.252175133266821,20.34779696557983,0.3080146506681277,1.523413548945969,0.3086323772506752,1.6475220692280037,0.30801465066901096,1.5234135489804945,0.3086323772386575,1.6475220692133148
379,0.0199197529942089,4.8497961429231164,0.932449223990939,0.9158054436931705,0.30397189552117937,0.2969350431607668,24.228501932514536,23.66761984596257,23.803772408982983,-3.8228947938401254,19.98087761514286,23.797706297256475,-4.164263197142801,19.63344310011368,0.2986432194556388,1.4811957042676285,0.2985671137399373,1.6134602419575894,0.2986432194588396,1.481195704304377,0.29856711374004846,1.6134602419352235
380,0.0186656022482886,5.327731751246894,0.9360662138736914,0.9201930939359271,0.3055112411737682,0.2987827230739975,24.351197614806512,23.814891738555218,23.914830171564837,-3.7543032958462668,20.16052687571857,23.915069446114764,-4.0703723044306654,19.844697141684097,0.3000365552342345,1.4546196571471348,0.3000395571837027,1.5770818443152703,0.3000365552370937,1.454619657136667,0.3000395571756993,1.5770818442507544
381,0.0114802507935798,5.519875119281819,0.942667969939396,0.9279060485740769,0.3083302567960569,0.3020435127458866,24.575891168581624,24.07479750626256,24.168394904285442,-3.855775559791121,20.312619344494323,24.179717145774713,-4.170866303712065,20.008850842062653,0.3032177899906008,1.493935487051638,0.3033598393511691,1.616018641707688,0.3032177899979425,1.493935487062298,0.3033598393642576,1.616018641725721
382,0.016089419885563,5.117725180812128,0.9376583357656773,0.9220774621200695,0.30618998092759186,0.29957786486569454,24.405297509170087,23.878269618946835,23.969224684503477,-3.8178236071296787,20.1514010773738,23.956863610580317,-4.138301025405857,19.818562585174465,0.3007189912862019,1.4792308529243072,0.3005639086863133,1.6034010958591451,0.3007189912862019,1.4792308529243072,0.3005639086863133,1.6034010958591451
383,0.0229246417891273,4.9054470052688695,0.9319847214448276,0.9153686251774963,0.30377447203709146,0.29675138256355466,24.212766019635005,23.652980923088297,23.7468913506321,-3.7611939313627687,19.98569741926933,23.72401893880419,-4.086268129250825,19.637750809553363,0.297929587090983,1.4572894611247809,0.2976426287640572,1.583240744496711,0.2979295870940546,1.457289461130795,0.29764262876878067,1.5832407445052088
384,0.0037756026039661,7.223343788623623,0.9559970594940449,0.9429286111696518,0.31405917739854255,0.30844180303241836,25.032522738584365,24.584782116208917,24.69229379275942,-3.9076513324878817,20.784642460271535,24.74901574181223,-4.230324551260643,20.518691190551586,0.3097906494531646,1.5140349603088712,0.3105022856252756,1.639055974828689,0.3097906494558306,1.5140349603434875,0.3105022856214455,1.6390559749187577
385,0.012120650830531,5.398133762315764,0.9407947816068707,0.9256201063538855,0.3075291503657379,0.30107538377637844,24.512037868388017,23.99763144270779,24.116848704053243,-3.8855081668993705,20.23134053715388,24.143018549952895,-4.159460600898911,19.983557949053985,0.3025710890003729,1.5054555032436552,0.3028994170862683,1.6115994570525891,0.3025710889980066,1.505455503198313,0.3028994170830872,1.61159945705207
386,0.0021719188900915,8.608125193429336,0.9611180821001472,0.9483560187721923,0.3162735861630215,0.31076889198281504,25.20902526339037,24.770265971665847,24.856540100997474,-3.95315173801604,20.903388362981435,24.900287528482338,-4.326132002608521,20.574155525873817,0.3118512911629385,1.5316642723473133,0.3124001483928981,1.6761769506928346,0.31185129115285576,1.5316642723048715,0.31240014838650626,1.6761769506928286
387,0.0076195402975221,5.9583625934318825,0.9474859629960718,0.9333641667126126,0.31039528451310194,0.30436094060508656,24.740487069618258,24.259511311033293,24.37107575533721,-3.9018030035306706,20.46927275180654,24.397484911473693,-4.2320578404130895,20.16542707106061,0.305760633235786,1.5117690021290848,0.3060919637188791,1.6397275445645327,0.305760633235786,1.5117690021290848,0.3060919637188792,1.6397275445645327
388,0.0348591139218509,4.708058802014108,0.9247895815939541,0.9067842331936131,0.3007240012126696,0.29315259637701546,23.9696240076478,23.366134673944856,23.435743129612906,-3.703547357311635,19.732195772301274,23.431071513819465,-3.976117278286566,19.454954235532902,0.2940259072516479,1.4349540680640385,0.2939672969458257,1.5405623617348894,0.2940259072434321,1.4349540680373933,0.2939672969259371,1.5405623616502024
389,0.0136930931721155,5.304012041760215,0.9387391297133821,0.9231912392424767,0.3066511380408722,0.3000483003744383,24.442054677102167,23.915766334270398,24.048589726093244,-3.863052668757196,20.18553705733605,24.078078046858742,-4.167892958962679,19.910185087896068,0.3017147087349057,1.4967550316955047,0.3020846705585377,1.6148666075274138,0.3017147087363973,1.496755031703934,0.3020846705546028,1.6148666074909326
390,0.0226362895591096,4.80870901763805,0.9314067480795444,0.9146480027050403,0.3035289044895835,0.2964485100912134,24.193192717342832,23.628840052206655,23.71717073183818,-3.837838132863632,19.87933259897455,23.723297237424703,-4.149059068236158,19.574238169188543,0.2975567108456413,1.4869855600608608,0.2976335742654781,1.6075693420929271,0.29755671084420987,1.4869855600430437,0.2976335742672535,1.6075693420618362
391,0.028914450349889,4.651421921829475,0.9253808152038929,0.9073512389875106,0.3009741238134047,0.2933896827942584,23.989560376781153,23.385031975975018,23.53410000892612,-3.774801283152803,19.75929872577332,23.50638708428637,-4.083901353750267,19.422485730536103,0.2952598971667348,1.4625616833816772,0.2949122095442543,1.582323727970376,0.29525989716982226,1.4625616834066166,0.2949122095429261,1.5823237280116156
392,0.0027445294777276,7.5667092780461855,0.9587514102836185,0.9458952551826358,0.31524927410587933,0.3097127748443351,25.127381048837524,24.686086688950418,24.766242615089112,-3.963050147157002,20.80319246793211,24.810986663740465,-4.305071689963965,20.505914973776505,0.3107184147668322,1.5354994501090191,0.3112797756516169,1.6680170492825437,0.31071841477418255,1.5354994500693577,0.311279775655094,1.6680170492604312
393,0.0071718784089054,6.276903565679932,0.9489334759719708,0.9350551141336064,0.31101697340875584,0.3050805639101359,24.790039646128488,24.31686988560538,24.439900592946486,-3.843399155648511,20.59650143729797,24.46501027150897,-4.195414018851084,20.269596252657884,0.3066241128023437,1.4891402003281184,0.3069391399802445,1.625529751004258,0.30662411280172674,1.4891402003047347,0.30693913999102457,1.625529751062061
394,0.0186937748360247,5.04983484314196,0.9340829757673442,0.9177474966393995,0.30466675007329286,0.2977522106442523,24.283886279247753,23.73275331469615,23.86776786139236,-3.7913558711863184,20.076411990206044,23.882943339050875,-4.089790584921763,19.79315275412912,0.299446109334171,1.4689758239749977,0.299636501572294,1.5846055338748215,0.2994461093305588,1.4689758239676385,0.2996365015666376,1.5846055338709124
395,0.0039878470064072,7.236076930132828,0.9555681249039455,0.9424597004691353,0.3138740376227983,0.3082411376928514,25.01776591573167,24.568787806737802,24.668186923061693,-3.9142153893136657,20.753971533748032,24.695702050047682,-4.313479903439003,20.382222146608683,0.3094882035612349,1.5165782300814494,0.3098334096052872,1.671274844840993,0.30948820356123496,1.5165782300814494,0.30983340960528727,1.671274844840993
396,0.0037732078300775,7.579149435686909,0.9563868585958953,0.9433537023713706,0.31422747049734684,0.3086237694898595,25.045936773663556,24.599286005320792,24.69218943175205,-3.9095298872315896,20.782659544520463,24.724206357109995,-4.292329342351512,20.43187701475849,0.3097893401351838,1.5147628137724547,0.3101910259479065,1.6630799763146291,0.3097893401376375,1.5147628137137317,0.31019102595547376,1.6630799761825066
397,0.0143856459238012,5.538875881662596,0.9392671768037764,0.9238739466562386,0.30687656553535114,0.3003368297121582,24.4600226885075,23.93876396569467,24.062711809671192,-3.8068361938565016,20.25587561581469,24.061855182367434,-4.125591735350879,19.93626344701656,0.3018918850426219,1.474973736205462,0.3018811377572138,1.5984768311725894,0.30189188503987263,1.4749737362249022,0.30188113774882364,1.5984768312104103
398,0.0439854251404688,4.399807439408893,0.9180371313770413,0.8985837436362003,0.29787416997247157,0.2897333570727229,23.742474252266327,23.093599458313353,23.202596180280974,-3.7435890565890824,19.45900712369189,23.173339432395966,-4.02153785592668,19.151801576469285,0.2911008349413248,1.450468382780964,0.2907337784416633,1.5581607441424552,0.29110083494174,1.4504683827733742,0.29073377844417664,1.5581607441411067
399,0.0080674720575131,6.304052211994463,0.9474748820861046,0.9333510094000079,0.31039052767356484,0.30435534430609784,24.740107919119097,24.259065250253133,24.374302297594213,-3.846518426278522,20.52778387131569,24.411158128653803,-4.172524041236224,20.23863408741758,0.3058011135827993,1.4903487740678574,0.3062635085281986,1.616660938666408,0.30580111357777856,1.4903487740392978,0.30626350852380824,1.616660938574558
