replicate,block_length_samples,fabric_mode,design,pressures_mpa,static_lambda_min,combined_lambda_min,lambda_min_gain,worst_sd_reduction,spectral_ratio
0,5,shared,best_single,5,0.0033431434134463256,2.167045733062682,648.2060339818785,25.459890690689903,0.08834927265641834
0,5,shared,best_pair,5+7.5,0.0033431434134463256,2.2355329347047017,668.6919040664701,25.85907778839899,0.08339229169481123
0,5,nuisance,best_single,5,0.0033431434134463256,1.2384453388779773,370.44337789903807,19.24690567075752,0.059201592538233136
0,5,nuisance,best_pair,5+7.5,0.0033431434134463256,1.29157882092749,386.33664823730913,19.655448309242633,0.05800243171296806
0,5,expanded_nuisance,best_single,5,0.0033431434134463256,0.008450560949364139,2.527729117265945,1.5898833659315845,0.0004925716642020748
0,5,expanded_nuisance,best_pair,5+7.5,0.0033431434134463256,0.010975183356237483,3.2828933727744465,1.8118756504723073,0.0006243261040947966
1,5,shared,best_single,5,0.00334528502888487,2.21474688117075,662.0502773448342,25.730337684236368,0.08823615672067472
1,5,shared,best_pair,5+7.5,0.00334528502888487,2.285639856946217,683.2421863042625,26.138901780760847,0.08304433063961832
1,5,nuisance,best_single,5,0.00334528502888487,1.2664068044821124,378.56469435259487,19.45673904724517,0.059242224286920296
1,5,nuisance,best_pair,5+7.5,0.00334528502888487,1.3242884493117002,395.8671496978969,19.89641047269323,0.05802264540656866
1,5,expanded_nuisance,best_single,5,0.00334528502888487,0.008995226113786003,2.688926664280235,1.6397947018697905,0.0005150661270185968
1,5,expanded_nuisance,best_pair,5+7.5,0.00334528502888487,0.01177623234558789,3.520247824596705,1.8762323482438696,0.0006575679206975057
2,5,shared,best_single,5,0.003624001683099065,2.187220098062175,603.5372743513116,24.566995631361024,0.08898338623171163
2,5,shared,best_pair,5+7.5,0.003624001683099065,2.257893292535457,623.038698647794,24.960743150951938,0.08403766036186475
2,5,nuisance,best_single,5,0.003624001683099065,1.2518154989338337,345.42354237080366,18.58557350126177,0.05954266557696392
2,5,nuisance,best_pair,5+7.5,0.003624001683099065,1.3070068724212187,360.65294299298773,18.99086472472983,0.05838418900904648
2,5,expanded_nuisance,best_single,5,0.003624001683099065,0.008942182788794106,2.467488586028249,1.5708241741290618,0.0005177936745482591
2,5,expanded_nuisance,best_pair,5+7.5,0.003624001683099065,0.011546984380104597,3.1862524882246173,1.7850076997661992,0.0006524693973338627
3,5,shared,best_single,5,0.0031308677120716055,2.12128103745394,677.5377411428058,26.029555146848086,0.08734366450084746
3,5,shared,best_pair,5+7.5,0.0031308677120716055,2.187504984316949,698.6896878084765,26.432738938832586,0.0819044567466957
3,5,nuisance,best_single,5,0.0031308677120716055,1.2177005956162112,388.93390190877585,19.721407199000172,0.059058185200550596
3,5,nuisance,best_pair,5+7.5,0.0031308677120716055,1.2717847752336062,406.20840360965065,20.15461246488383,0.057631744123637973
3,5,expanded_nuisance,best_single,5,0.0031308677120716055,0.008278377932112502,2.644116166324682,1.626073850206282,0.0004916092745879652
3,5,expanded_nuisance,best_pair,5+7.5,0.0031308677120716055,0.0107902796543069,3.44641826056818,1.8564531398794262,0.0006240089637465307
4,5,shared,best_single,5,0.003178629164258817,2.137459807189501,672.4470508304504,25.931584040132417,0.08722288056109277
4,5,shared,best_pair,5+7.5,0.003178629164258817,2.203627973621812,693.2636239545884,26.329899809049568,0.08194757950046533
4,5,nuisance,best_single,5,0.003178629164258817,1.2260546453856376,385.71805077851076,19.639705974848777,0.058951983891403666
4,5,nuisance,best_pair,5+7.5,0.003178629164258817,1.2797775754906995,402.6193397709903,20.065376641642946,0.05760407740046591
4,5,expanded_nuisance,best_single,5,0.003178629164258817,0.008559833964000063,2.692932557295031,1.6410157090335944,0.0005044576200353921
4,5,expanded_nuisance,best_pair,5+7.5,0.003178629164258817,0.011152569712925331,3.508609887031554,1.873128369074462,0.0006406231571457123
5,5,shared,best_single,5,0.0035645773663748326,2.2789509872918643,639.3327323428394,25.28502980703878,0.08927975370333423
5,5,shared,best_pair,5+7.5,0.0035645773663748326,2.3547959891625325,660.6101501332695,25.702337444934255,0.08421106882718435
5,5,nuisance,best_single,5,0.0035645773663748326,1.2974818920527873,363.9931915329204,19.078605597184517,0.0594270059175218
5,5,nuisance,best_pair,5+7.5,0.0035645773663748326,1.3581637723521272,381.01677499382674,19.519650995697305,0.05830614150594674
5,5,expanded_nuisance,best_single,5,0.0035645773663748326,0.009244392467168794,2.5934049164909334,1.6104052025782,0.0005163722754638064
5,5,expanded_nuisance,best_pair,5+7.5,0.0035645773663748326,0.01203414697957994,3.376037533397302,1.8373996662123628,0.0006557552479863322
6,5,shared,best_single,5,0.0031265599738801164,2.227694414542135,712.5065353464263,26.692818048052295,0.08822507692009315
6,5,shared,best_pair,5+7.5,0.0031265599738801164,2.2989494530879986,735.2967709859605,27.116356152439813,0.08320222259795461
6,5,nuisance,best_single,5,0.0031265599738801164,1.2658103557912828,404.8572125166656,20.12106390121222,0.05885291523430432
6,5,nuisance,best_pair,5+7.5,0.0031265599738801164,1.3215077492737333,422.6714856947774,20.558975793914865,0.05766606057956882
6,5,expanded_nuisance,best_single,5,0.0031265599738801164,0.008401155528975579,2.687028427140515,1.6392157963918341,0.0004770731182055946
6,5,expanded_nuisance,best_pair,5+7.5,0.0031265599738801164,0.011002123656563612,3.5189229531745654,1.8758792480259932,0.0006097238549853204
7,5,shared,best_single,5,0.0032189156506376992,2.128998669155395,661.4024411399594,25.717745646536738,0.08898965971685331
7,5,shared,best_pair,5+7.5,0.0032189156506376992,2.1972503028348185,682.6057409735236,26.126724650700545,0.08400573052174251
7,5,nuisance,best_single,5,0.0032189156506376992,1.2133936013453988,376.9572530131423,19.415387016826173,0.059396185638856056
7,5,nuisance,best_pair,5+7.5,0.0032189156506376992,1.2658391700060747,393.2501834135664,19.830536639576003,0.05820593589231083
7,5,expanded_nuisance,best_single,5,0.0032189156506376992,0.008074241332365784,2.5083730699082456,1.5837844139617758,0.00047864220752442634
7,5,expanded_nuisance,best_pair,5+7.5,0.0032189156506376992,0.01049649773543182,3.260880021305423,1.8057906914438957,0.0006070244503898803
8,5,shared,best_single,5,0.003083350557742115,2.1040422245842114,682.3882608161706,26.122562294234665,0.0870212592015844
8,5,shared,best_pair,5+7.5,0.003083350557742115,2.168587611301827,703.3217828107896,26.520214607178232,0.08184672890954295
8,5,nuisance,best_single,5,0.003083350557742115,1.2085872744483934,391.9720615009865,19.798284307004646,0.058888091848373264
8,5,nuisance,best_pair,5+7.5,0.003083350557742115,1.2597759936232866,408.57371551867885,20.213206463069604,0.05753647044980475
8,5,expanded_nuisance,best_single,5,0.003083350557742115,0.008115395126127911,2.6320053377487755,1.62234562832609,0.00048434603940737404
8,5,expanded_nuisance,best_pair,5+7.5,0.003083350557742115,0.010592688993716237,3.4354475092423753,1.85349602353023,0.0006163815405466554
9,5,shared,best_single,5,0.0031703096464335,2.0607404053547493,650.0123442746416,25.495339657957913,0.0864181851204049
9,5,shared,best_pair,5+7.5,0.0031703096464335,2.1227462412837363,669.5706344242304,25.876062962209502,0.08116824203390004
9,5,nuisance,best_single,5,0.0031703096464335,1.186726513641358,374.32511205218975,19.347483351903673,0.0587626173387343
9,5,nuisance,best_pair,5+7.5,0.0031703096464335,1.2370116827684683,390.18639209582193,19.753136259739158,0.05737556733299467
9,5,expanded_nuisance,best_single,5,0.0031703096464335,0.008209055995178183,2.589354640614716,1.6091471780464073,0.000498305699738559
9,5,expanded_nuisance,best_pair,5+7.5,0.0031703096464335,0.010707717817769247,3.377499049600753,1.8377973363787294,0.0006335091330412926
10,5,shared,best_single,5,0.003325750845601938,2.132515316856837,641.2131924064403,25.322187749213935,0.08750687447713769
10,5,shared,best_pair,5+7.5,0.003325750845601938,2.1996646929130064,661.403934038505,25.717774671197837,0.0820440556612176
10,5,nuisance,best_single,5,0.003325750845601938,1.2218338400130575,367.38586164049036,19.16731232177559,0.059145716391576335
10,5,nuisance,best_pair,5+7.5,0.003325750845601938,1.277514538437575,384.1281556394985,19.599187627029302,0.05778094560515841
10,5,expanded_nuisance,best_single,5,0.003325750845601938,0.008685545023244146,2.611604244115323,1.6160458669590176,0.000513943193540461
10,5,expanded_nuisance,best_pair,5+7.5,0.003325750845601938,0.011355229929589594,3.4143357265040026,1.8477921221024844,0.0006542319784601614
11,5,shared,best_single,5,0.003227757333727377,2.208326671042382,684.1675016790163,26.156595758603913,0.08795445495543709
11,5,shared,best_pair,5+7.5,0.003227757333727377,2.278692864509297,705.9678373894016,26.570055276370834,0.08281746002808861
11,5,nuisance,best_single,5,0.003227757333727377,1.2632663072987322,391.3758615304351,19.783221717668614,0.059115753589099276
11,5,nuisance,best_pair,5+7.5,0.003227757333727377,1.3196181468791846,408.834373355851,20.219653146279512,0.05786849641396117
11,5,expanded_nuisance,best_single,5,0.003227757333727377,0.008838563704755664,2.7382986981084456,1.654780558898504,0.0005066555183165599
11,5,expanded_nuisance,best_pair,5+7.5,0.003227757333727377,0.011435484676327157,3.5428576234142084,1.8822480238837305,0.0006393293438022347
12,5,shared,best_single,5,0.003441473935945405,2.1556802815049445,626.3828585157537,25.027641888834708,0.08750079957368113
12,5,shared,best_pair,5+7.5,0.003441473935945405,2.2228281605941915,645.8942307763141,25.414449251878626,0.08232931219959475
12,5,nuisance,best_single,5,0.003441473935945405,1.239320387281595,360.1132568046435,18.976650305168285,0.05915239480135373
12,5,nuisance,best_pair,5+7.5,0.003441473935945405,1.2939682871199523,375.99247043679475,19.39052527490668,0.05786253794942098
12,5,expanded_nuisance,best_single,5,0.003441473935945405,0.009169382984356211,2.6643767045811715,1.6322918564341278,0.0005367897573972527
12,5,expanded_nuisance,best_pair,5+7.5,0.003441473935945405,0.011864653549515491,3.4475500237244017,1.856757933529409,0.0006773348155731076
13,5,shared,best_single,5,0.00321761259256248,2.1947330918225916,682.0998577938572,26.11704152069788,0.08779460639355044
13,5,shared,best_pair,5+7.5,0.00321761259256248,2.2640475302167022,703.6420529463535,26.52625214662549,0.08273348315222954
13,5,nuisance,best_single,5,0.00321761259256248,1.2574805483246299,390.81166925791484,19.768957212203045,0.05906950460343673
13,5,nuisance,best_pair,5+7.5,0.00321761259256248,1.3122436796428645,407.83147190439246,20.19483775385166,0.05781853896582981
13,5,expanded_nuisance,best_single,5,0.00321761259256248,0.008750307043993377,2.7195029831185193,1.6490915629880953,0.0005040320201745765
13,5,expanded_nuisance,best_pair,5+7.5,0.00321761259256248,0.01132833266539679,3.520726109657285,1.87635980282495,0.0006366667734990993
14,5,shared,best_single,5,0.0035571891870918027,2.0776301148461926,584.0651159025841,24.167439167246997,0.08660717403270553
14,5,shared,best_pair,5+7.5,0.0035571891870918027,2.1402723793568708,601.6751617044752,24.52906768926359,0.08141153670749188
14,5,nuisance,best_single,5,0.0035571891870918027,1.1978833656525223,336.74997382746955,18.350748590383706,0.05895189969148598
14,5,nuisance,best_pair,5+7.5,0.0035571891870918027,1.2494979620889444,351.25991235525976,18.741929259157388,0.05762294914176373
14,5,expanded_nuisance,best_single,5,0.0035571891870918027,0.008946982197499675,2.5151831198537753,1.5859328863018685,0.0005402335291199191
14,5,expanded_nuisance,best_pair,5+7.5,0.0035571891870918027,0.01159829839590154,3.260523347475872,1.8056919303900851,0.0006827663065212363
15,5,shared,best_single,5,0.003373236722490791,2.200237724839836,652.2630653727691,25.53944136767226,0.08842602964409987
15,5,shared,best_pair,5+7.5,0.003373236722490791,2.271265361280732,673.319291865065,25.948396710877244,0.08328013253775532
15,5,nuisance,best_single,5,0.003373236722490791,1.2606841723383782,373.73130795501703,19.332131490216412,0.05932963797357397
15,5,nuisance,best_pair,5+7.5,0.003373236722490791,1.3172556429510016,390.501987058395,19.7611231223935,0.05808618157092803
15,5,expanded_nuisance,best_single,5,0.003373236722490791,0.008980933543131009,2.6624083282537923,1.6316887963866737,0.0005165361617460355
15,5,expanded_nuisance,best_pair,5+7.5,0.003373236722490791,0.011683995047346407,3.4637340953406226,1.8611109841545244,0.0006553302479432514
16,5,shared,best_single,5,0.003353604673509425,2.1096973828333856,629.083505130515,25.08153713651767,0.08696016068397562
16,5,shared,best_pair,5+7.5,0.003353604673509425,2.1748056690276143,648.4979241013997,25.465622397683504,0.08159819893348697
16,5,nuisance,best_single,5,0.003353604673509425,1.2128555238248575,361.65727385978636,19.017288814649326,0.05896604665771879
16,5,nuisance,best_pair,5+7.5,0.003353604673509425,1.2658941775514108,377.4726900731262,19.428656414511174,0.05756104232435555
16,5,expanded_nuisance,best_single,5,0.003353604673509425,0.008551382785797479,2.549907821081597,1.5968430796673783,0.0005096490342092469
16,5,expanded_nuisance,best_pair,5+7.5,0.003353604673509425,0.011144668528270785,3.3231908985289835,1.8229621220774126,0.0006469506482359225
17,5,shared,best_single,5,0.003232451114723256,2.1263338433449412,657.8085075006574,25.647777827731147,0.08751750118775573
17,5,shared,best_pair,5+7.5,0.003232451114723256,2.192209554996298,678.1879995063691,26.042042921137526,0.0824196824407674
17,5,nuisance,best_single,5,0.003232451114723256,1.218821574633899,377.0580068736005,19.417981534485,0.05898380155920233
17,5,nuisance,best_pair,5+7.5,0.003232451114723256,1.2709672847278823,393.1899476959902,19.829017819750685,0.057696220834760024
17,5,expanded_nuisance,best_single,5,0.003232451114723256,0.008475286118871495,2.6219379096772824,1.619239917268989,0.0005012141134104385
17,5,expanded_nuisance,best_pair,5+7.5,0.003232451114723256,0.011022485579073926,3.4099465662043302,1.8466040631939296,0.000635763982980231
18,5,shared,best_single,5,0.0029280108161271468,2.2340391969685633,762.9887105142277,27.62225027969712,0.08882919724188156
18,5,shared,best_pair,5+7.5,0.0029280108161271468,2.3075630989849145,788.0992400284597,28.07310527940327,0.08359268769094096
18,5,nuisance,best_single,5,0.0029280108161271468,1.2680893025712274,433.0890089567762,20.810790685526012,0.05911423491508918
18,5,nuisance,best_pair,5+7.5,0.0029280108161271468,1.3252787774560648,452.6208612880054,21.27488804407688,0.05784636841053112
18,5,expanded_nuisance,best_single,5,0.0029280108161271468,0.007714659130978241,2.6347782216127023,1.623199994336096,0.0004381952433017962
18,5,expanded_nuisance,best_pair,5+7.5,0.0029280108161271468,0.010137574275585148,3.4622735065555617,1.860718545765469,0.0005613279491680519
19,5,shared,best_single,5,0.003456540674670272,1.9876253847151202,575.0331246730445,23.979848303795514,0.08503045001298831
19,5,shared,best_pair,5+7.5,0.003456540674670272,2.045071625097171,591.6527006563449,24.323912116605438,0.07951269589350443
19,5,nuisance,best_single,5,0.003456540674670272,1.1525144286325752,333.4300206788443,18.260066283528225,0.05849089554782482
19,5,nuisance,best_pair,5+7.5,0.003456540674670272,1.2023289558967871,347.8416917548584,18.650514517161675,0.05697868371384233
19,5,expanded_nuisance,best_single,5,0.003456540674670272,0.008957106230213174,2.5913498706528646,1.6097670237189183,0.000559502466556586
19,5,expanded_nuisance,best_pair,5+7.5,0.003456540674670272,0.011657250542787878,3.372519417524254,1.8364420539522215,0.0007088155861619384
20,5,shared,best_single,5,0.00333897496385549,2.193104696969263,656.8197487880835,25.628494859981213,0.08783977052533766
20,5,shared,best_pair,5+7.5,0.00333897496385549,2.2622065808814793,677.5152869877544,26.029123822897965,0.08282883181781141
20,5,nuisance,best_single,5,0.00333897496385549,1.2581110425728677,376.79559032096967,19.411223308204193,0.05913803721597852
20,5,nuisance,best_pair,5+7.5,0.00333897496385549,1.3123972280912823,393.05392891471905,19.825587731886262,0.05789718127892583
20,5,expanded_nuisance,best_single,5,0.00333897496385549,0.008820713327773788,2.6417428771578972,1.6253439258070574,0.0005085433021990209
20,5,expanded_nuisance,best_pair,5+7.5,0.00333897496385549,0.01139553537889304,3.4128843439229324,1.8473993460870697,0.0006411367860222489
21,5,shared,best_single,5,0.003383445760000603,2.196426526204822,649.1685346847206,25.478785973525518,0.08843153641511911
21,5,shared,best_pair,5+7.5,0.003383445760000603,2.2673855606043887,670.140951396243,25.887080781661016,0.08321032839991885
21,5,nuisance,best_single,5,0.003383445760000603,1.2579558715165158,371.79726253873554,19.282045081856218,0.05939795336879908
21,5,nuisance,best_pair,5+7.5,0.003383445760000603,1.3151813161280248,388.7106250309124,19.71574561184315,0.05814679438016411
21,5,expanded_nuisance,best_single,5,0.003383445760000603,0.008866208922488461,2.620467284360096,1.618785743809259,0.0005115371985806459
21,5,expanded_nuisance,best_pair,5+7.5,0.003383445760000603,0.011575087017705599,3.4210943040811554,1.849620043165935,0.000651035988303062
22,5,shared,best_single,5,0.0032083935909850148,2.2087396629548133,688.4254067708395,26.237862084606654,0.08841978728851152
22,5,shared,best_pair,5+7.5,0.0032083935909850148,2.2794227913755125,710.4560979613797,26.65438234064672,0.08337377381581115
22,5,nuisance,best_single,5,0.0032083935909850148,1.2584697304402805,392.2429386395562,19.805124050092598,0.05905294284164587
22,5,nuisance,best_pair,5+7.5,0.0032083935909850148,1.3140878740694504,409.57813834368426,20.238036919219322,0.05785459428263647
22,5,expanded_nuisance,best_single,5,0.0032083935909850148,0.008630479571283267,2.689969084695001,1.6401125219615271,0.0004939586772703309
22,5,expanded_nuisance,best_pair,5+7.5,0.0032083935909850148,0.011270633824553844,3.5128588513024757,1.8742622151936148,0.0006294135790863026
23,5,shared,best_single,5,0.003536917105323445,2.067502214104473,584.5492423310282,24.177453181239503,0.08631399032438185
23,5,shared,best_pair,5+7.5,0.003536917105323445,2.1294928710927636,602.0759909491928,24.537236823839656,0.08100731280266284
23,5,nuisance,best_single,5,0.003536917105323445,1.1986252368540444,338.8898300867677,18.408960592243325,0.0590032075141796
23,5,nuisance,best_pair,5+7.5,0.003536917105323445,1.2502174798714427,353.47661328837177,18.800973732452576,0.05758570950318731
23,5,expanded_nuisance,best_single,5,0.003536917105323445,0.009336052081529989,2.63960160883562,1.6246850798956762,0.0005653594881783927
23,5,expanded_nuisance,best_pair,5+7.5,0.003536917105323445,0.01204899932540826,3.406638879738857,1.8457082325597556,0.0007109454747555574
24,5,shared,best_single,5,0.00321268661610552,2.200183397718775,684.842208601684,26.169490033275085,0.08829780066219302
24,5,shared,best_pair,5+7.5,0.00321268661610552,2.2711274895016977,706.9246897958575,26.588055397036044,0.08295785287925134
24,5,nuisance,best_single,5,0.00321268661610552,1.2573000932006655,391.3547268811387,19.782687554554833,0.05926024328086697
24,5,nuisance,best_pair,5+7.5,0.00321268661610552,1.3146039135474987,409.19145582306646,20.228481302931925,0.05794568108085897
24,5,expanded_nuisance,best_single,5,0.00321268661610552,0.00848542032750954,2.6412225471887854,1.6251838502731883,0.0004888336374217796
24,5,expanded_nuisance,best_pair,5+7.5,0.00321268661610552,0.011055626623087456,3.441240290187188,1.8550580287924117,0.0006205850166269009
25,5,shared,best_single,5,0.0034966086379992767,2.079646844416792,594.7611127583167,24.38772463265724,0.08673696275333709
25,5,shared,best_pair,5+7.5,0.0034966086379992767,2.142551291384165,612.7512436193347,24.753812708739126,0.08141857059314789
25,5,nuisance,best_single,5,0.0034966086379992767,1.1982379105040835,342.6857376837297,18.511772948146533,0.058972368083410526
25,5,nuisance,best_pair,5+7.5,0.0034966086379992767,1.2507170481867331,357.69431974588394,18.912808351640535,0.057605204576820127
25,5,expanded_nuisance,best_single,5,0.0034966086379992767,0.008967171093161586,2.564533815912698,1.601416190723916,0.0005409405811274949
25,5,expanded_nuisance,best_pair,5+7.5,0.0034966086379992767,0.011676845163661742,3.339477297162748,1.8274236775205546,0.0006864044885101995
26,5,shared,best_single,5,0.0032430739819835352,2.1961982447894934,677.1964676076401,26.02299882042114,0.08811616054789403
26,5,shared,best_pair,5+7.5,0.0032430739819835352,2.2664139513741377,698.8474404114423,26.435722808568,0.0830023468521451
26,5,nuisance,best_single,5,0.0032430739819835352,1.256468351129158,387.4312945400876,19.683274487241384,0.059154594456882426
26,5,nuisance,best_pair,5+7.5,0.0032430739819835352,1.3117600903128988,404.4804705659528,20.11169984277691,0.05789501116955224
26,5,expanded_nuisance,best_single,5,0.0032430739819835352,0.008534996600681133,2.63176130057352,1.622270415366538,0.0004915713162567582
26,5,expanded_nuisance,best_pair,5+7.5,0.0032430739819835352,0.011082612182880425,3.417317102369048,1.8485986861320247,0.0006225729751345537
27,5,shared,best_single,5,0.0029997828103507373,2.075339565462724,691.8299412550048,26.302660345581106,0.08639409593892218
27,5,shared,best_pair,5+7.5,0.0029997828103507373,2.1379743657259094,712.7097196333142,26.696623749705022,0.08074091804981408
27,5,nuisance,best_single,5,0.0029997828103507373,1.1902183881301958,396.7681873578822,19.919040824243577,0.058612554659437745
27,5,nuisance,best_pair,5+7.5,0.0029997828103507373,1.2423372637380476,414.14240372715267,20.350489029189266,0.05707472626300826
27,5,expanded_nuisance,best_single,5,0.0029997828103507373,0.008022695520766288,2.6744254594312666,1.6353670717705144,0.0004840993694557229
27,5,expanded_nuisance,best_pair,5+7.5,0.0029997828103507373,0.010451546488046137,3.4841010662449037,1.8665746880971315,0.0006137036285725496
28,5,shared,best_single,5,0.0033061148636615023,2.1494565433222426,650.1457547490447,25.497955893542617,0.09035221999036117
28,5,shared,best_pair,5+7.5,0.0033061148636615023,2.2208089645957814,671.7277094650755,25.91771034379919,0.08542268201134644
28,5,nuisance,best_single,5,0.0033061148636615023,1.217693502591185,368.3155464364589,19.191548828493726,0.05971893371984355
28,5,nuisance,best_pair,5+7.5,0.0033061148636615023,1.2719303871870413,384.72056768722973,19.614294983180756,0.058630131277865795
28,5,expanded_nuisance,best_single,5,0.0033061148636615023,0.007861237204011662,2.377787078851032,1.542007483396573,0.00046292250553251916
28,5,expanded_nuisance,best_pair,5+7.5,0.0033061148636615023,0.010305082422018774,3.116976525917178,1.7654961132546223,0.0005919794712278932
29,5,shared,best_single,5,0.0034682179941720737,2.147480553423888,619.1884584626666,24.883497713598597,0.08728736466177056
29,5,shared,best_pair,5+7.5,0.0034682179941720737,2.213927951060935,638.3474034161568,25.265537861208433,0.08196014508421302
29,5,nuisance,best_single,5,0.0034682179941720737,1.2318801439061926,355.191094093918,18.84651410988032,0.05899109459501546
29,5,nuisance,best_pair,5+7.5,0.0034682179941720737,1.2863525987907234,370.897273744697,19.25869345892127,0.05763601060347892
29,5,expanded_nuisance,best_single,5,0.0034682179941720737,0.009017018574517977,2.5998995996416605,1.6124204165296532,0.0005293613042354938
29,5,expanded_nuisance,best_pair,5+7.5,0.0034682179941720737,0.011715455341673842,3.377946646191291,1.8379191076299553,0.0006702324190579564
30,5,shared,best_single,5,0.0034711234442268424,2.149099129717656,619.1364738963773,24.882453132606866,0.08836051433520002
30,5,shared,best_pair,5+7.5,0.0034711234442268424,2.217956510114508,638.9736768951285,25.27792865119942,0.08313641776657768
30,5,nuisance,best_single,5,0.0034711234442268424,1.2317765548674773,354.86394380936315,18.837832778994592,0.05947054416610305
30,5,nuisance,best_pair,5+7.5,0.0034711234442268424,1.288144490864271,371.1030482095667,19.26403509676949,0.0582451860038977
30,5,expanded_nuisance,best_single,5,0.0034711234442268424,0.008892868235620632,2.5619567781178203,1.6006113763552414,0.0005235045809022777
30,5,expanded_nuisance,best_pair,5+7.5,0.0034711234442268424,0.011678726317708943,3.364537880994394,1.8342676688516304,0.0006702277308788122
31,5,shared,best_single,5,0.003442771055583993,2.1965560726733675,638.019791966901,25.259053663328345,0.08853212348472217
31,5,shared,best_pair,5+7.5,0.003442771055583993,2.267274784844004,658.561010371748,25.662443577565796,0.08331664766653255
31,5,nuisance,best_single,5,0.003442771055583993,1.2562827434070623,364.90452694187667,19.102474366999598,0.05937469746464161
31,5,nuisance,best_pair,5+7.5,0.003442771055583993,1.3128990642421094,381.34951265860576,19.52817228156813,0.05811344564837528
31,5,expanded_nuisance,best_single,5,0.003442771055583993,0.008730504891540036,2.535894705336162,1.5924492787326576,0.0005037709176265768
31,5,expanded_nuisance,best_pair,5+7.5,0.003442771055583993,0.011389386282269154,3.308203217229961,1.8188466722706345,0.0006407211513962606
32,5,shared,best_single,5,0.0032563718280378406,2.2181980520570046,681.1869679494193,26.099558769247793,0.08933701861512985
32,5,shared,best_pair,5+7.5,0.0032563718280378406,2.291275992379506,703.6284900425935,26.525996494808513,0.08444361496896298
32,5,nuisance,best_single,5,0.0032563718280378406,1.2643635910347464,388.27371621028954,19.70466229627622,0.05948451636468341
32,5,nuisance,best_pair,5+7.5,0.0032563718280378406,1.3202793282696998,405.4448932710634,20.135662225788934,0.05836431166391263
32,5,expanded_nuisance,best_single,5,0.0032563718280378406,0.008355609768158523,2.5659261931378636,1.6018508648241458,0.00047776875096989044
32,5,expanded_nuisance,best_pair,5+7.5,0.0032563718280378406,0.010878146029470237,3.3405724542289055,1.827723298048396,0.0006071327067524356
33,5,shared,best_single,5,0.0035419387294814975,2.1356436548996096,602.9589493244129,24.55522244501998,0.08779120041260711
33,5,shared,best_pair,5+7.5,0.0035419387294814975,2.2027215218424363,621.8971275555892,24.937865336784327,0.0824717505041305
33,5,nuisance,best_single,5,0.0035419387294814975,1.2265520731021018,346.2939838266644,18.608975894085745,0.05928827775051325
33,5,nuisance,best_pair,5+7.5,0.0035419387294814975,1.2813296754636776,361.7594129448001,19.019974052158958,0.0579470644572892
33,5,expanded_nuisance,best_single,5,0.0035419387294814975,0.008881397455296813,2.5074960730890328,1.5835075222710604,0.0005249879438189218
33,5,expanded_nuisance,best_pair,5+7.5,0.0035419387294814975,0.011551123014471809,3.2612430357209403,1.805891202625712,0.0006652963867104355
34,5,shared,best_single,5,0.002846510571078653,2.127182140479292,747.2946568658695,27.336690671437708,0.08733288227966443
34,5,shared,best_pair,5+7.5,0.002846510571078653,2.1941826025468854,770.8324096317775,27.763868779976928,0.0818670884075591
34,5,nuisance,best_single,5,0.002846510571078653,1.2200493644191976,428.6122724486752,20.70295323012336,0.05905297969498921
34,5,nuisance,best_pair,5+7.5,0.002846510571078653,1.2745941110599577,447.77424120963815,21.160676766342757,0.05762633629401822
34,5,expanded_nuisance,best_single,5,0.002846510571078653,0.007949712617869586,2.7927922343380347,1.671164933313895,0.00047108792813751007
34,5,expanded_nuisance,best_pair,5+7.5,0.002846510571078653,0.010277460143029327,3.610546978975314,1.9001439363835873,0.0005931016553101135
35,5,shared,best_single,5,0.0035338690842985354,2.1989923654190004,622.261977725611,24.945179448655225,0.08803682071025382
35,5,shared,best_pair,5+7.5,0.0035338690842985354,2.269001735622333,642.072946534386,25.339158362786755,0.08294462796476018
35,5,nuisance,best_single,5,0.0035338690842985354,1.262015357542537,357.1200085339449,18.89761912342253,0.0592697299072612
35,5,nuisance,best_pair,5+7.5,0.0035338690842985354,1.3179938446290165,372.9605747097547,19.312187206780973,0.0580255974811334
35,5,expanded_nuisance,best_single,5,0.0035338690842985354,0.009184596307487247,2.599019966046752,1.6121476253888016,0.0005285999816433833
35,5,expanded_nuisance,best_pair,5+7.5,0.0035338690842985354,0.01183941983975334,3.350271206241766,1.8303746081722632,0.0006646231290473854
36,5,shared,best_single,5,0.0035712811400043787,2.16062140392252,604.9989679389595,24.596726772864706,0.08746776169119438
36,5,shared,best_pair,5+7.5,0.0035712811400043787,2.2276083352500824,623.7560830193702,24.975109269418027,0.08247106498802903
36,5,nuisance,best_single,5,0.0035712811400043787,1.245526596140522,348.76184408685197,18.675166507607152,0.05918347562141532
36,5,nuisance,best_pair,5+7.5,0.0035712811400043787,1.2994086402494849,363.8494392653421,19.074837856855876,0.057946200668805896
36,5,expanded_nuisance,best_single,5,0.0035712811400043787,0.009642347648230576,2.699968798373223,1.6431581781353926,0.0005625356289003392
36,5,expanded_nuisance,best_pair,5+7.5,0.0035712811400043787,0.012370349278934434,3.463840788216205,1.861139647693371,0.000704279066170045
37,5,shared,best_single,5,0.0034971230646756446,2.2312914272970934,638.0362904111995,25.259380245983856,0.08864963948989242
37,5,shared,best_pair,5+7.5,0.0034971230646756446,2.303352381623526,658.6420720762253,25.664022912946155,0.08353432940605061
37,5,nuisance,best_single,5,0.0034971230646756446,1.2737666237618372,364.23271363485117,19.08488180824946,0.059316976909828525
37,5,nuisance,best_pair,5+7.5,0.0034971230646756446,1.3320354439411923,380.89464377048955,19.516522327773703,0.05814088473132703
37,5,expanded_nuisance,best_single,5,0.0034971230646756446,0.00914515487900891,2.6150509175338716,1.6171119063113324,0.0005203125241570298
37,5,expanded_nuisance,best_pair,5+7.5,0.0034971230646756446,0.011954953853238859,3.418511053841816,1.848921592129265,0.0006635166925985023
38,5,shared,best_single,5,0.0033980012066114895,2.222104157245088,653.9444874008699,25.57233832485543,0.08805557022833102
38,5,shared,best_pair,5+7.5,0.0033980012066114895,2.292979581130279,674.8024623030826,25.97696022060862,0.08293373280366226
38,5,nuisance,best_single,5,0.0033980012066114895,1.2704607363695812,373.8847219646792,19.336098933463266,0.05909754443855368
38,5,nuisance,best_pair,5+7.5,0.0033980012066114895,1.326792780682491,390.4627161700093,19.76012945731908,0.05784607765760218
38,5,expanded_nuisance,best_single,5,0.0033980012066114895,0.008927813889457514,2.627372195185414,1.6209170846114904,0.0005089738715490541
38,5,expanded_nuisance,best_pair,5+7.5,0.0033980012066114895,0.011547857912132198,3.3984266661423,1.8434822120493326,0.0006421404884375866
39,5,shared,best_single,5,0.0036321895016513395,2.3344275794699927,642.7053374854665,25.351633822802555,0.08985578237313342
39,5,shared,best_pair,5+7.5,0.0036321895016513395,2.414298193327906,664.694997942775,25.78167950197921,0.08487689038396178
39,5,nuisance,best_single,5,0.0036321895016513395,1.328085432611314,365.64321107351725,19.121799368090787,0.05953816305129087
39,5,nuisance,best_pair,5+7.5,0.0036321895016513395,1.3904550268319698,382.81456025348155,19.565647452959013,0.05845215706071711
39,5,expanded_nuisance,best_single,5,0.0036321895016513395,0.009330802745961098,2.568919584652436,1.6027849464767367,0.0005098936855610338
39,5,expanded_nuisance,best_pair,5+7.5,0.0036321895016513395,0.012029596500827022,3.311940771635919,1.819873833988477,0.0006414557095212516
40,5,shared,best_single,5,0.0037134798274509606,2.0670973462640254,556.6469840454042,23.593367374018577,0.08640254228581673
40,5,shared,best_pair,5+7.5,0.0037134798274509606,2.1287147040621064,573.2398728346715,23.942428298622332,0.08096211330082985
40,5,nuisance,best_single,5,0.0037134798274509606,1.191621721821417,320.8908563371355,17.913426705606483,0.058848591894019295
40,5,nuisance,best_pair,5+7.5,0.0037134798274509606,1.24403725659826,335.0057935960845,18.30316348602297,0.05743368786387559
40,5,expanded_nuisance,best_single,5,0.0037134798274509606,0.009206533522949645,2.4792200175406025,1.5745539106491726,0.0005578061668450107
40,5,expanded_nuisance,best_pair,5+7.5,0.0037134798274509606,0.012062470245377988,3.2482929235832185,1.8023021177325456,0.0007118151465171722
41,5,shared,best_single,5,0.0033125685873813815,2.133527646182716,644.0704818339448,25.378543729574886,0.0875069582108146
41,5,shared,best_pair,5+7.5,0.0033125685873813815,2.1996423264926377,664.0292173486669,25.768764373727098,0.08227634970682766
41,5,nuisance,best_single,5,0.0033125685873813815,1.2221857759990717,368.9541042726671,19.20817805708462,0.05902621139122044
41,5,nuisance,best_pair,5+7.5,0.0033125685873813815,1.2759082980052427,385.17188832423875,19.625796501651564,0.05772250615499103
41,5,expanded_nuisance,best_single,5,0.0033125685873813815,0.008576079902189893,2.5889516476304477,1.6090219537440897,0.0005065437270215479
41,5,expanded_nuisance,best_pair,5+7.5,0.0033125685873813815,0.011246880416413862,3.3952143539779907,1.8426107440200143,0.0006476191760094467
42,5,shared,best_single,5,0.0027485292538036443,2.153941436631436,783.6705516780045,27.994116376088822,0.08813512656530025
42,5,shared,best_pair,5+7.5,0.0027485292538036443,2.2231345784876053,808.8451579735039,28.440203198526973,0.08264469945208462
42,5,nuisance,best_single,5,0.0027485292538036443,1.2339059594330388,448.933173159957,21.188043164954074,0.0593458564001929
42,5,nuisance,best_pair,5+7.5,0.0027485292538036443,1.28950272671552,469.16099762482,21.66012459855252,0.057914253472907615
42,5,expanded_nuisance,best_single,5,0.0027485292538036443,0.007696815944987723,2.8003398305971188,1.6734215938002948,0.00045267674557163373
42,5,expanded_nuisance,best_pair,5+7.5,0.0027485292538036443,0.00976601169342528,3.553177278324492,1.8849873416881324,0.0005594969032916568
43,5,shared,best_single,5,0.0033122265615674884,2.296344086861823,693.2931803357963,26.33046107336133,0.08967711308882206
43,5,shared,best_pair,5+7.5,0.0033122265615674884,2.3740432493149988,716.7514676868901,26.772214471105862,0.08470930193795688
43,5,nuisance,best_single,5,0.0033122265615674884,1.3053654278494735,394.10511436503856,19.852080857306586,0.05941756799675565
43,5,nuisance,best_pair,5+7.5,0.0033122265615674884,1.3652101625398168,412.17294081892163,20.302042774531866,0.05830154996799223
43,5,expanded_nuisance,best_single,5,0.0033122265615674884,0.008710675653037292,2.629855020821711,1.6216827744111089,0.00048288758021490806
43,5,expanded_nuisance,best_pair,5+7.5,0.0033122265615674884,0.011329902201629327,3.4206301987589667,1.8494945792726636,0.0006129840567760098
44,5,shared,best_single,5,0.0032961041240642253,2.0878513995469117,633.4300498287989,25.16803627279647,0.08669368642308249
44,5,shared,best_pair,5+7.5,0.0032961041240642253,2.1512188316741656,652.6549983565534,25.547113307701782,0.08131529148890963
44,5,nuisance,best_single,5,0.0032961041240642253,1.2027610171952468,364.9038294676794,19.102456110869078,0.05897007949169074
44,5,nuisance,best_pair,5+7.5,0.0032961041240642253,1.255380977860231,380.86811903026205,19.5158427701768,0.057560274962719045
44,5,expanded_nuisance,best_single,5,0.0032961041240642253,0.008646951408187054,2.6233853915770795,1.6196868189798543,0.0005203932199566191
44,5,expanded_nuisance,best_pair,5+7.5,0.0032961041240642253,0.011260435291716941,3.416286278551293,1.8483198528802565,0.0006602180226047593
45,5,shared,best_single,5,0.0033897951037322738,2.24069224986766,661.0111175748013,25.710136475227067,0.08884282589961817
45,5,shared,best_pair,5+7.5,0.0033897951037322738,2.3142054996094763,682.6977527525075,26.128485466105907,0.08370074053769325
45,5,nuisance,best_single,5,0.0033897951037322738,1.27899705986056,377.30807341492203,19.42441951294612,0.059366427420076855
45,5,nuisance,best_pair,5+7.5,0.0033897951037322738,1.3369247376302584,394.39691683968186,19.859428915245317,0.05814030227461076
45,5,expanded_nuisance,best_single,5,0.0033897951037322738,0.008684592487358866,2.5619815421282692,1.600619112133886,0.0004924662755912318
45,5,expanded_nuisance,best_pair,5+7.5,0.0033897951037322738,0.011284801417776436,3.32905118818288,1.8245687677319482,0.0006240424490384476
46,5,shared,best_single,5,0.0032628714930338365,2.2009833359352724,674.5540977124984,25.972179302332304,0.08802917519722482
46,5,shared,best_pair,5+7.5,0.0032628714930338365,2.2711985562863424,696.073553964753,26.383205907636643,0.08281224377186064
46,5,nuisance,best_single,5,0.0032628714930338365,1.2592579683746592,385.93550835917046,19.645241366783214,0.05916584200561907
46,5,nuisance,best_pair,5+7.5,0.0032628714930338365,1.3154021953159405,403.1425074889701,20.078408987989317,0.05787358624431259
46,5,expanded_nuisance,best_single,5,0.0032628714930338365,0.008606154088646178,2.6376012990459907,1.6240693639884938,0.0004952815613503264
46,5,expanded_nuisance,best_pair,5+7.5,0.0032628714930338365,0.011165709204444596,3.422049942292596,1.8498783587827055,0.0006265011445395019
47,5,shared,best_single,5,0.003402746386713007,2.1323343970406814,626.6509914952783,25.03299805247622,0.08754074464749616
47,5,shared,best_pair,5+7.5,0.003402746386713007,2.1986692279531765,646.145488990454,25.419391987033325,0.08232432941232853
47,5,nuisance,best_single,5,0.003402746386713007,1.2267298484887603,360.51168940444006,18.987145372710454,0.059267154180795166
47,5,nuisance,best_pair,5+7.5,0.003402746386713007,1.281181181666343,376.5138614705698,19.40396509661285,0.05797168784673818
47,5,expanded_nuisance,best_single,5,0.003402746386713007,0.009030566812148866,2.6539053417002476,1.6290811341674323,0.000534637224457594
47,5,expanded_nuisance,best_pair,5+7.5,0.003402746386713007,0.011722388552075191,3.4449786201665216,1.8560653598854007,0.0006766367764348045
48,5,shared,best_single,5,0.003469344645031569,2.2266089434578205,641.7952585502095,25.333678346229345,0.08844794589188527
48,5,shared,best_pair,5+7.5,0.003469344645031569,2.2985000798813813,662.51707888781,25.73940711997481,0.08333985166874146
48,5,nuisance,best_single,5,0.003469344645031569,1.2740673208994084,367.23573217898485,19.163395632793915,0.0593122658057986
48,5,nuisance,best_pair,5+7.5,0.003469344645031569,1.3314977298148631,383.7894086774268,19.590543858643304,0.05809448174180368
48,5,expanded_nuisance,best_single,5,0.003469344645031569,0.009083968299449019,2.6183528097902076,1.6181325068702523,0.0005174230737918977
48,5,expanded_nuisance,best_pair,5+7.5,0.003469344645031569,0.011750912921339562,3.38706992923519,1.8403993939455614,0.000652868535425236
49,5,shared,best_single,5,0.0034775990570454773,2.0709679285094555,595.5165890425916,24.40320858089345,0.08578585530106446
49,5,shared,best_pair,5+7.5,0.0034775990570454773,2.1322487252694877,613.1381709888714,24.76162698590041,0.08045191967719355
49,5,nuisance,best_single,5,0.0034775990570454773,1.1993784135941803,344.8869159209965,18.571131250438043,0.05874068831047978
49,5,nuisance,best_pair,5+7.5,0.0034775990570454773,1.2506130183280715,359.61966799892565,18.963640684186295,0.05730140277187184
49,5,expanded_nuisance,best_single,5,0.0034775990570454773,0.009136463853844035,2.627233244538045,1.620874222306606,0.000552031750336377
49,5,expanded_nuisance,best_pair,5+7.5,0.0034775990570454773,0.011843856093049165,3.4057566438126283,1.8454692204999326,0.0006972476067644487
50,5,shared,best_single,5,0.0033326467396861403,2.14970758001486,645.0451391728707,25.397738859451064,0.08753768971139142
50,5,shared,best_pair,5+7.5,0.0033326467396861403,2.2167688766189637,665.1676729552598,25.790844750710665,0.08229189363862353
50,5,nuisance,best_single,5,0.0033326467396861403,1.2333930957725625,370.09416002150897,19.237831479184678,0.05913937484731214
50,5,nuisance,best_pair,5+7.5,0.0033326467396861403,1.2880825638071722,386.50438057784675,19.65971466165892,0.05783608633598496
50,5,expanded_nuisance,best_single,5,0.0033326467396861403,0.008707918751694965,2.612913828519087,1.6164509978712893,0.0005113807785148696
50,5,expanded_nuisance,best_pair,5+7.5,0.0033326467396861403,0.011339379859244492,3.402514801287461,1.8445906866531288,0.0006491679044920547
51,5,shared,best_single,5,0.003442734426893912,2.21433513390027,643.1908068779146,25.361206731500666,0.08841556418359581
51,5,shared,best_pair,5+7.5,0.003442734426893912,2.2856518683504787,663.9059494381706,25.76637245399846,0.08321844336175192
51,5,nuisance,best_single,5,0.003442734426893912,1.2631029435158938,366.88945091111333,19.154358535620904,0.05922039600163365
51,5,nuisance,best_pair,5+7.5,0.003442734426893912,1.3207158632594673,383.6240904736406,19.586324067410928,0.057996701370898865
51,5,expanded_nuisance,best_single,5,0.003442734426893912,0.008863855476350047,2.5746556014043622,1.6045733393660642,0.0005076301911145876
51,5,expanded_nuisance,best_pair,5+7.5,0.003442734426893912,0.011585876196142486,3.3653122081204043,1.8344787292635487,0.0006469553651961682
52,5,shared,best_single,5,0.0035898518918344724,1.9697070731213033,548.6875593953129,23.424080758811282,0.08512474498131828
52,5,shared,best_pair,5+7.5,0.0035898518918344724,2.0264495971633045,564.4939285023695,23.759080969228787,0.07981259888279568
52,5,nuisance,best_single,5,0.0035898518918344724,1.1448082725326831,318.90125471100356,17.857806548145927,0.05858810567206152
52,5,nuisance,best_pair,5+7.5,0.0035898518918344724,1.1932929275414519,332.4072868453801,18.23204011747945,0.05715189278403233
52,5,expanded_nuisance,best_single,5,0.0035898518918344724,0.00933241419543318,2.5996655228759775,1.6123478293705664,0.0005869917557015243
52,5,expanded_nuisance,best_pair,5+7.5,0.0035898518918344724,0.012021972703269324,3.348877075016569,1.8299937363326053,0.0007367007170102786
53,5,shared,best_single,5,0.003451951021415489,2.088879380821174,605.1300750972472,24.599391762749892,0.08619186934172003
53,5,shared,best_pair,5+7.5,0.003451951021415489,2.1511398417208007,623.1663857266188,24.963300777874284,0.0809035722387467
53,5,nuisance,best_single,5,0.003451951021415489,1.209823388088906,350.47524735528026,18.72098414494495,0.05893162984645289
53,5,nuisance,best_pair,5+7.5,0.003451951021415489,1.2619298926098181,365.5700456874842,19.11988613165581,0.057534365278510496
53,5,expanded_nuisance,best_single,5,0.003451951021415489,0.009356083654715075,2.7103755518751735,1.6463218251226501,0.0005618745142504727
53,5,expanded_nuisance,best_pair,5+7.5,0.003451951021415489,0.012097919383290634,3.5046613663509696,1.8720740814270598,0.0007081664551340607
54,5,shared,best_single,5,0.003475565728559671,2.205329935847474,634.5240194209757,25.18976020967599,0.08859240983462427
54,5,shared,best_pair,5+7.5,0.003475565728559671,2.2765763617056827,655.0232507469027,25.59342202103702,0.08339406894724156
54,5,nuisance,best_single,5,0.003475565728559671,1.2608723048868684,362.78189030520616,19.046834128148596,0.059391455840354705
54,5,nuisance,best_pair,5+7.5,0.003475565728559671,1.3182342716949589,379.2862442113146,19.475272635095884,0.0581545496266137
54,5,expanded_nuisance,best_single,5,0.003475565728559671,0.008909720194399284,2.5635309156105683,1.6011030309166767,0.0005124901942284155
54,5,expanded_nuisance,best_pair,5+7.5,0.003475565728559671,0.01160537815937479,3.3391335586060813,1.827329625055666,0.0006508863814876266
55,5,shared,best_single,5,0.003354192387842181,2.04067562305969,608.3955203215095,24.665674941535848,0.08573073294034857
55,5,shared,best_pair,5+7.5,0.003354192387842181,2.1005128046136905,626.2350401328627,25.024688612105898,0.08036164382974154
55,5,nuisance,best_single,5,0.003354192387842181,1.17662635577418,350.7927452340107,18.729461957942377,0.05851663018379903
55,5,nuisance,best_pair,5+7.5,0.003354192387842181,1.2266835484145024,365.71651431230293,19.123716017351413,0.05707578570365328
55,5,expanded_nuisance,best_single,5,0.003354192387842181,0.008752857347348542,2.6095275211626814,1.6154032069928181,0.0005346160132914162
55,5,expanded_nuisance,best_pair,5+7.5,0.003354192387842181,0.011397070774781248,3.3978583983708854,1.8433280767055238,0.0006781413053518697
56,5,shared,best_single,5,0.0034887886651562283,2.2177944142007107,635.6918194416909,25.21292960847055,0.08807361284850498
56,5,shared,best_pair,5+7.5,0.0034887886651562283,2.2886571500875315,656.0033781768335,25.612562897469545,0.08288196189042729
56,5,nuisance,best_single,5,0.0034887886651562283,1.2699970836294783,364.0223600567699,19.079370012051495,0.059217019546500514
56,5,nuisance,best_pair,5+7.5,0.0034887886651562283,1.3271528746794792,380.4050637787913,19.503975589063664,0.057949117581423355
56,5,expanded_nuisance,best_single,5,0.0034887886651562283,0.009155304637465278,2.6242072868736814,1.6199405195480732,0.0005233281771593074
56,5,expanded_nuisance,best_pair,5+7.5,0.0034887886651562283,0.011808879160617458,3.384807821281045,1.8397847214500518,0.0006581726117850322
57,5,shared,best_single,5,0.003281290099897305,2.0320108042439307,619.2719151249464,24.885174605072525,0.0863986014970602
57,5,shared,best_pair,5+7.5,0.003281290099897305,2.0927484624348964,637.7822133131092,25.254350383906317,0.08109844396113308
57,5,nuisance,best_single,5,0.003281290099897305,1.1701347869665633,356.60814842405586,18.88407128836512,0.05875012879406275
57,5,nuisance,best_pair,5+7.5,0.003281290099897305,1.2191438490502737,371.544061004673,19.275478230245625,0.05731531688726145
57,5,expanded_nuisance,best_single,5,0.003281290099897305,0.008102590257748954,2.469330662961663,1.5714104056425435,0.0004975487607375818
57,5,expanded_nuisance,best_pair,5+7.5,0.003281290099897305,0.010529171053808462,3.2088510108076074,1.791326606403089,0.0006298842170304364
58,5,shared,best_single,5,0.003611682017964357,2.0897312189498085,578.6033234807416,24.054174761998,0.08643881388547676
58,5,shared,best_pair,5+7.5,0.003611682017964357,2.152522771854092,595.9890048867903,24.41288604173604,0.08115579557173279
58,5,nuisance,best_single,5,0.003611682017964357,1.2064117735794428,334.03045106928033,18.27649996769842,0.05892328159376727
58,5,nuisance,best_pair,5+7.5,0.003611682017964357,1.259332915904742,348.68322007332654,18.673061347120523,0.057566706303836104
58,5,expanded_nuisance,best_single,5,0.003611682017964357,0.009412563611452374,2.606144052725204,1.6143556153230936,0.000565015923851443
58,5,expanded_nuisance,best_pair,5+7.5,0.003611682017964357,0.012191882261285425,3.375679863466248,1.837302333168455,0.0007132601035392082
59,5,shared,best_single,5,0.003278442698119388,2.0787003689069135,634.051151816476,25.180372352617745,0.08626757208260191
59,5,shared,best_pair,5+7.5,0.003278442698119388,2.141444144284421,653.1894382393253,25.55757105515556,0.08073508676024846
59,5,nuisance,best_single,5,0.003278442698119388,1.193852619125198,364.15235191087135,19.082776315590753,0.05871997445891019
59,5,nuisance,best_pair,5+7.5,0.003278442698119388,1.247202484840913,380.42528105076997,19.5044938681005,0.05727630481277457
59,5,expanded_nuisance,best_single,5,0.003278442698119388,0.008664378965225872,2.6428337363334173,1.625679469124654,0.0005228053195981063
59,5,expanded_nuisance,best_pair,5+7.5,0.003278442698119388,0.011295635489311007,3.4454271522849913,1.8561861847037304,0.000663478055857206
60,5,shared,best_single,5,0.003413134402223461,2.143144398678031,627.9109305751028,25.058150980770765,0.08735320332535192
60,5,shared,best_pair,5+7.5,0.003413134402223461,2.209700146726028,647.4108213513465,25.444268929394426,0.08204068814780137
60,5,nuisance,best_single,5,0.003413134402223461,1.2274213856060379,359.6170677622432,18.96357212558444,0.05895819447321461
60,5,nuisance,best_pair,5+7.5,0.003413134402223461,1.2817798339370712,375.54332261339175,19.378940182925167,0.057612259298318876
60,5,expanded_nuisance,best_single,5,0.003413134402223461,0.008708004176001705,2.551321790999188,1.5972857574645771,0.000511890082900954
60,5,expanded_nuisance,best_pair,5+7.5,0.003413134402223461,0.01131677239082407,3.315653899668247,1.8208937090528505,0.0006482219305760217
61,5,shared,best_single,5,0.0032341499836860965,2.082262213370526,643.8360075673685,25.3739237716079,0.08626734542296578
61,5,shared,best_pair,5+7.5,0.0032341499836860965,2.1447867741721103,663.1686177174772,25.752060455766976,0.08091430256541304
61,5,nuisance,best_single,5,0.0032341499836860965,1.2004867722480224,371.19081622794045,19.266312989981774,0.058725064024199934
61,5,nuisance,best_pair,5+7.5,0.0032341499836860965,1.2519362085527077,387.0989950583007,19.67483151283133,0.057286643349864864
61,5,expanded_nuisance,best_single,5,0.0032341499836860965,0.008672530928010236,2.681548775337187,1.6375435186086467,0.0005214555348610097
61,5,expanded_nuisance,best_pair,5+7.5,0.0032341499836860965,0.011277587101957032,3.487032808881514,1.8673598498633073,0.0006606398494023345
62,5,shared,best_single,5,0.0031596858455233967,2.201371140810118,696.7057006407751,26.395183284849058,0.08828564634398427
62,5,shared,best_pair,5+7.5,0.0031596858455233967,2.271808326051454,718.9981653619532,26.814141145335107,0.08313474526511144
62,5,nuisance,best_single,5,0.0031596858455233967,1.2552362879075698,397.2661679913441,19.931537020293845,0.059157859560148025
62,5,nuisance,best_pair,5+7.5,0.0031596858455233967,1.3123551012610313,415.343539016817,20.379978876751,0.0579671365409405
62,5,expanded_nuisance,best_single,5,0.0031596858455233967,0.008482650251009805,2.684649887908292,1.6384901244463734,0.0004882847204107812
62,5,expanded_nuisance,best_pair,5+7.5,0.0031596858455233967,0.011126562800769513,3.521414262286071,1.8765431682447573,0.0006247787577914025
63,5,shared,best_single,5,0.003501752975298311,2.150239732521048,614.0466639677434,24.779964971075795,0.08754572415806199
63,5,shared,best_pair,5+7.5,0.003501752975298311,2.21727504918028,633.1900236313478,25.163267348087924,0.0822840261740922
63,5,nuisance,best_single,5,0.003501752975298311,1.2319415878153503,351.80710818426655,18.75652175069425,0.05903984462202614
63,5,nuisance,best_pair,5+7.5,0.003501752975298311,1.2866357222129678,367.4261809125358,19.168364064586623,0.05772659993066256
63,5,expanded_nuisance,best_single,5,0.003501752975298311,0.008956181347393066,2.5576279682121488,1.5992585682784848,0.0005251860153153268
63,5,expanded_nuisance,best_pair,5+7.5,0.003501752975298311,0.011632116340105636,3.3217980886029537,1.8225800637017167,0.0006648462898774204
64,5,shared,best_single,5,0.0032227365233978844,2.213706405762597,686.9026957961121,26.20882858496564,0.08872791725952729
64,5,shared,best_pair,5+7.5,0.0032227365233978844,2.285876145870177,709.2966270354825,26.632623359997464,0.08343457274907266
64,5,nuisance,best_single,5,0.0032227365233978844,1.2613021140784733,391.37611930764433,19.7832282327138,0.05935413315085099
64,5,nuisance,best_pair,5+7.5,0.0032227365233978844,1.3193990198372574,409.4033161749606,20.233717309850917,0.05810485370199623
64,5,expanded_nuisance,best_single,5,0.0032227365233978844,0.008343251256761164,2.5888716611448204,1.6089970979292723,0.00047870019396987205
64,5,expanded_nuisance,best_pair,5+7.5,0.0032227365233978844,0.010943049508836733,3.3955768426576043,1.8427091041880712,0.0006119455698159844
65,5,shared,best_single,5,0.0033270552814061993,2.159800605193009,649.1628249351351,25.478673924188737,0.08764724473437197
65,5,shared,best_pair,5+7.5,0.0033270552814061993,2.2272585699575145,669.4384017016245,25.873507719318315,0.08224621877612064
65,5,nuisance,best_single,5,0.0033270552814061993,1.2345375216574463,371.06011690183334,19.262920778060458,0.05905309459225923
65,5,nuisance,best_pair,5+7.5,0.0033270552814061993,1.290330600484273,387.8296245017327,19.693390376005162,0.0577106066458471
65,5,expanded_nuisance,best_single,5,0.0033270552814061993,0.008697743573535366,2.6142467851809226,1.6168632549417785,0.0005087293945296764
65,5,expanded_nuisance,best_pair,5+7.5,0.0033270552814061993,0.01131267629210786,3.40020689025837,1.843964991603249,0.0006446286367424695
66,5,shared,best_single,5,0.003382898103686527,2.2083625185208646,652.8019617600343,25.549989466926093,0.08809399738199879
66,5,shared,best_pair,5+7.5,0.003382898103686527,2.2791093782413396,673.7150538934859,25.956021534385542,0.08278273323568121
66,5,nuisance,best_single,5,0.003382898103686527,1.263282921399431,373.4321527517377,19.3243926877855,0.059258880909259286
66,5,nuisance,best_pair,5+7.5,0.003382898103686527,1.321086704381395,390.51921278436834,19.761558966447165,0.057966577100065204
66,5,expanded_nuisance,best_single,5,0.003382898103686527,0.008977148570900262,2.6536857734843915,1.6290137425707591,0.0005156215404633798
66,5,expanded_nuisance,best_pair,5+7.5,0.003382898103686527,0.011645537307108711,3.44247356857067,1.855390408666238,0.0006518041715684206
67,5,shared,best_single,5,0.0034658571592423026,2.060596718762258,594.5417321274547,24.38322645031733,0.08628243106284496
67,5,shared,best_pair,5+7.5,0.0034658571592423026,2.1220174275886654,612.2633825026348,24.743956484415236,0.08104643597530162
67,5,nuisance,best_single,5,0.0034658571592423026,1.1870971851633547,342.5118608820206,18.507075967910776,0.0587203917913256
67,5,nuisance,best_pair,5+7.5,0.0034658571592423026,1.2380846102113015,357.2232072258767,18.900349394280433,0.05736701626181842
67,5,expanded_nuisance,best_single,5,0.0034658571592423026,0.008896020572455754,2.5667591489548234,1.6021108416569758,0.0005396036851402004
67,5,expanded_nuisance,best_pair,5+7.5,0.0034658571592423026,0.011561691627610227,3.3358823218605513,1.8264397942063546,0.000683576034659092
68,5,shared,best_single,5,0.0033623709841397176,2.256007630676706,670.957381359249,25.90284504372539,0.08911379529701285
68,5,shared,best_pair,5+7.5,0.0033623709841397176,2.3309480876363273,693.2453612737543,26.329553001784028,0.0840690834168113
68,5,nuisance,best_single,5,0.0033623709841397176,1.2919207273886135,384.2290852147474,19.601762298700272,0.05961770798544657
68,5,nuisance,best_pair,5+7.5,0.0033623709841397176,1.3509246694791068,401.7773992969276,20.044385730097282,0.05844756642064084
68,5,expanded_nuisance,best_single,5,0.0033623709841397176,0.008971945920466684,2.6683390865515126,1.6335051535123826,0.0005058613734254949
68,5,expanded_nuisance,best_pair,5+7.5,0.0033623709841397176,0.011620945952527162,3.4561760160741004,1.859079346363167,0.0006391878446339913
69,5,shared,best_single,5,0.0033268501175229837,2.186737752320261,657.2997505365236,25.637857760283396,0.08756727789617008
69,5,shared,best_pair,5+7.5,0.0033268501175229837,2.255453249291211,677.9545725283577,26.037560802201842,0.0825018992994774
69,5,nuisance,best_single,5,0.0033268501175229837,1.2508720709766807,375.99291425488724,19.390536719103142,0.0589077897462907
69,5,nuisance,best_pair,5+7.5,0.0033268501175229837,1.3052458290350477,392.3368300123098,19.807494289089416,0.057659512938840064
69,5,expanded_nuisance,best_single,5,0.0033268501175229837,0.008686901196214958,2.6111489515141777,1.615904994581729,0.0005012667290749151
69,5,expanded_nuisance,best_pair,5+7.5,0.0033268501175229837,0.011267984158727984,3.386982809768898,1.8403757251629076,0.0006343038300074667
70,5,shared,best_single,5,0.003519212005285821,2.1686793967694897,616.2400541689886,24.824182849974914,0.08791910997055441
70,5,shared,best_pair,5+7.5,0.003519212005285821,2.2370703371456253,635.6736490400601,25.212569266936285,0.08263939721417268
70,5,nuisance,best_single,5,0.003519212005285821,1.2435113392088089,353.34936836458485,18.79758942962062,0.05927282751292556
70,5,nuisance,best_pair,5+7.5,0.003519212005285821,1.2999621167437856,369.390111988495,19.219524239389877,0.05798468012635565
70,5,expanded_nuisance,best_single,5,0.003519212005285821,0.009165665399597511,2.6044652569469453,1.6138355730826315,0.0005348010085616565
70,5,expanded_nuisance,best_pair,5+7.5,0.003519212005285821,0.01191225580266142,3.384921336017646,1.8398155711966475,0.0006775022284998617
71,5,shared,best_single,5,0.0032250937930435875,2.208990522722496,684.938381478148,26.171327468780564,0.08873883417672267
71,5,shared,best_pair,5+7.5,0.0032250937930435875,2.281210486267485,707.3315173617508,26.595704866796645,0.08361035220688975
71,5,nuisance,best_single,5,0.0032250937930435875,1.2591560098714718,390.42461728940305,19.759165399616528,0.059273293934195795
71,5,nuisance,best_pair,5+7.5,0.0032250937930435875,1.3156966306693925,407.95608286100185,20.197922736286568,0.058053907829381746
71,5,expanded_nuisance,best_single,5,0.0032250937930435875,0.00823230958384924,2.5525798975539993,1.5976795353117594,0.0004720734168638717
71,5,expanded_nuisance,best_pair,5+7.5,0.0032250937930435875,0.01077664800833844,3.34149910045509,1.8279767778763192,0.0006026109594139275
72,5,shared,best_single,5,0.0032207111085378326,2.218143841506677,688.7124509946159,26.24333155288436,0.08871351813246996
72,5,shared,best_pair,5+7.5,0.0032207111085378326,2.290230574463783,711.0946922226509,26.666358810731,0.08376141016975594
72,5,nuisance,best_single,5,0.0032207111085378326,1.264838814257717,392.72035635383014,19.817173268501996,0.059210216529333844
72,5,nuisance,best_pair,5+7.5,0.0032207111085378326,1.3203617038085937,409.95968260190324,20.24746113965658,0.05804048145851956
72,5,expanded_nuisance,best_single,5,0.0032207111085378326,0.008365931142753524,2.59754161761859,1.6116890573614349,0.0004776525340127316
72,5,expanded_nuisance,best_pair,5+7.5,0.0032207111085378326,0.010910832628886258,3.3877091925328426,1.8405730609059894,0.0006079863335358318
73,5,shared,best_single,5,0.0034437174272714532,2.097651959002673,609.1242975950838,24.680443626383294,0.08674848447200502
73,5,shared,best_pair,5+7.5,0.0034437174272714532,2.1612268920766042,627.5854328120645,25.051655290859813,0.08131617831838406
73,5,nuisance,best_single,5,0.0034437174272714532,1.2091634185862474,351.12155515741574,18.738237781536867,0.05902255532654918
73,5,nuisance,best_pair,5+7.5,0.0034437174272714532,1.26303994652982,366.766429942122,19.15114696153006,0.05762654762101897
73,5,expanded_nuisance,best_single,5,0.0034437174272714532,0.008957209466379012,2.601029165588665,1.6127706487869455,0.0005370481399968038
73,5,expanded_nuisance,best_pair,5+7.5,0.0034437174272714532,0.011689193899828698,3.394353383137579,1.8423771012302501,0.0006828095346661311
74,5,shared,best_single,5,0.0033006871404628324,2.148742942294803,650.9986711413975,25.5146756032954,0.08755427211801421
74,5,shared,best_pair,5+7.5,0.0033006871404628324,2.216000980539768,671.3756518677603,25.910917619176676,0.08225273156327924
74,5,nuisance,best_single,5,0.0033006871404628324,1.2326032292715612,373.4383711079996,19.324553581079165,0.0591335298795893
74,5,nuisance,best_pair,5+7.5,0.0033006871404628324,1.2874373511651027,390.0513124623421,19.749716769167655,0.057799935157349165
74,5,expanded_nuisance,best_single,5,0.0033006871404628324,0.00857690694013824,2.5985216335697787,1.6119930625067151,0.000504003064516664
74,5,expanded_nuisance,best_pair,5+7.5,0.0033006871404628324,0.011166728206685406,3.383152577471966,1.8393348192952708,0.0006395016287485545
75,5,shared,best_single,5,0.0032425259419499586,2.1771313218108066,671.4306564657875,25.911979014845382,0.08792058665113058
75,5,shared,best_pair,5+7.5,0.0032425259419499586,2.24626631336219,692.7519944563195,26.3201822648765,0.08269450844259083
75,5,nuisance,best_single,5,0.0032425259419499586,1.248629765327703,385.07934483226194,19.623438659731935,0.05921358560424391
75,5,nuisance,best_pair,5+7.5,0.0032425259419499586,1.3036146959955899,402.03678222899117,20.050854900202914,0.05788924493200214
75,5,expanded_nuisance,best_single,5,0.0032425259419499586,0.008540226475491686,2.633819012826725,1.6229044989852992,0.0004961314966179343
75,5,expanded_nuisance,best_pair,5+7.5,0.0032425259419499586,0.011087768768643702,3.4194849839738977,1.8491849512620142,0.0006279220014643418
76,5,shared,best_single,5,0.0035523080896695536,2.1692418445545725,610.6570122290159,24.711475314699765,0.0876018703889688
76,5,shared,best_pair,5+7.5,0.0035523080896695536,2.2369850598011896,629.727209277414,25.094366086383094,0.08234058963676841
76,5,nuisance,best_single,5,0.0035523080896695536,1.2413328586545882,349.444031125707,18.69342213522465,0.059052391745686966
76,5,nuisance,best_pair,5+7.5,0.0035523080896695536,1.297660910943912,365.30077858889325,19.112843288974386,0.05778914711102441
76,5,expanded_nuisance,best_single,5,0.0035523080896695536,0.009166284113050871,2.580374190996352,1.6063543167671173,0.0005337447601203208
76,5,expanded_nuisance,best_pair,5+7.5,0.0035523080896695536,0.01195314177350948,3.3648944494061035,1.8343648626721194,0.0006784734032871584
77,5,shared,best_single,5,0.0032202801727287955,2.2037582870668078,684.337439248148,26.159844021861982,0.0879250033964816
77,5,shared,best_pair,5+7.5,0.0032202801727287955,2.2736874844441886,706.0526918431185,26.571652034510734,0.08291840214675848
77,5,nuisance,best_single,5,0.0032202801727287955,1.2609324357056466,391.5598544449503,19.787871397524047,0.05905724026249977
77,5,nuisance,best_pair,5+7.5,0.0032202801727287955,1.315858362626869,408.61611165709195,20.214255159592003,0.057838884440852674
77,5,expanded_nuisance,best_single,5,0.0032202801727287955,0.008673370111099477,2.6933588526087315,1.6411455915331619,0.0004977164702198623
77,5,expanded_nuisance,best_pair,5+7.5,0.0032202801727287955,0.01123948785193285,3.490220492960633,1.8682131818827938,0.0006294183284421852
78,5,shared,best_single,5,0.0032871786355586075,2.326004195006261,707.5989633922012,26.600732384507783,0.0900611041849229
78,5,shared,best_pair,5+7.5,0.0032871786355586075,2.4064356589003353,732.0671997770505,27.05674037605141,0.08503676286062904
78,5,nuisance,best_single,5,0.0032871786355586075,1.3172980799061844,400.7382092523028,20.018446724266667,0.05942499316777374
78,5,nuisance,best_pair,5+7.5,0.0032871786355586075,1.3791365265832416,419.55022208547473,20.482925134986818,0.058325449377967034
78,5,expanded_nuisance,best_single,5,0.0032871786355586075,0.008364673074695794,2.544635993983437,1.5951915226653621,0.000458554047867385
78,5,expanded_nuisance,best_pair,5+7.5,0.0032871786355586075,0.010925060749884974,3.3235372826120906,1.823057125438501,0.0005842940738524053
79,5,shared,best_single,5,0.0034586235251341524,2.1295670649511553,615.7267622438189,24.81384214997385,0.08688341078064926
79,5,shared,best_pair,5+7.5,0.0034586235251341524,2.1947826983658643,634.5827125780431,25.190925202898825,0.08166289234808354
79,5,nuisance,best_single,5,0.0034586235251341524,1.2231944247153117,353.66509706137117,18.805985671093424,0.05884370965063867
79,5,nuisance,best_pair,5+7.5,0.0034586235251341524,1.2763351302904626,369.0297949502776,19.210148228222437,0.057506190729314885
79,5,expanded_nuisance,best_single,5,0.0034586235251341524,0.008866262916683798,2.5635235671797774,1.6011007361124339,0.0005232920765715838
79,5,expanded_nuisance,best_pair,5+7.5,0.0034586235251341524,0.011479800848569699,3.3191819708461687,1.8218622260879578,0.00066047577029805
80,5,shared,best_single,5,0.0035228920952075082,1.9427911198158343,551.4761926596558,23.483530242696812,0.08590502619882698
80,5,shared,best_pair,5+7.5,0.0035228920952075082,1.999687691611744,567.6267219004778,23.824918088011927,0.08054535594622234
80,5,nuisance,best_single,5,0.0035228920952075082,1.1261578772745031,319.6685696977526,17.879277661520685,0.05881122130723224
80,5,nuisance,best_pair,5+7.5,0.0035228920952075082,1.1745789384349072,333.4132600975169,18.259607336893005,0.05739267956200563
80,5,expanded_nuisance,best_single,5,0.0035228920952075082,0.008937881186105834,2.5370862758654456,1.5928233661851667,0.0005693125313112076
80,5,expanded_nuisance,best_pair,5+7.5,0.0035228920952075082,0.011587411463048092,3.2891758106390596,1.8136085053393027,0.0007189154912476552
81,5,shared,best_single,5,0.0033135320160786463,2.116309520685667,638.6869088381961,25.272255713295483,0.0876145280015915
81,5,shared,best_pair,5+7.5,0.0033135320160786463,2.1824339894132345,658.6427953081937,25.664037003328097,0.08229616131220047
81,5,nuisance,best_single,5,0.0033135320160786463,1.2155499044937825,366.8441706901955,19.153176516969594,0.05918364414661453
81,5,nuisance,best_pair,5+7.5,0.0033135320160786463,1.2685690671351884,382.8449705569644,19.566424572643935,0.0578013438576846
81,5,expanded_nuisance,best_single,5,0.0033135320160786463,0.008321105066786405,2.511249333463179,1.5846921888692387,0.0004954419644958669
81,5,expanded_nuisance,best_pair,5+7.5,0.0033135320160786463,0.010857586237623451,3.276741007763888,1.8101770653071174,0.0006298682403001439
82,5,shared,best_single,5,0.002579803456524532,1.9708032845680281,763.935438408576,27.639382019295873,0.08623812816291038
82,5,shared,best_pair,5+7.5,0.002579803456524532,2.0288956180067395,786.4535621407507,28.043779384040782,0.08033072770138351
82,5,nuisance,best_single,5,0.002579803456524532,1.1356602526080979,440.21192767066077,20.981227982905594,0.05866937160349562
82,5,nuisance,best_pair,5+7.5,0.002579803456524532,1.182710375912329,458.44979892602225,21.411440841896237,0.05687460321950167
82,5,expanded_nuisance,best_single,5,0.002579803456524532,0.006487934373064164,2.5148948291605904,1.5858419937561845,0.0004093875043735499
82,5,expanded_nuisance,best_pair,5+7.5,0.002579803456524532,0.008055339334069433,3.1224624161568695,1.7670490701044126,0.0004943201112112887
83,5,shared,best_single,5,0.003313882286780201,2.120728871663439,639.9529881080837,25.297292110186095,0.0875162610917797
83,5,shared,best_pair,5+7.5,0.003313882286780201,2.1864729646758376,659.79198277445,25.68641630851704,0.08236912286112
83,5,nuisance,best_single,5,0.003313882286780201,1.214778388029999,366.5725825193052,19.146085305338666,0.0590106419481993
83,5,nuisance,best_pair,5+7.5,0.003313882286780201,1.2672629981247456,382.4103840924387,19.55531600594679,0.05772293877086533
83,5,expanded_nuisance,best_single,5,0.003313882286780201,0.00836323329878752,2.523696551368249,1.5886146642179308,0.0004962975967667646
83,5,expanded_nuisance,best_pair,5+7.5,0.003313882286780201,0.010921991070423687,3.295829521161295,1.8154419630385585,0.0006320523756970534
84,5,shared,best_single,5,0.0035514198050732304,1.9794209101227036,557.3604413916613,23.608482403400295,0.08472442460894711
84,5,shared,best_pair,5+7.5,0.0035514198050732304,2.035624127537523,573.1860042650037,23.94130331174566,0.07911625054786944
84,5,nuisance,best_single,5,0.0035514198050732304,1.1438816148527984,322.0913543419324,17.946903753626483,0.05820368153464782
84,5,nuisance,best_pair,5+7.5,0.0035514198050732304,1.1937204549437488,336.12485159836916,18.33370807006507,0.056684785608803634
84,5,expanded_nuisance,best_single,5,0.0035514198050732304,0.008903812488048501,2.507113486085012,1.5833867140041982,0.0005567722671341785
84,5,expanded_nuisance,best_pair,5+7.5,0.0035514198050732304,0.011740964145684263,3.3059916287317557,1.818238606105303,0.0007144494064352632
85,5,shared,best_single,5,0.0031662925562294664,2.1618055592460883,682.7561006619184,26.129601999684542,0.08720186724414185
85,5,shared,best_pair,5+7.5,0.0031662925562294664,2.2285662157080113,703.8409041904413,26.530000078975522,0.08201340613086808
85,5,nuisance,best_single,5,0.0031662925562294664,1.235471355201646,390.19494669592035,19.753352796320943,0.0587810697872691
85,5,nuisance,best_pair,5+7.5,0.0031662925562294664,1.2899460607784534,407.3995178495341,20.184140255396912,0.057509944230493645
85,5,expanded_nuisance,best_single,5,0.0031662925562294664,0.008575514355486202,2.7083771329387925,1.64571477873257,0.0005000332408803838
85,5,expanded_nuisance,best_pair,5+7.5,0.0031662925562294664,0.011256338130165133,3.55505308819902,1.8854848416783998,0.0006401108414252514
86,5,shared,best_single,5,0.0033516602230696524,2.244832171719155,669.7672264831197,25.87986140772627,0.08955661555931205
86,5,shared,best_pair,5+7.5,0.0033516602230696524,2.3196373070523792,692.0860566611718,26.3075285167796,0.08454748248600381
86,5,nuisance,best_single,5,0.0033516602230696524,1.2772494482233239,381.0796331417932,19.52126105408647,0.05948732330332635
86,5,nuisance,best_pair,5+7.5,0.0033516602230696524,1.3343649619463411,398.12059491049763,19.952959552670315,0.058324006884926644
86,5,expanded_nuisance,best_single,5,0.0033516602230696524,0.008260520995178489,2.4646057313091854,1.5699062810592184,0.00046776887596719
86,5,expanded_nuisance,best_pair,5+7.5,0.0033516602230696524,0.010784053369375712,3.2175258384332963,1.793746313845215,0.0005958053178430181
87,5,shared,best_single,5,0.003628850463494926,2.224833488598471,613.0959407061778,24.760774234788737,0.08853754364895904
87,5,shared,best_pair,5+7.5,0.003628850463494926,2.2966966580828183,632.8992283332839,25.157488514024685,0.08339515371496475
87,5,nuisance,best_single,5,0.003628850463494926,1.2767395227011686,351.83029324155393,18.75713979373065,0.059511333776848675
87,5,nuisance,best_pair,5+7.5,0.003628850463494926,1.334971644238037,367.8772817087462,19.180127259972657,0.058288352821095984
87,5,expanded_nuisance,best_single,5,0.003628850463494926,0.009520526924764017,2.62356551214702,1.6197424215433205,0.0005433506063882731
87,5,expanded_nuisance,best_pair,5+7.5,0.003628850463494926,0.012289981978504727,3.3867424690375123,1.840310427356622,0.0006839914938161855
88,5,shared,best_single,5,0.0033173524312721803,2.1027863481814597,633.8748721295966,25.17687177013055,0.08789791250091629
88,5,shared,best_pair,5+7.5,0.0033173524312721803,2.1685326015335233,653.6937652722979,25.567435641305483,0.08273488852966912
88,5,nuisance,best_single,5,0.0033173524312721803,1.2046925737732048,363.1488057816076,19.056463622131144,0.05923237415843842
88,5,nuisance,best_pair,5+7.5,0.0033173524312721803,1.256955374997388,378.9031768672691,19.465435439960473,0.05795172438580638
88,5,expanded_nuisance,best_single,5,0.0033173524312721803,0.00814065485490767,2.453961411566328,1.5665124996521185,0.0004874790612403731
88,5,expanded_nuisance,best_pair,5+7.5,0.0033173524312721803,0.010647453813065422,3.2096239497176975,1.79154233824314,0.0006215958872292973
89,5,shared,best_single,5,0.0031356292364546068,2.1500125359401814,685.6717978465966,26.18533554962771,0.0876438019636827
89,5,shared,best_pair,5+7.5,0.0031356292364546068,2.217803991651057,707.2915272848659,26.594953041599187,0.08223852689856691
89,5,nuisance,best_single,5,0.0031356292364546068,1.2296902615191818,392.16698429230365,19.8032064144245,0.059094468059152055
89,5,nuisance,best_pair,5+7.5,0.0031356292364546068,1.2852964770564965,409.90065474378457,20.246003426448997,0.057745392627133324
89,5,expanded_nuisance,best_single,5,0.0031356292364546068,0.008236983006447929,2.6268995424220885,1.6207712801077419,0.0004839623753840957
89,5,expanded_nuisance,best_pair,5+7.5,0.0031356292364546068,0.010758718653554933,3.4311195113487334,1.8523281327423426,0.0006157988128656054
90,5,shared,best_single,5,0.003244280344010697,2.2721565004620046,700.357632365729,26.46427086404855,0.08879441904330808
90,5,shared,best_pair,5+7.5,0.003244280344010697,2.3469975139236396,723.4262348062671,26.896584073191658,0.08382385787682005
90,5,nuisance,best_single,5,0.003244280344010697,1.2943479519485872,398.96304101404115,19.9740592022263,0.05919133079037778
90,5,nuisance,best_pair,5+7.5,0.003244280344010697,1.3526249837821795,416.92604841603037,20.418767064052382,0.05804638740258389
90,5,expanded_nuisance,best_single,5,0.003244280344010697,0.008739053109406925,2.69368000997207,1.6412434340986928,0.0004883347424735614
90,5,expanded_nuisance,best_pair,5+7.5,0.003244280344010697,0.011336331608237327,3.4942515461604473,1.8692917231294979,0.000618227590005506
91,5,shared,best_single,5,0.003184895297345891,2.1443324255425598,673.2819214903308,25.94767661063955,0.0875814345050438
91,5,shared,best_pair,5+7.5,0.003184895297345891,2.211265649622738,694.2977533564383,26.34953042003668,0.08230216518923364
91,5,nuisance,best_single,5,0.003184895297345891,1.228158361968568,385.6196977627631,19.63720188221232,0.05904790584754961
91,5,nuisance,best_pair,5+7.5,0.003184895297345891,1.282551547156452,402.6981823312235,20.0673411873926,0.057721243670458174
91,5,expanded_nuisance,best_single,5,0.003184895297345891,0.008494727426644477,2.667192052976905,1.6331540199800216,0.0004997942255550223
91,5,expanded_nuisance,best_pair,5+7.5,0.003184895297345891,0.011095474257619031,3.4837799116552945,1.866488658324849,0.0006363336700672621
92,5,shared,best_single,5,0.0031180734676090616,2.07141067267663,664.3238827419251,25.77448123128621,0.08638506144005229
92,5,shared,best_pair,5+7.5,0.0031180734676090616,2.133646869607045,684.2837065167439,26.158816993831046,0.08093910899895201
92,5,nuisance,best_single,5,0.0031180734676090616,1.1936652604319296,382.82140329016426,19.565822325937752,0.05878679585516952
92,5,nuisance,best_pair,5+7.5,0.0031180734676090616,1.2452970724456887,399.3802857379696,19.98450113808122,0.057320029056912795
92,5,expanded_nuisance,best_single,5,0.0031180734676090616,0.008423611787823582,2.7015437177247805,1.6436373437363792,0.0005093547796711852
92,5,expanded_nuisance,best_pair,5+7.5,0.0031180734676090616,0.01094427650363583,3.5099482476363524,1.8734855877845318,0.0006445766220858203
93,5,shared,best_single,5,0.003455918180063744,2.2006066551551844,636.7646861114619,25.234196759783377,0.08855281368424964
93,5,shared,best_pair,5+7.5,0.003455918180063744,2.271489519965227,657.2752598915204,25.637380129247223,0.08349552478333545
93,5,nuisance,best_single,5,0.003455918180063744,1.2627473955619417,365.38694777161953,19.11509737803131,0.059485009346542134
93,5,nuisance,best_pair,5+7.5,0.003455918180063744,1.3189091185619628,381.63783106046674,19.535553001142986,0.058266976448756246
93,5,expanded_nuisance,best_single,5,0.003455918180063744,0.00905808435622113,2.621035535064101,1.6189612518723544,0.0005217191031283475
93,5,expanded_nuisance,best_pair,5+7.5,0.003455918180063744,0.01171894619095415,3.390979062686604,1.841461121687505,0.0006584707535048915
94,5,shared,best_single,5,0.0032432402345734523,2.165783979874205,667.7840132798694,25.8415172402835,0.08775119324687065
94,5,shared,best_pair,5+7.5,0.0032432402345734523,2.234433799964591,688.9510607771741,26.247877262307785,0.08230834367313856
94,5,nuisance,best_single,5,0.0032432402345734523,1.2427661936075252,383.1865985009194,19.575152579250037,0.05928358383397157
94,5,nuisance,best_pair,5+7.5,0.0032432402345734523,1.2991336489046243,400.56658000713446,20.014159487900923,0.057889100010753626
94,5,expanded_nuisance,best_single,5,0.0032432402345734523,0.008727813010233287,2.6910781745963264,1.6404506010838382,0.0005104184557224912
94,5,expanded_nuisance,best_pair,5+7.5,0.0032432402345734523,0.011174082141225394,3.445345189698844,1.8561641063491245,0.000636479028058196
95,5,shared,best_single,5,0.0033090503222736878,2.1943966856271993,663.1499892450723,25.751698764257714,0.08773669881571003
95,5,shared,best_pair,5+7.5,0.0033090503222736878,2.2638822852689016,684.1486422948567,26.1562352469704,0.08250210669054457
95,5,nuisance,best_single,5,0.0033090503222736878,1.2569771438652648,379.86038937044054,19.490007423560428,0.05909308782703558
95,5,nuisance,best_pair,5+7.5,0.0033090503222736878,1.3131135999775818,396.8249111048048,19.92046463074606,0.05779262255705842
95,5,expanded_nuisance,best_single,5,0.0033090503222736878,0.008920102521267737,2.695668440345334,1.641849091830712,0.0005142024285070239
95,5,expanded_nuisance,best_pair,5+7.5,0.0033090503222736878,0.011551238133826303,3.490801592249377,1.8683686981560617,0.0006491111517849409
96,5,shared,best_single,5,0.0037006472718736916,2.1628994897651106,584.4651842946391,24.175714762849083,0.08740821105027813
96,5,shared,best_pair,5+7.5,0.0037006472718736916,2.230106116923397,602.6259605645316,24.548441102533,0.08223436272287801
96,5,nuisance,best_single,5,0.0037006472718736916,1.246559832073644,336.84913489268934,18.353450217675405,0.05922831646599272
96,5,nuisance,best_pair,5+7.5,0.0037006472718736916,1.3017093471730588,351.7518021959397,18.75504737919741,0.057933262244171606
96,5,expanded_nuisance,best_single,5,0.0037006472718736916,0.00963800669039383,2.6044110617205534,1.61381878218112,0.0005626555784904972
96,5,expanded_nuisance,best_pair,5+7.5,0.0037006472718736916,0.012397285615964648,3.3500316850483625,1.8303091774474505,0.0007056913076512826
97,5,shared,best_single,5,0.0035211769248622016,2.121846009278473,602.5956816587709,24.547824377300138,0.08690491434505042
97,5,shared,best_pair,5+7.5,0.0035211769248622016,2.1867770615517728,621.0358377937373,24.920590638942276,0.08176830257994866
97,5,nuisance,best_single,5,0.0035211769248622016,1.221814508794266,346.9903770433463,18.627677714716516,0.05894456883040555
97,5,nuisance,best_pair,5+7.5,0.0035211769248622016,1.2746042353803855,361.98244580688487,19.025836270894505,0.0576384205223983
97,5,expanded_nuisance,best_single,5,0.0035211769248622016,0.009110820331156066,2.5874361117235285,1.608550935383623,0.0005394691998792502
97,5,expanded_nuisance,best_pair,5+7.5,0.0035211769248622016,0.01176191382390046,3.3403359373544554,1.827658594309795,0.0006791464624659603
98,5,shared,best_single,5,0.0030005187494765995,2.231734556495903,743.7829065008174,27.272383586713087,0.08905943714046262
98,5,shared,best_pair,5+7.5,0.0030005187494765995,2.305827717861649,768.4763570512166,27.721406116054368,0.08377745496365335
98,5,nuisance,best_single,5,0.0030005187494765995,1.2711573645950711,423.6458661745765,20.58265935622937,0.05941877281748661
98,5,nuisance,best_pair,5+7.5,0.0030005187494765995,1.329606174113562,443.1254343421431,21.05054475167194,0.0581448571119517
98,5,expanded_nuisance,best_single,5,0.0030005187494765995,0.008048331063167158,2.682313204865353,1.6377769093699401,0.0004587166054155662
98,5,expanded_nuisance,best_pair,5+7.5,0.0030005187494765995,0.010450787854873855,3.482993684574328,1.8662780298161172,0.0005805464833892991
99,5,shared,best_single,5,0.003112032325423897,2.0916159476515945,672.1061123189621,25.92500939862823,0.08730133755731932
99,5,shared,best_pair,5+7.5,0.003112032325423897,2.1567514856639485,693.0363377154742,26.32558333096295,0.08166530143456499
99,5,nuisance,best_single,5,0.003112032325423897,1.203673725183179,386.78059843713993,19.66673837821462,0.059196942543852896
99,5,nuisance,best_pair,5+7.5,0.003112032325423897,1.2572337793636001,403.9912339896243,20.099533178400545,0.05766431811759522
99,5,expanded_nuisance,best_single,5,0.003112032325423897,0.00800812729266065,2.573278955760797,1.6041443064016394,0.0004824428872461018
99,5,expanded_nuisance,best_pair,5+7.5,0.003112032325423897,0.010163032119416382,3.2657219002479523,1.8071308475724586,0.0005959943407620201
100,5,shared,best_single,5,0.003010440487600352,2.183569904267511,725.3323602513907,26.93199510343396,0.08790070452246385
100,5,shared,best_pair,5+7.5,0.003010440487600352,2.253748699550019,748.6441631491947,27.361362596720117,0.082507375130332
100,5,nuisance,best_single,5,0.003010440487600352,1.248721102701347,414.7968072594962,20.366561007187645,0.05912559278682009
100,5,nuisance,best_pair,5+7.5,0.003010440487600352,1.3054652436645307,433.6459229277534,20.824166800324893,0.05777118896734349
100,5,expanded_nuisance,best_single,5,0.003010440487600352,0.008419166575202919,2.796656040828732,1.6723205556437832,0.0004877291296629779
100,5,expanded_nuisance,best_pair,5+7.5,0.003010440487600352,0.0108642323243342,3.6088513853978137,1.8996977089520883,0.000613084630640651
101,5,shared,best_single,5,0.003116405372850517,1.995173441116036,640.2162756159955,25.30249544246566,0.0857843755416399
101,5,shared,best_pair,5+7.5,0.003116405372850517,2.054927476820948,659.3903009932706,25.67859616476864,0.07996101719369791
101,5,nuisance,best_single,5,0.003116405372850517,1.1558814919429006,370.90216247626273,19.258820381224357,0.0588382609790483
101,5,nuisance,best_pair,5+7.5,0.003116405372850517,1.2067671055492255,387.23046624881744,19.678172329990847,0.05717355455525337
101,5,expanded_nuisance,best_single,5,0.003116405372850517,0.008097516875882338,2.598351596498402,1.6119403203898095,0.0005060421940056906
101,5,expanded_nuisance,best_pair,5+7.5,0.003116405372850517,0.010410762707395715,3.3406317413299758,1.8277395168157786,0.0006324761438407419
102,5,shared,best_single,5,0.0033240034940515972,2.1945218663239845,660.2044402935035,25.69444376306877,0.08804500911509347
102,5,shared,best_pair,5+7.5,0.0033240034940515972,2.264340126159385,681.2087081771992,26.099975252425036,0.08292232163975394
102,5,nuisance,best_single,5,0.0033240034940515972,1.2563895150779543,377.97478773000705,19.441573694791455,0.05914054747711382
102,5,nuisance,best_pair,5+7.5,0.0033240034940515972,1.311547681077985,394.5686830429145,19.863752994912982,0.05786931971654865
102,5,expanded_nuisance,best_single,5,0.0033240034940515972,0.008691671375768095,2.6148201683067116,1.6170405586461682,0.0005008436774175189
102,5,expanded_nuisance,best_pair,5+7.5,0.0033240034940515972,0.011275671402457554,3.3921960138236025,1.8417915228992674,0.0006337086177178902
103,5,shared,best_single,5,0.003432491553143624,2.1018470241349507,612.3385860075864,24.74547607154864,0.08678161214874948
103,5,shared,best_pair,5+7.5,0.003432491553143624,2.1654709242583854,630.8743636310346,25.11721249723055,0.08118711107582417
103,5,nuisance,best_single,5,0.003432491553143624,1.2062954690294911,351.4343590808588,18.746582597392486,0.058926891071453616
103,5,nuisance,best_pair,5+7.5,0.003432491553143624,1.260647215311814,367.268847073275,19.16425962757954,0.05747310216587439
103,5,expanded_nuisance,best_single,5,0.003432491553143624,0.008934442910637497,2.6029031018167976,1.6133515121686277,0.000535159057457244
103,5,expanded_nuisance,best_pair,5+7.5,0.003432491553143624,0.011489541129811709,3.347288974182352,1.8295597760615399,0.000669996195395135
104,5,shared,best_single,5,0.003427408616413663,2.073620095350835,605.0110527879248,24.59697243133644,0.085955609505513
104,5,shared,best_pair,5+7.5,0.003427408616413663,2.1350500508380135,622.934201837908,24.95864984004359,0.08058515910585941
104,5,nuisance,best_single,5,0.003427408616413663,1.1974850322259194,349.38496288164544,18.691842147890224,0.05869213579532409
104,5,nuisance,best_pair,5+7.5,0.003427408616413663,1.249058184826219,364.4322357260092,19.090108321484433,0.05726358916762679
104,5,expanded_nuisance,best_single,5,0.003427408616413663,0.009021812257203443,2.632254646848497,1.6224224625073758,0.0005443248220792815
104,5,expanded_nuisance,best_pair,5+7.5,0.003427408616413663,0.011762906590449873,3.4320117344975993,1.8525689553961546,0.0006914578373610412
105,5,shared,best_single,5,0.0034754056707768655,2.0655906774293715,594.345199697981,24.379196042896513,0.08591200991591166
105,5,shared,best_pair,5+7.5,0.0034754056707768655,2.1268709996511284,611.9777663756024,24.738184379125368,0.08067398117091765
105,5,nuisance,best_single,5,0.0034754056707768655,1.1974928558678395,344.56203658094427,18.562382298103447,0.058780342435749595
105,5,nuisance,best_pair,5+7.5,0.0034754056707768655,1.2480844531143502,359.11907021644555,18.95043720383373,0.05736905675165359
105,5,expanded_nuisance,best_single,5,0.0034754056707768655,0.009284332278783225,2.6714384328859877,1.6344535578859338,0.0005616942089753436
105,5,expanded_nuisance,best_pair,5+7.5,0.0034754056707768655,0.011958123631740758,3.440784980093484,1.8549353034792033,0.000705173572767544
106,5,shared,best_single,5,0.0032098787588188404,2.079108768755611,647.7219001008854,25.450381138617264,0.08611465417183531
106,5,shared,best_pair,5+7.5,0.0032098787588188404,2.141293186869855,667.0947246798194,25.82817695230965,0.08063180948213422
106,5,nuisance,best_single,5,0.0032098787588188404,1.1941882354472657,372.0353088621636,19.288216839878267,0.05854545331471737
106,5,nuisance,best_pair,5+7.5,0.0032098787588188404,1.2460697535330485,388.19838603236616,19.702750722484566,0.05707540402029626
106,5,expanded_nuisance,best_single,5,0.0032098787588188404,0.008495956830907314,2.646815493440514,1.6269036521689026,0.0005112824650288493
106,5,expanded_nuisance,best_pair,5+7.5,0.0032098787588188404,0.01110878547869687,3.4608115487778237,1.8603256566466593,0.0006509254957168994
107,5,shared,best_single,5,0.0034767131984818622,2.147500787107984,617.6813169535266,24.853195306711097,0.08754352627997172
107,5,shared,best_pair,5+7.5,0.0034767131984818622,2.213925528709468,636.7869313109285,25.234637530801358,0.08241688658283403
107,5,nuisance,best_single,5,0.0034767131984818622,1.2362518841703747,355.5806342352872,18.856845818834262,0.059174978985684724
107,5,nuisance,best_pair,5+7.5,0.0034767131984818622,1.2894542090571333,370.8831115607077,19.258325772525183,0.05786946783219925
107,5,expanded_nuisance,best_single,5,0.0034767131984818622,0.009160562397797722,2.6348340731118585,1.6232171983785344,0.0005379118424032582
107,5,expanded_nuisance,best_pair,5+7.5,0.0034767131984818622,0.011761289305446176,3.382875904340297,1.8392596076520293,0.0006736925577301501
108,5,shared,best_single,5,0.0035387681201175525,2.145294159355296,606.2262591209374,24.62166239556008,0.08718456352085191
108,5,shared,best_pair,5+7.5,0.0035387681201175525,2.211810071203725,625.0226056434158,25.00045210878027,0.08185495241098356
108,5,nuisance,best_single,5,0.0035387681201175525,1.2367846514292276,349.49581590221385,18.694807190827454,0.05918679619033819
108,5,nuisance,best_pair,5+7.5,0.0035387681201175525,1.2918930280051377,365.06857306101847,19.106767729289494,0.05782271619184743
108,5,expanded_nuisance,best_single,5,0.0035387681201175525,0.009286223697695828,2.624140204300064,1.6199198141574984,0.0005459494975146588
108,5,expanded_nuisance,best_pair,5+7.5,0.0035387681201175525,0.011992299485737767,3.3888344979606635,1.8408787298354727,0.00068695186191403
109,5,shared,best_single,5,0.003422284178761892,2.074217185071362,606.0914514182072,24.61892466007009,0.08673972300239975
109,5,shared,best_pair,5+7.5,0.003422284178761892,2.1370100530464398,624.4396845558173,24.988791178362696,0.08153280172663609
109,5,nuisance,best_single,5,0.003422284178761892,1.1981933883513765,350.1151060999431,18.711363020901047,0.05898849677078681
109,5,nuisance,best_pair,5+7.5,0.003422284178761892,1.2492786888524856,365.0423587279206,19.106081720957874,0.057618004116984096
109,5,expanded_nuisance,best_single,5,0.003422284178761892,0.00908512428176822,2.6546960472040695,1.629323800600749,0.0005485371451523383
109,5,expanded_nuisance,best_pair,5+7.5,0.003422284178761892,0.011722841833934794,3.42544371583305,1.8507954278723109,0.0006899782088355096
110,5,shared,best_single,5,0.0032751026815913686,2.129306470610603,650.1495304495234,25.498029932712907,0.08682713768440374
110,5,shared,best_pair,5+7.5,0.0032751026815913686,2.1945651461269735,670.0752188510428,25.885811149180604,0.08155384612815358
110,5,nuisance,best_single,5,0.0032751026815913686,1.2233458150241652,373.5289955641155,19.326898239606777,0.05884353298941938
110,5,nuisance,best_pair,5+7.5,0.0032751026815913686,1.2765381980554402,389.770435360876,19.742604573887306,0.05747733425180145
110,5,expanded_nuisance,best_single,5,0.0032751026815913686,0.008639417714750408,2.637907435180788,1.6241636109643598,0.0005103182634003866
110,5,expanded_nuisance,best_pair,5+7.5,0.0032751026815913686,0.011242184109235165,3.43262034879853,1.852733210367464,0.0006472097279111913
111,5,shared,best_single,5,0.0031795083125549795,2.197635694095026,691.1872774218529,26.290440799306747,0.08832716999566483
111,5,shared,best_pair,5+7.5,0.0031795083125549795,2.268261838831657,713.4001914305215,26.709552437854917,0.08311793821094365
111,5,nuisance,best_single,5,0.0031795083125549795,1.2540997959432745,394.43199157278156,19.860311970681163,0.05918974827563545
111,5,nuisance,best_pair,5+7.5,0.0031795083125549795,1.3111842638790698,412.3858581220165,20.30728583838856,0.057955590463537376
111,5,expanded_nuisance,best_single,5,0.0031795083125549795,0.008548997495756883,2.688779727984767,1.6397498979980962,0.0004927825474307248
111,5,expanded_nuisance,best_pair,5+7.5,0.0031795083125549795,0.011218222647186415,3.528288510172729,1.8783739005247941,0.0006305304833493933
112,5,shared,best_single,5,0.0032112736113159013,2.126380572091596,662.1611327663411,25.73249177142278,0.08731827192978517
112,5,shared,best_pair,5+7.5,0.0032112736113159013,2.192542095139522,682.7640246578279,26.129753627958834,0.08196667623631235
112,5,nuisance,best_single,5,0.0032112736113159013,1.2209388199577245,380.2039214769412,19.498818463613155,0.05910662422343116
112,5,nuisance,best_pair,5+7.5,0.0032112736113159013,1.2751179207620487,397.0754520165401,19.92675216929593,0.05774216134961566
112,5,expanded_nuisance,best_single,5,0.0032112736113159013,0.008415250363482674,2.620533589485796,1.6188062235751988,0.0004990411040626269
112,5,expanded_nuisance,best_pair,5+7.5,0.0032112736113159013,0.010992519665688594,3.4231027922856216,1.8501629096610983,0.0006351248033440621
113,5,shared,best_single,5,0.0032911356933933433,2.232481786021926,678.3317353044516,26.04480246238108,0.08818568175322508
113,5,shared,best_pair,5+7.5,0.0032911356933933433,2.3040988091984262,700.0923157995873,26.45925765775728,0.08322360215202648
113,5,nuisance,best_single,5,0.0032911356933933433,1.2767877591871082,387.9474680275699,19.696382105035685,0.05909600219916867
113,5,nuisance,best_pair,5+7.5,0.0032911356933933433,1.3324889495329342,404.87207871975164,20.12143331673347,0.05789644754345342
113,5,expanded_nuisance,best_single,5,0.0032911356933933433,0.00885856728403267,2.6916444988322543,1.6406232044050377,0.0005024721005637091
113,5,expanded_nuisance,best_pair,5+7.5,0.0032911356933933433,0.011441886931535805,3.476577083863287,1.8645581470856003,0.0006334597825673965
114,5,shared,best_single,5,0.0033059726058153327,2.2175392805951804,670.7675909638342,25.899181279797904,0.08880660741041775
114,5,shared,best_pair,5+7.5,0.0033059726058153327,2.2899834743067022,692.6807167967858,26.318828180539988,0.08372612992490029
114,5,nuisance,best_single,5,0.0033059726058153327,1.2641255538729002,382.37629424068876,19.55444436031586,0.0592809938701139
114,5,nuisance,best_pair,5+7.5,0.0033059726058153327,1.3207137423340756,399.4932504918188,19.987327247328963,0.05807901608788661
114,5,expanded_nuisance,best_single,5,0.0033059726058153327,0.008330982080094085,2.519979162997167,1.5874442235861916,0.0004760279367754027
114,5,expanded_nuisance,best_pair,5+7.5,0.0033059726058153327,0.010866780448456126,3.2870146683433012,1.8130125946455258,0.0006056380542507747
115,5,shared,best_single,5,0.003531784030424312,2.0596743030903593,583.1824045149522,24.149169851465953,0.08652131942544797
115,5,shared,best_pair,5+7.5,0.003531784030424312,2.1220545452127335,600.8449347220668,24.512138517927536,0.08121083440311572
115,5,nuisance,best_single,5,0.003531784030424312,1.192404135302828,337.62090915835853,18.37446350668118,0.05909571702299785
115,5,nuisance,best_pair,5+7.5,0.003531784030424312,1.244129781704094,352.2666649451447,18.768768338523035,0.05768995191956233
115,5,expanded_nuisance,best_single,5,0.003531784030424312,0.00907071517141489,2.5683096965374537,1.6025946763100936,0.0005518660762104321
115,5,expanded_nuisance,best_pair,5+7.5,0.003531784030424312,0.011706673870762963,3.314663005981289,1.820621598790174,0.000693846304693921
116,5,shared,best_single,5,0.003167264897315336,2.2069311404771392,696.7939885128638,26.39685565579476,0.08845546846930451
116,5,shared,best_pair,5+7.5,0.003167264897315336,2.2781856617977887,719.2911662453128,26.81960414035436,0.0832262035266644
116,5,nuisance,best_single,5,0.003167264897315336,1.2566519170487727,396.7624931258344,19.91889788933701,0.059158536461950115
116,5,nuisance,best_pair,5+7.5,0.003167264897315336,1.3135780673610693,414.73577674999507,20.365062650284067,0.057912460801164356
116,5,expanded_nuisance,best_single,5,0.003167264897315336,0.008270992690747825,2.6113990963492046,1.6159823935764908,0.00047515874627466527
116,5,expanded_nuisance,best_pair,5+7.5,0.003167264897315336,0.0108950262987082,3.4398847750130193,1.8546926362643001,0.0006102322530390234
117,5,shared,best_single,5,0.003490269743827934,2.28892754860997,655.8024784925653,25.608640699821716,0.08943612121517865
117,5,shared,best_pair,5+7.5,0.003490269743827934,2.365746917538959,677.8120578566915,26.034823945183334,0.08436187452230505
117,5,nuisance,best_single,5,0.003490269743827934,1.3036189722656932,373.50092340884703,19.32617198021499,0.05948418690082233
117,5,nuisance,best_pair,5+7.5,0.003490269743827934,1.3647843380623865,391.0254617070275,19.7743637497399,0.05835559386128686
117,5,expanded_nuisance,best_single,5,0.003490269743827934,0.00921579830568442,2.640425807197653,1.624938708751088,0.000512915355137039
117,5,expanded_nuisance,best_pair,5+7.5,0.003490269743827934,0.011972069603011892,3.4301273201542273,1.852060290636951,0.0006499864982017187
118,5,shared,best_single,5,0.003473679702385768,2.0760033425981743,597.6381015130291,24.446637836582543,0.08663675406652903
118,5,shared,best_pair,5+7.5,0.003473679702385768,2.1383344588148674,615.5819309840892,24.810923622148557,0.08139088603587989
118,5,nuisance,best_single,5,0.003473679702385768,1.1965176464325302,344.45249676035087,18.559431477293447,0.05892568435947914
118,5,nuisance,best_pair,5+7.5,0.003473679702385768,1.2482552210489508,359.3466663583384,18.95644128939655,0.05757983738461457
118,5,expanded_nuisance,best_single,5,0.003473679702385768,0.008923104455651476,2.5687758285609847,1.602740100128834,0.0005386771740791525
118,5,expanded_nuisance,best_pair,5+7.5,0.003473679702385768,0.011611752534332886,3.3427815829875693,1.8283275371189838,0.0006833033038446505
119,5,shared,best_single,5,0.003488349800500945,2.051488539806371,588.0971396594937,24.250714209265954,0.08624190847109811
119,5,shared,best_pair,5+7.5,0.003488349800500945,2.1130637774547907,605.748820588848,24.611964988371977,0.08097856637505074
119,5,nuisance,best_single,5,0.003488349800500945,1.188237557044332,340.6302764916795,18.456171772382255,0.058970844789974046
119,5,nuisance,best_pair,5+7.5,0.003488349800500945,1.2393870387788881,355.2932216261413,18.849223369309975,0.05757993961129336
119,5,expanded_nuisance,best_single,5,0.003488349800500945,0.009129462935212551,2.617129432920263,1.6177544414775262,0.0005568118053281778
119,5,expanded_nuisance,best_pair,5+7.5,0.003488349800500945,0.011773719689442519,3.3751545466431585,1.8371593688744476,0.0006997706116249725
120,5,shared,best_single,5,0.003345732285813696,2.067984085350164,618.0961023446685,24.86153861579505,0.08646808078533552
120,5,shared,best_pair,5+7.5,0.003345732285813696,2.1295288773874446,636.4911162847371,25.22877556055262,0.08102392318474771
120,5,nuisance,best_single,5,0.003345732285813696,1.1896287102924064,355.5660192348844,18.856458289797807,0.05879106406324206
120,5,nuisance,best_pair,5+7.5,0.003345732285813696,1.241790538114835,371.15657561131684,19.265424355858784,0.05737613023453264
120,5,expanded_nuisance,best_single,5,0.003345732285813696,0.00869586305689607,2.5990911149010834,1.6121696917201624,0.0005268305201761171
120,5,expanded_nuisance,best_pair,5+7.5,0.003345732285813696,0.011426621157494488,3.4152825693629834,1.848048313590038,0.0006743913448277626
121,5,shared,best_single,5,0.0033622589201478537,2.152651539868373,640.2396695176918,25.302957722718737,0.08724766473322246
121,5,shared,best_pair,5+7.5,0.0033622589201478537,2.2191265524572197,660.010607499447,25.69067160467875,0.08204104815436622
121,5,nuisance,best_single,5,0.0033622589201478537,1.2336148198531542,366.9006013965476,19.154649602552055,0.058963492747463715
121,5,nuisance,best_pair,5+7.5,0.0033622589201478537,1.288188425188778,383.13183362218,19.57375369269216,0.057686019678595074
121,5,expanded_nuisance,best_single,5,0.0033622589201478537,0.008835029085819013,2.627706341375547,1.6210201545247815,0.0005177629145591444
121,5,expanded_nuisance,best_pair,5+7.5,0.0033622589201478537,0.011533913476421631,3.4304060901753615,1.8521355485426443,0.000659072235477614
122,5,shared,best_single,5,0.0028992527954656566,2.2255720655999247,767.6364300072943,27.706252543555838,0.08889961123592999
122,5,shared,best_pair,5+7.5,0.0028992527954656566,2.299844164846582,793.2540992780858,28.164766984267523,0.08361918157808984
122,5,nuisance,best_single,5,0.0028992527954656566,1.2714019962811212,438.52747103307286,20.941047515181108,0.059497246554579
122,5,nuisance,best_pair,5+7.5,0.0028992527954656566,1.330117543238602,458.779429416733,21.419136990474968,0.058219794088600445
122,5,expanded_nuisance,best_single,5,0.0028992527954656566,0.008059439676805447,2.7798333727262987,1.6672832311057106,0.00046041530907790014
122,5,expanded_nuisance,best_pair,5+7.5,0.0028992527954656566,0.010350062487151312,3.5699068750881247,1.889419719143453,0.0005762812732979189
123,5,shared,best_single,5,0.003587469051340886,1.9708656423554993,549.3749532470114,23.43874896932452,0.08428276956730507
123,5,shared,best_pair,5+7.5,0.003587469051340886,2.026250141104163,564.8132742348852,23.765800517442816,0.0789672621994853
123,5,nuisance,best_single,5,0.003587469051340886,1.1461080819331109,319.47539213048566,17.87387456961936,0.05821909218889956
123,5,nuisance,best_pair,5+7.5,0.003587469051340886,1.1946392551850533,333.00336200490256,18.248379709029035,0.05678883337480607
123,5,expanded_nuisance,best_single,5,0.003587469051340886,0.009446894755724689,2.63330348513912,1.6227456624927765,0.0005923039438946072
123,5,expanded_nuisance,best_pair,5+7.5,0.003587469051340886,0.012279506284226915,3.4228884231453405,1.8501049762500885,0.00075019766084202
124,5,shared,best_single,5,0.0031993474311204917,2.195973197107232,686.3815963676527,26.19888540315509,0.08843702521522691
124,5,shared,best_pair,5+7.5,0.0031993474311204917,2.2670225871176264,708.5890594644353,26.619336195037533,0.08307471838477798
124,5,nuisance,best_single,5,0.0031993474311204917,1.2562046136240288,392.6440127773414,19.815246977450002,0.059392582765906574
124,5,nuisance,best_pair,5+7.5,0.0031993474311204917,1.313614156632606,410.58815427636927,20.262974961154377,0.058064854673509525
124,5,expanded_nuisance,best_single,5,0.0031993474311204917,0.008506219491592137,2.658735781194306,1.6305630258270627,0.0004915272899065857
124,5,expanded_nuisance,best_pair,5+7.5,0.0031993474311204917,0.011065940645611949,3.458811799547628,1.8597881060883328,0.000622970523577982
125,5,shared,best_single,5,0.0035403412544536828,2.1772249984405647,614.9760268735836,24.79871018568473,0.08817809876707619
125,5,shared,best_pair,5+7.5,0.0035403412544536828,2.2465262346801698,634.5507602845014,25.190290992453846,0.08318346484114962
125,5,nuisance,best_single,5,0.0035403412544536828,1.2542773905910722,354.2814944783119,18.822366867063025,0.059414428970312884
125,5,nuisance,best_pair,5+7.5,0.0035403412544536828,1.3088494278073524,369.69583826441715,19.22747612830184,0.0581744625750194
125,5,expanded_nuisance,best_single,5,0.0035403412544536828,0.009427713084413814,2.6629390803934303,1.631851427181234,0.0005468824514783988
125,5,expanded_nuisance,best_pair,5+7.5,0.0035403412544536828,0.012075225138333145,3.410751752572648,1.8468220684658954,0.0006834390772235655
126,5,shared,best_single,5,0.003086636853978808,2.1376758571725394,692.5582626984392,26.31650171847389,0.08772124810874164
126,5,shared,best_pair,5+7.5,0.003086636853978808,2.205191649332603,714.4318407557455,26.728857827369758,0.08232560192788294
126,5,nuisance,best_single,5,0.003086636853978808,1.2232611820632298,396.30874635815786,19.907504774786766,0.059113474039950625
126,5,nuisance,best_pair,5+7.5,0.003086636853978808,1.2777736641636925,413.96954828572956,20.346241625561454,0.05773754108910257
126,5,expanded_nuisance,best_single,5,0.003086636853978808,0.007973002888162384,2.583071240753456,1.6071935915605986,0.0004708464101342262
126,5,expanded_nuisance,best_pair,5+7.5,0.003086636853978808,0.010463261118299538,3.389858157370195,1.8411567443784342,0.0006019177086732733
127,5,shared,best_single,5,0.003351096306061896,1.978375155251919,590.3665471127101,24.297459684351985,0.08498096699187112
127,5,shared,best_pair,5+7.5,0.003351096306061896,2.0349491679567775,607.248787292594,24.642418454619953,0.07945326953535839
127,5,nuisance,best_single,5,0.003351096306061896,1.1450766057300692,341.7020882565227,18.48518564300945,0.058411518792601945
127,5,nuisance,best_pair,5+7.5,0.003351096306061896,1.194801233345255,356.5404047576741,18.882277530999115,0.05692277226855795
127,5,expanded_nuisance,best_single,5,0.003351096306061896,0.008746156214109124,2.6099387828060765,1.6155304957833747,0.0005485210191588911
127,5,expanded_nuisance,best_pair,5+7.5,0.003351096306061896,0.011470992198169494,3.4230565613465904,1.8501504158707178,0.0007004365555257807
128,5,shared,best_single,5,0.0032400961911971393,2.099520277399521,647.9808479463068,25.45546793807387,0.08655773066684211
128,5,shared,best_pair,5+7.5,0.0032400961911971393,2.1628599140085694,667.5295381306082,25.83659300547594,0.08119358673586326
128,5,nuisance,best_single,5,0.0032400961911971393,1.209380100468689,373.25438169224583,19.31979248574492,0.058886422186794254
128,5,nuisance,best_pair,5+7.5,0.0032400961911971393,1.2623589056007993,389.60537931881197,19.73842393198636,0.057488545530245766
128,5,expanded_nuisance,best_single,5,0.0032400961911971393,0.008822965126792592,2.7230565409642096,1.6501686401590019,0.0005280091329588709
128,5,expanded_nuisance,best_pair,5+7.5,0.0032400961911971393,0.011447841946475634,3.5331796560786444,1.8796754124259445,0.0006675989884751588
129,5,shared,best_single,5,0.0030387793445358913,2.06427436042891,679.3103830130792,26.063583464540695,0.08671814612911811
129,5,shared,best_pair,5+7.5,0.0030387793445358913,2.127227638159191,700.0270164348111,26.45802366834702,0.08127753196991531
129,5,nuisance,best_single,5,0.0030387793445358913,1.1853467828766597,390.0733315856128,19.750274215453636,0.058833353565642454
129,5,nuisance,best_pair,5+7.5,0.0030387793445358913,1.2373015206348978,407.17057092668546,20.1784680024695,0.057406057349128105
129,5,expanded_nuisance,best_single,5,0.0030387793445358913,0.007886296860687647,2.5952186606994694,1.6109682370237688,0.00047882714129667957
129,5,expanded_nuisance,best_pair,5+7.5,0.0030387793445358913,0.010376719507092957,3.414765710367095,1.8479084691529217,0.0006136007073547163
130,5,shared,best_single,5,0.0032026770711022223,2.2052019984116464,688.549594434356,26.24022855148857,0.08807757516940147
130,5,shared,best_pair,5+7.5,0.0032026770711022223,2.2756028711391125,710.5314774542501,26.65579632001734,0.0829507536018293
130,5,nuisance,best_single,5,0.0032026770711022223,1.2600028492649848,393.4217597627933,19.83486223200941,0.0591514638183455
130,5,nuisance,best_pair,5+7.5,0.0032026770711022223,1.3169683039606253,411.2085841696746,20.278278629353,0.05794849640327782
130,5,expanded_nuisance,best_single,5,0.0032026770711022223,0.008727846028531605,2.725172046624064,1.6508095125192561,0.0005014008668498611
130,5,expanded_nuisance,best_pair,5+7.5,0.0032026770711022223,0.011403193215009377,3.5605192037313,1.8869338101086905,0.0006390352951194453
131,5,shared,best_single,5,0.0034261250061080606,2.1367341348499744,623.6591283273747,24.973168167602896,0.08741515924459843
131,5,shared,best_pair,5+7.5,0.0034261250061080606,2.2025800575484085,642.8779024763169,25.355037023761508,0.08207845828989536
131,5,nuisance,best_single,5,0.0034261250061080606,1.2229463780266787,356.94738979063004,18.893051362620863,0.05894585452706538
131,5,nuisance,best_pair,5+7.5,0.0034261250061080606,1.2773015099955665,372.81229018742937,19.308347681441553,0.0576180251468125
131,5,expanded_nuisance,best_single,5,0.0034261250061080606,0.008747244017659028,2.553101244719481,1.5978426845967912,0.0005157089157782075
131,5,expanded_nuisance,best_pair,5+7.5,0.0034261250061080606,0.011474702120811475,3.3491778905774,1.8300759248122467,0.000659334810719743
132,5,shared,best_single,5,0.0032892370051349484,2.1341988742582285,648.843142323418,25.472399618477603,0.08774477011919973
132,5,shared,best_pair,5+7.5,0.0032892370051349484,2.20115920153616,669.2005465400789,25.86891081085709,0.08235485533603999
132,5,nuisance,best_single,5,0.0032892370051349484,1.222670715028705,371.7186426882432,19.280006293781213,0.05916554420236199
132,5,nuisance,best_pair,5+7.5,0.0032892370051349484,1.2771743478176623,388.2889392962011,19.705048573809734,0.05779281978492551
132,5,expanded_nuisance,best_single,5,0.0032892370051349484,0.008389244313818267,2.5505137819869805,1.5970328055450147,0.0004961264494261083
132,5,expanded_nuisance,best_pair,5+7.5,0.0032892370051349484,0.010986181747424162,3.340039568530097,1.8275775136858348,0.0006329118993510121
133,5,shared,best_single,5,0.0036018899820102757,2.167941255452204,601.8899150945858,24.53344482730841,0.0875315469890161
133,5,shared,best_pair,5+7.5,0.0036018899820102757,2.235543931950438,620.6585828872938,24.913020348550553,0.08243528546875514
133,5,nuisance,best_single,5,0.0036018899820102757,1.2506746415729058,347.2273300460119,18.634036869288735,0.05927741682808198
133,5,nuisance,best_pair,5+7.5,0.0036018899820102757,1.3055899370496735,362.47357458736195,19.038738786678124,0.058005047197026226
133,5,expanded_nuisance,best_single,5,0.0036018899820102757,0.009655382850527694,2.6806434673884354,1.6372670727124623,0.0005622345436374273
133,5,expanded_nuisance,best_pair,5+7.5,0.0036018899820102757,0.012408751263930373,3.4450667082854207,1.8560890895335334,0.0007048077057443087
134,5,shared,best_single,5,0.0034125181978872376,2.183278380470732,639.785124610455,25.29397407704956,0.08778204956291248
134,5,shared,best_pair,5+7.5,0.0034125181978872376,2.2520011671313163,659.9235627594829,25.688977456478934,0.0826531746923973
134,5,nuisance,best_single,5,0.0034125181978872376,1.2502289678101075,366.36550937197956,19.140676826381547,0.05906064521755351
134,5,nuisance,best_pair,5+7.5,0.0034125181978872376,1.305385396072142,382.5284790804438,19.558335283976593,0.057803628102701225
134,5,expanded_nuisance,best_single,5,0.0034125181978872376,0.008984192995613594,2.632716508640422,1.6225647933566234,0.0005197835325757277
134,5,expanded_nuisance,best_pair,5+7.5,0.0034125181978872376,0.011673363970813977,3.4207477569031584,1.8495263601536363,0.0006586898133498115
135,5,shared,best_single,5,0.0032718502663255933,2.1833893241958005,667.3255639683738,25.832645314957077,0.08866744106644299
135,5,shared,best_pair,5+7.5,0.0032718502663255933,2.253810951853899,688.849051269394,26.245933994990423,0.0836283507069843
135,5,nuisance,best_single,5,0.0032718502663255933,1.2481804628958975,381.4907044317922,19.531787026070916,0.059424328476870986
135,5,nuisance,best_pair,5+7.5,0.0032718502663255933,1.3034367373502462,398.3790917223278,19.959436157425085,0.058235006264662874
135,5,expanded_nuisance,best_single,5,0.0032718502663255933,0.008399786646947849,2.567289442735139,1.6022763315780268,0.0004874881510971372
135,5,expanded_nuisance,best_pair,5+7.5,0.0032718502663255933,0.01097356146518269,3.353931436937791,1.8313741935873704,0.000621304986424759
136,5,shared,best_single,5,0.003404159312760502,2.0917512551301045,614.4692603807256,24.78849048209119,0.08621708083342736
136,5,shared,best_pair,5+7.5,0.003404159312760502,2.154178175408032,632.8076853903659,25.15566905074015,0.08096993688732691
136,5,nuisance,best_single,5,0.003404159312760502,1.2104242723520755,355.5721578055399,18.856621060135346,0.05892279424180225
136,5,nuisance,best_pair,5+7.5,0.003404159312760502,1.2627837337800834,370.95318337380235,19.260144946853394,0.05755744096891229
136,5,expanded_nuisance,best_single,5,0.003404159312760502,0.009372983996985607,2.753391699927482,1.6593347160616756,0.0005621914279585555
136,5,expanded_nuisance,best_pair,5+7.5,0.003404159312760502,0.012092936260307496,3.5524002108177153,1.8847812103312456,0.0007071449624212991
137,5,shared,best_single,5,0.0035077066947459823,2.0691202129450286,589.8783430337148,24.287411204854973,0.0861929307421431
137,5,shared,best_pair,5+7.5,0.0035077066947459823,2.1312085564915644,607.57889469031,24.649115495090488,0.08086842326850929
137,5,nuisance,best_single,5,0.0035077066947459823,1.1997333928909713,342.027853893255,18.493995076598647,0.05901203403808748
137,5,nuisance,best_pair,5+7.5,0.0035077066947459823,1.251894411631303,356.89825877016824,18.8917510773927,0.05759704070591872
137,5,expanded_nuisance,best_single,5,0.0035077066947459823,0.009373857627648974,2.6723607312121063,1.6347356762523126,0.0005676108351136067
137,5,expanded_nuisance,best_pair,5+7.5,0.0035077066947459823,0.012076079259452754,3.442727773545293,1.8554589118450704,0.0007123869805736456
138,5,shared,best_single,5,0.003258019098003828,1.932062633694285,593.0175900067775,24.35195248859478,0.08482916133738105
138,5,shared,best_pair,5+7.5,0.003258019098003828,1.9870953456854206,609.9090539103665,24.69633685205898,0.07935825415379377
138,5,nuisance,best_single,5,0.003258019098003828,1.11879352669581,343.39685957681746,18.53097028158044,0.058312427886508915
138,5,nuisance,best_pair,5+7.5,0.003258019098003828,1.1648014321735263,357.5182947476257,18.908154186689554,0.05675130081141943
138,5,expanded_nuisance,best_single,5,0.003258019098003828,0.007945246788731986,2.438674099117466,1.5616254669790277,0.0005074025919365583
138,5,expanded_nuisance,best_pair,5+7.5,0.003258019098003828,0.010340660521828138,3.1739103457569686,1.7815471775277152,0.000642682136310126
139,5,shared,best_single,5,0.0034322168133187336,2.0772542250979518,605.2223207569979,24.60126664944303,0.08665330045571047
139,5,shared,best_pair,5+7.5,0.0034322168133187336,2.140008381509055,623.5061763012005,24.97010565258386,0.08110627472387456
139,5,nuisance,best_single,5,0.0034322168133187336,1.1957415377322427,348.387529917155,18.665142108142522,0.058937809642515764
139,5,nuisance,best_pair,5+7.5,0.0034322168133187336,1.2492134369259753,363.96693591104054,19.077917494083064,0.057492953410188445
139,5,expanded_nuisance,best_single,5,0.0034322168133187336,0.008805255060836625,2.565471687763952,1.6017089897243981,0.0005321641431905453
139,5,expanded_nuisance,best_pair,5+7.5,0.0034322168133187336,0.011577018497654468,3.3730440491783016,1.8365848875503419,0.0006811693168585224
140,5,shared,best_single,5,0.003696667989142588,1.9801777164126468,535.6655567198862,23.144449803784195,0.08435414655555702
140,5,shared,best_pair,5+7.5,0.003696667989142588,2.0362627524577213,550.8373374180178,23.469924103371486,0.07893882099925177
140,5,nuisance,best_single,5,0.003696667989142588,1.1521735311625512,311.6789320941393,17.65443094789915,0.0583561440244803
140,5,nuisance,best_pair,5+7.5,0.003696667989142588,1.2016867094169594,325.072934043958,18.029779090270573,0.05688875509826455
140,5,expanded_nuisance,best_single,5,0.003696667989142588,0.009528781110839102,2.5776675478636166,1.6055116156115523,0.0005963464936056155
140,5,expanded_nuisance,best_pair,5+7.5,0.003696667989142588,0.012389540794185638,3.351542748922738,1.8307219201513751,0.0007551135774481334
141,5,shared,best_single,5,0.003170259950626475,2.1811454960876873,688.0020976376625,26.2297940830206,0.08810139031501835
141,5,shared,best_pair,5+7.5,0.003170259950626475,2.2503022620309494,709.8163232911759,26.642378333984674,0.08274030207316875
141,5,nuisance,best_single,5,0.003170259950626475,1.2442635984169155,392.47999148178263,19.811107780277776,0.05907452030974356
141,5,nuisance,best_pair,5+7.5,0.003170259950626475,1.3002650916108,410.1446291033184,20.252027777566333,0.05775355054828328
141,5,expanded_nuisance,best_single,5,0.003170259950626475,0.008368449739265316,2.6396730456162203,1.6247070645553987,0.0004852642413171216
141,5,expanded_nuisance,best_pair,5+7.5,0.003170259950626475,0.010997979172575612,3.469109582134519,1.8625545850080525,0.0006214601130833822
142,5,shared,best_single,5,0.0032507030500914524,2.1437336494011445,659.4676955622983,25.68010310653558,0.08764792780307465
142,5,shared,best_pair,5+7.5,0.0032507030500914524,2.2103671409359484,679.9658741126059,26.076155278579815,0.08233200976565776
142,5,nuisance,best_single,5,0.0032507030500914524,1.2283228354435585,377.863747169709,19.43871773470948,0.05906535230869275
142,5,nuisance,best_pair,5+7.5,0.0032507030500914524,1.2821144750668707,394.41144125139357,19.85979459237667,0.05770727889405882
142,5,expanded_nuisance,best_single,5,0.0032507030500914524,0.008550747385621005,2.630430172753074,1.6218600965413368,0.000502979215863391
142,5,expanded_nuisance,best_pair,5+7.5,0.0032507030500914524,0.01112103614892046,3.4211172098932847,1.8496262351873378,0.0006375607249254986
143,5,shared,best_single,5,0.003477757051272956,2.1385609489778,614.9253433890751,24.7976882670356,0.08775401303696966
143,5,shared,best_pair,5+7.5,0.003477757051272956,2.205486690899705,634.1692816329523,25.18271791592306,0.0824689238833397
143,5,nuisance,best_single,5,0.003477757051272956,1.2267328213936768,352.73677928268694,18.781288009151208,0.05919547336497253
143,5,nuisance,best_pair,5+7.5,0.003477757051272956,1.2815743195161118,368.50599412831895,19.19650994655849,0.05788207420380233
143,5,expanded_nuisance,best_single,5,0.003477757051272956,0.008887254501655395,2.5554558212749257,1.598579313413922,0.0005243041702429637
143,5,expanded_nuisance,best_pair,5+7.5,0.003477757051272956,0.011610615509410227,3.3385355383465956,1.8271659854393623,0.0006675724020694
144,5,shared,best_single,5,0.0033035636044045358,2.0521592095573085,621.1956103467269,24.923796066143833,0.08585486548534514
144,5,shared,best_pair,5+7.5,0.0033035636044045358,2.112649418369573,639.506203407994,25.288459886042762,0.08058203940998952
144,5,nuisance,best_single,5,0.0033035636044045358,1.1855760009182938,358.87790970260215,18.944073207803072,0.05860711508104983
144,5,nuisance,best_pair,5+7.5,0.0033035636044045358,1.2354726539152103,373.9817971925814,19.33860897770523,0.0571887496324071
144,5,expanded_nuisance,best_single,5,0.0033035636044045358,0.008917937979882051,2.6994903225087143,1.6430125752740647,0.0005419883177235646
144,5,expanded_nuisance,best_pair,5+7.5,0.0033035636044045358,0.011553363616622736,3.497242674915962,1.8700916220645347,0.0006843341821207156
145,5,shared,best_single,5,0.003134299119847972,2.1203542176909607,676.5002753769742,26.009618901033022,0.08759953871017964
145,5,shared,best_pair,5+7.5,0.003134299119847972,2.1859365164898183,697.4243468491438,26.40879298357166,0.08253367150860665
145,5,nuisance,best_single,5,0.003134299119847972,1.2128698575092616,386.96685004591757,19.671473001428176,0.05897811622116402
145,5,nuisance,best_pair,5+7.5,0.003134299119847972,1.2645136760130908,403.4438410825402,20.085911507385973,0.05772357161454428
145,5,expanded_nuisance,best_single,5,0.003134299119847972,0.007947678410924919,2.5357115281678726,1.5923917634074451,0.0004714639932542716
145,5,expanded_nuisance,best_pair,5+7.5,0.003134299119847972,0.01042146707576741,3.324975274304036,1.8234514729775608,0.000603051438642158
146,5,shared,best_single,5,0.0032859741570681056,2.1625148714550666,658.1046496678963,25.65355043006516,0.08789650410107316
146,5,shared,best_pair,5+7.5,0.0032859741570681056,2.2317465174073394,679.1734842487637,26.06095708620011,0.08232630725943885
146,5,nuisance,best_single,5,0.0032859741570681056,1.2422263819907253,378.0389992777958,19.443225022557236,0.05932933835919067
146,5,nuisance,best_pair,5+7.5,0.0032859741570681056,1.2984112789886448,395.13739820374786,19.878063240762362,0.05786454178592151
146,5,expanded_nuisance,best_single,5,0.0032859741570681056,0.008418228605105327,2.5618669541261547,1.6005833168336332,0.000492691137466865
146,5,expanded_nuisance,best_pair,5+7.5,0.0032859741570681056,0.01075164362986758,3.2719805804744007,1.8088616808574394,0.0006125727545377521
147,5,shared,best_single,5,0.0036389043700728596,2.070821725724095,569.0783585177404,23.855363307183993,0.08658735421144835
147,5,shared,best_pair,5+7.5,0.0036389043700728596,2.1331158401559187,586.1972789664733,24.211511290426984,0.08122169878543183
147,5,nuisance,best_single,5,0.0036389043700728596,1.1956346968446896,328.56996921321957,18.126499088715935,0.05898767610509171
147,5,nuisance,best_pair,5+7.5,0.0036389043700728596,1.2480319572579348,342.96915509020266,18.519426424438816,0.05759427656030893
147,5,expanded_nuisance,best_single,5,0.0036389043700728596,0.009219074613034728,2.533475374855795,1.5916894718681138,0.0005579504305643308
147,5,expanded_nuisance,best_pair,5+7.5,0.0036389043700728596,0.011956207876202996,3.2856614684720618,1.8126393652550035,0.0007049920194782303
148,5,shared,best_single,5,0.0034559050888420817,2.2779708546599227,659.1531873993589,25.67397879954252,0.08906494937338849
148,5,shared,best_pair,5+7.5,0.0034559050888420817,2.353303420304261,680.9514034115871,26.09504557213087,0.08416180277462827
148,5,nuisance,best_single,5,0.0034559050888420817,1.3021039715155773,376.77654277011806,19.41073266958561,0.059442816626279676
148,5,nuisance,best_pair,5+7.5,0.0034559050888420817,1.3605386875861427,393.68520043529264,19.841501970246423,0.05831681659523044
148,5,expanded_nuisance,best_single,5,0.0034559050888420817,0.00910695565565689,2.6351868530938796,1.6233258616475865,0.0005083495879936437
148,5,expanded_nuisance,best_pair,5+7.5,0.0034559050888420817,0.011737409620805828,3.396334482304462,1.8429146703807158,0.0006395817815570093
149,5,shared,best_single,5,0.003274083024232599,1.9837294008449906,605.8885453309327,24.614803377864565,0.08515945296821666
149,5,shared,best_pair,5+7.5,0.003274083024232599,2.0409297140701135,623.3591814760042,24.967162062917847,0.07960615459729023
149,5,nuisance,best_single,5,0.003274083024232599,1.1505222894817073,351.4029060858572,18.745743679189076,0.05857774059969312
149,5,nuisance,best_pair,5+7.5,0.003274083024232599,1.1998972106186383,366.4834403213944,19.143757215379495,0.05703959824768187
149,5,expanded_nuisance,best_single,5,0.003274083024232599,0.008663153992212624,2.6459787146794027,1.6266464627199737,0.0005424200339914076
149,5,expanded_nuisance,best_pair,5+7.5,0.003274083024232599,0.011288378654354059,3.4477985349806155,1.8568248530705893,0.0006879375005983755
150,5,shared,best_single,5,0.003443028991214181,2.1980785756591406,638.41419322002,25.266859583652653,0.08866276783818751
150,5,shared,best_pair,5+7.5,0.003443028991214181,2.2686998526161077,658.9255735009227,25.66954564266619,0.0835986633850907
150,5,nuisance,best_single,5,0.003443028991214181,1.2557564276830235,364.7243258443148,19.097757089363004,0.059364492666484525
150,5,nuisance,best_pair,5+7.5,0.003443028991214181,1.311471573721864,380.9063406286843,19.516821991007763,0.058165296943727914
150,5,expanded_nuisance,best_single,5,0.003443028991214181,0.008680118929319303,2.5210705316362345,1.5877879366074785,0.0005004765856144747
150,5,expanded_nuisance,best_pair,5+7.5,0.003443028991214181,0.011330110313940711,3.290739155218428,1.8140394580103345,0.0006372852005414774
151,5,shared,best_single,5,0.0032746379854962093,2.2896098329219745,699.1947943751186,26.442291776151297,0.08972005589726714
151,5,shared,best_pair,5+7.5,0.0032746379854962093,2.3676017192842087,723.0117435180987,26.888877691679486,0.08462264376491875
151,5,nuisance,best_single,5,0.0032746379854962093,1.3011518102314468,397.34218438630916,19.933443866685685,0.059524312676900705
151,5,nuisance,best_pair,5+7.5,0.0032746379854962093,1.3616472569401088,415.81611859723694,20.39156979237344,0.05837304443777698
151,5,expanded_nuisance,best_single,5,0.0032746379854962093,0.008364532630562138,2.554338118475912,1.5982296826413631,0.0004657733806433662
151,5,expanded_nuisance,best_pair,5+7.5,0.0032746379854962093,0.010930689555685102,3.337984108197158,1.8270150815461699,0.0005936122118739852
152,5,shared,best_single,5,0.003166248211861067,2.1131708028915965,667.4052890027566,25.83418837515041,0.08727735016083382
152,5,shared,best_pair,5+7.5,0.003166248211861067,2.1785809206618536,688.0638455635544,26.230971113619763,0.08207570646642076
152,5,nuisance,best_single,5,0.003166248211861067,1.2136220521452008,383.2997197120735,19.578041774193697,0.05899925173771483
152,5,nuisance,best_pair,5+7.5,0.003166248211861067,1.2653756032908707,399.6451063282573,19.991125689371707,0.057639134158496974
152,5,expanded_nuisance,best_single,5,0.003166248211861067,0.008132688214903094,2.568556749416319,1.6026717534842618,0.0004841494514391778
152,5,expanded_nuisance,best_pair,5+7.5,0.003166248211861067,0.010589679873794111,3.344551394967761,1.8288114705916958,0.000614573346969874
153,5,shared,best_single,5,0.003027510393233568,2.2730185535221636,750.7880265588253,27.400511428782224,0.08904928612389622
153,5,shared,best_pair,5+7.5,0.003027510393233568,2.3486574170542007,775.7718758962508,27.85268166436135,0.08401915751358952
153,5,nuisance,best_single,5,0.003027510393233568,1.2935313733414373,427.2591024732589,20.670246792751627,0.05923965943806231
153,5,nuisance,best_pair,5+7.5,0.003027510393233568,1.352003352101028,446.57265425834095,21.132265715212387,0.058066761921932344
153,5,expanded_nuisance,best_single,5,0.003027510393233568,0.008375058675784253,2.7663187199959283,1.6632253966302728,0.0004682546126934092
153,5,expanded_nuisance,best_pair,5+7.5,0.003027510393233568,0.010863572268989152,3.588285706060347,1.8942770932628488,0.0005926780305238144
154,5,shared,best_single,5,0.003140587582606269,2.0630733299677555,656.9067971209641,25.63019307615462,0.08663346427324517
154,5,shared,best_pair,5+7.5,0.003140587582606269,2.1257090593418813,676.8507495587262,26.016355424208175,0.08107824693329518
154,5,nuisance,best_single,5,0.003140587582606269,1.1931455146794527,379.9115558144381,19.491320012108933,0.05908286655938419
154,5,nuisance,best_pair,5+7.5,0.003140587582606269,1.2452305994268829,396.4960589933644,19.91220879243095,0.0575610408762494
154,5,expanded_nuisance,best_single,5,0.003140587582606269,0.008365906722654248,2.663803031314179,1.6321161206587536,0.000508528243562999
154,5,expanded_nuisance,best_pair,5+7.5,0.003140587582606269,0.010913365150560406,3.474943736962676,1.8641200972476735,0.0006456836900955196
155,5,shared,best_single,5,0.0033716408076216453,2.135921096151267,633.4960388790481,25.16934720804352,0.08811282094127239
155,5,shared,best_pair,5+7.5,0.0033716408076216453,2.2040348657497506,653.6980038821147,25.567518531959934,0.08276558620049516
155,5,nuisance,best_single,5,0.0033716408076216453,1.2242227281321238,363.09405360284813,19.05502699034688,0.059333253378438595
155,5,nuisance,best_pair,5+7.5,0.0033716408076216453,1.2785548328412946,379.208493962673,19.473276405440174,0.057968451737163786
155,5,expanded_nuisance,best_single,5,0.0033716408076216453,0.008178577169513535,2.425696459428815,1.5574647538319495,0.00048363152858559645
155,5,expanded_nuisance,best_pair,5+7.5,0.0033716408076216453,0.010690375666754015,3.1706745400008978,1.7806388011050691,0.0006157900731519671
156,5,shared,best_single,5,0.003495142448567412,2.1030356404904387,601.7024116863764,24.529623146032563,0.08877358174518028
156,5,shared,best_pair,5+7.5,0.003495142448567412,2.1695670419014625,620.7378022005151,24.914610215705064,0.08368885930996006
156,5,nuisance,best_single,5,0.003495142448567412,1.202610285372162,344.0804782835354,18.549406413239627,0.05952808833877728
156,5,nuisance,best_pair,5+7.5,0.003495142448567412,1.2549477520139194,359.0548226520201,18.948741980723156,0.058299698302981096
156,5,expanded_nuisance,best_single,5,0.003495142448567412,0.00841403718602951,2.4073517202362535,1.5515642816964605,0.0005047339056710968
156,5,expanded_nuisance,best_pair,5+7.5,0.003495142448567412,0.01092124205818168,3.1246915451637958,1.767679706610843,0.000638845695622868
157,5,shared,best_single,5,0.0033881975981029377,2.2118569217979775,652.8122571825218,25.550190942193012,0.08848568369408331
157,5,shared,best_pair,5+7.5,0.0033881975981029377,2.2833914931620805,673.9251259845524,25.96006791178622,0.08328353492038083
157,5,nuisance,best_single,5,0.0033881975981029377,1.2664188628501731,373.77361449026614,19.33322566180476,0.059405539526931145
157,5,nuisance,best_pair,5+7.5,0.0033881975981029377,1.324483263275494,390.9108677773328,19.771465999701004,0.05817761119473393
157,5,expanded_nuisance,best_single,5,0.0033881975981029377,0.009057586629663827,2.6732757955838227,1.6350155337438916,0.0005194636076447348
157,5,expanded_nuisance,best_pair,5+7.5,0.0033881975981029377,0.011810144785135535,3.4856717895520823,1.866995390875961,0.0006604049384978214
158,5,shared,best_single,5,0.003233340830217424,2.135211264252068,660.3730866530664,25.69772532060117,0.08710300593100728
158,5,shared,best_pair,5+7.5,0.003233340830217424,2.201366381779646,680.8333848404149,26.092784152719595,0.08169208191080961
158,5,nuisance,best_single,5,0.003233340830217424,1.2220625549229571,377.9566148740281,19.441106318160706,0.058894598181567545
158,5,nuisance,best_pair,5+7.5,0.003233340830217424,1.2769752012056528,394.9398681610016,19.873094076187574,0.05752996449874304
158,5,expanded_nuisance,best_single,5,0.003233340830217424,0.008499859983589264,2.628816580099815,1.621362568983204,0.0005017545084835604
158,5,expanded_nuisance,best_pair,5+7.5,0.003233340830217424,0.011101257625325989,3.433370686312551,1.8529356940575543,0.0006383160550102922
159,5,shared,best_single,5,0.003330423979162944,2.0809164110463128,624.8202703516812,24.99640514857449,0.08699884919513091
159,5,shared,best_pair,5+7.5,0.003330423979162944,2.1447476584467027,643.9863728658821,25.376886587323554,0.08153559942234866
159,5,nuisance,best_single,5,0.003330423979162944,1.1935902455212706,358.38987858274515,18.93118798656717,0.0589496274749552
159,5,nuisance,best_pair,5+7.5,0.003330423979162944,1.2465861727722218,374.30254543312947,19.34690015049257,0.05754077539357734
159,5,expanded_nuisance,best_single,5,0.003330423979162944,0.008275419252950389,2.4847945200749786,1.5763231014214625,0.0004997467244476511
159,5,expanded_nuisance,best_pair,5+7.5,0.003330423979162944,0.010882106528056212,3.267483838736736,1.8076182779383307,0.0006399377065258195
160,5,shared,best_single,5,0.0033206485072467817,2.0423375538563904,615.041775544541,24.800035797243137,0.08646962096417267
160,5,shared,best_pair,5+7.5,0.0033206485072467817,2.1036461404851434,633.5046108897927,25.1695174941792,0.0811690835513518
160,5,nuisance,best_single,5,0.0033206485072467817,1.1720216666358931,352.94963139824773,18.78695375515274,0.058650884065604744
160,5,nuisance,best_pair,5+7.5,0.0033206485072467817,1.222080098320748,368.02452763481426,19.183965378273967,0.05726940307230554
160,5,expanded_nuisance,best_single,5,0.0033206485072467817,0.008079776539684058,2.4331923484377356,1.5598693369759327,0.000493920012846813
160,5,expanded_nuisance,best_pair,5+7.5,0.0033206485072467817,0.01057929400856672,3.185912024557586,1.7849123296558813,0.00063012869679936
161,5,shared,best_single,5,0.0031636311233067538,2.1611731721141703,683.1305825109047,26.136766871801584,0.08784258592027294
161,5,shared,best_pair,5+7.5,0.0031636311233067538,2.2297531584638803,704.8082003104247,26.54822405191023,0.08236105069515047
161,5,nuisance,best_single,5,0.0031636311233067538,1.2397663650496413,391.88082198211146,19.795979944981543,0.05932901903545766
161,5,nuisance,best_pair,5+7.5,0.0031636311233067538,1.2966405502869205,409.85832410563086,20.2449579921923,0.05795052862249528
161,5,expanded_nuisance,best_single,5,0.0031636311233067538,0.008706321997288047,2.7520028909653194,1.6589161796080354,0.000510150540190642
161,5,expanded_nuisance,best_pair,5+7.5,0.0031636311233067538,0.011214945973170742,3.5449600588858896,1.882806431603071,0.0006400077440239751
162,5,shared,best_single,5,0.0032137438627739545,2.1576361953084375,671.3777722926761,25.91095853674032,0.08770421259926452
162,5,shared,best_pair,5+7.5,0.0032137438627739545,2.2255420475530214,692.5075994177199,26.315539124587964,0.08229365384089952
162,5,nuisance,best_single,5,0.0032137438627739545,1.2333929367879781,383.7869442785557,19.590480960878825,0.05906787989203118
162,5,nuisance,best_pair,5+7.5,0.0032137438627739545,1.289064775230244,401.10999204447586,20.027730576490086,0.057707471613956236
162,5,expanded_nuisance,best_single,5,0.0032137438627739545,0.008464282293006775,2.6337762604704906,1.6228913273754626,0.0004957114536620123
162,5,expanded_nuisance,best_pair,5+7.5,0.0032137438627739545,0.011039895732853022,3.4352133226086963,1.8534328481519626,0.000629833102594389
163,5,shared,best_single,5,0.0029470937735083247,2.0520968508884057,696.3120309692478,26.387725005563624,0.08553614725282428
163,5,shared,best_pair,5+7.5,0.0029470937735083247,2.1120829616458754,716.6663581021982,26.77062491056565,0.08020942244259038
163,5,nuisance,best_single,5,0.0029470937735083247,1.1801470560784568,400.44435188554183,20.011105713716617,0.05823991708029798
163,5,nuisance,best_pair,5+7.5,0.0029470937735083247,1.228981873887668,417.0148520332438,20.420941507022732,0.05677396713516215
163,5,expanded_nuisance,best_single,5,0.0029470937735083247,0.008151838893608598,2.766060234284422,1.6631476886567897,0.0004943220783384107
163,5,expanded_nuisance,best_pair,5+7.5,0.0029470937735083247,0.010657199100423842,3.616172378436786,1.9016236163964693,0.0006296650811620539
164,5,shared,best_single,5,0.0034479443023276435,2.040129189351495,591.6943577001059,24.324768399721833,0.08618898089521239
164,5,shared,best_pair,5+7.5,0.0034479443023276435,2.1006973298815588,609.2608075088152,24.68320901967196,0.08090345884307143
164,5,nuisance,best_single,5,0.0034479443023276435,1.177067004910187,341.3822561215884,18.476532578424674,0.058786795877533396
164,5,nuisance,best_pair,5+7.5,0.0034479443023276435,1.2264758934336517,355.7122116519343,18.860334346239313,0.05736025635212805
164,5,expanded_nuisance,best_single,5,0.0034479443023276435,0.008565680354658323,2.4842861727423466,1.576161848523922,0.0005245405506208858
164,5,expanded_nuisance,best_pair,5+7.5,0.0034479443023276435,0.011109284464617453,3.222002297751092,1.7949936762426468,0.0006627611689523029
165,5,shared,best_single,5,0.00301528276423646,2.2357080059496965,741.4588218613819,27.229741494575045,0.08892395445338136
165,5,shared,best_pair,5+7.5,0.00301528276423646,2.309265389947412,765.8536762578458,27.674061434091055,0.08385475747873634
165,5,nuisance,best_single,5,0.00301528276423646,1.2721892256050198,421.91373913390436,20.540538920240248,0.05922081823583701
165,5,nuisance,best_pair,5+7.5,0.00301528276423646,1.3288319967845006,440.698966128635,20.992831303295777,0.05801287584691121
165,5,expanded_nuisance,best_single,5,0.00301528276423646,0.007982642742428325,2.647394412593247,1.62708156298117,0.0004529996274940688
165,5,expanded_nuisance,best_pair,5+7.5,0.00301528276423646,0.01046362881164109,3.4701981969146187,1.8628467990993298,0.0005792736231592123
166,5,shared,best_single,5,0.0034201912731537387,2.2941165654402274,670.7568034125868,25.898973018492196,0.08986761204947319
166,5,shared,best_pair,5+7.5,0.0034201912731537387,2.37158283102326,693.4064915136858,26.332612698205352,0.0851773580112875
166,5,nuisance,best_single,5,0.0034201912731537387,1.3062022881856972,381.9091342751879,19.54249559997873,0.05949377585682264
166,5,nuisance,best_pair,5+7.5,0.0034201912731537387,1.3646986325487764,399.0123719865514,19.97529404005236,0.058479383402884666
166,5,expanded_nuisance,best_single,5,0.0034201912731537387,0.009060720113192922,2.6491852032702496,1.6276317775437568,0.0005018717663617397
166,5,expanded_nuisance,best_pair,5+7.5,0.0034201912731537387,0.011688620137612293,3.4175340511977517,1.8486573644669126,0.0006325208301249646
167,5,shared,best_single,5,0.003378735497544305,1.9280981544580238,570.6567311526405,23.888422533784865,0.08396037940674915
167,5,shared,best_pair,5+7.5,0.003378735497544305,1.9812968714623742,586.401887008438,24.215736350737675,0.07850668738257752
167,5,nuisance,best_single,5,0.003378735497544305,1.1174678452827118,330.73552105363007,18.186135407326926,0.05794558088462653
167,5,nuisance,best_pair,5+7.5,0.003378735497544305,1.1640188696265659,344.51316786193684,18.56106591394839,0.0564349259014423
167,5,expanded_nuisance,best_single,5,0.003378735497544305,0.008559358978492693,2.5333024691378507,1.5916351557872335,0.0005457435875652612
167,5,expanded_nuisance,best_pair,5+7.5,0.003378735497544305,0.011220850765039092,3.321020770401976,1.8223668045709063,0.0006965911515124384
168,5,shared,best_single,5,0.0034559084629441905,2.2013908978198677,636.9934046066827,25.238728268410885,0.08827390134674941
168,5,shared,best_pair,5+7.5,0.0034559084629441905,2.271495008244851,657.2786960652589,25.63744714407538,0.0831480834469175
168,5,nuisance,best_single,5,0.0034559084629441905,1.2627985906851238,365.4027889411482,19.115511736313735,0.05930102166807504
168,5,nuisance,best_pair,5+7.5,0.0034559084629441905,1.3185168908254719,381.52540929923487,19.532675426045323,0.058048646958302044
168,5,expanded_nuisance,best_single,5,0.0034559084629441905,0.009069718451097497,2.62440934079913,1.6200028829601292,0.0005212574899042106
168,5,expanded_nuisance,best_pair,5+7.5,0.0034559084629441905,0.011761155804965284,3.4032023507201368,1.8447770463446624,0.0006593424988853841
169,5,shared,best_single,5,0.003439781062299474,2.2675219090305623,659.2053005590817,25.674993681772964,0.09000507301163645
169,5,shared,best_pair,5+7.5,0.003439781062299474,2.3441436087068532,681.4804681609029,26.1051808681898,0.08525224215991309
169,5,nuisance,best_single,5,0.003439781062299474,1.2876086195877992,374.3286553031489,19.347574920468684,0.05948823241406006
169,5,nuisance,best_pair,5+7.5,0.003439781062299474,1.345538542471333,391.16982101525036,19.77801357607104,0.05846680208132846
169,5,expanded_nuisance,best_single,5,0.003439781062299474,0.008598966416519804,2.4998586423902935,1.5810941282511592,0.0004814969050834323
169,5,expanded_nuisance,best_pair,5+7.5,0.003439781062299474,0.011156184226688293,3.2432832278082393,1.8009117767975864,0.0006100367369112185
170,5,shared,best_single,5,0.003388894193961711,1.9844647418385182,585.5788432033116,24.198736396830963,0.08528681499132851
170,5,shared,best_pair,5+7.5,0.003388894193961711,2.0427459803231276,602.7765587851243,24.55150827923051,0.07968137312911835
170,5,nuisance,best_single,5,0.003388894193961711,1.1513921198067427,339.75451988388386,18.43243119840364,0.05866176700712427
170,5,nuisance,best_pair,5+7.5,0.003388894193961711,1.20122682755472,354.4598204615095,18.827103347607924,0.05708304274706707
170,5,expanded_nuisance,best_single,5,0.003388894193961711,0.008529027258738164,2.5167582021106107,1.5864293876850022,0.0005343598194172388
170,5,expanded_nuisance,best_pair,5+7.5,0.003388894193961711,0.011121081732231364,3.281625537925252,1.8115257486233123,0.0006777532681305488
171,5,shared,best_single,5,0.003472259926157184,2.003095766938657,576.8853166345531,24.018437014813287,0.08486268633116996
171,5,shared,best_pair,5+7.5,0.003472259926157184,2.0605405116045654,593.4292234524634,24.360402776893146,0.07939417787030033
171,5,nuisance,best_single,5,0.003472259926157184,1.1627933126850565,334.8808376716031,18.299749661446278,0.05846109820037659
171,5,nuisance,best_pair,5+7.5,0.003472259926157184,1.2126696932227676,349.24507928899556,18.68809993790154,0.05696473671715483
171,5,expanded_nuisance,best_single,5,0.003472259926157184,0.009118788414357759,2.6261825463192485,1.6205500752273125,0.0005656302202338048
171,5,expanded_nuisance,best_pair,5+7.5,0.003472259926157184,0.01189562134928801,3.4259017476416633,1.8509191629138382,0.0007184874681600089
172,5,shared,best_single,5,0.0034710684859731167,2.1609913746328564,622.5723817797334,24.951400397166758,0.08804035933452509
172,5,shared,best_pair,5+7.5,0.0034710684859731167,2.229790747406884,642.3931871173554,25.345476659896445,0.08259394035741374
172,5,nuisance,best_single,5,0.0034710684859731167,1.2423309916421932,357.9102505936021,18.91851607800152,0.0594860770613319
172,5,nuisance,best_pair,5+7.5,0.0034710684859731167,1.2994014393598528,374.35200273657654,19.348178279532586,0.058117128967197125
172,5,expanded_nuisance,best_single,5,0.0034710684859731167,0.009062766155928603,2.610944207108564,1.6158416404798348,0.0005310756207632533
172,5,expanded_nuisance,best_pair,5+7.5,0.0034710684859731167,0.011725871055295656,3.378173349987446,1.8379807806360342,0.0006691501146977569
173,5,shared,best_single,5,0.003326387177947643,2.0514397028121643,616.717054590707,24.833788567004973,0.08631269043785263
173,5,shared,best_pair,5+7.5,0.003326387177947643,2.112425445592984,635.0509825186181,25.200217906173314,0.08093731262146708
173,5,nuisance,best_single,5,0.003326387177947643,1.183993503701634,355.9397750060321,18.86636623746163,0.05881635927553062
173,5,nuisance,best_pair,5+7.5,0.003326387177947643,1.2346905037012452,371.18063461964175,19.266048754730217,0.05737836342780692
173,5,expanded_nuisance,best_single,5,0.003326387177947643,0.00868502258536985,2.6109475899099777,1.6158426872409262,0.0005292145414178776
173,5,expanded_nuisance,best_pair,5+7.5,0.003326387177947643,0.011295451654835809,3.3957116386568753,1.8427456793211796,0.0006705198219910145
174,5,shared,best_single,5,0.0033160767143474157,2.181021119812535,657.7112979250684,25.645882670032403,0.08842402230201177
174,5,shared,best_pair,5+7.5,0.0033160767143474157,2.250746325139332,678.7377129730443,26.052595129334893,0.08341953175932214
174,5,nuisance,best_single,5,0.0033160767143474157,1.247304341704993,376.13856648984523,19.39429211107859,0.059296532476952234
174,5,nuisance,best_pair,5+7.5,0.0033160767143474157,1.30167946753734,392.53599348454844,19.81252112893633,0.05809336223070643
174,5,expanded_nuisance,best_single,5,0.0033160767143474157,0.00845447553293921,2.549541600277182,1.5967284052953972,0.0004904583226970061
174,5,expanded_nuisance,best_pair,5+7.5,0.0033160767143474157,0.011000181757871541,3.3172277680663704,1.8213258269915271,0.0006226676744877718
175,5,shared,best_single,5,0.003432420123711033,2.171980110101192,632.7838760463012,25.155195806161025,0.08731281809378001
175,5,shared,best_pair,5+7.5,0.003432420123711033,2.2391987370438846,652.3673257756477,25.54148245062623,0.08217126924105299
175,5,nuisance,best_single,5,0.003432420123711033,1.2431319241712684,362.1735916252671,19.030858930307563,0.058907837863414046
175,5,nuisance,best_pair,5+7.5,0.003432420123711033,1.2981726248468215,378.20912885316466,19.447599565323344,0.05766826073189496
175,5,expanded_nuisance,best_single,5,0.003432420123711033,0.008987565985743906,2.6184341257231676,1.6181576331504812,0.0005222309115466545
175,5,expanded_nuisance,best_pair,5+7.5,0.003432420123711033,0.01170770862989956,3.410919470207955,1.8468674749986678,0.0006635384883936709
176,5,shared,best_single,5,0.0032732828433483796,2.205857534989002,673.897625275956,25.959538233103377,0.08798963401130272
176,5,shared,best_pair,5+7.5,0.0032732828433483796,2.275927671457878,695.304310803076,26.36862360463807,0.0828391813340972
176,5,nuisance,best_single,5,0.0032732828433483796,1.2569349366974847,383.9982662212327,19.595873703951877,0.058972642431586134
176,5,nuisance,best_pair,5+7.5,0.0032732828433483796,1.3128873252997364,401.09192762478426,20.027279586223994,0.057739395913901835
176,5,expanded_nuisance,best_single,5,0.0032732828433483796,0.008486101255970713,2.5925352809688516,1.6101351747505088,0.00048684198988138396
176,5,expanded_nuisance,best_pair,5+7.5,0.0032732828433483796,0.011135187659905732,3.4018409629749797,1.844408025078773,0.0006230569961038549
177,5,shared,best_single,5,0.003306472700336016,2.1726512765389936,657.0903417161741,25.63377345839223,0.08782273909264238
177,5,shared,best_pair,5+7.5,0.003306472700336016,2.241088534250428,677.7883071657237,26.03436780806716,0.08276931946699495
177,5,nuisance,best_single,5,0.003306472700336016,1.2413998395774328,375.44536189616116,19.37641251357333,0.05898271141072059
177,5,nuisance,best_pair,5+7.5,0.003306472700336016,1.2949481468491433,391.6403564189554,19.789905417130104,0.05773708814908604
177,5,expanded_nuisance,best_single,5,0.003306472700336016,0.008361829259319276,2.5289273546609095,1.590260153138759,0.0004857355339637968
177,5,expanded_nuisance,best_pair,5+7.5,0.003306472700336016,0.01089378236117522,3.2946838968512133,1.815126413463044,0.0006173284229742304
178,5,shared,best_single,5,0.0034459337465602147,2.0596788055840474,597.7128282399658,24.448166152903283,0.08685752105963553
178,5,shared,best_pair,5+7.5,0.0034459337465602147,2.122559420746743,615.9606007705503,24.81855355919338,0.08159254992618571
178,5,nuisance,best_single,5,0.0034459337465602147,1.189741094252021,345.25942219279153,18.581157719388518,0.059037509254050255
178,5,nuisance,best_pair,5+7.5,0.0034459337465602147,1.2408864055462403,360.1016435051639,18.976344313517394,0.05764560965917151
178,5,expanded_nuisance,best_single,5,0.0034459337465602147,0.00874890355923963,2.538906491737667,1.593394644065828,0.0005313881314538596
178,5,expanded_nuisance,best_pair,5+7.5,0.0034459337465602147,0.011299973405876962,3.279219577903021,1.8108615568019055,0.0006687483192783917
179,5,shared,best_single,5,0.0035953899379401744,2.0686840998672236,575.3712769893293,23.98689802765938,0.08699458569528819
179,5,shared,best_pair,5+7.5,0.0035953899379401744,2.1317729053927863,592.9184155791721,24.349916130844726,0.08176978502671413
179,5,nuisance,best_single,5,0.0035953899379401744,1.1952490082596552,332.4393261623306,18.232918750499895,0.05919694790316888
179,5,nuisance,best_pair,5+7.5,0.0035953899379401744,1.2472868103409969,346.9128055288425,18.62559544092061,0.05785905549491767
179,5,expanded_nuisance,best_single,5,0.0035953899379401744,0.009198175169629064,2.55832477934195,1.5994764078728858,0.0005579317879870488
179,5,expanded_nuisance,best_pair,5+7.5,0.0035953899379401744,0.01189265876764578,3.3077521417493796,1.818722667629504,0.0007031045434895462
180,5,shared,best_single,5,0.00294042715844256,1.9711524690646816,670.3626251733884,25.89136197988411,0.08503343452015566
180,5,shared,best_pair,5+7.5,0.00294042715844256,2.0270489435768693,689.3722695210464,26.255899708847274,0.07941978685600387
180,5,nuisance,best_single,5,0.00294042715844256,1.1363671612299633,386.4632925754422,19.658669654263033,0.05824386444904606
180,5,nuisance,best_pair,5+7.5,0.00294042715844256,1.1841967664307502,402.7295024230348,20.06812154694691,0.05666767612249015
180,5,expanded_nuisance,best_single,5,0.00294042715844256,0.007784699232731285,2.647472225380534,1.6271054745714961,0.0004892218959063686
180,5,expanded_nuisance,best_pair,5+7.5,0.00294042715844256,0.010155562926042805,3.4537712988006293,1.8584324843266782,0.0006211835161565802
181,5,shared,best_single,5,0.0034115734177448953,2.1301144125066775,624.3788867116679,24.98757464644514,0.08736876957751422
181,5,shared,best_pair,5+7.5,0.0034115734177448953,2.1959585691331034,643.679118177872,25.370832035585117,0.08231094124206646
181,5,nuisance,best_single,5,0.0034115734177448953,1.2247530201721173,358.9994615978977,18.947281113603022,0.05909400983499205
181,5,nuisance,best_pair,5+7.5,0.0034115734177448953,1.277711343246439,374.5225990449377,19.352586365779064,0.05784609451226563
181,5,expanded_nuisance,best_single,5,0.0034115734177448953,0.008844520519019294,2.5925048169901803,1.610125714654039,0.0005225216464270548
181,5,expanded_nuisance,best_pair,5+7.5,0.0034115734177448953,0.011456292713148741,3.358067176148164,1.8325029812112623,0.0006602553872619464
182,5,shared,best_single,5,0.003441168322606547,2.261905089335252,657.3073088217753,25.638005164633526,0.08897225171728855
182,5,shared,best_pair,5+7.5,0.003441168322606547,2.3362748823527664,678.9190947169744,26.056075965443732,0.08406312714743736
182,5,nuisance,best_single,5,0.003441168322606547,1.2913068275896242,375.252445254265,19.371433742866454,0.05932342400737453
182,5,nuisance,best_pair,5+7.5,0.003441168322606547,1.3487323655071444,391.9402479229885,19.797480847900534,0.058184138549153296
182,5,expanded_nuisance,best_single,5,0.003441168322606547,0.008965842277506741,2.6054646088092186,1.6141451634872306,0.000503189898326397
182,5,expanded_nuisance,best_pair,5+7.5,0.003441168322606547,0.01157927922489721,3.3649267165537458,1.8343736578335794,0.0006343684861558014
183,5,shared,best_single,5,0.003668040528300942,1.971786348688107,537.5584957349013,23.18530775588069,0.08435459958220014
183,5,shared,best_pair,5+7.5,0.003668040528300942,2.027280265770851,552.6875317023553,23.509307342037012,0.07895196382348346
183,5,nuisance,best_single,5,0.003668040528300942,1.1459726513182702,312.4209349587234,17.675433091121796,0.05820853830999319
183,5,nuisance,best_pair,5+7.5,0.003668040528300942,1.1944886843898295,325.6476244397233,18.045709308301607,0.05672917592997687
183,5,expanded_nuisance,best_single,5,0.003668040528300942,0.009413993789860076,2.5664912143761653,1.6020272202357129,0.0005896362531224509
183,5,expanded_nuisance,best_pair,5+7.5,0.003668040528300942,0.012241984418626561,3.33747250723457,1.8268750661264634,0.0007467647656042482
184,5,shared,best_single,5,0.003764510301695667,2.0849269483112876,553.8374931188696,23.533752210790137,0.08650483814857741
184,5,shared,best_pair,5+7.5,0.003764510301695667,2.147496501636243,570.4583941951057,23.88427085332742,0.08123223652836328
184,5,nuisance,best_single,5,0.003764510301695667,1.2066059422666688,320.52135485541675,17.90311020061645,0.059034937626029856
184,5,nuisance,best_pair,5+7.5,0.003764510301695667,1.259207107406608,334.4942652539474,18.28918437913368,0.05767199251698916
184,5,expanded_nuisance,best_single,5,0.003764510301695667,0.009638869493902025,2.5604577279441476,1.6001430335892313,0.0005801293290287761
184,5,expanded_nuisance,best_pair,5+7.5,0.003764510301695667,0.012473296799730527,3.31339159680666,1.820272396320578,0.0007317328459341282
185,5,shared,best_single,5,0.0031321145045288823,2.0457589115680075,653.15585002079,25.556913937734933,0.08624739538219788
185,5,shared,best_pair,5+7.5,0.0031321145045288823,2.106407493721121,672.5193126481679,25.932977319393313,0.08090371789162941
185,5,nuisance,best_single,5,0.0031321145045288823,1.1759362311189023,375.44484067187096,19.376399063599795,0.05859258127716533
185,5,nuisance,best_pair,5+7.5,0.0031321145045288823,1.2250642770307079,391.13010563928157,19.777009522151765,0.05713643529718489
185,5,expanded_nuisance,best_single,5,0.0031321145045288823,0.008047392955367272,2.56931633365611,1.6029087103313495,0.0004909644360347033
185,5,expanded_nuisance,best_pair,5+7.5,0.0031321145045288823,0.01047501290045405,3.344390150905307,1.8287673856741067,0.0006226106985116709
186,5,shared,best_single,5,0.003609766338053211,2.150380285149994,595.7117674020195,24.407207283956506,0.08769090514918644
186,5,shared,best_pair,5+7.5,0.003609766338053211,2.2173816343788637,614.2728993297454,24.784529435309953,0.08250955756035903
186,5,nuisance,best_single,5,0.003609766338053211,1.2389334149061837,343.21706694576665,18.52611850727957,0.05934233348897427
186,5,nuisance,best_pair,5+7.5,0.003609766338053211,1.2936853240336654,358.3847825262189,18.9310533918802,0.058047304824996315
186,5,expanded_nuisance,best_single,5,0.003609766338053211,0.009448605255126807,2.6175115977790826,1.6178725530087599,0.0005549745211611869
186,5,expanded_nuisance,best_pair,5+7.5,0.003609766338053211,0.012198305592229897,3.379250746409416,1.8382738496778481,0.0006986230018290665
187,5,shared,best_single,5,0.0029414108576968356,2.1047277608684833,715.5504153256963,26.749774117283614,0.08724804209151696
187,5,shared,best_pair,5+7.5,0.0029414108576968356,2.1703184354399245,737.8494676324522,27.16338468660436,0.08175305756470036
187,5,nuisance,best_single,5,0.0029414108576968356,1.207056691061738,410.36657218532184,20.257506563872116,0.059022899045811796
187,5,nuisance,best_pair,5+7.5,0.0029414108576968356,1.2603704850372064,428.49181770685834,20.7000439059162,0.05756804745981935
187,5,expanded_nuisance,best_single,5,0.0029414108576968356,0.007725923487278852,2.626604667301852,1.6206803100247291,0.0004621438115024942
187,5,expanded_nuisance,best_pair,5+7.5,0.0029414108576968356,0.010163739846026143,3.4553961815400682,1.858869597777119,0.0005919036375557715
188,5,shared,best_single,5,0.0034911055443909156,2.2474825401628618,643.7738738016225,25.37269937948311,0.08927140072861965
188,5,shared,best_pair,5+7.5,0.0034911055443909156,2.3222641162274136,665.194473985052,25.791364329656002,0.08413136622615637
188,5,nuisance,best_single,5,0.0034911055443909156,1.2816534302755274,367.11964561905967,19.160366531438267,0.05948851272633244
188,5,nuisance,best_pair,5+7.5,0.0034911055443909156,1.3402794779697431,383.91262049442804,19.59368828205726,0.05827976224948503
188,5,expanded_nuisance,best_single,5,0.0034911055443909156,0.008660122348054689,2.4806246153080997,1.5749998778755825,0.0004898473241651267
188,5,expanded_nuisance,best_pair,5+7.5,0.0034911055443909156,0.01124075972846228,3.219828099016533,1.7943879455169478,0.0006199930515692887
189,5,shared,best_single,5,0.0035346232701893854,2.1696518778680116,613.8283239876258,24.775559004543688,0.08801253855639189
189,5,shared,best_pair,5+7.5,0.0035346232701893854,2.237811758376351,633.1118162577051,25.16171330131764,0.08266984304420812
189,5,nuisance,best_single,5,0.0035346232701893854,1.2404302756358148,350.93705348953705,18.733314001786685,0.059215426016393166
189,5,nuisance,best_pair,5+7.5,0.0035346232701893854,1.2971897382215916,366.9951898868385,19.157118517325053,0.0579278675734961
189,5,expanded_nuisance,best_single,5,0.0035346232701893854,0.009094172389034316,2.5728830751875433,1.604020908588022,0.0005306912659910743
189,5,expanded_nuisance,best_pair,5+7.5,0.0035346232701893854,0.01188833826861968,3.36339614150243,1.83395641755807,0.0006761138063565859
190,5,shared,best_single,5,0.0036090410310807286,2.076578080361611,575.3822310354225,23.98712636051727,0.08615729722091083
190,5,shared,best_pair,5+7.5,0.0036090410310807286,2.1383134680174485,592.4879904668553,24.341076197794855,0.08096274061415391
190,5,nuisance,best_single,5,0.0036090410310807286,1.2026437782234474,333.2308410645349,18.254611501331244,0.05885574508033153
190,5,nuisance,best_pair,5+7.5,0.0036090410310807286,1.253803085376415,347.40615985764043,18.63883472370632,0.05748789536401071
190,5,expanded_nuisance,best_single,5,0.0036090410310807286,0.009411676062710761,2.6078052262798552,1.614870033866458,0.0005672967388174422
190,5,expanded_nuisance,best_pair,5+7.5,0.0036090410310807286,0.012165374020547404,3.3708051296120836,1.8359752529955526,0.0007149544338589654
191,5,shared,best_single,5,0.0035721841707563318,2.2109405777388806,618.9324155900849,24.878352348780755,0.08867288922516448
191,5,shared,best_pair,5+7.5,0.0035721841707563318,2.282717378874929,639.0256688225606,25.278957035893722,0.0833977241558107
191,5,nuisance,best_single,5,0.0035721841707563318,1.2631501372561804,353.60722652458765,18.80444698800227,0.05941223368612039
191,5,nuisance,best_pair,5+7.5,0.0035721841707563318,1.321170622403983,369.8495260182103,19.231472279006887,0.058145205422792584
191,5,expanded_nuisance,best_single,5,0.0035721841707563318,0.008941475654684616,2.5030836113893464,1.5821136531202007,0.0005132813788258082
191,5,expanded_nuisance,best_pair,5+7.5,0.0035721841707563318,0.011600924530942525,3.247571787007354,1.8021020467796363,0.0006490034377328751
192,5,shared,best_single,5,0.003246911937260677,2.1251376327940634,654.5104006075936,25.583400880406685,0.08727325662852034
192,5,shared,best_pair,5+7.5,0.003246911937260677,2.19109388295729,674.82393279993,25.977373477700358,0.08196725644648108
192,5,nuisance,best_single,5,0.003246911937260677,1.2222909269370388,376.44720600838014,19.402247447354654,0.05911951684397449
192,5,nuisance,best_pair,5+7.5,0.003246911937260677,1.2761013662545617,393.02001129453805,19.82473231331354,0.05775747806428737
192,5,expanded_nuisance,best_single,5,0.003246911937260677,0.008518017531763622,2.623421175675624,1.6196978655525924,0.0005050819830075993
192,5,expanded_nuisance,best_pair,5+7.5,0.003246911937260677,0.011091021064708606,3.41586753167866,1.848206571700972,0.0006408909115637987
193,5,shared,best_single,5,0.0030212526620378988,2.102614727218598,695.9413734700163,26.38070077670448,0.08725597685314686
193,5,shared,best_pair,5+7.5,0.0030212526620378988,2.1683016055035798,717.6829772459396,26.78960576876673,0.08162030366466919
193,5,nuisance,best_single,5,0.0030212526620378988,1.2112008416908782,400.8935951996473,20.022327417152265,0.05918475891850229
193,5,nuisance,best_pair,5+7.5,0.0030212526620378988,1.264721389944848,418.608283191968,20.45991894392468,0.057632305139284065
193,5,expanded_nuisance,best_single,5,0.0030212526620378988,0.0079400581787743,2.628068244189337,1.6211317787858386,0.0004759198903646316
193,5,expanded_nuisance,best_pair,5+7.5,0.0030212526620378988,0.010162151909174355,3.3635557981833166,1.8339999449790931,0.0005928296427225199
194,5,shared,best_single,5,0.0031926836506397382,2.0754092458528732,650.0516408623856,25.49611030848403,0.0862509589248792
194,5,shared,best_pair,5+7.5,0.0031926836506397382,2.1372674165361163,669.4266173561726,25.873279988361983,0.08080719419651787
194,5,nuisance,best_single,5,0.0031926836506397382,1.1919996010907417,373.3534955309127,19.322357400972397,0.05862642647269247
194,5,nuisance,best_pair,5+7.5,0.0031926836506397382,1.244304689617957,389.73629265418384,19.74173985884182,0.05721396435292431
194,5,expanded_nuisance,best_single,5,0.0031926836506397382,0.00847904497379659,2.6557736066639706,1.629654443943246,0.000511492849500132
194,5,expanded_nuisance,best_pair,5+7.5,0.0031926836506397382,0.011167761627944195,3.497923017116475,1.8702735139857152,0.0006562481628320279
195,5,shared,best_single,5,0.003366412353517312,2.2532110742724045,669.3211756777786,25.871242252311323,0.08879131571476334
195,5,shared,best_pair,5+7.5,0.003366412353517312,2.327133620685999,691.2800264217636,26.292204670239496,0.08363808055247601
195,5,nuisance,best_single,5,0.003366412353517312,1.2880844896773063,382.6282565567119,19.560885883740333,0.059395730839987684
195,5,nuisance,best_pair,5+7.5,0.003366412353517312,1.3467351544153556,400.050562138727,20.00126401352492,0.05816504471557521
195,5,expanded_nuisance,best_single,5,0.003366412353517312,0.0089916153115559,2.670978587088785,1.634312879190758,0.0005073044993791413
195,5,expanded_nuisance,best_pair,5+7.5,0.003366412353517312,0.011604450488533757,3.447126872740096,1.8566439811498854,0.0006384971950587734
196,5,shared,best_single,5,0.0030351641112935646,2.1919826146302093,722.1957476612369,26.87369992504264,0.08814814755261782
196,5,shared,best_pair,5+7.5,0.0030351641112935646,2.2628476086037557,745.5437418306013,27.30464689078768,0.08279258147942054
196,5,nuisance,best_single,5,0.0030351641112935646,1.2539773228049984,413.14975955964456,20.326085692027487,0.05928818631590304
196,5,nuisance,best_pair,5+7.5,0.0030351641112935646,1.310930571517209,431.914230482417,20.782546294485115,0.05794804744945523
196,5,expanded_nuisance,best_single,5,0.0030351641112935646,0.008294044786826937,2.732651178882079,1.653073252727198,0.0004799150631027397
196,5,expanded_nuisance,best_pair,5+7.5,0.0030351641112935646,0.010682560628684445,3.519599019023593,1.8760594390966383,0.0006022542097326134
197,5,shared,best_single,5,0.0033090819778918146,2.0918378932009376,632.1505200465382,25.14260368471289,0.08638311974264391
197,5,shared,best_pair,5+7.5,0.0033090819778918146,2.1550644548325026,651.2574995816435,25.51974724760501,0.08099393077814178
197,5,nuisance,best_single,5,0.0033090819778918146,1.2050564310472556,364.16638786778736,19.08314407711128,0.05885568939736262
197,5,nuisance,best_pair,5+7.5,0.0033090819778918146,1.2580029284965064,380.1667462158095,19.497865170725987,0.05744811360303763
197,5,expanded_nuisance,best_single,5,0.0033090819778918146,0.008715980469302664,2.6339572508431885,1.6229470881218488,0.000523353584453638
197,5,expanded_nuisance,best_pair,5+7.5,0.0033090819778918146,0.011349089225370257,3.429679077518852,1.851939274792468,0.0006638519438380965
198,5,shared,best_single,5,0.003048337849123506,2.0366711044450705,668.1251243298633,25.848116456133962,0.0855115249484366
198,5,shared,best_pair,5+7.5,0.003048337849123506,2.0962429593909326,687.6675300258038,26.22341568190162,0.08022468051416884
198,5,nuisance,best_single,5,0.003048337849123506,1.1762197844565458,385.85611000917976,19.64322045921136,0.0584017779939239
198,5,nuisance,best_pair,5+7.5,0.003048337849123506,1.224640537652636,401.7404232292556,20.043463354152536,0.056932068074848845
198,5,expanded_nuisance,best_single,5,0.003048337849123506,0.008335993903333616,2.734603024966698,1.6536635162470925,0.0005091674467905702
198,5,expanded_nuisance,best_pair,5+7.5,0.003048337849123506,0.010800160372454126,3.5429669895544933,1.8822770756598226,0.0006428369202033779
199,5,shared,best_single,5,0.0032807133787273735,2.057408502354912,627.122294710489,25.042409922179793,0.08614448168273212
199,5,shared,best_pair,5+7.5,0.0032807133787273735,2.1191209342781887,645.9329693410218,25.41521137706751,0.08073686630346501
199,5,nuisance,best_single,5,0.0032807133787273735,1.1879665507929464,362.1061682790992,19.029087426334957,0.05878191056194104
199,5,nuisance,best_pair,5+7.5,0.0032807133787273735,1.2393025632080483,377.7539882770217,19.43589432665813,0.057325488521161184
199,5,expanded_nuisance,best_single,5,0.0032807133787273735,0.00849250130639545,2.5886142207551788,1.6089170956749694,0.0005161682978048276
199,5,expanded_nuisance,best_pair,5+7.5,0.0032807133787273735,0.011061625249392026,3.3717133965793007,1.8362225890613864,0.0006547770960896217
200,5,shared,best_single,5,0.0031781769902250456,2.2288055474110466,701.2842753144549,26.481772510813073,0.08872192507373235
200,5,shared,best_pair,5+7.5,0.0031781769902250456,2.3020732467592766,724.3376482303044,26.91352166161657,0.08346234112859759
200,5,nuisance,best_single,5,0.0031781769902250456,1.271334636396052,400.020087083328,20.000502170778812,0.05934750376522341
200,5,nuisance,best_pair,5+7.5,0.0031781769902250456,1.3298246083519865,418.4237103352202,20.45540785062034,0.05809450620050385
200,5,expanded_nuisance,best_single,5,0.0031781769902250456,0.008433309621111551,2.6535053419143884,1.6289583610130702,0.00048047353367996695
200,5,expanded_nuisance,best_pair,5+7.5,0.0031781769902250456,0.011011312003175178,3.4646629300514413,1.8613605051282895,0.0006114348219912072
201,5,shared,best_single,5,0.003421060332713388,2.124310087302781,620.9507815426045,24.918884034856067,0.0881454265315715
201,5,shared,best_pair,5+7.5,0.003421060332713388,2.190648598378997,640.3419949748447,25.304979647785625,0.0831135672056929
201,5,nuisance,best_single,5,0.003421060332713388,1.2123201885032595,354.3697189174436,18.82471032758389,0.0591269076568065
201,5,nuisance,best_pair,5+7.5,0.003421060332713388,1.2644023921016054,369.5937133908288,19.224820243394444,0.057909488497149254
201,5,expanded_nuisance,best_single,5,0.003421060332713388,0.008257766066515515,2.4138031088057224,1.5536418856370096,0.000489648616973076
201,5,expanded_nuisance,best_pair,5+7.5,0.003421060332713388,0.010768263684428181,3.1476392221026437,1.7741587364445843,0.0006228783191288657
202,5,shared,best_single,5,0.003137236330046589,2.2187248590131943,707.2227354259427,26.593659684705727,0.08818466342030398
202,5,shared,best_pair,5+7.5,0.003137236330046589,2.2897301188788766,729.8557959912677,27.015843425502517,0.08304153314092125
202,5,nuisance,best_single,5,0.003137236330046589,1.2669561494285597,403.8446633090422,20.095886726119904,0.05911161155359142
202,5,nuisance,best_pair,5+7.5,0.003137236330046589,1.3230899583615583,421.73742082793933,20.536246512640506,0.0578523091325355
202,5,expanded_nuisance,best_single,5,0.003137236330046589,0.008501628702743957,2.709910191119617,1.6461804855846205,0.00048570642542676795
202,5,expanded_nuisance,best_pair,5+7.5,0.003137236330046589,0.011016678331291274,3.5115870059835985,1.8739228922193139,0.0006139186722603004
203,5,shared,best_single,5,0.0031243546571519953,2.03552371253297,651.5021295272704,25.524539751526774,0.0858476271060002
203,5,shared,best_pair,5+7.5,0.0031243546571519953,2.096284831899517,670.9497038375231,25.9026968448755,0.08035180020036795
203,5,nuisance,best_single,5,0.0031243546571519953,1.173567664803936,375.6192217543258,19.380898373252098,0.05864112680938121
203,5,nuisance,best_pair,5+7.5,0.0031243546571519953,1.224192233926301,391.8224299933392,19.794505045424582,0.05714219734980631
203,5,expanded_nuisance,best_single,5,0.0031243546571519953,0.00815510046061263,2.610171173091601,1.615602418013665,0.0005002647191980911
203,5,expanded_nuisance,best_pair,5+7.5,0.0031243546571519953,0.010688799172939412,3.4211222303049245,1.8496275923290408,0.0006382580955826564
204,5,shared,best_single,5,0.0033930790405201083,2.1944607680812527,646.746138794596,25.431204037453597,0.08815458641248078
204,5,shared,best_pair,5+7.5,0.0033930790405201083,2.2646316692860324,667.4267360830174,25.83460346285612,0.08296057075075924
204,5,nuisance,best_single,5,0.0033930790405201083,1.2553368984321482,369.9698366707437,19.234599987281868,0.059196220330038594
204,5,nuisance,best_pair,5+7.5,0.0033930790405201083,1.3117715159094945,386.6021098372113,19.66220002535859,0.05793678349238411
204,5,expanded_nuisance,best_single,5,0.0033930790405201083,0.008872102732997877,2.6147645330531164,1.6170233557537492,0.000511544125569456
204,5,expanded_nuisance,best_pair,5+7.5,0.0033930790405201083,0.011555551433162226,3.4056240055613123,1.8454332839637722,0.0006495940183764997
205,5,shared,best_single,5,0.003174215250873802,2.1719288878212066,684.2412111854467,26.15800472485328,0.0878478843736977
205,5,shared,best_pair,5+7.5,0.003174215250873802,2.240881811628962,705.9640366267188,26.56998375285011,0.08272045018831845
205,5,nuisance,best_single,5,0.003174215250873802,1.2446603288852474,392.1159185857404,19.801917043199136,0.05908632151440424
205,5,nuisance,best_pair,5+7.5,0.003174215250873802,1.2988091550802492,409.1748833739966,20.228071667215257,0.05780382827731464
205,5,expanded_nuisance,best_single,5,0.003174215250873802,0.008402405822971915,2.6470812969154784,1.6269853401046608,0.00048801627647718487
205,5,expanded_nuisance,best_pair,5+7.5,0.003174215250873802,0.010973829414572478,3.4571787189137813,1.859349004063998,0.0006215666056938529
206,5,shared,best_single,5,0.0034044050500587897,2.209472929860358,649.0041277027841,25.475559418838756,0.08769369742528635
206,5,shared,best_pair,5+7.5,0.0034044050500587897,2.2789622950182804,669.4157309450959,25.873069608090493,0.0826058884169211
206,5,nuisance,best_single,5,0.0034044050500587897,1.2649726179250849,371.56936361119557,19.276134560933,0.059025282892471095
206,5,nuisance,best_pair,5+7.5,0.0034044050500587897,1.3206540753202531,387.92507234045115,19.695813573966706,0.05778623391464845
206,5,expanded_nuisance,best_single,5,0.0034044050500587897,0.009071456434558645,2.6646231283207595,1.6323673386590285,0.0005194350070624197
206,5,expanded_nuisance,best_pair,5+7.5,0.0034044050500587897,0.011735078821529132,3.44702779163322,1.8566172981078304,0.0006555726753510597
207,5,shared,best_single,5,0.0032503410991446824,2.0814974739771253,640.3935496261809,25.305998293412195,0.08642057087437188
207,5,shared,best_pair,5+7.5,0.0032503410991446824,2.144413841277426,659.7504003015937,25.685606870416624,0.08089828658558669
207,5,nuisance,best_single,5,0.0032503410991446824,1.1982765167112641,368.66177430626806,19.20056703085271,0.0588004454665683
207,5,nuisance,best_pair,5+7.5,0.0032503410991446824,1.251042561295963,384.89577651563127,19.618760830277516,0.05732537975244267
207,5,expanded_nuisance,best_single,5,0.0032503410991446824,0.008532318248449577,2.6250531830935624,1.6202015871778308,0.0005140710941086844
207,5,expanded_nuisance,best_pair,5+7.5,0.0032503410991446824,0.011159282894182443,3.4332651724211267,1.852907221752111,0.0006545410475276809
208,5,shared,best_single,5,0.0035380132571207756,2.0403176529032674,576.6845697360873,24.014257634498872,0.08773084666634132
208,5,shared,best_pair,5+7.5,0.0035380132571207756,2.1023231883415185,594.2100935066543,24.376424953357173,0.0824423342271886
208,5,nuisance,best_single,5,0.0035380132571207756,1.170191243172859,330.7481227826594,18.186481869307745,0.05923463204409554
208,5,nuisance,best_pair,5+7.5,0.0035380132571207756,1.2196145998590773,344.7173628884579,18.566565726823523,0.05784283990168595
208,5,expanded_nuisance,best_single,5,0.0035380132571207756,0.008016101600757608,2.265707055965383,1.50522657961032,0.0004930519089543383
208,5,expanded_nuisance,best_pair,5+7.5,0.0035380132571207756,0.010331170312062987,2.920048502155829,1.708814940874473,0.0006191483325544297
209,5,shared,best_single,5,0.0035528718734614273,2.1403948239043307,602.4407578253099,24.544668623253195,0.08732263839711817
209,5,shared,best_pair,5+7.5,0.0035528718734614273,2.2065744410546557,621.0678345979514,24.921232605911598,0.08221495440270472
209,5,nuisance,best_single,5,0.0035528718734614273,1.2337203163357164,347.2459351971367,18.634536087521383,0.05916770546799136
209,5,nuisance,best_pair,5+7.5,0.0035528718734614273,1.2873559044574177,362.3423389043287,19.035291931155893,0.057882318030329664
209,5,expanded_nuisance,best_single,5,0.0035528718734614273,0.009331269742401727,2.6264019854199323,1.620617778941084,0.0005491732717277882
209,5,expanded_nuisance,best_pair,5+7.5,0.0035528718734614273,0.012025817941324846,3.384816106416061,1.8397869731075012,0.0006902968902200775
210,5,shared,best_single,5,0.0033299614257240595,2.04613794124842,614.4629560696825,24.78836331970472,0.08679696055890566
210,5,shared,best_pair,5+7.5,0.0033299614257240595,2.1081418666249627,633.0829691718044,25.16114006105058,0.08151239402890166
210,5,nuisance,best_single,5,0.0033299614257240595,1.1814487552767705,354.79352587992184,18.83596363024525,0.059110890994044867
210,5,nuisance,best_pair,5+7.5,0.0033299614257240595,1.232133503396446,370.0143472768708,19.23575699775995,0.05771648962981509
210,5,expanded_nuisance,best_single,5,0.0033299614257240595,0.008570415329176129,2.573728110773114,1.6042842986120365,0.0005249679855483672
210,5,expanded_nuisance,best_pair,5+7.5,0.0033299614257240595,0.011129686319897747,3.342286860718734,1.828192238447241,0.0006642880021244607
211,5,shared,best_single,5,0.002882899505972647,2.079760479519499,721.4127565705136,26.859127993486936,0.08732498010123427
211,5,shared,best_pair,5+7.5,0.002882899505972647,2.144038197855168,743.7089615552873,27.27102787859833,0.08165218578877553
211,5,nuisance,best_single,5,0.002882899505972647,1.193985658284758,414.16138710736124,20.35095543475444,0.0590790909995179
211,5,nuisance,best_pair,5+7.5,0.002882899505972647,1.2465303519866004,432.3877226396901,20.79393475606986,0.057518063196414025
211,5,expanded_nuisance,best_single,5,0.002882899505972647,0.0075481539742829895,2.6182508126436947,1.6181009896306517,0.00045667014868807553
211,5,expanded_nuisance,best_pair,5+7.5,0.002882899505972647,0.00953467110823869,3.3073199702193,1.8186038519202856,0.0005615414133494511
212,5,shared,best_single,5,0.003311059177210085,2.165359273161025,653.977823188762,25.572990110441957,0.08793601601002614
212,5,shared,best_pair,5+7.5,0.003311059177210085,2.2338894760164862,674.6751889523076,25.974510369828103,0.08254128898350407
212,5,nuisance,best_single,5,0.003311059177210085,1.2372777545560127,373.6803507083643,19.330813503532756,0.05918236231810684
212,5,nuisance,best_pair,5+7.5,0.003311059177210085,1.293776903693952,390.74411976656205,19.767248664560327,0.05785867922306705
212,5,expanded_nuisance,best_single,5,0.003311059177210085,0.00862835545066476,2.6059200361181873,1.614286231161682,0.0005043890326675212
212,5,expanded_nuisance,best_pair,5+7.5,0.003311059177210085,0.011233669798532908,3.3927722814058714,1.841947958386955,0.0006397720461893845
213,5,shared,best_single,5,0.0033897047886712883,2.0541662406968886,606.00151599104,24.61709804162627,0.08534150425165701
213,5,shared,best_pair,5+7.5,0.0033897047886712883,2.114097408199326,623.6818661214505,24.973623407936834,0.08003544753438314
213,5,nuisance,best_single,5,0.0033897047886712883,1.185808745668684,349.82655410930425,18.703650823015924,0.05841520001627116
213,5,nuisance,best_pair,5+7.5,0.0033897047886712883,1.236274357089157,364.7144616312612,19.097498831817248,0.056999405152660984
213,5,expanded_nuisance,best_single,5,0.0033897047886712883,0.008879565367820419,2.61956893635598,1.6185082441421113,0.0005389297286949014
213,5,expanded_nuisance,best_pair,5+7.5,0.0033897047886712883,0.011514588193761721,3.396929500245731,1.8430760972476776,0.0006809942926586333
214,5,shared,best_single,5,0.0032045789604944197,2.0853009266146616,650.7254002232263,25.509319869867685,0.08659982056222244
214,5,shared,best_pair,5+7.5,0.0032045789604944197,2.1484108556958037,670.4190728894804,25.892452044746175,0.08095474796608015
214,5,nuisance,best_single,5,0.0032045789604944197,1.19661434337647,373.407663886007,19.323759051644352,0.05875240848737923
214,5,nuisance,best_pair,5+7.5,0.0032045789604944197,1.2493853134649915,389.8750284724548,19.745253314973066,0.05722854184525451
214,5,expanded_nuisance,best_single,5,0.0032045789604944197,0.00832585767880012,2.5981128196371737,1.6118662536442574,0.0005010434945786703
214,5,expanded_nuisance,best_pair,5+7.5,0.0032045789604944197,0.010800031029472912,3.370187211054592,1.8358069645402786,0.0006325362908462788
215,5,shared,best_single,5,0.0033229290714109627,2.2266136945389334,670.0756009797951,25.885818530226064,0.08852934463916923
215,5,shared,best_pair,5+7.5,0.0033229290714109627,2.2988721378943278,691.8210074577951,26.302490518158066,0.08342403895928203
215,5,nuisance,best_single,5,0.0033229290714109627,1.2690038741445673,381.8931571734483,19.5420868172631,0.05915924824902539
215,5,nuisance,best_pair,5+7.5,0.0033229290714109627,1.3256933127260682,398.9532380127392,19.97381380740141,0.05793997706725304
215,5,expanded_nuisance,best_single,5,0.0033229290714109627,0.008438569621292302,2.53949736510902,1.5935800466587864,0.0004803466781829263
215,5,expanded_nuisance,best_pair,5+7.5,0.0033229290714109627,0.010993041498556622,3.308238383158994,1.8188563393404642,0.0006103443540193279
216,5,shared,best_single,5,0.0037118386404488835,2.1643470288759783,583.0929731940712,24.147318136680752,0.0881577479489413
216,5,shared,best_pair,5+7.5,0.0037118386404488835,2.233139725529834,601.6262940944474,24.528071552701558,0.08288126054645233
216,5,nuisance,best_single,5,0.0037118386404488835,1.2428842347582503,334.8432825754367,18.298723523115942,0.05940648131676509
216,5,nuisance,best_pair,5+7.5,0.0037118386404488835,1.2989297852775958,349.9424169797727,18.7067478996156,0.058097869014654434
216,5,expanded_nuisance,best_single,5,0.0037118386404488835,0.009228187197921844,2.486149881991059,1.5767529552821706,0.0005393401038087748
216,5,expanded_nuisance,best_pair,5+7.5,0.0037118386404488835,0.011931468721576799,3.214436261198545,1.7928848990380126,0.000679605444890562
217,5,shared,best_single,5,0.0032968431274307264,2.118676344899788,642.637900260332,25.350303750849456,0.08683114592610344
217,5,shared,best_pair,5+7.5,0.0032968431274307264,2.183437428794968,662.2812625290272,25.734825869413363,0.08161753839871264
217,5,nuisance,best_single,5,0.0032968431274307264,1.216318520414096,368.9343027255256,19.20766260442758,0.05879132544192854
217,5,nuisance,best_pair,5+7.5,0.0032968431274307264,1.268778571711829,384.84651003112936,19.617505193860133,0.05744982855552931
217,5,expanded_nuisance,best_single,5,0.0032968431274307264,0.008656403949273805,2.6256644962115185,1.6203902296087564,0.0005131642786852318
217,5,expanded_nuisance,best_pair,5+7.5,0.0032968431274307264,0.011258778189194185,3.41501786831098,1.847976695824647,0.0006506673961078379
218,5,shared,best_single,5,0.0031313394479739465,2.202584478084722,703.4000991204732,26.52169110596972,0.08861622066342222
218,5,shared,best_pair,5+7.5,0.0031313394479739465,2.2741383283612375,726.2509753877565,26.949044053319525,0.08339565714627825
218,5,nuisance,best_single,5,0.0031313394479739465,1.2608192021040443,402.64532895653497,20.066024243893832,0.059461361984017906
218,5,nuisance,best_pair,5+7.5,0.0031313394479739465,1.3188951306171541,421.1920018669684,20.522962794561813,0.05822687143970216
218,5,expanded_nuisance,best_single,5,0.0031313394479739465,0.008717449690036183,2.783936342537564,1.668513213174401,0.0005024426122859808
218,5,expanded_nuisance,best_pair,5+7.5,0.0031313394479739465,0.01131896023671164,3.614734341253001,1.9012454710670583,0.0006361383877582129
219,5,shared,best_single,5,0.0031634106785687344,2.1445105862454956,677.9109019179787,26.03672218075806,0.087983647821333
219,5,shared,best_pair,5+7.5,0.0031634106785687344,2.212157831958529,699.2951774947559,26.444189862704356,0.08288941645071285
219,5,nuisance,best_single,5,0.0031634106785687344,1.2291717401649578,388.55901590402704,19.711900362573544,0.05917706402479358
219,5,nuisance,best_pair,5+7.5,0.0031634106785687344,1.2818746159266723,405.21915937473176,20.130056119512727,0.05788761010422027
219,5,expanded_nuisance,best_single,5,0.0031634106785687344,0.008177146133999003,2.584914500477915,1.6077669297749333,0.0004808406789194967
219,5,expanded_nuisance,best_pair,5+7.5,0.0031634106785687344,0.0106547735513991,3.368128464502682,1.8352461591031002,0.000611060016032934
220,5,shared,best_single,5,0.003248374808441312,2.247823219315731,691.983946395126,26.305587740917822,0.08922465543073621
220,5,shared,best_pair,5+7.5,0.003248374808441312,2.3222119029662576,714.8842236221315,26.737318931077056,0.08423964560723475
220,5,nuisance,best_single,5,0.003248374808441312,1.2768616877823415,393.077081026566,19.82617161800447,0.059259736291428444
220,5,nuisance,best_pair,5+7.5,0.003248374808441312,1.3344915329376517,410.81821268586583,20.268650983374936,0.0581312813687093
220,5,expanded_nuisance,best_single,5,0.003248374808441312,0.008358747352621432,2.5732090185221765,1.6041225073298413,0.0004719432510193921
220,5,expanded_nuisance,best_pair,5+7.5,0.003248374808441312,0.010982087575359234,3.3807944658420856,1.8386936846147282,0.0006051210861322626
221,5,shared,best_single,5,0.003449064694556192,2.1314694892836,617.9847808154456,24.859299684734594,0.08774412392886288
221,5,shared,best_pair,5+7.5,0.003449064694556192,2.198072038505465,637.2951026331217,25.244704447331557,0.0824282942576483
221,5,nuisance,best_single,5,0.003449064694556192,1.2267410514464014,355.6735405348064,18.859309121354535,0.059424108786723745
221,5,nuisance,best_pair,5+7.5,0.003449064694556192,1.2816967479922994,371.6070475614032,19.277112012991033,0.0580879613617218
221,5,expanded_nuisance,best_single,5,0.003449064694556192,0.009102155121073263,2.6390212788526664,1.6245064723948213,0.0005398698973121194
221,5,expanded_nuisance,best_pair,5+7.5,0.003449064694556192,0.011801436050169034,3.4216337167568214,1.8497658545764168,0.0006820812469799474
222,5,shared,best_single,5,0.003530367458248973,2.1712150053731425,615.0110522631102,24.79941636940495,0.08752962513948848
222,5,shared,best_pair,5+7.5,0.003530367458248973,2.2388885127872173,634.1800221265589,25.182931166299106,0.0822661385290782
222,5,nuisance,best_single,5,0.003530367458248973,1.2463650485242865,353.0411673187332,18.78938975376085,0.059160830495243275
222,5,nuisance,best_pair,5+7.5,0.003530367458248973,1.3025692072204458,368.9613680799412,19.20836713726446,0.05787003141966896
222,5,expanded_nuisance,best_single,5,0.003530367458248973,0.009336562997690478,2.644643399903001,1.626235960708962,0.0005437280918309206
222,5,expanded_nuisance,best_pair,5+7.5,0.003530367458248973,0.012125218983173536,3.4345487053598447,1.853253545891615,0.0006883472430181521
223,5,shared,best_single,5,0.0034943026429563595,2.267650665753213,648.9565723004073,25.474626048293768,0.08910355624478165
223,5,shared,best_pair,5+7.5,0.0034943026429563595,2.3427062751158596,670.4359966753794,25.892778851938225,0.08409805949408024
223,5,nuisance,best_single,5,0.0034943026429563595,1.291766397993461,369.67788139282646,19.22700916400745,0.05938186978133349
223,5,nuisance,best_pair,5+7.5,0.0034943026429563595,1.350914699026229,386.60495013199136,19.66227225251424,0.05826021635917869
223,5,expanded_nuisance,best_single,5,0.0034943026429563595,0.008901779481287342,2.547512448365371,1.5960928695929228,0.0004992070464716619
223,5,expanded_nuisance,best_pair,5+7.5,0.0034943026429563595,0.011592443281935871,3.317526976463627,1.8214079654112714,0.0006343554162694744
224,5,shared,best_single,5,0.003132866759609998,2.2997718539920697,734.0790497832605,27.09389321938175,0.08964683708517998
224,5,shared,best_pair,5+7.5,0.003132866759609998,2.377923674579864,759.0248347733387,27.5504053468064,0.0847168674496589
224,5,nuisance,best_single,5,0.003132866759609998,1.3041456201665649,416.27867389065545,20.402908466457802,0.05931279176554026
224,5,nuisance,best_pair,5+7.5,0.003132866759609998,1.3639931042079474,435.3817793316391,20.86580406626208,0.05823254670347646
224,5,expanded_nuisance,best_single,5,0.003132866759609998,0.008261641028810995,2.6370866247243354,1.6239109041829651,0.00045703458843898335
224,5,expanded_nuisance,best_pair,5+7.5,0.003132866759609998,0.010852941886754675,3.4642207024807297,1.8612417098487584,0.0005859851251402839
225,5,shared,best_single,5,0.0037390711891520656,2.0622465574266697,551.539795072567,23.484884395554666,0.0864508118130129
225,5,shared,best_pair,5+7.5,0.0037390711891520656,2.1239778063574177,568.0495767289968,23.833790649600765,0.08123283767734088
225,5,nuisance,best_single,5,0.0037390711891520656,1.1922616702712456,318.8657316101069,17.856811910587705,0.05894174180461397
225,5,nuisance,best_pair,5+7.5,0.0037390711891520656,1.2439019253564703,332.67671633675377,18.239427522177163,0.05760441133828874
225,5,expanded_nuisance,best_single,5,0.0037390711891520656,0.009479128206146825,2.5351558519795048,1.592217275367751,0.0005750243667219639
225,5,expanded_nuisance,best_pair,5+7.5,0.0037390711891520656,0.012262778863386448,3.279632358689421,1.810975526805766,0.0007251943693683619
226,5,shared,best_single,5,0.0034841458835495054,2.137112211556906,613.3819544260022,24.7665491020853,0.08675614467042977
226,5,shared,best_pair,5+7.5,0.0034841458835495054,2.20224849811282,632.0770058770498,25.14114169796292,0.08158066701745753
226,5,nuisance,best_single,5,0.0034841458835495054,1.2292943230517448,352.82515834250603,18.783640710536016,0.0588051168622475
226,5,nuisance,best_pair,5+7.5,0.0034841458835495054,1.2822878660595218,368.03506768011084,19.184240086073537,0.05747847787881027
226,5,expanded_nuisance,best_single,5,0.0034841458835495054,0.009137997952164412,2.622736893799347,1.6194866142698887,0.0005373578446130137
226,5,expanded_nuisance,best_pair,5+7.5,0.0034841458835495054,0.011836348983357947,3.3972024648117083,1.843150147115451,0.0006787059869318631
227,5,shared,best_single,5,0.0035488127657026247,2.240629857495003,631.3744920976083,25.127166416004975,0.08852343266711317
227,5,shared,best_pair,5+7.5,0.0035488127657026247,2.3129805633452287,651.7617907878791,25.52962574711739,0.08325210375601073
227,5,nuisance,best_single,5,0.0035488127657026247,1.277083477194468,359.8621740591096,18.970033580864047,0.059257407459461196
227,5,nuisance,best_pair,5+7.5,0.0035488127657026247,1.3359341923916324,376.44538627191633,19.402200552306336,0.058009310088792544
227,5,expanded_nuisance,best_single,5,0.0035488127657026247,0.009187741906858005,2.5889621440873443,1.6090252154914615,0.0005212349104916628
227,5,expanded_nuisance,best_pair,5+7.5,0.0035488127657026247,0.011876474236176104,3.346604912762902,1.8293728195102554,0.0006567798815191155
228,5,shared,best_single,5,0.003243134074831122,2.0384433981033787,628.5412046091635,25.07072405434601,0.08655582115912362
228,5,shared,best_pair,5+7.5,0.003243134074831122,2.0991362556020343,647.2554655981472,25.441215882857236,0.08124230457452422
228,5,nuisance,best_single,5,0.003243134074831122,1.1716920800247048,361.2838855839525,19.007469205129663,0.05873866273077594
228,5,nuisance,best_pair,5+7.5,0.003243134074831122,1.2205772042385188,376.3573062584769,19.39993057354786,0.057297041523909804
228,5,expanded_nuisance,best_single,5,0.003243134074831122,0.007941726969017626,2.448781575405935,1.5648583243878453,0.00048667173384951294
228,5,expanded_nuisance,best_pair,5+7.5,0.003243134074831122,0.010306670079097469,3.177996913258716,1.782693723907367,0.000615413810849172
229,5,shared,best_single,5,0.0034380340674560195,2.0933785874500517,608.8882618312888,24.675661325105125,0.08631231357734195
229,5,shared,best_pair,5+7.5,0.0034380340674560195,2.1564835165570675,627.2432076720991,25.04482396967683,0.0809324662564764
229,5,nuisance,best_single,5,0.0034380340674560195,1.2055743537219734,350.6580592478075,18.725866048004495,0.0588041426844477
229,5,nuisance,best_pair,5+7.5,0.0034380340674560195,1.2585088471521506,366.05479249465,19.132558440905125,0.05739841668364844
229,5,expanded_nuisance,best_single,5,0.0034380340674560195,0.008898465096503827,2.588242269247863,1.608801500884389,0.0005337251160727202
229,5,expanded_nuisance,best_pair,5+7.5,0.0034380340674560195,0.01155633327530392,3.3613201755894915,1.8333903500317361,0.0006752117437174404
230,5,shared,best_single,5,0.0031840657009616358,2.2314925999142963,700.8312043436641,26.473216735857093,0.08857293851576707
230,5,shared,best_pair,5+7.5,0.0031840657009616358,2.3048227682585347,723.8615608850167,26.904675446565356,0.0834004963729606
230,5,nuisance,best_single,5,0.0031840657009616358,1.2765277828068988,400.9112570828448,20.022768466993888,0.05932724118890277
230,5,nuisance,best_pair,5+7.5,0.0031840657009616358,1.3343470021603994,419.07018493915075,20.471203797997585,0.05808145624523638
230,5,expanded_nuisance,best_single,5,0.0031840657009616358,0.008624768296866314,2.7087281189774144,1.6458214116292855,0.0004899980394300559
230,5,expanded_nuisance,best_pair,5+7.5,0.0031840657009616358,0.011218193860890846,3.523229391121792,1.8770267422500384,0.0006214148899982056
231,5,shared,best_single,5,0.0034822530580356226,2.135084011312494,613.1329273688451,24.761521103697266,0.0873057595471212
231,5,shared,best_pair,5+7.5,0.0034822530580356226,2.2012384547070005,632.1305252722625,25.14220605420818,0.08180856764379375
231,5,nuisance,best_single,5,0.0034822530580356226,1.2257429923877405,351.9971041619806,18.76158586479247,0.059151489115335736
231,5,nuisance,best_pair,5+7.5,0.0034822530580356226,1.2809855688355345,367.8611368807736,19.17970638150578,0.05772832221929175
231,5,expanded_nuisance,best_single,5,0.0034822530580356226,0.008918543050401517,2.561141566039019,1.6003566996263736,0.0005278515593257596
231,5,expanded_nuisance,best_pair,5+7.5,0.0034822530580356226,0.011372080899634707,3.265725009097938,1.8071317077340927,0.0006554652641584786
232,5,shared,best_single,5,0.0034476707527373307,2.3017266200987754,667.6178745523437,25.838302470408998,0.08934719627354766
232,5,shared,best_pair,5+7.5,0.0034476707527373307,2.3787003825224344,689.944183513994,26.266788602986736,0.08451861765377308
232,5,nuisance,best_single,5,0.0034476707527373307,1.3137261425389681,381.0474481926429,19.520436680377898,0.05943890782190893
232,5,nuisance,best_pair,5+7.5,0.0034476707527373307,1.3727567550757807,398.16933040542216,19.954180775101296,0.05835083467508512
232,5,expanded_nuisance,best_single,5,0.0034476707527373307,0.009149747728643742,2.6538925508995197,1.6290772083911553,0.0005058459663835335
232,5,expanded_nuisance,best_pair,5+7.5,0.0034476707527373307,0.011796931590667192,3.421710608909171,1.8497866387530133,0.0006368913763867656
233,5,shared,best_single,5,0.0036559072970800965,2.0990855621683697,574.1626883824076,23.96169210181968,0.08654211489279892
233,5,shared,best_pair,5+7.5,0.0036559072970800965,2.162526238821271,591.5156110627968,24.321093952838485,0.08114251086310208
233,5,nuisance,best_single,5,0.0036559072970800965,1.2088915680552208,330.6680038141939,18.184279029265745,0.058857349597358465
233,5,nuisance,best_pair,5+7.5,0.0036559072970800965,1.2622736872725748,345.26961016783133,18.58143186538194,0.057454091835170994
233,5,expanded_nuisance,best_single,5,0.0036559072970800965,0.009376064137529116,2.56463399523768,1.6014474687724478,0.0005605684493300836
233,5,expanded_nuisance,best_pair,5+7.5,0.0036559072970800965,0.012162855562826369,3.3269048076083902,1.823980484437372,0.000708320280838457
234,5,shared,best_single,5,0.0034986864125983175,1.966960732768115,562.1997803762416,23.71075242113252,0.08398308504782115
234,5,shared,best_pair,5+7.5,0.0034986864125983175,2.022393793216335,578.0437440560424,24.042540299561576,0.0786540213587942
234,5,nuisance,best_single,5,0.0034986864125983175,1.1469483202632196,327.8225553834167,18.10587074358526,0.058177720731290294
234,5,nuisance,best_pair,5+7.5,0.0034986864125983175,1.1946309855558648,341.4512890478418,18.478400608489952,0.0566830067125414
234,5,expanded_nuisance,best_single,5,0.0034986864125983175,0.009252760020465711,2.644638281141093,1.62623438690156,0.0005807340321774311
234,5,expanded_nuisance,best_pair,5+7.5,0.0034986864125983175,0.01194608351794546,3.4144481983092736,1.847822555958573,0.0007303326982727383
235,5,shared,best_single,5,0.0033130529052181057,2.1163687328464187,638.7971437199532,25.27443656582582,0.0869846310946286
235,5,shared,best_pair,5+7.5,0.0033130529052181057,2.181659895862665,658.504394067031,25.661340457330574,0.08147539674326794
235,5,nuisance,best_single,5,0.0033130529052181057,1.215736648939385,366.9535874373097,19.15603266434127,0.05904634373501812
235,5,nuisance,best_pair,5+7.5,0.0033130529052181057,1.270473477625188,383.475155384381,19.58252168093734,0.05761552235436764
235,5,expanded_nuisance,best_single,5,0.0033130529052181057,0.008727801507022459,2.6343682871094654,1.6230737158581139,0.0005200464657290104
235,5,expanded_nuisance,best_pair,5+7.5,0.0033130529052181057,0.011195881983121492,3.379324841293001,1.83829400295301,0.0006495855630154173
236,5,shared,best_single,5,0.0034333612055716944,2.189335154288221,637.6652566398622,25.252034702967247,0.08828662458324363
236,5,shared,best_pair,5+7.5,0.0034333612055716944,2.259279845806472,658.0373315047915,25.65223833322916,0.08312064573746453
236,5,nuisance,best_single,5,0.0034333612055716944,1.2524934632460274,364.8009598330254,19.099763344948162,0.05924587672066129
236,5,nuisance,best_pair,5+7.5,0.0034333612055716944,1.3083311460125977,381.064230553262,19.520866542068823,0.0579876605711038
236,5,expanded_nuisance,best_single,5,0.0034333612055716944,0.008825109576914514,2.5703993982902333,1.6032465182529583,0.0005100705542178924
236,5,expanded_nuisance,best_pair,5+7.5,0.0034333612055716944,0.011479496384391386,3.343515493144834,1.8285282314322724,0.000647000612439432
237,5,shared,best_single,5,0.003481917082504671,2.080126660412039,597.408442281379,24.441940231523745,0.08615035573004667
237,5,shared,best_pair,5+7.5,0.003481917082504671,2.1423575652122415,615.2810404293617,24.804859210029026,0.08082226402321703
237,5,nuisance,best_single,5,0.003481917082504671,1.2005128533786884,344.78502070334065,18.568387671075286,0.05880146596206339
237,5,nuisance,best_pair,5+7.5,0.003481917082504671,1.252933436526288,359.8401130290579,18.9694521014461,0.05741348350144976
237,5,expanded_nuisance,best_single,5,0.003481917082504671,0.009130342796773494,2.622217181060987,1.6193261503048073,0.0005499647215574003
237,5,expanded_nuisance,best_pair,5+7.5,0.003481917082504671,0.011848706856673719,3.402926197240317,1.8447021974400954,0.0006953925073648657
238,5,shared,best_single,5,0.0033993006275232496,2.220956105696295,653.3567780718755,25.5608446275133,0.08929034726737227
238,5,shared,best_pair,5+7.5,0.0033993006275232496,2.2940454152535827,674.8580565894338,25.978030267698006,0.08433121411870848
238,5,nuisance,best_single,5,0.0033993006275232496,1.2678137023190843,372.9631007195797,19.312252606042094,0.05952869997933949
238,5,nuisance,best_pair,5+7.5,0.0033993006275232496,1.3242082329776494,389.55313991821765,19.73710059553372,0.05837766380977034
238,5,expanded_nuisance,best_single,5,0.0033993006275232496,0.008602605051552192,2.5306985154237744,1.5908169333470694,0.0004915625846740638
238,5,expanded_nuisance,best_pair,5+7.5,0.0033993006275232496,0.01118757769295664,3.2911410077631102,1.8141502164272698,0.0006238384612909157
239,5,shared,best_single,5,0.0035249792300020566,2.1664386665914557,614.5961508517007,24.791049813424618,0.08741867640769353
239,5,shared,best_pair,5+7.5,0.0035249792300020566,2.233938513873041,633.7451565272735,25.174295551758217,0.08222479320856221
239,5,nuisance,best_single,5,0.0035249792300020566,1.2454139617436566,353.3110070957581,18.796569024578876,0.05916560868628977
239,5,nuisance,best_pair,5+7.5,0.0035249792300020566,1.3008581312332264,369.03994218214655,19.21041233763988,0.05788320902838827
239,5,expanded_nuisance,best_single,5,0.0035249792300020566,0.009296801621141437,2.6374060709390372,1.6240092582676484,0.0005422661650990781
239,5,expanded_nuisance,best_pair,5+7.5,0.0035249792300020566,0.01200338596305306,3.405235940367812,1.8453281389410967,0.0006826719966601388
240,5,shared,best_single,5,0.0032847184135207375,1.9781553196951276,602.2298019679668,24.540370860440696,0.08472783674708158
240,5,shared,best_pair,5+7.5,0.0032847184135207375,2.0349032507966656,619.5061477478513,24.88988042855673,0.079348057745905
240,5,nuisance,best_single,5,0.0032847184135207375,1.1501683705097474,350.15737293503196,18.712492429792242,0.058399237900861566
240,5,nuisance,best_pair,5+7.5,0.0032847184135207375,1.19785695082763,364.675689062705,19.096483683199505,0.05687723887845517
240,5,expanded_nuisance,best_single,5,0.0032847184135207375,0.008767279482178925,2.6691114361859967,1.63374154510008,0.0005489501222060179
240,5,expanded_nuisance,best_pair,5+7.5,0.0032847184135207375,0.011309247359547747,3.4429883892013406,1.8555291399493947,0.0006896365170066894
241,5,shared,best_single,5,0.0034064372845781232,2.164498186343217,635.4140720988742,25.207420972778515,0.08768756053878501
241,5,shared,best_pair,5+7.5,0.0034064372845781232,2.2321745720807935,655.2812764780554,25.59846238503507,0.08257972627950713
241,5,nuisance,best_single,5,0.0034064372845781232,1.2418471971114544,364.55894923814907,19.093426859475727,0.059115108799243934
241,5,nuisance,best_pair,5+7.5,0.0034064372845781232,1.2956492539407138,380.3531800824497,19.50264546369158,0.05783456240428761
241,5,expanded_nuisance,best_single,5,0.0034064372845781232,0.008833382354828778,2.593143985013294,1.6103241863094817,0.0005152888566413779
241,5,expanded_nuisance,best_pair,5+7.5,0.0034064372845781232,0.011425216841550512,3.35400768811321,1.8313950114907516,0.0006501016630817881
242,5,shared,best_single,5,0.00341955680360595,2.206092093416052,645.1397710632298,25.399601789461773,0.08855060143226727
242,5,shared,best_pair,5+7.5,0.00341955680360595,2.2771830653450005,665.9292990669705,25.80560596201861,0.08343730882584842
242,5,nuisance,best_single,5,0.00341955680360595,1.2625532682237524,369.21546876846145,19.214980321833835,0.05934773755205104
242,5,nuisance,best_pair,5+7.5,0.00341955680360595,1.3187872934474911,385.6602972808697,19.638235594901843,0.05811009189112678
242,5,expanded_nuisance,best_single,5,0.00341955680360595,0.008872867507869753,2.59474195559882,1.6108202741456974,0.0005096299296567243
242,5,expanded_nuisance,best_pair,5+7.5,0.00341955680360595,0.011508109533076905,3.365380426183157,1.8344973224791463,0.0006447223864769361
243,5,shared,best_single,5,0.0035792088312225356,2.2126706515545,618.201048302266,24.863649134876923,0.08871509554529855
243,5,shared,best_pair,5+7.5,0.0035792088312225356,2.284280866102911,638.208323073085,25.262785338776187,0.08374307718991159
243,5,nuisance,best_single,5,0.0035792088312225356,1.2677342954084774,354.19400073827563,18.82004252753632,0.059393727896989656
243,5,nuisance,best_pair,5+7.5,0.0035792088312225356,1.3242211279877514,369.9759333504557,19.234758468731957,0.058223010370325144
243,5,expanded_nuisance,best_single,5,0.0035792088312225356,0.009397390778457027,2.625549729448784,1.6203548159118681,0.000537330314363734
243,5,expanded_nuisance,best_pair,5+7.5,0.0035792088312225356,0.012111865613584794,3.383950527817566,1.839551719255962,0.0006758341851867321
244,5,shared,best_single,5,0.0035506195825507625,2.2209465712697662,625.5095820978489,25.010189565412112,0.08878644981644064
244,5,shared,best_pair,5+7.5,0.0035506195825507625,2.293081818051179,645.8258241238649,25.41310339419145,0.08366665302220108
244,5,nuisance,best_single,5,0.0035506195825507625,1.2724356852599017,358.3700409678315,18.9306640392732,0.05948744140873982
244,5,nuisance,best_pair,5+7.5,0.0035506195825507625,1.3303927723137041,374.6931321090588,19.356991814562996,0.0582828243630347
244,5,expanded_nuisance,best_single,5,0.0035506195825507625,0.00930614638963867,2.620992244669912,1.6189478820116205,0.0005315786742255772
244,5,expanded_nuisance,best_pair,5+7.5,0.0035506195825507625,0.01210125416926866,3.4082091555905656,1.8461335692713476,0.0006742015872668159
245,5,shared,best_single,5,0.0031080047171536673,2.1851286781880463,703.0647881992929,26.515368905585547,0.087948271246773
245,5,shared,best_pair,5+7.5,0.0031080047171536673,2.254814629944876,725.4862315684808,26.93485161586157,0.08270421292120467
245,5,nuisance,best_single,5,0.0031080047171536673,1.2496111889413464,402.06219187651334,20.051488520219973,0.059120721872498554
245,5,nuisance,best_pair,5+7.5,0.0031080047171536673,1.304907989412933,419.8539282166782,20.490337435403013,0.05780454811468579
245,5,expanded_nuisance,best_single,5,0.0031080047171536673,0.008187589753511304,2.6343556392699288,1.6230698195918525,0.000474167609011273
245,5,expanded_nuisance,best_pair,5+7.5,0.0031080047171536673,0.010692083880086578,3.440176207286604,1.854771200791786,0.0006036099965950367
246,5,shared,best_single,5,0.0035015448786304137,2.2657483620301964,647.0710616499126,25.4375915064676,0.08874551085748973
246,5,shared,best_pair,5+7.5,0.0035015448786304137,2.339672450754451,668.1829112153448,25.849234248142533,0.08383144731541345
246,5,nuisance,best_single,5,0.0035015448786304137,1.2941802020300468,369.60263166361284,19.22505218883977,0.05926333427917161
246,5,nuisance,best_pair,5+7.5,0.0035015448786304137,1.352226960502272,386.1801026040766,19.651465660455877,0.05813876085939215
246,5,expanded_nuisance,best_single,5,0.0035015448786304137,0.009346324573476839,2.669200280857899,1.6337687354267432,0.000523448832134262
246,5,expanded_nuisance,best_pair,5+7.5,0.0035015448786304137,0.012056341027538053,3.443149080029425,1.8555724399843367,0.0006591991018548679
247,5,shared,best_single,5,0.0033001936396341858,1.9881696473420938,602.4403003099161,24.544659303194983,0.08484591315145597
247,5,shared,best_pair,5+7.5,0.0033001936396341858,2.0453016969111584,619.7520267743661,24.894819275792425,0.07926756149356524
247,5,nuisance,best_single,5,0.0033001936396341858,1.1519441880123735,349.0535143689515,18.68297391661594,0.05840953821961145
247,5,nuisance,best_pair,5+7.5,0.0033001936396341858,1.2022653127873681,364.3014453299276,19.08668240763511,0.056893533469112446
247,5,expanded_nuisance,best_single,5,0.0033001936396341858,0.008766621506186123,2.6563960977628787,1.6298454214320077,0.0005475639092807321
247,5,expanded_nuisance,best_pair,5+7.5,0.0033001936396341858,0.011540109454216907,3.496797677452674,1.8699726408299866,0.0007015350302268725
248,5,shared,best_single,5,0.003164095998127836,2.28138101108594,721.0214267948287,26.851842149000294,0.08945089380866192
248,5,shared,best_pair,5+7.5,0.003164095998127836,2.3584038274062844,745.3641826296447,27.301358622413733,0.08430823792892297
248,5,nuisance,best_single,5,0.003164095998127836,1.294007569495628,408.96596382071823,20.222906908274048,0.05929517004808734
248,5,nuisance,best_pair,5+7.5,0.003164095998127836,1.353674595054978,427.82349077143476,20.68389447786453,0.058101973543021206
248,5,expanded_nuisance,best_single,5,0.003164095998127836,0.00817715770411942,2.5843582839957326,1.607593942510276,0.00045620263947387306
248,5,expanded_nuisance,best_pair,5+7.5,0.003164095998127836,0.01066207130930108,3.3697053804972166,1.8356757285798646,0.00058004232528605
249,5,shared,best_single,5,0.0032841358202095883,2.3203258901173545,706.5255571461947,26.580548473389232,0.08967071437661926
249,5,shared,best_pair,5+7.5,0.0032841358202095883,2.3997013877250666,730.6949283150907,27.031369338512814,0.08480440833282084
249,5,nuisance,best_single,5,0.0032841358202095883,1.3145131577014488,400.2615085564758,20.006536645718462,0.05916748268468916
249,5,nuisance,best_pair,5+7.5,0.0032841358202095883,1.3743815859808186,418.49109209286837,20.457054824506592,0.05809715060241841
249,5,expanded_nuisance,best_single,5,0.0032841358202095883,0.008402504848842529,2.5585132006831235,1.5995353077325687,0.0004601273669703912
249,5,expanded_nuisance,best_pair,5+7.5,0.0032841358202095883,0.010946680086922012,3.3331995648777437,1.8257052239827063,0.0005851985087252946
250,5,shared,best_single,5,0.0034039738753275373,1.9765196400117566,580.6506490363626,24.096693736617947,0.08492505825495053
250,5,shared,best_pair,5+7.5,0.0034039738753275373,2.032883507146834,597.2089039464869,24.437858006512904,0.07936452922451778
250,5,nuisance,best_single,5,0.0034039738753275373,1.1444888975455512,336.2214104640936,18.33634125075375,0.058418764453582725
250,5,nuisance,best_pair,5+7.5,0.0034039738753275373,1.1944824058402355,350.90821774456185,18.73254434786054,0.05692577738998272
250,5,expanded_nuisance,best_single,5,0.0034039738753275373,0.008823607549281576,2.592149021247277,1.61001522391786,0.0005537403393972383
250,5,expanded_nuisance,best_pair,5+7.5,0.0034039738753275373,0.011596283891902814,3.4066900383561247,1.8457220913117243,0.000708440025347797
251,5,shared,best_single,5,0.003598699014277562,2.0596049010178947,572.3193000711008,23.923195858227235,0.08628875560572108
251,5,shared,best_pair,5+7.5,0.003598699014277562,2.121127998997329,589.415227720328,24.277875271949313,0.08076503680571977
251,5,nuisance,best_single,5,0.003598699014277562,1.185552298136012,329.4391371527389,18.150458317980263,0.05875163353372435
251,5,nuisance,best_pair,5+7.5,0.003598699014277562,1.2381316796985709,344.04980099374205,18.548579487220632,0.05730768869248734
251,5,expanded_nuisance,best_single,5,0.003598699014277562,0.008950336953186255,2.4871035109289443,1.5770553290639313,0.0005437648979940711
251,5,expanded_nuisance,best_pair,5+7.5,0.003598699014277562,0.011776128563583566,3.272329393723309,1.8089580961767215,0.0006964941170629502
252,5,shared,best_single,5,0.003466019382771801,2.061234189517047,594.6978253389522,24.386427072020044,0.08635106892347862
252,5,shared,best_pair,5+7.5,0.003466019382771801,2.1229005647534223,612.4895248149833,24.748525709928323,0.08113728702470702
252,5,nuisance,best_single,5,0.003466019382771801,1.192818341417056,344.14647169778675,18.551185183103176,0.05898131061996312
252,5,nuisance,best_pair,5+7.5,0.003466019382771801,1.24390461250163,358.88564809665615,18.94427744984369,0.05761918679873806
252,5,expanded_nuisance,best_single,5,0.003466019382771801,0.009053036938654557,2.611940655512081,1.6161499483377404,0.0005499646159599298
252,5,expanded_nuisance,best_pair,5+7.5,0.003466019382771801,0.011714946677429339,3.3799426326522184,1.8384620291570393,0.0006937371334239682
253,5,shared,best_single,5,0.003406062517694819,2.1412749488970366,628.6657798478183,25.07320840753768,0.08744095801031951
253,5,shared,best_pair,5+7.5,0.003406062517694819,2.2078916558322903,648.224054714816,25.46024459259604,0.08229939980336769
253,5,nuisance,best_single,5,0.003406062517694819,1.2328185544010077,361.9483048230612,19.024939022847384,0.05915290994874616
253,5,nuisance,best_pair,5+7.5,0.003406062517694819,1.2863096906945855,377.6529890488164,19.433295887440618,0.057844520791916466
253,5,expanded_nuisance,best_single,5,0.003406062517694819,0.00901113441289958,2.645616269838231,1.6265350502950224,0.0005301467071965946
253,5,expanded_nuisance,best_pair,5+7.5,0.003406062517694819,0.011635975972263957,3.416254373433827,1.8483112220169597,0.0006675845023613973
254,5,shared,best_single,5,0.0031975348260759873,2.20109302777138,688.3718700485774,26.236841845934457,0.08851289228720403
254,5,shared,best_pair,5+7.5,0.0031975348260759873,2.27265641272541,710.7526692725385,26.659945035062215,0.08327897296392704
254,5,nuisance,best_single,5,0.0031975348260759873,1.2540428178722909,392.1905111542605,19.803800421996293,0.059164437570344966
254,5,nuisance,best_pair,5+7.5,0.0031975348260759873,1.3101485080446325,409.7370566100904,20.241962765752,0.05788208296860986
254,5,expanded_nuisance,best_single,5,0.0031975348260759873,0.008045400514931966,2.5161260009809734,1.5862301223280857,0.0004628971820568014
254,5,expanded_nuisance,best_pair,5+7.5,0.0031975348260759873,0.010559776143036714,3.302474161319977,1.8172710753544659,0.0005922120786128876
255,5,shared,best_single,5,0.0033756024259190553,2.148302020123158,636.4203330427019,25.22737269401437,0.0876234502528911
255,5,shared,best_pair,5+7.5,0.0033756024259190553,2.215153514233915,656.2246481473031,25.616882092622106,0.08244769279652173
255,5,nuisance,best_single,5,0.0033756024259190553,1.2334961261120005,365.415108319862,19.11583396872504,0.05914587634827905
255,5,nuisance,best_pair,5+7.5,0.0033756024259190553,1.28729981050964,381.3540956794266,19.52828962503953,0.05784367665736932
255,5,expanded_nuisance,best_single,5,0.0033756024259190553,0.008799919846693705,2.6069183323026563,1.614595408237821,0.0005167715094012374
255,5,expanded_nuisance,best_pair,5+7.5,0.0033756024259190553,0.011425777881771015,3.3848114914362837,1.8397857188912745,0.0006543147702061926
256,5,shared,best_single,5,0.0033707501183393163,2.219300005409949,658.3994444842865,25.659295479110227,0.08887970008084894
256,5,shared,best_pair,5+7.5,0.0033707501183393163,2.291782013416113,679.9026723894966,26.07494338228746,0.08390230214673954
256,5,nuisance,best_single,5,0.0033707501183393163,1.2677151075671733,376.0928763808053,19.393114148604532,0.05934719560035729
256,5,nuisance,best_pair,5+7.5,0.0033707501183393163,1.3242883250805364,392.87644547587524,19.82111110598685,0.05818500859472218
256,5,expanded_nuisance,best_single,5,0.0033707501183393163,0.008808359592701986,2.6131748968213766,1.616531749400975,0.0005025177661154137
256,5,expanded_nuisance,best_pair,5+7.5,0.0033707501183393163,0.011417946608140106,3.387360737901699,1.8404783991945406,0.0006356309041283743
257,5,shared,best_single,5,0.0032050714749927156,2.22385898632978,693.856284853939,26.341151927239988,0.0885139364032848
257,5,shared,best_pair,5+7.5,0.0032050714749927156,2.2962963827659286,716.4571525729071,26.766717254323645,0.08327253841518395
257,5,nuisance,best_single,5,0.0032050714749927156,1.2693923201473727,396.05741402389714,19.90119127147662,0.059244780148679926
257,5,nuisance,best_pair,5+7.5,0.0032050714749927156,1.3269667069384725,414.0209406535898,20.347504531356904,0.05796654713186044
257,5,expanded_nuisance,best_single,5,0.0032050714749927156,0.008533519275082835,2.6625051396403663,1.6317184621252425,0.000486816644696186
257,5,expanded_nuisance,best_pair,5+7.5,0.0032050714749927156,0.011087163416613421,3.4592562141343883,1.8599075821487443,0.0006165321091314613
258,5,shared,best_single,5,0.0035374188215226976,2.172301726495582,614.0923187491,24.780886157462167,0.08743918179805489
258,5,shared,best_pair,5+7.5,0.0035374188215226976,2.2398631651531327,633.1913969375482,25.163294635988116,0.08227095110162305
258,5,nuisance,best_single,5,0.0035374188215226976,1.2494112594473288,353.1985672280429,18.793577818713576,0.059136097175465425
258,5,nuisance,best_pair,5+7.5,0.0035374188215226976,1.3045121245832,368.7751409717629,19.203518973661126,0.057842949096256396
258,5,expanded_nuisance,best_single,5,0.0035374188215226976,0.00943194244863843,2.666334670707273,1.6328915061042093,0.000548251165951724
258,5,expanded_nuisance,best_pair,5+7.5,0.0035374188215226976,0.012148078186928757,3.4341645136889847,1.853149889698344,0.0006886038157964298
259,5,shared,best_single,5,0.003142793168696034,2.215711164465705,705.0133577148566,26.552087633835058,0.0885701700654588
259,5,shared,best_pair,5+7.5,0.003142793168696034,2.287503847936001,727.856949264371,26.978824089725833,0.08343900171572667
259,5,nuisance,best_single,5,0.003142793168696034,1.2631787868449282,401.9287045125625,20.048159629067264,0.059229154105936495
259,5,nuisance,best_pair,5+7.5,0.003142793168696034,1.3205290227507362,420.17687829537715,20.498216466204497,0.05802964747348828
259,5,expanded_nuisance,best_single,5,0.003142793168696034,0.008515096620401508,2.7094040757172952,1.6460267542531912,0.00048737158385485434
259,5,expanded_nuisance,best_pair,5+7.5,0.003142793168696034,0.011130915095150407,3.541726896322833,1.8819476337886858,0.0006214522159134165
260,5,shared,best_single,5,0.003529341467685132,2.285723091933031,647.6344419663703,25.448662871875417,0.0888513083524774
260,5,shared,best_pair,5+7.5,0.003529341467685132,2.3608177919078264,668.9116974154016,25.863327268845392,0.08383604104881923
260,5,nuisance,best_single,5,0.003529341467685132,1.3078705606131042,370.57070634509233,19.250213150640498,0.05945444763675247
260,5,nuisance,best_pair,5+7.5,0.003529341467685132,1.3676994754536909,387.5225698551505,19.6855929515763,0.058300185252202194
260,5,expanded_nuisance,best_single,5,0.003529341467685132,0.009604505001995278,2.7213306193052493,1.649645604154192,0.0005351561313342084
260,5,expanded_nuisance,best_pair,5+7.5,0.003529341467685132,0.012329567384667506,3.493447006348857,1.8690765116358552,0.0006704010881817389
261,5,shared,best_single,5,0.003477901362299196,2.1574579500796354,620.333277265048,24.906490665387768,0.08755898250356398
261,5,shared,best_pair,5+7.5,0.003477901362299196,2.224554223055571,639.6254497525331,25.290817498699663,0.08237299087753693
261,5,nuisance,best_single,5,0.003477901362299196,1.2408891282320045,356.79250184705313,18.888951846173285,0.059201765991615904
261,5,nuisance,best_pair,5+7.5,0.003477901362299196,1.2956322609535624,372.5327793934433,19.30110824262284,0.05790627578131543
261,5,expanded_nuisance,best_single,5,0.003477901362299196,0.009224256441928702,2.652247858987773,1.6285723376588996,0.0005399188812939278
261,5,expanded_nuisance,best_pair,5+7.5,0.003477901362299196,0.01193099876229553,3.430516716669647,1.8521654128801905,0.0006810197209628799
262,5,shared,best_single,5,0.003650695576092211,2.2201984609024996,608.1576550622858,24.660852683195806,0.08789991455428947
262,5,shared,best_pair,5+7.5,0.003650695576092211,2.290332184343026,627.3687127850443,25.047329454156273,0.08285746772864049
262,5,nuisance,best_single,5,0.003650695576092211,1.2729681215053945,348.6919396516784,18.673294825811496,0.05915162635994948
262,5,nuisance,best_pair,5+7.5,0.003650695576092211,1.329633289056648,364.21368513008645,19.08438327874617,0.057947812497378896
262,5,expanded_nuisance,best_single,5,0.003650695576092211,0.009674638013130288,2.650080734336727,1.627906856775512,0.0005516319026778166
262,5,expanded_nuisance,best_pair,5+7.5,0.003650695576092211,0.012459962327815877,3.413037890481492,1.8474409031093504,0.0006932122831347856
263,5,shared,best_single,5,0.0034163112787988226,2.0302498828750886,594.2812926546102,24.37788531958033,0.08659921819809731
263,5,shared,best_pair,5+7.5,0.0034163112787988226,2.0910350324134686,612.0739188463757,24.740127704730543,0.08120877740436482
263,5,nuisance,best_single,5,0.0034163112787988226,1.1692509812591596,342.2553994173122,18.500145929622075,0.058867435376751265
263,5,nuisance,best_pair,5+7.5,0.0034163112787988226,1.2189302957247783,356.79719915726037,18.889076185913922,0.05741051126469509
263,5,expanded_nuisance,best_single,5,0.0034163112787988226,0.00828602726041483,2.4254309939017626,1.557379527893494,0.0005097451878167883
263,5,expanded_nuisance,best_pair,5+7.5,0.0034163112787988226,0.010736293746627545,3.1426567635260785,1.772754005361736,0.0006432706719641686
264,5,shared,best_single,5,0.003122541979035054,2.2174128600554868,710.1306803698199,26.648277249567556,0.08830555817199734
264,5,shared,best_pair,5+7.5,0.003122541979035054,2.2887222856592575,732.9676593704376,27.07337547056956,0.0832225420936504
264,5,nuisance,best_single,5,0.003122541979035054,1.2643141896875687,404.8990207901943,20.122102792456715,0.05912891552234838
264,5,nuisance,best_pair,5+7.5,0.003122541979035054,1.32061278866856,422.9287540520635,20.565231679999705,0.0579300783886809
264,5,expanded_nuisance,best_single,5,0.003122541979035054,0.008257342208492169,2.6444295269471128,1.6261702023303441,0.00047193919645378786
264,5,expanded_nuisance,best_pair,5+7.5,0.003122541979035054,0.010815549707781535,3.4637003378650557,1.8611019149592682,0.0006030944032896592
265,5,shared,best_single,5,0.0032104331008500075,2.1978880134267067,684.6079467735318,26.16501379272581,0.08811443836909484
265,5,shared,best_pair,5+7.5,0.0032104331008500075,2.2680943411342547,706.4761263935836,26.579618627692604,0.0830262422387169
265,5,nuisance,best_single,5,0.0032104331008500075,1.2558267190656547,391.1704993114969,19.77803072379798,0.05913192700783725
265,5,nuisance,best_pair,5+7.5,0.0032104331008500075,1.3111884426742773,408.4148155359853,20.209275482708065,0.057901145197969274
265,5,expanded_nuisance,best_single,5,0.0032104331008500075,0.00840200472822028,2.617093851292441,1.617743444212475,0.00048391001605205394
265,5,expanded_nuisance,best_pair,5+7.5,0.0032104331008500075,0.01098179783406339,3.420659297076087,1.8495024458151135,0.0006169935415537568
266,5,shared,best_single,5,0.0033108463856184045,2.132709924268297,644.1585250020431,25.380278268806336,0.08720295051528945
266,5,shared,best_pair,5+7.5,0.0033108463856184045,2.1988512283702994,664.1356838304641,25.770830095875144,0.08184805521711067
266,5,nuisance,best_single,5,0.0033108463856184045,1.2247792116068401,369.9293379865083,19.233547202388547,0.05899452471916102
266,5,nuisance,best_pair,5+7.5,0.0033108463856184045,1.2786422356472253,386.1979949300483,19.65192089669731,0.05760429577839715
266,5,expanded_nuisance,best_single,5,0.0033108463856184045,0.008537274082548674,2.5785775261675483,1.6057949826075395,0.0005041588186610372
266,5,expanded_nuisance,best_pair,5+7.5,0.0033108463856184045,0.011132266697953863,3.3623627922787374,1.8336746691490116,0.0006404659582446141
267,5,shared,best_single,5,0.0034253731451008296,2.251098498057146,657.183437453172,25.635589274545104,0.08868640394876996
267,5,shared,best_pair,5+7.5,0.0034253731451008296,2.324474359546144,678.6047128531804,26.05004247315502,0.08347396244919976
267,5,nuisance,best_single,5,0.0034253731451008296,1.2800111289912457,373.68516502267585,19.330938027490436,0.059166260350313485
267,5,nuisance,best_pair,5+7.5,0.0034253731451008296,1.338798150368741,390.84738907455056,19.769860623548933,0.05793937038378226
267,5,expanded_nuisance,best_single,5,0.0034253731451008296,0.008876463527315526,2.5913858582126057,1.6097782015584028,0.0005009461868383797
267,5,expanded_nuisance,best_pair,5+7.5,0.0034253731451008296,0.011465072773919616,3.347101845040631,1.8295086348636431,0.000630843614250808
268,5,shared,best_single,5,0.003583943679946966,2.0634294807070988,575.7427194664043,23.994639390213898,0.08601738752747132
268,5,shared,best_pair,5+7.5,0.003583943679946966,2.1243896636582433,592.7519663728866,24.34649803098767,0.08067478971748547
268,5,nuisance,best_single,5,0.003583943679946966,1.1903821227983806,332.14308848067486,18.224793235608324,0.058672532883156533
268,5,nuisance,best_pair,5+7.5,0.003583943679946966,1.24230537517014,346.63083075806685,18.618024351634812,0.05729142496615958
268,5,expanded_nuisance,best_single,5,0.003583943679946966,0.009208685864486643,2.569428173777248,1.6029435965676546,0.0005578977320868686
268,5,expanded_nuisance,best_pair,5+7.5,0.003583943679946966,0.012099153323598344,3.3759328840171348,1.8373711884148871,0.0007142542958673446
269,5,shared,best_single,5,0.00334896502188764,2.0021520007185867,597.8420161552109,24.450808087979645,0.08446265491373847
269,5,shared,best_pair,5+7.5,0.00334896502188764,2.059122711441741,614.8534541221094,24.79623870916937,0.07892068571526292
269,5,nuisance,best_single,5,0.00334896502188764,1.1601594078051523,346.423268150836,18.61244927866389,0.05813546209577567
269,5,nuisance,best_pair,5+7.5,0.00334896502188764,1.2089906389524954,361.0042598387753,19.0001121006897,0.05656440673856353
269,5,expanded_nuisance,best_single,5,0.00334896502188764,0.008707867607858688,2.600166783154549,1.612503266091126,0.0005388597857135853
269,5,expanded_nuisance,best_pair,5+7.5,0.00334896502188764,0.011342160270947588,3.3867658207294724,1.8403167718437694,0.0006831781822199049
270,5,shared,best_single,5,0.003338204932878064,2.201509285388235,659.4889557874399,25.68051704673097,0.0885400219080174
270,5,shared,best_pair,5+7.5,0.003338204932878064,2.272203453352078,680.6662559788015,26.089581368408375,0.08362287950303463
270,5,nuisance,best_single,5,0.003338204932878064,1.259223461449226,377.2157452189656,19.422042766376702,0.05924940301187328
270,5,nuisance,best_pair,5+7.5,0.003338204932878064,1.3143130843512234,393.71851362584755,19.842341435068786,0.05808695922762899
270,5,expanded_nuisance,best_single,5,0.003338204932878064,0.008930042227072388,2.6751030588686087,1.6355742290916082,0.0005126091033894859
270,5,expanded_nuisance,best_pair,5+7.5,0.003338204932878064,0.011552377003153591,3.4606554227315227,1.8602836941529974,0.0006473031531901186
271,5,shared,best_single,5,0.0035333138956257226,2.204687799231031,623.9716776820921,24.979425087101028,0.08818392173651837
271,5,shared,best_pair,5+7.5,0.0035333138956257226,2.275239424447123,643.9392286272362,25.37595768886834,0.08303147902610454
271,5,nuisance,best_single,5,0.0035333138956257226,1.2655585544402514,358.17891979736794,18.925615440385762,0.0593727504917405
271,5,nuisance,best_pair,5+7.5,0.0035333138956257226,1.3223902354307506,374.2634462983554,19.34588964866582,0.0581166214374845
271,5,expanded_nuisance,best_single,5,0.0035333138956257226,0.009259280324608543,2.6205654516208208,1.6188160647895797,0.0005323613954544177
271,5,expanded_nuisance,best_pair,5+7.5,0.0035333138956257226,0.011943680220469322,3.3803054507146153,1.8385607008512435,0.0006696337793682144
272,5,shared,best_single,5,0.003546624792279962,2.0635418328092126,581.8325742551008,24.121205903832852,0.08685054063502919
272,5,shared,best_pair,5+7.5,0.003546624792279962,2.1264934645834455,599.582304057718,24.48636976069989,0.0814173329473515
272,5,nuisance,best_single,5,0.003546624792279962,1.1891617503577105,335.2939259168865,18.31103290142002,0.059104109133071334
272,5,nuisance,best_pair,5+7.5,0.003546624792279962,1.241765222499238,350.12590708840224,18.71165163977788,0.05768866332242179
272,5,expanded_nuisance,best_single,5,0.003546624792279962,0.008816482064093023,2.4858795560455413,1.5766672305992604,0.0005363420590630598
272,5,expanded_nuisance,best_pair,5+7.5,0.003546624792279962,0.011476524560102064,3.235900393264982,1.7988608598957792,0.0006798156421499002
273,5,shared,best_single,5,0.0031960203183329927,2.1853830689676355,683.7825956336554,26.14923699907237,0.08853644476910548
273,5,shared,best_pair,5+7.5,0.0031960203183329927,2.25602398250483,705.8853692399383,26.568503330822725,0.08310411575677663
273,5,nuisance,best_single,5,0.0031960203183329927,1.2490687467279453,390.82002688250907,19.769168593608306,0.05940465588045689
273,5,nuisance,best_pair,5+7.5,0.0031960203183329927,1.3059257768753507,408.60997327967755,20.214103326135383,0.05803148637648126
273,5,expanded_nuisance,best_single,5,0.0031960203183329927,0.008252939509650226,2.582255019565978,1.606939644033334,0.00047943559475042833
273,5,expanded_nuisance,best_pair,5+7.5,0.0031960203183329927,0.010410143133503968,3.257220573282769,1.8047771533579344,0.0005892784920342846
274,5,shared,best_single,5,0.0034699984657540206,2.2102001563369726,636.9455716334741,25.23778064001417,0.08828740730201663
274,5,shared,best_pair,5+7.5,0.0034699984657540206,2.2809602357365693,657.337534367158,25.638594625430585,0.08307698116111929
274,5,nuisance,best_single,5,0.0034699984657540206,1.2608601812569453,363.3604434412809,19.062015723455925,0.059142385013305494
274,5,nuisance,best_pair,5+7.5,0.0034699984657540206,1.3179020253955889,379.79902250740986,19.48843304392146,0.057895164569833575
274,5,expanded_nuisance,best_single,5,0.0034699984657540206,0.008949840336574422,2.579205848331592,1.605990612778167,0.0005129200308717242
274,5,expanded_nuisance,best_pair,5+7.5,0.0034699984657540206,0.011649163471840307,3.357109113104169,1.8322415542455555,0.0006509413188057337
275,5,shared,best_single,5,0.003300558276780885,2.0731801328545165,628.130140115732,25.062524615763113,0.08609020694217352
275,5,shared,best_pair,5+7.5,0.003300558276780885,2.134967316288592,646.8503620456833,25.433253076350326,0.08076095842365288
275,5,nuisance,best_single,5,0.003300558276780885,1.1980463189433037,362.9829315153882,19.052110946438145,0.058758407871472115
275,5,nuisance,best_pair,5+7.5,0.003300558276780885,1.248961328465961,378.40911255901335,19.452740489684565,0.057316532105037614
275,5,expanded_nuisance,best_single,5,0.003300558276780885,0.00887365612842661,2.6885318737899406,1.6396743194274712,0.0005356832732453656
275,5,expanded_nuisance,best_pair,5+7.5,0.003300558276780885,0.011482290218352453,3.4788933433259692,1.8651791719097577,0.0006753884921112526
276,5,shared,best_single,5,0.0034629215561743365,2.169232607087496,626.4169060427566,25.028322078053026,0.08775784713008522
276,5,shared,best_pair,5+7.5,0.0034629215561743365,2.237806548806827,646.2192436374575,25.420842701166645,0.08234257311717869
276,5,nuisance,best_single,5,0.0034629215561743365,1.2450166164968826,359.5278138128878,18.961218679528166,0.05929217312877692
276,5,nuisance,best_pair,5+7.5,0.0034629215561743365,1.3016983218987292,375.89598862781656,19.388037255684665,0.057922044304197534
276,5,expanded_nuisance,best_single,5,0.0034629215561743365,0.008958665891658057,2.5870253617743355,1.6084232533056513,0.0005230694776809759
276,5,expanded_nuisance,best_pair,5+7.5,0.0034629215561743365,0.011556874187196975,3.337319081511172,1.8268330743423637,0.0006572407979009801
277,5,shared,best_single,5,0.0033649785272875654,2.1092585566452575,626.8267507625031,25.036508358045918,0.08760764168565734
277,5,shared,best_pair,5+7.5,0.0033649785272875654,2.1747304520154156,646.283604599527,25.422108578942208,0.08254553117075052
277,5,nuisance,best_single,5,0.0033649785272875654,1.2092998678074374,359.3781826543265,18.957272553147686,0.05913602639477995
277,5,nuisance,best_pair,5+7.5,0.0033649785272875654,1.2611993732161655,374.80161106192566,19.359793673020526,0.057887962838533445
277,5,expanded_nuisance,best_single,5,0.0033649785272875654,0.00828469775981322,2.4620358473702746,1.569087584352854,0.0004944949981466984
277,5,expanded_nuisance,best_pair,5+7.5,0.0033649785272875654,0.010776790674385861,3.2026328212777018,1.789590126614947,0.0006274158375407285
278,5,shared,best_single,5,0.0033393704144306646,2.1930458299191975,656.7243395468286,25.626633402513654,0.0887158100625992
278,5,shared,best_pair,5+7.5,0.0033393704144306646,2.263558505182915,677.8398992220913,26.035358634405082,0.08373173479657522
278,5,nuisance,best_single,5,0.0033393704144306646,1.2516906197982187,374.8283252403498,19.36048360037398,0.059345525125253436
278,5,nuisance,best_pair,5+7.5,0.0033393704144306646,1.3072708148968748,391.47223957176783,19.78565742076234,0.05820053600743077
278,5,expanded_nuisance,best_single,5,0.0033393704144306646,0.008544521205472666,2.558722197618031,1.5996006369147366,0.0004935146190368253
278,5,expanded_nuisance,best_pair,5+7.5,0.0033393704144306646,0.01117859253663811,3.3475149951413727,1.8296215442384178,0.0006301164195133367
279,5,shared,best_single,5,0.0034873624400404424,2.0806676217381246,596.630736699107,24.426025806485733,0.08681628731421896
279,5,shared,best_pair,5+7.5,0.0034873624400404424,2.1434815670951632,614.6426142819573,24.791986896615555,0.08139987564672355
279,5,nuisance,best_single,5,0.0034873624400404424,1.2023217734803013,344.7653618321238,18.567858299548814,0.05916219985032463
279,5,nuisance,best_pair,5+7.5,0.0034873624400404424,1.255829603440869,360.1087139730464,18.97653060949357,0.057774684730166934
279,5,expanded_nuisance,best_single,5,0.0034873624400404424,0.009143606741640387,2.621926140127365,1.6192362829826181,0.0005522560486556839
279,5,expanded_nuisance,best_pair,5+7.5,0.0034873624400404424,0.011982248668275464,3.4359057523532046,1.8536196352955492,0.0007050349035482358
280,5,shared,best_single,5,0.003161615229703818,2.0927530683116324,661.9252870020122,25.72790871800528,0.0869608485300397
280,5,shared,best_pair,5+7.5,0.003161615229703818,2.156831904710883,682.1930399522197,26.11882539380781,0.08147014958335007
280,5,nuisance,best_single,5,0.003161615229703818,1.2026598315331534,380.39411634723785,19.503694940888455,0.058989638516001565
280,5,nuisance,best_pair,5+7.5,0.003161615229703818,1.2558154533797035,397.2069218231053,19.930050723043966,0.05754212758744373
280,5,expanded_nuisance,best_single,5,0.003161615229703818,0.00822937342229535,2.6029016260357154,1.6133510548035463,0.000494440443687059
280,5,expanded_nuisance,best_pair,5+7.5,0.003161615229703818,0.010757623176148812,3.4025719116859747,1.8446061670952894,0.0006293984875430128
281,5,shared,best_single,5,0.003327773878749607,2.2528320922662144,676.9787174099413,26.018814681109923,0.0886603936896709
281,5,shared,best_pair,5+7.5,0.003327773878749607,2.32638886950884,699.0826162692786,26.440170503786064,0.08356644889033649
281,5,nuisance,best_single,5,0.003327773878749607,1.2887085111951906,387.25843706646793,19.678883023852446,0.059364034888894544
281,5,nuisance,best_pair,5+7.5,0.003327773878749607,1.346885332017147,404.74064076830604,20.118166933602723,0.058150301942628116
281,5,expanded_nuisance,best_single,5,0.003327773878749607,0.009002254713714297,2.705188225438216,1.6447456415623103,0.0005078477938981912
281,5,expanded_nuisance,best_pair,5+7.5,0.003327773878749607,0.011642404764015346,3.4985564489105,1.8704428483411355,0.000640694839862418
282,5,shared,best_single,5,0.0034459116818486013,2.1704626183180213,629.8660031686159,25.09713137329874,0.08820913443417902
282,5,shared,best_pair,5+7.5,0.0034459116818486013,2.239806331538534,649.9894769029491,25.49489119221632,0.08299516003380505
282,5,nuisance,best_single,5,0.0034459116818486013,1.243511114485343,360.8656371071723,18.996463805328936,0.05931413628036734
282,5,nuisance,best_pair,5+7.5,0.0034459116818486013,1.2990924412646156,376.9952805545213,19.41636630666308,0.058030664146581985
282,5,expanded_nuisance,best_single,5,0.0034459116818486013,0.008631149823963735,2.504750736772641,1.5826404319278087,0.0005028314812206409
282,5,expanded_nuisance,best_pair,5+7.5,0.0034459116818486013,0.011229608006313008,3.2588206092063126,1.8052203769086788,0.0006377072970544394
283,5,shared,best_single,5,0.003427279942352257,2.1836219040185525,637.1297182452681,25.241428609436277,0.08793151126591536
283,5,shared,best_pair,5+7.5,0.003427279942352257,2.2528961682286073,657.3423257285394,25.638688065666297,0.08251307601056584
283,5,nuisance,best_single,5,0.003427279942352257,1.2512552870207556,365.08698094908965,19.107249434418595,0.05931784223163258
283,5,nuisance,best_pair,5+7.5,0.003427279942352257,1.3087322205961855,381.85740371647574,19.54117201491445,0.05797596473551694
283,5,expanded_nuisance,best_single,5,0.003427279942352257,0.00911425738549232,2.6593267952418556,1.6307442458098251,0.0005291980579248526
283,5,expanded_nuisance,best_pair,5+7.5,0.003427279942352257,0.011702277416164808,3.4144504134474474,1.8478231553499505,0.0006619033159730412
284,5,shared,best_single,5,0.003250928434084477,2.1102237850014145,649.1141923878412,25.47771952879302,0.08685878369175239
284,5,shared,best_pair,5+7.5,0.003250928434084477,2.174694895211755,668.9457917347819,25.86398638521877,0.08161776729075365
284,5,nuisance,best_single,5,0.003250928434084477,1.211843885901966,372.76855226843657,19.30721503139271,0.05885568496179881
284,5,nuisance,best_pair,5+7.5,0.003250928434084477,1.263660893193622,388.7076934529606,19.715671265593787,0.05748943483150094
284,5,expanded_nuisance,best_single,5,0.003250928434084477,0.008264793928149938,2.542287256002749,1.5944551596086824,0.0004922624820939294
284,5,expanded_nuisance,best_pair,5+7.5,0.003250928434084477,0.010794142350832203,3.3203260452185375,1.8221761839126691,0.0006266687809742209
285,5,shared,best_single,5,0.0033570886860452287,2.226314270822065,663.1681433011958,25.75205124453576,0.08871098351559877
285,5,shared,best_pair,5+7.5,0.0033570886860452287,2.298702080006972,684.7308173782343,26.167361681649037,0.08373616594100275
285,5,nuisance,best_single,5,0.0033570886860452287,1.2721167656913592,378.9345128054864,19.466240335655122,0.05926332083439679
285,5,nuisance,best_pair,5+7.5,0.0033570886860452287,1.3283600596652747,395.6881047518976,19.891910535488982,0.05808105800986177
285,5,expanded_nuisance,best_single,5,0.0033570886860452287,0.008899198073637482,2.6508677326964087,1.6281485597746934,0.0005063004505342026
285,5,expanded_nuisance,best_pair,5+7.5,0.0033570886860452287,0.011521442089577505,3.4319742988828152,1.8525588516651272,0.0006397076243730331
286,5,shared,best_single,5,0.003304993125548439,2.193391014302561,663.6597811193886,25.761595081038532,0.08833061389401703
286,5,shared,best_pair,5+7.5,0.003304993125548439,2.2635301105128987,684.8819421181951,26.170249179520532,0.08337901920263946
286,5,nuisance,best_single,5,0.003304993125548439,1.2535965860981861,379.30384072740276,19.47572439544683,0.059156835444984214
286,5,nuisance,best_pair,5+7.5,0.003304993125548439,1.3083090041922745,395.858313313487,19.896188411690492,0.05797807445674466
286,5,expanded_nuisance,best_single,5,0.003304993125548439,0.008630679226558247,2.6114061054593116,1.615984562258969,0.0004970410970895692
286,5,expanded_nuisance,best_pair,5+7.5,0.003304993125548439,0.011201911695893685,3.3893903165183774,1.8410296892006868,0.0006295983347109425
287,5,shared,best_single,5,0.003581657895185053,2.159902974899666,603.0455833884355,24.556986447616808,0.08734357569692822
287,5,shared,best_pair,5+7.5,0.003581657895185053,2.2264135830765968,621.6153659090785,24.932215423204543,0.08205414030273855
287,5,nuisance,best_single,5,0.003581657895185053,1.2382520525180276,345.72035877090684,18.593556915526058,0.05897183330411633
287,5,nuisance,best_pair,5+7.5,0.003581657895185053,1.2933393498013448,361.1007493317622,19.002651113246337,0.05766474903203362
287,5,expanded_nuisance,best_single,5,0.003581657895185053,0.009139468829254316,2.5517425440159487,1.5974174607834823,0.0005339056275781343
287,5,expanded_nuisance,best_pair,5+7.5,0.003581657895185053,0.012007818849870677,3.3525867632453688,1.8310070352801402,0.0006838264979536134
288,5,shared,best_single,5,0.003304624223571029,2.1897672303876528,662.6372870986693,25.7417421146796,0.08759652023384816
288,5,shared,best_pair,5+7.5,0.003304624223571029,2.2587040805072345,683.4980099693282,26.143794865499697,0.08239332031304288
288,5,nuisance,best_single,5,0.003304624223571029,1.2512788698194766,378.6448277218415,19.45879820856986,0.0589337932317305
288,5,nuisance,best_pair,5+7.5,0.003304624223571029,1.3063831627252525,395.3197320915218,19.882649020981127,0.05764018533149575
288,5,expanded_nuisance,best_single,5,0.003304624223571029,0.008535967897025376,2.5830373802081725,1.6071830574667505,0.0004927804351172973
288,5,expanded_nuisance,best_pair,5+7.5,0.003304624223571029,0.011123746074692242,3.3661152742721674,1.8346975974999715,0.00062612383640332
289,5,shared,best_single,5,0.003229509174679235,2.1511677261690374,666.0974190861986,25.808863188567578,0.08710317936964343
289,5,shared,best_pair,5+7.5,0.003229509174679235,2.2178853902307165,686.7561819052594,26.206033311152975,0.08189568144798766
289,5,nuisance,best_single,5,0.003229509174679235,1.2343178697121275,382.19983376722377,19.549931809784496,0.05894717769755217
289,5,nuisance,best_pair,5+7.5,0.003229509174679235,1.2889058341443231,399.1027008840566,19.977554927569503,0.05765675108419077
289,5,expanded_nuisance,best_single,5,0.003229509174679235,0.008756645070336688,2.7114476524769207,1.6466473977378766,0.000513192574704051
289,5,expanded_nuisance,best_pair,5+7.5,0.003229509174679235,0.011402955854871166,3.5308634340708274,1.8790591885491068,0.0006515681153928013
290,5,shared,best_single,5,0.0032645471636185697,2.2601302314543545,692.325801459436,26.31208470379031,0.08884264427590974
290,5,shared,best_pair,5+7.5,0.0032645471636185697,2.3344675328155726,715.0968927120491,26.741295643854826,0.08361191187607783
290,5,nuisance,best_single,5,0.0032645471636185697,1.2855031211894845,393.77685686874116,19.843811550927942,0.05922557590244665
290,5,nuisance,best_pair,5+7.5,0.0032645471636185697,1.3444917928015994,411.8463374599571,20.29399757218762,0.057984106493001786
290,5,expanded_nuisance,best_single,5,0.0032645471636185697,0.008593296592837252,2.6323089121224577,1.6224391859550416,0.00048353033429097156
290,5,expanded_nuisance,best_pair,5+7.5,0.0032645471636185697,0.011172928841074459,3.4225049543134447,1.8500013390031491,0.0006128982982031693
291,5,shared,best_single,5,0.00332842865260341,2.154802763144673,647.3934063328178,25.443926708211094,0.08698903858395536
291,5,shared,best_pair,5+7.5,0.00332842865260341,2.2211134774914583,667.3159347291886,25.832458936949624,0.08177174938282666
291,5,nuisance,best_single,5,0.00332842865260341,1.2365827269083045,371.5214763402189,19.27489238206582,0.05881128834902093
291,5,nuisance,best_pair,5+7.5,0.00332842865260341,1.2900888955666978,387.5969805023833,19.687482838148288,0.057470627515885345
291,5,expanded_nuisance,best_single,5,0.00332842865260341,0.008840534933262312,2.656068630567603,1.6297449587489456,0.0005164664990890685
291,5,expanded_nuisance,best_pair,5+7.5,0.00332842865260341,0.011471286966097338,3.4464572215254776,1.856463633235372,0.0006533765116708834
292,5,shared,best_single,5,0.003462191628185174,2.159689651212829,623.7926386370775,24.975841099692268,0.08772244470648954
292,5,shared,best_pair,5+7.5,0.003462191628185174,2.2273388008656068,643.3320393744764,25.363990998549035,0.08251347593998358
292,5,nuisance,best_single,5,0.003462191628185174,1.2388582156770305,357.824854520378,18.91625899908272,0.05915459327635585
292,5,nuisance,best_pair,5+7.5,0.003462191628185174,1.293934439115988,373.73276180967713,19.332169092206833,0.05786953017588934
292,5,expanded_nuisance,best_single,5,0.003462191628185174,0.008975851963949566,2.592534708615931,1.6101349970160672,0.0005245789812641346
292,5,expanded_nuisance,best_pair,5+7.5,0.003462191628185174,0.01163491814522244,3.360564461685005,1.8331842410638939,0.0006629668552716059
293,5,shared,best_single,5,0.0033900358157499255,2.1360136054093886,630.0858520389618,25.1015109513145,0.08750750409130674
293,5,shared,best_pair,5+7.5,0.0033900358157499255,2.2027068785178088,649.7591760783619,25.49037418474593,0.08225729299503881
293,5,nuisance,best_single,5,0.0033900358157499255,1.2270062869271192,361.94493321472106,19.024850412413787,0.05918935838346545
293,5,nuisance,best_pair,5+7.5,0.0033900358157499255,1.2814730314207272,378.01164974926576,19.442521692138232,0.05788167044640367
293,5,expanded_nuisance,best_single,5,0.0033900358157499255,0.00880241214142119,2.5965543197289103,1.6113827353328911,0.0005199011427941571
293,5,expanded_nuisance,best_pair,5+7.5,0.0033900358157499255,0.011457887228282004,3.379872028209635,1.8384428270168303,0.0006596199632513811
294,5,shared,best_single,5,0.0035235430869342554,2.04546604967122,580.5139881093173,24.09385789178058,0.08639025555519708
294,5,shared,best_pair,5+7.5,0.0035235430869342554,2.106893283452264,597.9473590843521,24.45296217402612,0.0811545643627878
294,5,nuisance,best_single,5,0.0035235430869342554,1.1848581636560815,336.2689583816034,18.337637753582204,0.0589615887501535
294,5,nuisance,best_pair,5+7.5,0.0035235430869342554,1.2353586755748245,350.6012684095424,18.724349612457637,0.057570047548637815
294,5,expanded_nuisance,best_single,5,0.0035235430869342554,0.009208636674921333,2.613459363976029,1.6166197338817898,0.0005622797459289186
294,5,expanded_nuisance,best_pair,5+7.5,0.0035235430869342554,0.011854823404332748,3.3644610302317393,1.834246720109304,0.0007054666994767552
295,5,shared,best_single,5,0.003308104286500191,2.1805419243766133,659.1515065818913,25.67394606564973,0.08818895768273409
295,5,shared,best_pair,5+7.5,0.003308104286500191,2.249734364147107,680.0675460347151,26.078104724743994,0.08323884048769238
295,5,nuisance,best_single,5,0.003308104286500191,1.2437728251099374,375.9775138243259,19.390139603012813,0.05904393598671492
295,5,nuisance,best_pair,5+7.5,0.003308104286500191,1.297800537919029,392.3094393411754,19.806802855109538,0.05787248721483389
295,5,expanded_nuisance,best_single,5,0.003308104286500191,0.00844451779722366,2.552675812453766,1.597709551969245,0.0004889896991256089
295,5,expanded_nuisance,best_pair,5+7.5,0.003308104286500191,0.011026658569555536,3.333225803839815,1.8257124099484603,0.0006231737867443342
296,5,shared,best_single,5,0.0032061010754496078,2.186856612267842,682.0922237958977,26.11689537054314,0.08836889511486845
296,5,shared,best_pair,5+7.5,0.0032061010754496078,2.256702497801905,703.8775274686049,26.530690293857884,0.08331504755154598
296,5,nuisance,best_single,5,0.0032061010754496078,1.2498968560430133,389.8494859110872,19.744606501804164,0.059224894043680386
296,5,nuisance,best_pair,5+7.5,0.0032061010754496078,1.3042449987109248,406.8009610483113,20.169307401304373,0.057989148186949155
296,5,expanded_nuisance,best_single,5,0.0032061010754496078,0.008264874103778741,2.577858248782664,1.605571003967954,0.0004782032420557148
296,5,expanded_nuisance,best_pair,5+7.5,0.0032061010754496078,0.010785350520704284,3.364008266393099,1.8341232963988814,0.000608833408237349
297,5,shared,best_single,5,0.0030676334242061287,2.141561707549766,698.115260660253,26.421870877366974,0.08714872398817933
297,5,shared,best_pair,5+7.5,0.0030676334242061287,2.208075672952355,719.797761860605,26.82904698010358,0.08171389450962956
297,5,nuisance,best_single,5,0.0030676334242061287,1.2245379235182434,399.1800043172176,19.979489591008516,0.05884717445157097
297,5,nuisance,best_pair,5+7.5,0.0030676334242061287,1.2793168827997063,417.03707904107875,20.421485720707953,0.05745886886041622
297,5,expanded_nuisance,best_single,5,0.0030676334242061287,0.008358219508563192,2.7246474244966903,1.6506506064266568,0.0004919555950398593
297,5,expanded_nuisance,best_pair,5+7.5,0.0030676334242061287,0.010916314486834722,3.55854594642766,1.8864108636316903,0.0006258045498161318
298,5,shared,best_single,5,0.0035845528434450546,2.1420720221334144,597.5841661953864,24.44553468826948,0.0870915837545376
298,5,shared,best_pair,5+7.5,0.0035845528434450546,2.2080708651452423,615.9961818342457,24.819270372721387,0.08187856026823427
298,5,nuisance,best_single,5,0.0035845528434450546,1.2324137654550045,343.8124137878665,18.542179316031504,0.05904614262197471
298,5,nuisance,best_pair,5+7.5,0.0035845528434450546,1.286554739835437,358.916382607698,18.945088614406057,0.0577285675136209
298,5,expanded_nuisance,best_single,5,0.0035845528434450546,0.00922947787856332,2.57479197034044,1.604615832634229,0.0005429265060269331
298,5,expanded_nuisance,best_pair,5+7.5,0.0035845528434450546,0.011914196464322124,3.32376086632652,1.8231184455011473,0.0006832400252859703
299,5,shared,best_single,5,0.0032700805996201954,2.1020911801780295,642.8254950114006,25.35400353023957,0.08770502113863615
299,5,shared,best_pair,5+7.5,0.0032700805996201954,2.1673776087280974,662.7902715853023,25.744713468696876,0.08252932031399657
299,5,nuisance,best_single,5,0.0032700805996201954,1.2030403958990181,367.89319383710165,19.18054206317177,0.05904931950954089
299,5,nuisance,best_pair,5+7.5,0.0032700805996201954,1.254658766187395,383.67823910307214,19.587706325730743,0.057736275397064565
299,5,expanded_nuisance,best_single,5,0.0032700805996201954,0.00813704053700448,2.4883302686635798,1.5774442204602925,0.00048680179129794473
299,5,expanded_nuisance,best_pair,5+7.5,0.0032700805996201954,0.010622578324996912,3.2484148330260347,1.8023359378944965,0.0006195632322961638
300,5,shared,best_single,5,0.003656681677630891,2.0391865392193815,557.6603923972239,23.614834159850115,0.08729586498247595
300,5,shared,best_pair,5+7.5,0.003656681677630891,2.1017860972786795,574.7796178529807,23.97456189074121,0.08209985241743958
300,5,nuisance,best_single,5,0.003656681677630891,1.1789074417876564,322.39815923803707,17.955449290898766,0.059315630929407163
300,5,nuisance,best_pair,5+7.5,0.003656681677630891,1.2299130789286354,336.34677211648284,18.339759325478695,0.05797976491399168
300,5,expanded_nuisance,best_single,5,0.003656681677630891,0.009156436841430526,2.5040289663285225,1.5824123881999037,0.0005619933985532414
300,5,expanded_nuisance,best_pair,5+7.5,0.003656681677630891,0.011766341713748574,3.2177648346387673,1.7938129318964025,0.000703843505416691
301,5,shared,best_single,5,0.0029865753048201604,2.0799733968707996,696.4409681931818,26.390168021313958,0.08660956993052338
301,5,shared,best_pair,5+7.5,0.0029865753048201604,2.143709410824401,717.7818042507007,26.791450208055196,0.08106183828344153
301,5,nuisance,best_single,5,0.0029865753048201604,1.1952016263106544,400.19135776742945,20.004783372169502,0.05888301586268702
301,5,nuisance,best_pair,5+7.5,0.0029865753048201604,1.248534713267201,418.0489643948163,20.44624572861278,0.05741750874335878
301,5,expanded_nuisance,best_single,5,0.0029865753048201604,0.008152867717466261,2.7298383216080313,1.6522222373542947,0.0004923009556150393
301,5,expanded_nuisance,best_pair,5+7.5,0.0029865753048201604,0.01058942668782148,3.5456754332397895,1.8829963975642092,0.0006224755781796736
302,5,shared,best_single,5,0.0033215356018521103,2.1667200702134055,652.3248069372576,25.540650088383764,0.08890790699610349
302,5,shared,best_pair,5+7.5,0.0033215356018521103,2.236829789807346,673.4324294341674,25.950576668624677,0.08388613125953039
302,5,nuisance,best_single,5,0.0033215356018521103,1.2347146655832546,371.73007114383165,19.280302672516104,0.0593564544960518
302,5,nuisance,best_pair,5+7.5,0.0033215356018521103,1.2891787153637315,388.1273211838756,19.700947215397427,0.05818203137159658
302,5,expanded_nuisance,best_single,5,0.0033215356018521103,0.008130241225583035,2.447735686183691,1.5645241085338668,0.0004744711096828138
302,5,expanded_nuisance,best_pair,5+7.5,0.0033215356018521103,0.010622150472670011,3.1979637571089197,1.788285144239844,0.0006047105721384455
303,5,shared,best_single,5,0.0032586842186406173,2.1602527817518267,662.921791990324,25.747267660672733,0.08756669321396651
303,5,shared,best_pair,5+7.5,0.0032586842186406173,2.2278053109726725,683.6517936377453,26.146735812291087,0.08225529746529198
303,5,nuisance,best_single,5,0.0032586842186406173,1.2382292392087697,379.97828452531235,19.49303169148689,0.05900393461765565
303,5,nuisance,best_pair,5+7.5,0.0032586842186406173,1.2923750054080267,396.5941216443335,19.914671015217234,0.05763035569008577
303,5,expanded_nuisance,best_single,5,0.0032586842186406173,0.008532092474291098,2.618263047853811,1.6181047703575349,0.0004983620710521018
303,5,expanded_nuisance,best_pair,5+7.5,0.0032586842186406173,0.011082931086269454,3.401044821364365,1.8441921866672044,0.0006309557942687374
304,5,shared,best_single,5,0.0034297437265751185,2.2761350634154462,663.6458128865373,25.761323973867054,0.08882152188141314
304,5,shared,best_pair,5+7.5,0.0034297437265751185,2.3511469959624427,685.5168150741853,26.18237603950767,0.08380295389368893
304,5,nuisance,best_single,5,0.0034297437265751185,1.3007909725794862,379.2676876993469,19.474796217145556,0.059377167516723936
304,5,nuisance,best_pair,5+7.5,0.0034297437265751185,1.3600502733515016,396.5457427076115,19.913456322487352,0.058215417640692366
304,5,expanded_nuisance,best_single,5,0.0034297437265751185,0.009220391855730092,2.6883617525958456,1.6396224420871548,0.000515225811938664
304,5,expanded_nuisance,best_pair,5+7.5,0.0034297437265751185,0.011879750756421448,3.463742980086841,1.861113371099902,0.0006477340856556415
305,5,shared,best_single,5,0.0034630953966092726,2.2100962680619287,638.1852114804117,25.262327910950955,0.08864019738699766
305,5,shared,best_pair,5+7.5,0.0034630953966092726,2.282069490384963,658.9681279410739,25.67037451890942,0.08345330487332321
305,5,nuisance,best_single,5,0.0034630953966092726,1.2651919083644547,365.33556355484984,19.113753256617336,0.05939928573417787
305,5,nuisance,best_pair,5+7.5,0.0034630953966092726,1.3221451702415872,381.78133109936954,19.539225447785014,0.05813256763235984
305,5,expanded_nuisance,best_single,5,0.0034630953966092726,0.008767960820222687,2.5318276905705295,1.5911717979434306,0.0005027699286696813
305,5,expanded_nuisance,best_pair,5+7.5,0.0034630953966092726,0.01136406518459765,3.2814762179881733,1.8114845342945032,0.0006352850402494525
306,5,shared,best_single,5,0.0034526720718914827,1.9841943883179411,574.6837078654089,23.972561562449034,0.08503319922887784
306,5,shared,best_pair,5+7.5,0.0034526720718914827,2.041633812698692,591.3199314003257,24.3170707816613,0.07946228506671413
306,5,nuisance,best_single,5,0.0034526720718914827,1.1522431799833202,333.7250558382989,18.268143196239155,0.05854619059525464
306,5,nuisance,best_pair,5+7.5,0.0034526720718914827,1.202121815541635,348.1714424396739,18.65935268008175,0.057006041662803465
306,5,expanded_nuisance,best_single,5,0.0034526720718914827,0.009058123416653796,2.623511074334804,1.6197256169903604,0.0005664434130138128
306,5,expanded_nuisance,best_pair,5+7.5,0.0034526720718914827,0.011832582892792765,3.427079851898736,1.8512373839944827,0.0007200050050385528
307,5,shared,best_single,5,0.0034254274633609416,2.129528235559139,621.6824785627487,24.93356128920914,0.0874535639049915
307,5,shared,best_pair,5+7.5,0.0034254274633609416,2.196003644430955,641.0889350073385,25.319734102224267,0.08202962732524498
307,5,nuisance,best_single,5,0.0034254274633609416,1.225374573716757,357.7289511524062,18.913723883794173,0.05925794131226284
307,5,nuisance,best_pair,5+7.5,0.0034254274633609416,1.2801858599314304,373.73024932641397,19.33210411016902,0.0578513293305951
307,5,expanded_nuisance,best_single,5,0.0034254274633609416,0.008781091924262352,2.5635025170396015,1.6010941624525403,0.0005204795816673735
307,5,expanded_nuisance,best_pair,5+7.5,0.0034254274633609416,0.0114146454186983,3.332327290766374,1.8254663214549793,0.000658889186613769
308,5,shared,best_single,5,0.0032864605342752817,2.1808368007912273,663.5822271549466,25.760089812633545,0.08805099960667025
308,5,shared,best_pair,5+7.5,0.0032864605342752817,2.2501952944632486,684.6865407314114,26.166515639867136,0.08288197937373976
308,5,nuisance,best_single,5,0.0032864605342752817,1.2499693670912198,380.3390772702093,19.50228389882091,0.05922238667536851
308,5,nuisance,best_pair,5+7.5,0.0032864605342752817,1.3050653522525397,397.1036130334448,19.92745877008518,0.057938171021532536
308,5,expanded_nuisance,best_single,5,0.0032864605342752817,0.008616884516496004,2.621934578744658,1.6192388887204563,0.0004996251403257207
308,5,expanded_nuisance,best_pair,5+7.5,0.0032864605342752817,0.01121337598333616,3.4119916750525934,1.8471577287964862,0.0006339964827315871
309,5,shared,best_single,5,0.0033742689116131874,2.227189075704704,660.0508536943839,25.691454876950505,0.08845656198885907
309,5,shared,best_pair,5+7.5,0.0033742689116131874,2.2989607832247865,681.3211523576192,26.102129268655826,0.08330540233201959
309,5,nuisance,best_single,5,0.0033742689116131874,1.2705514755157137,376.54126235845325,19.404671147908,0.05921119615288627
309,5,nuisance,best_pair,5+7.5,0.0033742689116131874,1.3285050441736899,393.71641056863825,19.842288440818468,0.0580088519639208
309,5,expanded_nuisance,best_single,5,0.0033742689116131874,0.008985532461001977,2.662956834909204,1.6318568671636626,0.0005118729522835453
309,5,expanded_nuisance,best_pair,5+7.5,0.0033742689116131874,0.011719222821180875,3.473114659251651,1.8636294318484163,0.0006511520201228537
310,5,shared,best_single,5,0.003434630861074206,2.063973994053484,600.930369969354,24.513881169030622,0.08670384307183494
310,5,shared,best_pair,5+7.5,0.003434630861074206,2.125676466025502,618.8951744760952,24.87760387328521,0.08134377276645849
310,5,nuisance,best_single,5,0.003434630861074206,1.189691808607107,346.38127261076966,18.611321087197698,0.058982566804057265
310,5,nuisance,best_pair,5+7.5,0.003434630861074206,1.2415214206973184,361.4715731952119,19.012405770843728,0.05759542307094069
310,5,expanded_nuisance,best_single,5,0.003434630861074206,0.008746860235736342,2.546666756788151,1.5958279220480356,0.0005313858570073172
310,5,expanded_nuisance,best_pair,5+7.5,0.003434630861074206,0.011381836805465007,3.3138457277779345,1.8203971346324226,0.0006738437314180641
311,5,shared,best_single,5,0.0033774749701780404,2.1681447199265738,641.9424981889006,25.336584185499444,0.08823905842085035
311,5,shared,best_pair,5+7.5,0.0033774749701780404,2.2369310574331083,662.3087001930293,25.73535894820644,0.08319678241680253
311,5,nuisance,best_single,5,0.0033774749701780404,1.2401570077535093,367.18466271509794,19.162063112178135,0.05919859374053101
311,5,nuisance,best_pair,5+7.5,0.0033774749701780404,1.2937006909178832,383.03783220921605,19.571352334706358,0.05795552680940281
311,5,expanded_nuisance,best_single,5,0.0033774749701780404,0.008435787183785237,2.4976609029734873,1.5803989695559433,0.000491641883018754
311,5,expanded_nuisance,best_pair,5+7.5,0.0033774749701780404,0.010961109094376198,3.245356128811931,1.8014871991807022,0.0006231924006172777
312,5,shared,best_single,5,0.003432028965707934,2.11683441190675,616.7880379383992,24.835217694604555,0.08755108019660988
312,5,shared,best_pair,5+7.5,0.003432028965707934,2.182386393343709,635.8881044273303,25.216821854217283,0.08243885463879773
312,5,nuisance,best_single,5,0.003432028965707934,1.21808530571119,354.91696541084764,18.839240043346962,0.05919141102682584
312,5,nuisance,best_pair,5+7.5,0.003432028965707934,1.270487766830075,370.18561892236477,19.240208390824794,0.05789527807085257
312,5,expanded_nuisance,best_single,5,0.003432028965707934,0.008859271656270984,2.581351073895601,1.6066583563083974,0.0005266906936670732
312,5,expanded_nuisance,best_pair,5+7.5,0.003432028965707934,0.011463669916650598,3.340201971251707,1.8276219442903685,0.0006646297345206795
313,5,shared,best_single,5,0.0032401669258934618,2.2814020363199132,704.1001554853001,26.534885631660448,0.08936000260479729
313,5,shared,best_pair,5+7.5,0.0032401669258934618,2.357733199951557,727.6579429010197,26.97513564193922,0.08435290410174089
313,5,nuisance,best_single,5,0.0032401669258934618,1.2967620531451172,400.2145823976463,20.00536384067149,0.05931301464631378
313,5,nuisance,best_pair,5+7.5,0.0032401669258934618,1.3555711637230012,418.36460735713746,20.453963121046677,0.05816762198730036
313,5,expanded_nuisance,best_single,5,0.0032401669258934618,0.008441604642657197,2.605299305784828,1.6140939581650222,0.0004706578840778803
313,5,expanded_nuisance,best_pair,5+7.5,0.0032401669258934618,0.011014903961933165,3.399486573950462,1.8437696640172985,0.0005992973931027514
314,5,shared,best_single,5,0.003360072730249186,2.145316528821192,638.4732418164333,25.268028055557348,0.08737331673894641
314,5,shared,best_pair,5+7.5,0.003360072730249186,2.2122708784648575,658.3997002650575,25.659300463283436,0.08201090994580146
314,5,nuisance,best_single,5,0.003360072730249186,1.230358382238283,366.17016386637516,19.135573256800413,0.059057685614922625
314,5,nuisance,best_pair,5+7.5,0.003360072730249186,1.285265631928225,382.51125350876214,19.55789491506594,0.0576930628753945
314,5,expanded_nuisance,best_single,5,0.003360072730249186,0.008682367200603558,2.5839819246887745,1.6074768815409988,0.0005106739705064751
314,5,expanded_nuisance,best_pair,5+7.5,0.003360072730249186,0.01132162812542159,3.3694592451818646,1.8356086852000522,0.000648729140934193
315,5,shared,best_single,5,0.0030998376594186805,2.116989427426519,682.935579221114,26.133036165381053,0.08682446306587131
315,5,shared,best_pair,5+7.5,0.0030998376594186805,2.18161415352637,703.7833568147221,26.528915485083857,0.08161970429148964
315,5,nuisance,best_single,5,0.0030998376594186805,1.213530303290101,391.4818892540576,19.785901274747573,0.058716732278006556
315,5,nuisance,best_pair,5+7.5,0.0030998376594186805,1.2657902998402764,408.34083552544905,20.20744505189731,0.05738515072181798
315,5,expanded_nuisance,best_single,5,0.0030998376594186805,0.008323522292088992,2.6851478066273704,1.6386420617777913,0.0004936623022446127
315,5,expanded_nuisance,best_pair,5+7.5,0.0030998376594186805,0.010894482862116917,3.5145333591953274,1.8747088731841346,0.0006300125065257289
316,5,shared,best_single,5,0.00345954267894788,2.331494428850093,673.9313964928883,25.960188683691964,0.08967110909792066
316,5,shared,best_pair,5+7.5,0.00345954267894788,2.4109787725099983,696.9067868945117,26.39899215679477,0.08475154279808621
316,5,nuisance,best_single,5,0.00345954267894788,1.3243441092320156,382.8090103616749,19.565505624994078,0.059353339250372145
316,5,nuisance,best_pair,5+7.5,0.00345954267894788,1.3860732120147365,400.6521499067821,20.016297107776506,0.05829183289201826
316,5,expanded_nuisance,best_single,5,0.00345954267894788,0.009112219645902364,2.6339376303556925,1.6229410434010512,0.0004979141366406411
316,5,expanded_nuisance,best_pair,5+7.5,0.00345954267894788,0.011836601154008974,3.4214352162895514,1.8497121982323497,0.0006313433102325937
317,5,shared,best_single,5,0.0032662391268099,2.1417327523093626,655.7182953108426,25.606996999079033,0.0867389916174434
317,5,shared,best_pair,5+7.5,0.0032662391268099,2.207336667106125,675.8037551469805,25.99622578658257,0.08149439010491814
317,5,nuisance,best_single,5,0.0032662391268099,1.2299032005240216,376.55026248040036,19.404903052589578,0.058801919541270425
317,5,nuisance,best_pair,5+7.5,0.0032662391268099,1.2836544438444017,393.00687855580645,19.824401089460597,0.057462888612050116
317,5,expanded_nuisance,best_single,5,0.0032662391268099,0.008828695531440722,2.7030156668484993,1.6440850546271928,0.0005188183450916064
317,5,expanded_nuisance,best_pair,5+7.5,0.0032662391268099,0.011474859015006444,3.5131717456994074,1.874345684685567,0.0006573221032238451
318,5,shared,best_single,5,0.0033394831349651266,1.9565975377627955,585.8983138069442,24.205336473739507,0.08387964263992513
318,5,shared,best_pair,5+7.5,0.0033394831349651266,2.011760865610327,602.4168364699154,24.54418131594361,0.0785045657817046
318,5,nuisance,best_single,5,0.0033394831349651266,1.1371955048937405,340.5303931578669,18.45346561375036,0.05801674100817846
318,5,nuisance,best_pair,5+7.5,0.0033394831349651266,1.1842428853010671,354.61861534851977,18.831320063886114,0.05649667429704163
318,5,expanded_nuisance,best_single,5,0.0033394831349651266,0.008593294796494622,2.573240962507319,1.6041324641398287,0.0005414190258051733
318,5,expanded_nuisance,best_pair,5+7.5,0.0033394831349651266,0.011169894268607816,3.344797328561583,1.828878707996127,0.0006852571021762591
319,5,shared,best_single,5,0.003471788031494949,2.1968184481287043,632.7628381110457,25.15477763986487,0.08828960766984606
319,5,shared,best_pair,5+7.5,0.003471788031494949,2.267315452764303,653.0685146085946,25.55520523511002,0.0830627678076686
319,5,nuisance,best_single,5,0.003471788031494949,1.2562126300019922,361.83448373173525,19.0219474221683,0.059287186080229266
319,5,nuisance,best_pair,5+7.5,0.003471788031494949,1.3131003298499928,378.220190270249,19.447883953537183,0.05802531390003724
319,5,expanded_nuisance,best_single,5,0.003471788031494949,0.00886768736990895,2.5542133590715017,1.5981906516656583,0.0005115471547179869
319,5,expanded_nuisance,best_pair,5+7.5,0.003471788031494949,0.011543738994806318,3.325012613121889,1.8234617114493765,0.000649162077972391
320,5,shared,best_single,5,0.003507600842082459,2.208189932387361,629.5442474225092,25.09072034483086,0.0880510215260653
320,5,shared,best_pair,5+7.5,0.003507600842082459,2.278587195086127,649.6141658277548,25.487529614063323,0.08309385291476813
320,5,nuisance,best_single,5,0.003507600842082459,1.2687692228025216,361.7199561536354,19.01893677768648,0.05924873065603179
320,5,nuisance,best_pair,5+7.5,0.003507600842082459,1.3243017315901793,377.55200526293146,19.43069749810674,0.05804523383117627
320,5,expanded_nuisance,best_single,5,0.003507600842082459,0.009433553454964105,2.6894603689749985,1.6399574290130212,0.0005401463241709069
320,5,expanded_nuisance,best_pair,5+7.5,0.003507600842082459,0.012104544477591794,3.4509469641948596,1.8576724588029128,0.0006764318064526054
321,5,shared,best_single,5,0.0034180782314736646,2.3017972389424206,673.4185361082351,25.95030897905139,0.08975029897227772
321,5,shared,best_pair,5+7.5,0.0034180782314736646,2.379867089899571,696.2588123307871,26.3867165886699,0.08479432058519722
321,5,nuisance,best_single,5,0.0034180782314736646,1.3080770359632987,382.69370897322517,19.562558855457155,0.059455627949971036
321,5,nuisance,best_pair,5+7.5,0.0034180782314736646,1.3683828820560342,400.3369113837023,20.00842101175658,0.05835964351612876
321,5,expanded_nuisance,best_single,5,0.0034180782314736646,0.008790895792283315,2.5718825600118644,1.6037090010384878,0.0004864079567919141
321,5,expanded_nuisance,best_pair,5+7.5,0.0034180782314736646,0.011428949117000542,3.3436768684118396,1.8285723579918405,0.0006171724533192683
322,5,shared,best_single,5,0.0034274248582952804,2.1474577925067195,626.5513851629162,25.031008472750678,0.08718582136356322
322,5,shared,best_pair,5+7.5,0.0034274248582952804,2.2138073458715795,645.9098120017355,25.414755792683422,0.0820447625718793
322,5,nuisance,best_single,5,0.0034274248582952804,1.2351813041062436,360.3817312338084,18.9837227970124,0.05899109888875264
322,5,nuisance,best_pair,5+7.5,0.0034274248582952804,1.2886539552149476,375.983138505885,19.390284642208968,0.057681645700558885
322,5,expanded_nuisance,best_single,5,0.0034274248582952804,0.009055684999942137,2.642125028073181,1.625461481571674,0.0005308381414102296
322,5,expanded_nuisance,best_pair,5+7.5,0.0034274248582952804,0.011684964923532881,3.40925487987057,1.8464167676531131,0.0006679829479682605
323,5,shared,best_single,5,0.003378410239433638,2.1448230517279554,634.8616360124213,25.196460783459674,0.0875666329941189
323,5,shared,best_pair,5+7.5,0.003378410239433638,2.212039066273651,654.7573886836433,25.588227540875966,0.08217273128869192
323,5,nuisance,best_single,5,0.003378410239433638,1.2325849138306695,364.84169371843427,19.100829660473764,0.059239834749831265
323,5,nuisance,best_pair,5+7.5,0.003378410239433638,1.287978118639387,381.2379277110247,19.52531504767656,0.057861961480907186
323,5,expanded_nuisance,best_single,5,0.003378410239433638,0.00880495237394241,2.6062413235576996,1.614385741871409,0.000518491879500026
323,5,expanded_nuisance,best_pair,5+7.5,0.003378410239433638,0.011440757469995066,3.3864322741080177,1.84022614754492,0.0006562287428539281
324,5,shared,best_single,5,0.003453240236312549,2.2475543931966326,650.8537603501991,25.511835691502075,0.08855929198095434
324,5,shared,best_pair,5+7.5,0.003453240236312549,2.3207013972170585,672.0358962616391,25.923655148563427,0.08347936015277393
324,5,nuisance,best_single,5,0.003453240236312549,1.2836316836005595,371.7180374833265,19.279990598631695,0.05927255456451468
324,5,nuisance,best_pair,5+7.5,0.003453240236312549,1.3420624193173283,388.6385908529822,19.71391870869367,0.05809039203256158
324,5,expanded_nuisance,best_single,5,0.003453240236312549,0.009102560092966172,2.6359475362438434,1.6235601424782031,0.0005140188418507627
324,5,expanded_nuisance,best_pair,5+7.5,0.003453240236312549,0.011783076901506373,3.4121798934234064,1.847208676198606,0.0006490696385366789
325,5,shared,best_single,5,0.0033739117612683334,2.3133173932057565,685.6484570112544,26.184889860590484,0.0898395956734114
325,5,shared,best_pair,5+7.5,0.0033739117612683334,2.3924911757625185,709.1149220995408,26.629211818969424,0.08480849442277784
325,5,nuisance,best_single,5,0.0033739117612683334,1.3113811579871966,388.6827074262954,19.715037596370326,0.05939621575188512
325,5,nuisance,best_pair,5+7.5,0.0033739117612683334,1.3728243336089296,406.8939648536785,20.171612847109635,0.05829488293115413
325,5,expanded_nuisance,best_single,5,0.0033739117612683334,0.008628297672471419,2.557357240791572,1.5991739244971361,0.00047518070431753454
325,5,expanded_nuisance,best_pair,5+7.5,0.0033739117612683334,0.011249612630433337,3.3342936705032087,1.826004838576067,0.0006043882649253734
326,5,shared,best_single,5,0.00329528824147296,2.201470784652069,668.0662276960738,25.84697714813231,0.08854852733328732
326,5,shared,best_pair,5+7.5,0.00329528824147296,2.2725524456858373,689.6369237399487,26.26093912524738,0.08345117101889706
326,5,nuisance,best_single,5,0.00329528824147296,1.2611212621248618,382.7043856901433,19.562831740066244,0.05942482563750859
326,5,nuisance,best_pair,5+7.5,0.00329528824147296,1.3170270008588185,399.6697418706295,19.99174184183633,0.058184607575926944
326,5,expanded_nuisance,best_single,5,0.00329528824147296,0.008586696525607618,2.6057497543126766,1.6142334881647935,0.0004947820061334294
326,5,expanded_nuisance,best_pair,5+7.5,0.00329528824147296,0.011167616903865252,3.38896511792651,1.8409142071064881,0.0006277022495304014
327,5,shared,best_single,5,0.003342520134967275,2.155295272850617,644.8114553756363,25.393137958425626,0.08773831614227168
327,5,shared,best_pair,5+7.5,0.003342520134967275,2.222968530106271,665.0576332662945,25.788711353347892,0.08239786620226247
327,5,nuisance,best_single,5,0.003342520134967275,1.2335103831960947,369.03603669934853,19.210310687215564,0.059122352474713535
327,5,nuisance,best_pair,5+7.5,0.003342520134967275,1.2891800052289053,385.69102149672676,19.639017834319688,0.05780305781002923
327,5,expanded_nuisance,best_single,5,0.003342520134967275,0.00870373980076078,2.6039453613780528,1.6136744905271487,0.000510214037908564
327,5,expanded_nuisance,best_pair,5+7.5,0.003342520134967275,0.011412118426978868,3.414225783591457,1.8477623720574725,0.0006518748411486813
328,5,shared,best_single,5,0.003607755500584231,2.2102269399682886,612.6321308665097,24.75140664419923,0.08881548250340279
328,5,shared,best_pair,5+7.5,0.003607755500584231,2.28220113511329,632.5819847669045,25.15118257193694,0.08366938054448891
328,5,nuisance,best_single,5,0.003607755500584231,1.269232487493561,351.8066807154821,18.75651035548676,0.05959210545494085
328,5,nuisance,best_pair,5+7.5,0.003607755500584231,1.3267675660432259,367.7542909513609,19.17692078909857,0.05835189807097
328,5,expanded_nuisance,best_single,5,0.003607755500584231,0.009373764145647279,2.59822600066144,1.6119013619516054,0.0005378274158600683
328,5,expanded_nuisance,best_pair,5+7.5,0.003607755500584231,0.012123923710712692,3.3605170053096374,1.8331712973177485,0.0006783301941100011
329,5,shared,best_single,5,0.00318771738221435,2.1829794796893105,684.8096044740648,26.16886708426761,0.08824492748226291
329,5,shared,best_pair,5+7.5,0.00318771738221435,2.2528096043975,706.7156006259828,26.58412309304151,0.08309110247770558
329,5,nuisance,best_single,5,0.00318771738221435,1.2490083044729992,391.81902117225167,19.79441894000053,0.05927757406413101
329,5,nuisance,best_pair,5+7.5,0.00318771738221435,1.3042551983842887,409.15019808885535,20.22746148405319,0.058016619640484435
329,5,expanded_nuisance,best_single,5,0.00318771738221435,0.008311183165368607,2.607252202387916,1.6146987961808592,0.00048209406119321225
329,5,expanded_nuisance,best_pair,5+7.5,0.00318771738221435,0.010864760112167637,3.4083197502974447,1.846163522090458,0.0006146103892345579
330,5,shared,best_single,5,0.0033160136387069272,2.1322308356344153,643.0102731621678,25.35764723238668,0.08711376651846969
330,5,shared,best_pair,5+7.5,0.0033160136387069272,2.1978833991629583,662.8089141454853,25.745075531943684,0.08196914477354518
330,5,nuisance,best_single,5,0.0033160136387069272,1.2255334431426912,369.58033852375394,19.224472386095645,0.05893220425170894
330,5,nuisance,best_pair,5+7.5,0.0033160136387069272,1.2783017226726303,385.49350574176214,19.633988533707615,0.05761587776313309
330,5,expanded_nuisance,best_single,5,0.0033160136387069272,0.008856060438189317,2.670694817058328,1.6342260605737284,0.000522439242824639
330,5,expanded_nuisance,best_pair,5+7.5,0.0033160136387069272,0.0114708661811318,3.459233715819348,1.8599015339042408,0.0006599066494629718
331,5,shared,best_single,5,0.0036201294648052773,1.99699302410752,551.6358029518527,23.48692834220458,0.0851697356837064
331,5,shared,best_pair,5+7.5,0.0036201294648052773,2.0548428287037046,567.6158404501239,23.824689724110236,0.07965214682639574
331,5,nuisance,best_single,5,0.0036201294648052773,1.159449304686781,320.278408813522,17.89632389105433,0.05863680010377061
331,5,nuisance,best_pair,5+7.5,0.0036201294648052773,1.2097884537006498,334.1837537751493,18.28069347084922,0.057134104093983014
331,5,expanded_nuisance,best_single,5,0.0036201294648052773,0.00924849417176965,2.55474127698555,1.598355804251841,0.0005760988890087174
331,5,expanded_nuisance,best_pair,5+7.5,0.0036201294648052773,0.012031927979709867,3.3236181458933127,1.8230793032376054,0.0007295868637989577
332,5,shared,best_single,5,0.0029672585150362085,2.1861981638628825,736.773743435093,27.1435764672803,0.08788364716882688
332,5,shared,best_pair,5+7.5,0.0029672585150362085,2.255535781853938,760.1413124014288,27.57066035483062,0.08273682315785089
332,5,nuisance,best_single,5,0.0029672585150362085,1.2465783919473687,420.1111516339038,20.49661317471508,0.058939372407662706
332,5,nuisance,best_pair,5+7.5,0.0029672585150362085,1.301121807436032,438.49290543535767,20.940222191642516,0.057673169236350325
332,5,expanded_nuisance,best_single,5,0.0029672585150362085,0.00795696200436824,2.681587048801895,1.6375552048104804,0.000459913794163974
332,5,expanded_nuisance,best_pair,5+7.5,0.0029672585150362085,0.010461111744211049,3.525514103742793,1.8776352424639864,0.0005897279634188997
333,5,shared,best_single,5,0.003647756288656101,2.2435647373289567,615.0533532917372,24.800269218130218,0.08883819641851934
333,5,shared,best_pair,5+7.5,0.003647756288656101,2.316919382384429,635.162877955869,25.20243793675265,0.08386013278134942
333,5,nuisance,best_single,5,0.003647756288656101,1.2833241761528493,351.8119289229295,18.756650258586408,0.059360612962048614
333,5,nuisance,best_pair,5+7.5,0.003647756288656101,1.3410237100904503,367.62974386770435,19.173673197061234,0.05820214840082371
333,5,expanded_nuisance,best_single,5,0.003647756288656101,0.009379197120175764,2.5712236174723255,1.6035035445774124,0.0005299575142202014
333,5,expanded_nuisance,best_pair,5+7.5,0.003647756288656101,0.01210682608076441,3.318978879815675,1.8218064880265619,0.0006675666711308098
334,5,shared,best_single,5,0.0037446880968634577,2.19010862194217,584.8574207760054,24.18382560258003,0.08766417291961542
334,5,shared,best_pair,5+7.5,0.0037446880968634577,2.2586771778789285,603.1683065328702,24.55948506245337,0.08249564800717085
334,5,nuisance,best_single,5,0.0037446880968634577,1.2576511756464561,335.84938000573715,18.326193822115304,0.059184953378231986
334,5,nuisance,best_pair,5+7.5,0.0037446880968634577,1.3137135809257299,350.820561537847,18.730204524720147,0.057917038047185586
334,5,expanded_nuisance,best_single,5,0.0037446880968634577,0.009585050265665807,2.559639152241871,1.599887231101577,0.000553717284999819
334,5,expanded_nuisance,best_pair,5+7.5,0.0037446880968634577,0.012342667732151202,3.2960469371239203,1.8155018416746154,0.0006953312270992983
335,5,shared,best_single,5,0.0034355463688455767,2.112889920316184,615.0084130653618,24.799363158463603,0.08674550244813321
335,5,shared,best_pair,5+7.5,0.0034355463688455767,2.1770673715355993,633.688833682412,25.173176869088493,0.0815750107386392
335,5,nuisance,best_single,5,0.0034355463688455767,1.2163499489188951,354.048473904783,18.816175857617377,0.058913831517458555
335,5,nuisance,best_pair,5+7.5,0.0034355463688455767,1.2685954931054086,369.25582044514397,19.21603029881937,0.057586868797941795
335,5,expanded_nuisance,best_single,5,0.0034355463688455767,0.008892558651862004,2.588397214632882,1.6088496556959206,0.0005288839253512449
335,5,expanded_nuisance,best_pair,5+7.5,0.0034355463688455767,0.011528669493611865,3.355701904697553,1.831857501198593,0.0006685349335518452
336,5,shared,best_single,5,0.003348526500729365,2.0806224049054873,621.3546180543271,24.926985739441644,0.08594872600435433
336,5,shared,best_pair,5+7.5,0.003348526500729365,2.1422432923888515,639.7570071260403,25.293418257049407,0.08070361915327194
336,5,nuisance,best_single,5,0.003348526500729365,1.202281122831828,359.0478147835924,18.94855706336481,0.058725388362827084
336,5,nuisance,best_pair,5+7.5,0.003348526500729365,1.2537780311456599,374.42679067122987,19.350110869739993,0.0573486700194199
336,5,expanded_nuisance,best_single,5,0.003348526500729365,0.009137553474955595,2.7288281794888833,1.6519165171063832,0.0005498790115235389
336,5,expanded_nuisance,best_pair,5+7.5,0.003348526500729365,0.011816486443156471,3.5288615576381557,1.8785264325098425,0.0006932328077934645
337,5,shared,best_single,5,0.003453634810436146,2.149178749365467,622.2947321677175,24.945835968508202,0.08757232931415808
337,5,shared,best_pair,5+7.5,0.003453634810436146,2.215941562138329,641.625905391684,25.330335674674426,0.08240134200801641
337,5,nuisance,best_single,5,0.003453634810436146,1.2345767410937891,357.47170991071846,18.90692227494254,0.05913120430662404
337,5,nuisance,best_pair,5+7.5,0.003453634810436146,1.2889517833246236,373.21600402847656,19.318799238784912,0.05785207429838825
337,5,expanded_nuisance,best_single,5,0.003453634810436146,0.009083739150014924,2.6301967777733206,1.6217881420744575,0.000532651601401783
337,5,expanded_nuisance,best_pair,5+7.5,0.003453634810436146,0.011772924407660756,3.408850400767764,1.8463072335794397,0.0006731996680185283
338,5,shared,best_single,5,0.0031811620155006715,2.2206627000690538,698.0665207394512,26.42094852081301,0.08868042761739392
338,5,shared,best_pair,5+7.5,0.0031811620155006715,2.292976935086254,720.7985396258954,26.847691513906653,0.08365140700434154
338,5,nuisance,best_single,5,0.0031811620155006715,1.2685415196956331,398.7667127654867,19.969144016844755,0.05926501189382796
338,5,nuisance,best_pair,5+7.5,0.0031811620155006715,1.324381590983352,416.32006937405623,20.403922891788632,0.058051585097374764
338,5,expanded_nuisance,best_single,5,0.0031811620155006715,0.008376698159275442,2.6332195966312844,1.6227198145802264,0.00047792255051859613
338,5,expanded_nuisance,best_pair,5+7.5,0.0031811620155006715,0.010906854057086246,3.428575471460122,1.8516412912495017,0.0006071614497603518
339,5,shared,best_single,5,0.003376317908365234,2.170635235597241,642.9001339652381,25.35547542376672,0.08824132273743872
339,5,shared,best_pair,5+7.5,0.003376317908365234,2.240542434099472,663.6052927801196,25.76053750953422,0.08288203222318037
339,5,nuisance,best_single,5,0.003376317908365234,1.2422939568279558,367.9434195903244,19.181851307689893,0.059370429544349575
339,5,nuisance,best_pair,5+7.5,0.003376317908365234,1.2993504189305454,384.84243906986615,19.617401435202016,0.05807002077201754
339,5,expanded_nuisance,best_single,5,0.003376317908365234,0.008683823915897726,2.5719805277762817,1.6037395448688923,0.0005064276256939279
339,5,expanded_nuisance,best_pair,5+7.5,0.003376317908365234,0.011319002783320098,3.352469492068832,1.8309750113174215,0.0006430355734558285
340,5,shared,best_single,5,0.003511444174563616,2.1855638353433076,622.4116707237466,24.948179707620888,0.08775499562570904
340,5,shared,best_pair,5+7.5,0.003511444174563616,2.254118795816931,641.9349657173636,25.336435536936992,0.08238069211470318
340,5,nuisance,best_single,5,0.003511444174563616,1.2485749288432608,355.5730539268582,18.856644821570413,0.0590777462932965
340,5,nuisance,best_pair,5+7.5,0.003511444174563616,1.305435552777335,371.7659993667898,19.281234383897463,0.057757063552501896
340,5,expanded_nuisance,best_single,5,0.003511444174563616,0.009170561299523872,2.611620986588386,1.6160510470243155,0.0005312470453091735
340,5,expanded_nuisance,best_pair,5+7.5,0.003511444174563616,0.011872620236557108,3.3811217397561433,1.8387826787731452,0.0006701201955082452
341,5,shared,best_single,5,0.0033834956235354596,2.2160094537210244,654.9467474722153,25.59192738877272,0.08833202189367395
341,5,shared,best_pair,5+7.5,0.0033834956235354596,2.2869999300209467,675.9281478340528,25.998618190858775,0.08325021261905749
341,5,nuisance,best_single,5,0.0033834956235354596,1.2658045293150229,374.11147232174244,19.341961439361377,0.059167095286297725
341,5,nuisance,best_pair,5+7.5,0.0033834956235354596,1.3222751277306073,390.8014890082655,19.768699729832143,0.057956303776521514
341,5,expanded_nuisance,best_single,5,0.0033834956235354596,0.008911193890159375,2.6337240775999438,1.6228752501655646,0.0005091004847635301
341,5,expanded_nuisance,best_pair,5+7.5,0.0033834956235354596,0.011570069065485189,3.4195608189956723,1.8492054561339777,0.0006448481235347455
342,5,shared,best_single,5,0.0032804151550276384,2.204516826089921,672.02372928659,25.92342047814273,0.08799182325814918
342,5,shared,best_pair,5+7.5,0.0032804151550276384,2.2748137778814166,693.4530144439144,26.33349605433951,0.08265118035955432
342,5,nuisance,best_single,5,0.0032804151550276384,1.2588619689695235,383.750808808502,19.58955866803798,0.05914981566567575
342,5,nuisance,best_pair,5+7.5,0.0032804151550276384,1.3161738335744964,401.22172693821955,20.030519886868127,0.05784303344188285
342,5,expanded_nuisance,best_single,5,0.0032804151550276384,0.008747928006187067,2.66671369103383,1.633007560005106,0.0005032040723005056
342,5,expanded_nuisance,best_pair,5+7.5,0.0032804151550276384,0.01134285572886995,3.4577500690684326,1.8595026402423935,0.0006358177012565255
343,5,shared,best_single,5,0.002982244824826452,2.156021408062511,722.9525188925352,26.887776384307706,0.08751650059289652
343,5,shared,best_pair,5+7.5,0.002982244824826452,2.223394185450966,745.5438154982307,27.304648239782008,0.08243718985296848
343,5,nuisance,best_single,5,0.002982244824826452,1.230923713494336,412.75072497308065,20.316267496099787,0.058795212722725344
343,5,nuisance,best_pair,5+7.5,0.002982244824826452,1.283434959931486,430.35868458793414,20.74508820390827,0.05751968992283165
343,5,expanded_nuisance,best_single,5,0.002982244824826452,0.007905013655125526,2.650692387599515,1.6280947108812542,0.0004615970142397513
343,5,expanded_nuisance,best_pair,5+7.5,0.002982244824826452,0.010368653589202914,3.4767948972151554,1.8646165550094087,0.0005906014801725217
344,5,shared,best_single,5,0.0034922156296040008,2.2730536103566346,650.8915403412209,25.512576121223447,0.0893226126615558
344,5,shared,best_pair,5+7.5,0.0034922156296040008,2.348599456454084,672.5241810799647,25.93307118487829,0.08418804438679942
344,5,nuisance,best_single,5,0.0034922156296040008,1.2937933086243765,370.4792160188247,19.247836658150046,0.05945885925659979
344,5,nuisance,best_pair,5+7.5,0.0034922156296040008,1.354213021764874,387.7804710239026,19.69214236755114,0.05830480742411372
344,5,expanded_nuisance,best_single,5,0.0034922156296040008,0.009077475324757778,2.599345598194667,1.6122486155040316,0.000508751878489259
344,5,expanded_nuisance,best_pair,5+7.5,0.0034922156296040008,0.011831952014159874,3.3880931961528264,1.840677374270903,0.0006467907642528177
345,5,shared,best_single,5,0.003093007624258126,2.1521234198898984,695.8028176235409,26.378074562475952,0.08754604784240846
345,5,shared,best_pair,5+7.5,0.003093007624258126,2.2194348426649304,717.5652673010379,26.78740874554756,0.08219471482869782
345,5,nuisance,best_single,5,0.003093007624258126,1.229502008465633,397.5101770919609,19.937657261874097,0.0589127586177382
345,5,nuisance,best_pair,5+7.5,0.003093007624258126,1.283863511949172,415.0857895984376,20.373654301534557,0.057547433217662855
345,5,expanded_nuisance,best_single,5,0.003093007624258126,0.008201230079109667,2.651538914675897,1.6283546648921103,0.000480536688531074
345,5,expanded_nuisance,best_pair,5+7.5,0.003093007624258126,0.0107180947521055,3.465266192053533,1.8615225467486374,0.0006119250941258509
346,5,shared,best_single,5,0.003250856030824867,1.9670158299707645,605.0762664723904,24.598298040156973,0.08493810621347649
346,5,shared,best_pair,5+7.5,0.003250856030824867,2.022853242681733,622.2524847304472,24.94498917078232,0.0793881224155451
346,5,nuisance,best_single,5,0.003250856030824867,1.1378239749520604,350.00749469159075,18.70848723685565,0.058356465797857214
346,5,nuisance,best_pair,5+7.5,0.003250856030824867,1.1865727533630162,365.00316904588885,19.105056112084277,0.05683930344919454
346,5,expanded_nuisance,best_single,5,0.003250856030824867,0.008401544787342452,2.5844099854556335,1.6076100228151209,0.0005291129520379043
346,5,expanded_nuisance,best_pair,5+7.5,0.003250856030824867,0.010986361211823503,3.379528686490568,1.8383494462399057,0.0006736144141136817
347,5,shared,best_single,5,0.003388965840628533,2.1439073652077747,632.6140380364991,25.15181977584324,0.08702620400625337
347,5,shared,best_pair,5+7.5,0.003388965840628533,2.210203408916579,652.1763608294928,25.537743847675596,0.08177095696467483
347,5,nuisance,best_single,5,0.003388965840628533,1.2376058679466329,365.18688182383715,19.10986346952372,0.05907023942182019
347,5,nuisance,best_pair,5+7.5,0.003388965840628533,1.2914767782556418,381.08285506239235,19.521343577284643,0.057707218285131916
347,5,expanded_nuisance,best_single,5,0.003388965840628533,0.009090640731774347,2.6824232403854373,1.6378105019767817,0.000533725023973
347,5,expanded_nuisance,best_pair,5+7.5,0.003388965840628533,0.011791515518781992,3.4793845890742543,1.8653108558828082,0.0006748140273817185
348,5,shared,best_single,5,0.003378219630628232,2.2280805601541855,659.542837284336,25.68156609874748,0.08907071165145863
348,5,shared,best_pair,5+7.5,0.003378219630628232,2.300627911328699,681.0178623291174,26.0963189421251,0.08409972160776483
348,5,nuisance,best_single,5,0.003378219630628232,1.2714941701875357,376.37996021918855,19.40051443181826,0.05935774227042365
348,5,nuisance,best_pair,5+7.5,0.003378219630628232,1.3275582527538725,392.975708481983,19.823614919635194,0.05818663773927934
348,5,expanded_nuisance,best_single,5,0.003378219630628232,0.008826421347390756,2.6127434899042803,1.6163983079378301,0.0005020615071518799
348,5,expanded_nuisance,best_pair,5+7.5,0.003378219630628232,0.011405227836333687,3.376106080531155,1.837418319417534,0.0006331878516776213
349,5,shared,best_single,5,0.003552310898992106,1.9546344718956299,550.2430748531094,23.45726059993173,0.08478605080542971
349,5,shared,best_pair,5+7.5,0.003552310898992106,2.0103035533590727,565.9143049470852,23.78895342269359,0.07946405689976835
349,5,nuisance,best_single,5,0.003552310898992106,1.136033009556946,319.8011215401421,17.882984134090766,0.058434892119370356
349,5,nuisance,best_pair,5+7.5,0.003552310898992106,1.1842231242376142,333.36697094097616,18.258339764090714,0.057005477265489865
349,5,expanded_nuisance,best_single,5,0.003552310898992106,0.009233654488932874,2.5993373754399514,1.6122460654130781,0.0005838722424440651
349,5,expanded_nuisance,best_pair,5+7.5,0.003552310898992106,0.011971885789760606,3.370168358055985,1.8358018297343492,0.0007375223646440589
350,5,shared,best_single,5,0.0031211877755410455,2.1406243339608864,685.8364468603039,26.18847927735217,0.08771395088839463
350,5,shared,best_pair,5+7.5,0.0031211877755410455,2.2081663498074176,707.4762906325432,26.598426469107963,0.08226131798302971
350,5,nuisance,best_single,5,0.0031211877755410455,1.2269984013177995,393.1190590111497,19.827230240534096,0.05919024793340899
350,5,nuisance,best_pair,5+7.5,0.0031211877755410455,1.282013175990875,410.74528935339146,20.26685198429671,0.05778151860422397
350,5,expanded_nuisance,best_single,5,0.0031211877755410455,0.008111626799478522,2.5988909936930673,1.6121076247239412,0.00047871010306108866
350,5,expanded_nuisance,best_pair,5+7.5,0.0031211877755410455,0.010605849453909855,3.3980171065072726,1.8433711255488605,0.0006095456066828539
351,5,shared,best_single,5,0.0033915712127421394,2.1117770354103387,622.6544875355671,24.95304565650388,0.08709721978643577
351,5,shared,best_pair,5+7.5,0.0033915712127421394,2.1763823085116334,641.7032614072679,25.331862572800837,0.08184451879900986
351,5,nuisance,best_single,5,0.0033915712127421394,1.211695656734088,357.26675948355296,18.901501513994937,0.058880682453072146
351,5,nuisance,best_pair,5+7.5,0.0033915712127421394,1.2638754123427496,372.65188700575334,19.30419350829641,0.057523579837473776
351,5,expanded_nuisance,best_single,5,0.0033915712127421394,0.00849283794444533,2.50410131815535,1.5824352492773124,0.0005052505971113097
351,5,expanded_nuisance,best_pair,5+7.5,0.0033915712127421394,0.011018542247578367,3.248801678166651,1.8024432524123057,0.000638973588230714
352,5,shared,best_single,5,0.0035482168690061933,2.1530764183628994,606.8051919740595,24.63341616532428,0.08782112025130961
352,5,shared,best_pair,5+7.5,0.0035482168690061933,2.220894991822517,625.9186159735943,25.018365573586024,0.08256928622245263
352,5,nuisance,best_single,5,0.0035482168690061933,1.2337815121157394,347.7187437140235,18.647218122659034,0.059191222203859896
352,5,nuisance,best_pair,5+7.5,0.0035482168690061933,1.289194386359662,363.3358483865017,19.06137057995835,0.05790740073426046
352,5,expanded_nuisance,best_single,5,0.0035482168690061933,0.008909862377160849,2.511081680206424,1.5846392902507573,0.0005224212908349899
352,5,expanded_nuisance,best_pair,5+7.5,0.0035482168690061933,0.011578276035711266,3.2631252437944083,1.8064122574302932,0.0006616959259088832
353,5,shared,best_single,5,0.0033347003767851824,2.131477974235008,639.1812557054553,25.282034247770795,0.08673711123719484
353,5,shared,best_pair,5+7.5,0.0033347003767851824,2.196340185630717,658.6319421441092,25.663825555518983,0.08155510177308269
353,5,nuisance,best_single,5,0.0033347003767851824,1.225751353659753,367.57465893875553,19.17223667021549,0.05886356591700776
353,5,nuisance,best_pair,5+7.5,0.0033347003767851824,1.2790749132652859,383.5651689038336,19.584819858855827,0.05755579444989003
353,5,expanded_nuisance,best_single,5,0.0033347003767851824,0.008985782363627237,2.694629606360611,1.6415327003628686,0.0005303649044650897
353,5,expanded_nuisance,best_pair,5+7.5,0.0033347003767851824,0.011676498767303478,3.501513613813846,1.8712331799681852,0.0006720660375826549
354,5,shared,best_single,5,0.0033868204195670604,2.1379687952250306,631.2613396544741,25.12491471934729,0.08712149416013867
354,5,shared,best_pair,5+7.5,0.0033868204195670604,2.204043892458951,650.7708172908369,25.51021005971603,0.0818831673437277
354,5,nuisance,best_single,5,0.0033868204195670604,1.2275641665963615,362.4532790413735,19.03820577263975,0.0589704186779325
354,5,nuisance,best_pair,5+7.5,0.0033868204195670604,1.2811917156955552,378.2874664076021,19.449613528489508,0.057635745461807705
354,5,expanded_nuisance,best_single,5,0.0033868204195670604,0.008741916999507993,2.5811575213738314,1.6065981206804119,0.0005153056011077149
354,5,expanded_nuisance,best_pair,5+7.5,0.0033868204195670604,0.011366723485913166,3.356163621856922,1.8319835211750464,0.0006531219669737205
355,5,shared,best_single,5,0.003456666918100426,2.1253191026324068,614.8463687673884,24.79609583719559,0.08720356418588504
355,5,shared,best_pair,5+7.5,0.003456666918100426,2.1908638236403912,633.8081960307464,25.17554758154719,0.08202631921948876
355,5,nuisance,best_single,5,0.003456666918100426,1.2232584723221933,353.88381388925427,18.811799857782198,0.05905334691115305
355,5,nuisance,best_pair,5+7.5,0.003456666918100426,1.2763308940849305,369.2374545553045,19.215552413482797,0.05773258728375389
355,5,expanded_nuisance,best_single,5,0.003456666918100426,0.00903342156528364,2.613332953192915,1.6165806361554982,0.0005347860495201715
355,5,expanded_nuisance,best_pair,5+7.5,0.003456666918100426,0.011675767699776962,3.377753187221537,1.8378664769839883,0.0006739746632258056
356,5,shared,best_single,5,0.003363227858346196,2.189587646786266,651.0375564809202,25.5154376110017,0.08822515997479423
356,5,shared,best_pair,5+7.5,0.003363227858346196,2.259835402191009,671.9245609788213,25.921507691081963,0.08289308760791454
356,5,nuisance,best_single,5,0.003363227858346196,1.2514742177106173,372.1050938029534,19.290025759520212,0.05925769436873667
356,5,nuisance,best_pair,5+7.5,0.003363227858346196,1.3082857203289382,388.9970514731235,19.72300817505087,0.05793927024074061
356,5,expanded_nuisance,best_single,5,0.003363227858346196,0.008576540067696037,2.5500918846198513,1.5969007121984296,0.0004964115617636251
356,5,expanded_nuisance,best_pair,5+7.5,0.003363227858346196,0.01116666146058476,3.320221504729018,1.822147498071717,0.0006297507258262771
357,5,shared,best_single,5,0.0034274553258382134,2.1997884998989705,641.8139087957313,25.33404643549331,0.08782999366649301
357,5,shared,best_pair,5+7.5,0.0034274553258382134,2.2693546657349533,662.110647694573,25.73151079308351,0.08279165020054594
357,5,nuisance,best_single,5,0.0034274553258382134,1.262256281743699,368.27796768875567,19.190569759357217,0.05918036723345757
357,5,nuisance,best_pair,5+7.5,0.0034274553258382134,1.3177684253139663,384.47428194901266,19.60801575756743,0.0579568394615195
357,5,expanded_nuisance,best_single,5,0.0034274553258382134,0.009105004698637398,2.656491137900008,1.6298745773525054,0.0005236282947562724
357,5,expanded_nuisance,best_pair,5+7.5,0.0034274553258382134,0.011766192783750462,3.4329237481375308,1.8528150874109188,0.0006602304914643564
358,5,shared,best_single,5,0.003198871382121826,1.999187103621628,624.9663912075008,24.999327815113364,0.0851987716245336
358,5,shared,best_pair,5+7.5,0.003198871382121826,2.057350945306676,643.1490046161299,25.360382580239794,0.07944568861375464
358,5,nuisance,best_single,5,0.003198871382121826,1.1536538374334324,360.6440208509442,18.9906298171215,0.05836586920718735
358,5,nuisance,best_pair,5+7.5,0.003198871382121826,1.2036309728986088,376.26738593667204,19.397612892742035,0.05673951612259718
358,5,expanded_nuisance,best_single,5,0.003198871382121826,0.008204131458053876,2.564695631060989,1.6014667124423752,0.0005100480570212252
358,5,expanded_nuisance,best_pair,5+7.5,0.003198871382121826,0.010639869404550417,3.326132292787884,1.8237687059459826,0.0006433374328136997
359,5,shared,best_single,5,0.0033343177167064475,2.307475233894129,692.0382008986813,26.30661895604757,0.0891984941492867
359,5,shared,best_pair,5+7.5,0.0033343177167064475,2.384594581875728,715.1671749599101,26.742609726051608,0.08426335275919863
359,5,nuisance,best_single,5,0.0033343177167064475,1.3120342650462884,393.494074806489,19.836685076052625,0.05925365116830711
359,5,nuisance,best_pair,5+7.5,0.0033343177167064475,1.3724307730165777,411.60767797863883,20.288116669090773,0.05816927714319526
359,5,expanded_nuisance,best_single,5,0.0033343177167064475,0.009003565529692725,2.7002722279825853,1.6432505067647432,0.0004966227339795352
359,5,expanded_nuisance,best_pair,5+7.5,0.0033343177167064475,0.011714125123850394,3.5132000364444282,1.8743532315026503,0.0006307494201354764
360,5,shared,best_single,5,0.0036931937724073993,2.1952168171334088,594.3952449866886,24.38022241462716,0.0883473566473319
360,5,shared,best_pair,5+7.5,0.0036931937724073993,2.265435611666816,613.4082724259814,24.767080417884976,0.0832078368165472
360,5,nuisance,best_single,5,0.0036931937724073993,1.2607629792172779,341.3747170908535,18.47632856091419,0.059454337893490014
360,5,nuisance,best_pair,5+7.5,0.0036931937724073993,1.3172684344676788,356.6746062200307,18.885830832135255,0.05820189380804032
360,5,expanded_nuisance,best_single,5,0.0036931937724073993,0.009443583754984441,2.5570236323746056,1.599069614611761,0.0005449617020258169
360,5,expanded_nuisance,best_pair,5+7.5,0.0036931937724073993,0.01215544990428219,3.291311166800406,1.8141971135464872,0.0006840095534203016
361,5,shared,best_single,5,0.003319817697943206,2.128412410029176,641.1232795547281,25.32041231012497,0.08710329907245586
361,5,shared,best_pair,5+7.5,0.003319817697943206,2.1939244497225925,660.8569052095357,25.70713724259346,0.08189643663796334
361,5,nuisance,best_single,5,0.003319817697943206,1.2230947200476026,368.42225427178465,19.194328700733053,0.05899141633885795
361,5,nuisance,best_pair,5+7.5,0.003319817697943206,1.2759575705373074,384.3456739590934,19.604736008400966,0.05765653091779408
361,5,expanded_nuisance,best_single,5,0.003319817697943206,0.008568862754095186,2.581124487469305,1.6065878399481632,0.0005068029942737418
361,5,expanded_nuisance,best_pair,5+7.5,0.003319817697943206,0.011143766391562338,3.3567404615218663,1.8321409502333237,0.0006425554419606558
362,5,shared,best_single,5,0.0031435673871529346,2.0799371833573215,661.6486708246068,25.722532356372046,0.08687249367103798
362,5,shared,best_pair,5+7.5,0.0031435673871529346,2.1442773178017376,682.1159064586702,26.11734876396665,0.08115672749797136
362,5,nuisance,best_single,5,0.0031435673871529346,1.2003357930041805,381.8387345248865,19.540694320440267,0.05910314784041078
362,5,nuisance,best_pair,5+7.5,0.0031435673871529346,1.2530875654724438,398.6195971473479,19.965460103572568,0.05749713317999609
362,5,expanded_nuisance,best_single,5,0.0031435673871529346,0.007988387776574069,2.541185472664224,1.5941096175182634,0.0004828198228186776
362,5,expanded_nuisance,best_pair,5+7.5,0.0031435673871529346,0.010160367860201802,3.2321139040075875,1.7978080831967542,0.0005974204680640844
363,5,shared,best_single,5,0.0034329601020854916,2.246252130300453,654.3193231217209,25.57966620426703,0.0888850324687947
363,5,shared,best_pair,5+7.5,0.0034329601020854916,2.320076649539042,675.8239480061585,25.99661416427452,0.083733591667732
363,5,nuisance,best_single,5,0.0034329601020854916,1.2815135963337867,373.29696769714246,19.320894588427898,0.059403806665037966
363,5,nuisance,best_pair,5+7.5,0.0034329601020854916,1.3402540638314155,390.407701801493,19.758737353421473,0.058202110799196294
363,5,expanded_nuisance,best_single,5,0.0034329601020854916,0.008842045388624875,2.575633018063162,1.6048778826014027,0.0005004077716450832
363,5,expanded_nuisance,best_pair,5+7.5,0.0034329601020854916,0.011486859186886189,3.346050884747547,1.8292213875711019,0.0006339256829042702
364,5,shared,best_single,5,0.003625036275885618,2.0802196688325334,573.847959169546,23.955123860450943,0.086683575909062
364,5,shared,best_pair,5+7.5,0.003625036275885618,2.143202114436116,591.2222530552523,24.31506226714734,0.08135342261232678
364,5,nuisance,best_single,5,0.003625036275885618,1.2043852159226909,332.240872714702,18.22747576365696,0.059129885721153734
364,5,nuisance,best_pair,5+7.5,0.003625036275885618,1.2568487978587366,346.7134401439006,18.620242752013212,0.057723947168185546
364,5,expanded_nuisance,best_single,5,0.003625036275885618,0.0093890772555687,2.5900643582593923,1.6093676889571855,0.000566314035683713
364,5,expanded_nuisance,best_pair,5+7.5,0.003625036275885618,0.012119981707501282,3.3434097716829876,1.828499322308594,0.0007122718339124241
365,5,shared,best_single,5,0.0034667095088793953,2.1420983310105495,617.9053438206818,24.85770190143654,0.0876214718884012
365,5,shared,best_pair,5+7.5,0.0034667095088793953,2.2085008961694554,637.0596932084302,25.24004146606004,0.08247434085513329
365,5,nuisance,best_single,5,0.0034667095088793953,1.233018606770843,355.674048723342,18.85932259449798,0.05928124117464515
365,5,nuisance,best_pair,5+7.5,0.0034667095088793953,1.2871254602019178,371.2816020220793,19.26866892190738,0.0580035851444261
365,5,expanded_nuisance,best_single,5,0.0034667095088793953,0.009161311140837292,2.6426532472282807,1.6256239562790284,0.0005398386980262433
365,5,expanded_nuisance,best_pair,5+7.5,0.0034667095088793953,0.011885659518733327,3.428513259703532,1.8516244920889149,0.0006830625230374028
366,5,shared,best_single,5,0.0032870820923545097,2.1181118252193505,644.3744834197811,25.38453236559187,0.08738275603307145
366,5,shared,best_pair,5+7.5,0.0032870820923545097,2.1836376854278425,664.3088380745979,25.77418937764286,0.08220266725315285
366,5,nuisance,best_single,5,0.0032870820923545097,1.2173248912881998,370.3360175030615,19.244116438617322,0.05909047144898924
366,5,nuisance,best_pair,5+7.5,0.0032870820923545097,1.2696043864243687,386.2405473162253,19.653003518959267,0.05775809778212642
366,5,expanded_nuisance,best_single,5,0.0032870820923545097,0.008454210210303792,2.5719498244256234,1.603729972416062,0.0005024869134133785
366,5,expanded_nuisance,best_pair,5+7.5,0.0032870820923545097,0.010980953692772744,3.3406387136827416,1.8277414241852543,0.0006363793509378321
367,5,shared,best_single,5,0.002988093903088629,2.204139387844146,737.6406027822111,27.159539811679636,0.08873120012117688
367,5,shared,best_pair,5+7.5,0.002988093903088629,2.2745412681620834,761.2014019408878,27.589878614102087,0.08380812583025056
367,5,nuisance,best_single,5,0.002988093903088629,1.2492946866334644,418.09083889302707,20.447269717324783,0.058950460604558566
367,5,nuisance,best_pair,5+7.5,0.002988093903088629,1.302911753107523,436.0344070046709,20.881436899903964,0.05779898980177821
367,5,expanded_nuisance,best_single,5,0.002988093903088629,0.007609829564604986,2.5467170080361674,1.5958436665401055,0.0004362238084936907
367,5,expanded_nuisance,best_pair,5+7.5,0.002988093903088629,0.010040717032440583,3.3602414643201284,1.8330961415921774,0.0005618863777601611
368,5,shared,best_single,5,0.003110284992441814,2.2171585603104838,712.8473968457286,26.699202176202355,0.08826586685247864
368,5,shared,best_pair,5+7.5,0.003110284992441814,2.2884352375954506,735.7638425920745,27.12496714453447,0.08316470302008193
368,5,nuisance,best_single,5,0.003110284992441814,1.2611248263667214,405.4692188758693,20.136266259559374,0.05899351995964209
368,5,nuisance,best_pair,5+7.5,0.003110284992441814,1.3176574550808366,423.6452473914211,20.582644324561922,0.057800241938183554
368,5,expanded_nuisance,best_single,5,0.003110284992441814,0.008244257128937171,2.650643638435458,1.6280797395814057,0.000470852100490506
368,5,expanded_nuisance,best_pair,5+7.5,0.003110284992441814,0.010848679158060204,3.4880016411432293,1.867619244156375,0.0006044476759644174
369,5,shared,best_single,5,0.0035173837288626775,2.155769835854612,612.8901484830789,24.75661827639387,0.08808002301222209
369,5,shared,best_pair,5+7.5,0.0035173837288626775,2.2236828498779304,632.1979690845228,25.143547265342708,0.08289076126840944
369,5,nuisance,best_single,5,0.0035173837288626775,1.2351296067719892,351.1500882422516,18.738999125947245,0.05930214296091728
369,5,nuisance,best_pair,5+7.5,0.0035173837288626775,1.290588624057867,366.91720993295496,19.155083135631518,0.058060371839930194
369,5,expanded_nuisance,best_single,5,0.0035173837288626775,0.008919741865776043,2.5359024074010206,1.5924516970385696,0.0005229630442284703
369,5,expanded_nuisance,best_pair,5+7.5,0.0035173837288626775,0.011659366347997135,3.3147837275539778,1.820654752432206,0.0006665467020971938
370,5,shared,best_single,5,0.003382313571115736,2.187342201599276,646.7000044817636,25.430296979818454,0.08811062731508605
370,5,shared,best_pair,5+7.5,0.003382313571115736,2.2569169500971484,667.2701695581262,25.83157311427483,0.08303689711835306
370,5,nuisance,best_single,5,0.003382313571115736,1.2519079724339797,370.13362188681054,19.2388570836942,0.05916588191183783
370,5,nuisance,best_pair,5+7.5,0.003382313571115736,1.3072084139006377,386.4835079349027,19.65918380642754,0.05793962925883945
370,5,expanded_nuisance,best_single,5,0.003382313571115736,0.008827041429858351,2.609764365208322,1.615476513357072,0.0005099995895962259
370,5,expanded_nuisance,best_pair,5+7.5,0.003382313571115736,0.011473364746138692,3.3921647135614137,1.841783025646999,0.0006466484036654635
371,5,shared,best_single,5,0.0033017358715781153,2.1555658960250006,652.858369011424,25.551093303642098,0.08752898633252151
371,5,shared,best_pair,5+7.5,0.0033017358715781153,2.222607747214902,673.1634006061704,25.945392666255223,0.08227773570042737
371,5,nuisance,best_single,5,0.0033017358715781153,1.233608600372585,373.62425353029914,19.329362470870556,0.058987947910890175
371,5,nuisance,best_pair,5+7.5,0.0033017358715781153,1.287971926389425,390.08932770077064,19.7506791706202,0.057677215278742026
371,5,expanded_nuisance,best_single,5,0.0033017358715781153,0.008515411378808846,2.579071043238469,1.6059486427773677,0.0004982424655719602
371,5,expanded_nuisance,best_pair,5+7.5,0.0033017358715781153,0.011098455514071404,3.3614001681990167,1.8334121653897186,0.0006330472996820701
372,5,shared,best_single,5,0.0031213101750600103,2.113165140986144,677.0122232230625,26.019458549767375,0.0869759493974321
372,5,shared,best_pair,5+7.5,0.0031213101750600103,2.178160462973047,697.8353129967834,26.41657269588134,0.08175660904320493
372,5,nuisance,best_single,5,0.0031213101750600103,1.2120145539396363,388.30314386052135,19.70540900008222,0.0588071498609051
372,5,nuisance,best_pair,5+7.5,0.0031213101750600103,1.2639238714770957,404.9337619747437,20.12296603323535,0.057452764618499574
372,5,expanded_nuisance,best_single,5,0.0031213101750600103,0.008182609443200484,2.6215303780384995,1.619114071966055,0.00048620744414821
372,5,expanded_nuisance,best_pair,5+7.5,0.0031213101750600103,0.010693484909260587,3.4259603530286746,1.8509349942741573,0.0006193775596751261
373,5,shared,best_single,5,0.003119405796240926,2.1595178508247908,692.28500294099,26.311309411372708,0.08746583870383066
373,5,shared,best_pair,5+7.5,0.003119405796240926,2.226926955668752,713.8946008090177,26.718806126191673,0.08244065320517512
373,5,nuisance,best_single,5,0.003119405796240926,1.2361763683297278,396.28584707363035,19.90692962447073,0.058898686287689475
373,5,nuisance,best_pair,5+7.5,0.003119405796240926,1.2888094752795156,413.1586460577234,20.326304289214097,0.05763989539654528
373,5,expanded_nuisance,best_single,5,0.003119405796240926,0.008221607584411927,2.635632592053097,1.6234631477348345,0.0004797115558990774
373,5,expanded_nuisance,best_pair,5+7.5,0.003119405796240926,0.01071572535274612,3.435181586717323,1.8534242867506951,0.0006100296349777729
374,5,shared,best_single,5,0.0030553473652701335,2.0046938916966854,656.126342452536,25.614963252999917,0.08568319631477002
374,5,shared,best_pair,5+7.5,0.0030553473652701335,2.0637913901790634,675.4686598447037,25.989779911432564,0.07991215432281032
374,5,nuisance,best_single,5,0.0030553473652701335,1.1591423973919102,379.38154285426936,19.477719138910217,0.0587462897088953
374,5,nuisance,best_pair,5+7.5,0.0030553473652701335,1.2100146738781934,396.03178598686503,19.90054737907641,0.05712470882952884
374,5,expanded_nuisance,best_single,5,0.0030553473652701335,0.008084985185247362,2.646175448706318,1.6267069338717155,0.0005034097684349534
374,5,expanded_nuisance,best_pair,5+7.5,0.0030553473652701335,0.010376746470968534,3.396257521786264,1.8428937901534814,0.0006284929168283759
375,5,shared,best_single,5,0.003296663279653833,2.173605780651796,659.3350901400024,25.677521105823327,0.08785546971169056
375,5,shared,best_pair,5+7.5,0.003296663279653833,2.242214034859992,680.1465132027182,26.079618731927777,0.08281125312159719
375,5,nuisance,best_single,5,0.003296663279653833,1.2420061529872377,376.7464395446704,19.409957226760454,0.05900207121100051
375,5,nuisance,best_pair,5+7.5,0.003296663279653833,1.2961200033590505,393.16117340778277,19.828292246378222,0.05778053485107595
375,5,expanded_nuisance,best_single,5,0.003296663279653833,0.008468019233334179,2.5686636805149736,1.6027051133988977,0.0004916272390037422
375,5,expanded_nuisance,best_pair,5+7.5,0.003296663279653833,0.011042578987847662,3.3496229523954266,1.8301975173175782,0.0006254664972318708
376,5,shared,best_single,5,0.0032606896290097165,2.0573701226980954,630.961654367247,25.11895010479632,0.08582728291661335
376,5,shared,best_pair,5+7.5,0.0032606896290097165,2.118200018813256,649.6171852629105,25.487588847572667,0.08057626800510961
376,5,nuisance,best_single,5,0.0032606896290097165,1.1863602646498976,363.83722452302203,19.074517674715185,0.05855147970783333
376,5,nuisance,best_pair,5+7.5,0.0032606896290097165,1.2361885326618716,379.11873662054325,19.470971640381567,0.05714235288329955
376,5,expanded_nuisance,best_single,5,0.0032606896290097165,0.008613517391472314,2.6416244327088165,1.6253074886644732,0.0005225230934732542
376,5,expanded_nuisance,best_pair,5+7.5,0.0032606896290097165,0.011184547860704885,3.4301172859870364,1.852057581714736,0.0006612517495010015
377,5,shared,best_single,5,0.0031840380470937735,2.166395329555549,680.3924128773912,26.084332709068697,0.08809078723866938
377,5,shared,best_pair,5+7.5,0.0031840380470937735,2.2353534423872548,702.0498528362658,26.496223369308044,0.08297860036119681
377,5,nuisance,best_single,5,0.0031840380470937735,1.2374357579391657,388.6372397681094,19.713884441380632,0.05907529992377911
377,5,nuisance,best_pair,5+7.5,0.0031840380470937735,1.2912045018421507,405.5242062891478,20.137631595824466,0.057806235193967104
377,5,expanded_nuisance,best_single,5,0.0031840380470937735,0.008123642340795989,2.5513647200952367,1.5972991955470448,0.0004734120606019224
377,5,expanded_nuisance,best_pair,5+7.5,0.0031840380470937735,0.010619951661261506,3.335372098004562,1.8263001117024995,0.0006035804341767483
378,5,shared,best_single,5,0.0033003266958098187,2.1561267891484563,653.307077716255,25.559872411971366,0.08749325685042796
378,5,shared,best_pair,5+7.5,0.0033003266958098187,2.2234634096515817,673.7100943596126,25.95592599695901,0.0822342422679697
378,5,nuisance,best_single,5,0.0033003266958098187,1.2400075061287412,375.722654276344,19.383566603603786,0.059213117306895116
378,5,nuisance,best_pair,5+7.5,0.0033003266958098187,1.2952998869114574,392.4762625942468,19.811013669023772,0.05789702425769429
378,5,expanded_nuisance,best_single,5,0.0033003266958098187,0.008945542453417499,2.7105021041628983,1.6463602595309748,0.0005240703596154843
378,5,expanded_nuisance,best_pair,5+7.5,0.0033003266958098187,0.011572511800027385,3.506474621048925,1.8725583091185505,0.0006609151582319119
379,5,shared,best_single,5,0.0031234040759744452,2.1443860305403906,686.5541500170391,26.202178344882686,0.08732557450002369
379,5,shared,best_pair,5+7.5,0.0031234040759744452,2.2111874648802194,707.9415314492632,26.60717067726787,0.08207153037412754
379,5,nuisance,best_single,5,0.0031234040759744452,1.2285034682583857,393.3219776807505,19.832346751727354,0.05892921450018392
379,5,nuisance,best_pair,5+7.5,0.0031234040759744452,1.282203625805018,410.51480840018877,20.261165030673553,0.05758853151929224
379,5,expanded_nuisance,best_single,5,0.0031234040759744452,0.008290055332505375,2.6541731812010356,1.6291633377906083,0.00048708219118420883
379,5,expanded_nuisance,best_pair,5+7.5,0.0031234040759744452,0.010807832838696907,3.4602736552186446,1.8601810812979054,0.0006189821968807464
380,5,shared,best_single,5,0.003347211465975608,2.2537577463338825,673.3239800482645,25.94848704738418,0.08830216022380094
380,5,shared,best_pair,5+7.5,0.003347211465975608,2.326525635567967,695.0638342444423,26.36406331058326,0.08314718259002886
380,5,nuisance,best_single,5,0.003347211465975608,1.2831218577557413,383.3405420597623,19.579084300849267,0.05898019775223797
380,5,nuisance,best_pair,5+7.5,0.003347211465975608,1.3406479948234822,400.5268291086966,20.013166393869227,0.05774738158412953
380,5,expanded_nuisance,best_single,5,0.003347211465975608,0.008780817927751094,2.6233233295858587,1.619667660227202,0.0004941735115373403
380,5,expanded_nuisance,best_pair,5+7.5,0.003347211465975608,0.01144783538725358,3.4201111891557447,1.8493542627511217,0.0006283671945210648
381,5,shared,best_single,5,0.00362566088468963,2.083558629438569,574.6700245014583,23.97227616438327,0.08653164434496238
381,5,shared,best_pair,5+7.5,0.00362566088468963,2.146323110662285,591.9812080952569,24.3306639468646,0.08125533650983649
381,5,nuisance,best_single,5,0.00362566088468963,1.2057242764513987,332.55296476923905,18.23603478745418,0.058994346009299176
381,5,nuisance,best_pair,5+7.5,0.00362566088468963,1.2578470947154154,346.92905230796066,18.62603157701502,0.05760758567893988
381,5,expanded_nuisance,best_single,5,0.00362566088468963,0.009504444671935453,2.6214378493230397,1.6190854978422355,0.0005718065517787331
381,5,expanded_nuisance,best_pair,5+7.5,0.00362566088468963,0.012260634175813578,3.381627395873548,1.838920171153046,0.0007189307399554197
382,5,shared,best_single,5,0.003556638002581991,2.151369416380945,604.8884971760209,24.59448103083334,0.08781300673712578
382,5,shared,best_pair,5+7.5,0.003556638002581991,2.218540150071336,623.7745164002511,24.9754783017313,0.0825650800991287
382,5,nuisance,best_single,5,0.003556638002581991,1.234255406972331,347.0286844138499,18.628705924294632,0.059170735132269565
382,5,nuisance,best_pair,5+7.5,0.003556638002581991,1.2887894705276275,362.36172182606515,19.035801055539142,0.05786100549988122
382,5,expanded_nuisance,best_single,5,0.003556638002581991,0.009105386969287643,2.5601106895549846,1.6000345901120339,0.0005339276340943839
382,5,expanded_nuisance,best_pair,5+7.5,0.003556638002581991,0.011837136140897542,3.3281813140117738,1.824330374140543,0.0006766854031462033
383,5,shared,best_single,5,0.003296367298073699,2.1383011757825288,648.6841369382864,25.469278296376725,0.08765672401447903
383,5,shared,best_pair,5+7.5,0.003296367298073699,2.204840446746614,668.8697731090399,25.862516758990026,0.08237895553984903
383,5,nuisance,best_single,5,0.003296367298073699,1.2295226847039462,372.9932296751164,19.313032637965392,0.0592124743584758
383,5,nuisance,best_pair,5+7.5,0.003296367298073699,1.2833694270685725,389.3284064001412,19.731406599635548,0.05785955863447147
383,5,expanded_nuisance,best_single,5,0.003296367298073699,0.008704130868131266,2.6405221509198036,1.6249683538210224,0.0005135061073021901
383,5,expanded_nuisance,best_pair,5+7.5,0.003296367298073699,0.011291499746626688,3.4254373756301706,1.8507937150396234,0.0006493792636489761
384,5,shared,best_single,5,0.003508019277846053,2.1570596813859253,614.8939075130666,24.797054412027784,0.08732248909728585
384,5,shared,best_pair,5+7.5,0.003508019277846053,2.2240033692853696,633.9769519883946,25.178898943130825,0.08213942250269377
384,5,nuisance,best_single,5,0.003508019277846053,1.2431006940931146,354.3597100345431,18.824444481432728,0.05916784100879666
384,5,nuisance,best_pair,5+7.5,0.003508019277846053,1.2974344210749054,369.84814458361205,19.231436362986827,0.057844453366172374
384,5,expanded_nuisance,best_single,5,0.003508019277846053,0.009237746506467914,2.6333226173545867,1.6227515574956588,0.0005405020409015323
384,5,expanded_nuisance,best_pair,5+7.5,0.003508019277846053,0.011901968627572312,3.3927888317877777,1.8419524510116372,0.000679045914221424
385,5,shared,best_single,5,0.0035397180613243595,2.007633484146281,567.1732746407322,23.81539994710843,0.08510570868394815
385,5,shared,best_pair,5+7.5,0.0035397180613243595,2.0655722158850525,583.5414516353412,24.156602650938755,0.07958859570731754
385,5,nuisance,best_single,5,0.0035397180613243595,1.1644330299752716,328.9620839292516,18.137311926778224,0.05852555928054513
385,5,nuisance,best_pair,5+7.5,0.0035397180613243595,1.2144563260610077,343.0940840544311,18.52279903401295,0.05700106012651959
385,5,expanded_nuisance,best_single,5,0.0035397180613243595,0.00910889156904604,2.573338161751226,1.6041627603679203,0.0005641725165204863
385,5,expanded_nuisance,best_pair,5+7.5,0.0035397180613243595,0.011831029611543808,3.342364958614053,1.8282135976449942,0.0007133618416073394
386,5,shared,best_single,5,0.0034633684970781786,2.152913817179261,621.6242421202179,24.93239342943669,0.0876105074285476
386,5,shared,best_pair,5+7.5,0.0034633684970781786,2.2204857698169267,641.1347137014752,25.320638098228788,0.08225544921784271
386,5,nuisance,best_single,5,0.0034633684970781786,1.2355140645785778,356.737686336554,18.88750079646733,0.05922637854235429
386,5,nuisance,best_pair,5+7.5,0.0034633684970781786,1.2913797197121626,372.8681255839847,19.309793514794112,0.05788969425533261
386,5,expanded_nuisance,best_single,5,0.0034633684970781786,0.008906606496295932,2.5716600771214106,1.603639634432066,0.000523077367420773
386,5,expanded_nuisance,best_pair,5+7.5,0.0034633684970781786,0.011534874694926867,3.33053635634155,1.824975713904585,0.0006600408763072961
387,5,shared,best_single,5,0.003387380287646291,2.049933032116116,605.1676688301521,24.60015587003774,0.0866553055484177
387,5,shared,best_pair,5+7.5,0.003387380287646291,2.11059264270838,623.0751977879985,24.961474271124263,0.08119948999505015
387,5,nuisance,best_single,5,0.003387380287646291,1.176681038494182,347.37199209238906,18.637918126560944,0.05879737732042381
387,5,nuisance,best_pair,5+7.5,0.003387380287646291,1.2268059289730093,362.16953066862504,19.03075223601592,0.057336687865364305
387,5,expanded_nuisance,best_single,5,0.003387380287646291,0.008118156184457881,2.396588364779897,1.5480918463643871,0.0004957140531700989
387,5,expanded_nuisance,best_pair,5+7.5,0.003387380287646291,0.010544418040911996,3.1128533396050275,1.764328013608872,0.0006271478747640352
388,5,shared,best_single,5,0.00336550089966714,2.08780624925825,620.355278902092,24.906932346278456,0.08582790338587351
388,5,shared,best_pair,5+7.5,0.00336550089966714,2.149626700530597,638.7241497226172,25.272992496390632,0.08046504498536265
388,5,nuisance,best_single,5,0.00336550089966714,1.204943938817428,358.02811371602996,18.921630841870634,0.05868865606721538
388,5,nuisance,best_pair,5+7.5,0.00336550089966714,1.2575618292769473,373.66260380477826,19.330354466609716,0.057284678416900034
388,5,expanded_nuisance,best_single,5,0.00336550089966714,0.009173570960843591,2.7257669019642488,1.6509896734880714,0.0005508026394846839
388,5,expanded_nuisance,best_pair,5+7.5,0.00336550089966714,0.011853547711001333,3.5220753357022403,1.876719301254783,0.000693477779654596
389,5,shared,best_single,5,0.003034309078449482,2.0902729423194173,688.8793752637544,26.246511678006932,0.08689696947595146
389,5,shared,best_pair,5+7.5,0.003034309078449482,2.15446287809562,710.034087627138,26.646464824196435,0.08125927572164812
389,5,nuisance,best_single,5,0.003034309078449482,1.2005978143307419,395.67419906486316,19.891561001210114,0.05890560561602078
389,5,nuisance,best_pair,5+7.5,0.003034309078449482,1.2535087735528414,413.1117632200404,20.325151001162094,0.05737140627473775
389,5,expanded_nuisance,best_single,5,0.003034309078449482,0.007968037538816475,2.6259808519203673,1.6204878438051817,0.0004790313122459321
389,5,expanded_nuisance,best_pair,5+7.5,0.003034309078449482,0.010258300625984429,3.380769842743368,1.8386869887893829,0.000600272384392091
390,5,shared,best_single,5,0.003244164273845662,2.1705154537361837,669.0522644721793,25.866044623640843,0.08757320061946114
390,5,shared,best_pair,5+7.5,0.003244164273845662,2.2385375601740827,690.0197928388194,26.26822782067377,0.08234145695691104
390,5,nuisance,best_single,5,0.003244164273845662,1.2444104667548894,383.58429527976824,19.585308148705963,0.05907552593988737
390,5,nuisance,best_pair,5+7.5,0.003244164273845662,1.2993909404827921,400.53179518634,20.013290463747833,0.05776145321385923
390,5,expanded_nuisance,best_single,5,0.003244164273845662,0.008691392206017667,2.679085111715015,1.6367911020392967,0.0005060079548015711
390,5,expanded_nuisance,best_pair,5+7.5,0.003244164273845662,0.01127039595017898,3.4740521745586417,1.863880944309116,0.0006397506250297297
391,5,shared,best_single,5,0.0033393761217492823,2.1249392317829665,636.3282105131209,25.225546783233874,0.08774094162760428
391,5,shared,best_pair,5+7.5,0.0033393761217492823,2.1909342412271298,656.0908868448881,25.614271155839827,0.08257857481133814
391,5,nuisance,best_single,5,0.0033393761217492823,1.216121033415452,364.1761182560068,19.083399022606187,0.05909708685780955
391,5,nuisance,best_pair,5+7.5,0.0033393761217492823,1.2686173535298588,379.8965157795141,19.490934194633006,0.05780693912871344
391,5,expanded_nuisance,best_single,5,0.0033393761217492823,0.008229161771312832,2.4642811924408528,1.5698029151587318,0.00048805671896605396
391,5,expanded_nuisance,best_pair,5+7.5,0.0033393761217492823,0.0107592979912714,3.2219485314027163,1.7949786994286914,0.0006222538894897279
392,5,shared,best_single,5,0.0032478340669586103,2.2405773602250596,689.8681749228703,26.26534170580825,0.08902469106017703
392,5,shared,best_pair,5+7.5,0.0032478340669586103,2.3136361508714205,712.3627941491461,26.690125405272006,0.0838936889044425
392,5,nuisance,best_single,5,0.0032478340669586103,1.2753029985527655,392.6626090682661,19.815716213860807,0.05929692617744853
392,5,nuisance,best_pair,5+7.5,0.0032478340669586103,1.33330802782571,410.5222127540118,20.26134775265485,0.05811164216577167
392,5,expanded_nuisance,best_single,5,0.0032478340669586103,0.00854541865421865,2.6311130673682754,1.6220706110919696,0.0004844130840800411
392,5,expanded_nuisance,best_pair,5+7.5,0.0032478340669586103,0.011145122018803022,3.431555242364866,1.8524457461326271,0.0006163589083444256
393,5,shared,best_single,5,0.003594037733110067,2.2078308587285846,614.3037504556355,24.785151814254345,0.08824911193042208
393,5,shared,best_pair,5+7.5,0.003594037733110067,2.2779833099360673,633.8228697351032,25.175839007570396,0.0831181127003009
393,5,nuisance,best_single,5,0.003594037733110067,1.2592881799627373,350.38257065626965,18.71850877223583,0.05912053367001852
393,5,nuisance,best_pair,5+7.5,0.003594037733110067,1.3161757360702482,366.21088419439263,19.13663722273045,0.0579254662857035
393,5,expanded_nuisance,best_single,5,0.003594037733110067,0.009041118249597968,2.515588015759178,1.586060533447314,0.0005185885546974302
393,5,expanded_nuisance,best_pair,5+7.5,0.003594037733110067,0.011830632351024217,3.291738492902992,1.8143148825115754,0.0006619518941271477
394,5,shared,best_single,5,0.003710000745619668,2.147707299055506,578.8967297624579,24.06027285303427,0.08793132786589425
394,5,shared,best_pair,5+7.5,0.003710000745619668,2.215067223548545,597.0530399930068,24.43466881283654,0.08265917189636972
394,5,nuisance,best_single,5,0.003710000745619668,1.2348854321111156,332.8531493070784,18.24426346299237,0.05934522177474861
394,5,nuisance,best_pair,5+7.5,0.003710000745619668,1.2900574822463957,347.7243188615376,18.647367612119883,0.058032160568093016
394,5,expanded_nuisance,best_single,5,0.003710000745619668,0.009370409767592847,2.525716410881136,1.5892502669124005,0.0005510766849442817
394,5,expanded_nuisance,best_pair,5+7.5,0.003710000745619668,0.012129050327621016,3.2692851455465526,1.8081164634908207,0.0006953254433802625
395,5,shared,best_single,5,0.003516739794042101,2.211560406370216,628.8666594318238,25.077213948758818,0.08834061043023468
395,5,shared,best_pair,5+7.5,0.003516739794042101,2.2826444312015157,649.0797058880123,25.47704272257697,0.08317417135281706
395,5,nuisance,best_single,5,0.003516739794042101,1.2646424093296142,359.606477417554,18.96329289489444,0.059262882084956774
395,5,nuisance,best_pair,5+7.5,0.003516739794042101,1.3217675406244647,375.8502528005463,19.3868577340565,0.0580224098280888
395,5,expanded_nuisance,best_single,5,0.003516739794042101,0.009036581793514742,2.5695906785097105,1.6029942852392551,0.0005177785378113494
395,5,expanded_nuisance,best_pair,5+7.5,0.003516739794042101,0.011706745118632345,3.32886303913226,1.8245172071351532,0.0006540638122141235
396,5,shared,best_single,5,0.003295293823794676,2.2608188132201015,686.0750312749559,26.19303402194858,0.08915362519923195
396,5,shared,best_pair,5+7.5,0.003295293823794676,2.3358888974727776,708.8560299557441,26.624350319880936,0.0840719452074786
396,5,nuisance,best_single,5,0.003295293823794676,1.2838537060771096,389.602194744108,19.738343262394338,0.05921853378030883
396,5,nuisance,best_pair,5+7.5,0.003295293823794676,1.3424042369190439,407.37011893319004,20.18341197451982,0.058049229290338414
396,5,expanded_nuisance,best_single,5,0.003295293823794676,0.008514660695499998,2.5838851255136306,1.6074467722178643,0.00047832552528975737
396,5,expanded_nuisance,best_pair,5+7.5,0.003295293823794676,0.011120924132708598,3.374789844962099,1.8370601092403316,0.000609402420099733
397,5,shared,best_single,5,0.0033277752497311575,2.1284151943978897,639.5910284415509,25.290136979493624,0.08716149669998993
397,5,shared,best_pair,5+7.5,0.0033277752497311575,2.1943365700184083,659.400471890547,25.678794206320262,0.08183881860053013
397,5,nuisance,best_single,5,0.0033277752497311575,1.2230884299807494,367.5393733634985,19.171316422288232,0.05906000690504279
397,5,nuisance,best_pair,5+7.5,0.0033277752497311575,1.2774332361134997,383.8700453754202,19.59260180209408,0.057708946388511484
397,5,expanded_nuisance,best_single,5,0.0033277752497311575,0.00872361075188044,2.6214543042187715,1.6190905793743509,0.0005164759668933323
397,5,expanded_nuisance,best_pair,5+7.5,0.0033277752497311575,0.011358227278756683,3.413159371166753,1.8474737809145636,0.000655230032042324
398,5,shared,best_single,5,0.0031581890367913257,2.0739016433124715,656.6743216294378,25.625657486773637,0.08640383614461769
398,5,shared,best_pair,5+7.5,0.0031581890367913257,2.1361970471021112,676.3993612214095,26.00767888953971,0.08092455512254552
398,5,nuisance,best_single,5,0.0031581890367913257,1.1972983680051035,379.1091521302795,19.470725516279035,0.05891606931276063
398,5,nuisance,best_pair,5+7.5,0.0031581890367913257,1.2490489901150748,395.49532202293074,19.88706418813322,0.05742836827472014
398,5,expanded_nuisance,best_single,5,0.0031581890367913257,0.008581288438335832,2.717154780276958,1.648379440625537,0.0005189619351679853
398,5,expanded_nuisance,best_pair,5+7.5,0.0031581890367913257,0.011157817084410215,3.532979487430048,1.879622166136069,0.0006570728599245869
399,5,shared,best_single,5,0.0033656705750886307,2.261302741963876,671.8728679809453,25.92051056559159,0.08895195349444006
399,5,shared,best_pair,5+7.5,0.0033656705750886307,2.3358285151121954,694.015787641571,26.344179388274195,0.08391096422445443
399,5,nuisance,best_single,5,0.0033656705750886307,1.290096533744153,383.31039980351613,19.578314529180396,0.0593627978759091
399,5,nuisance,best_pair,5+7.5,0.0033656705750886307,1.3485059736278695,400.66487302975526,20.016614924351103,0.058189052826420735
399,5,expanded_nuisance,best_single,5,0.0033656705750886307,0.008862120379381722,2.63309203371704,1.6226805088239151,0.0004982802245734514
399,5,expanded_nuisance,best_pair,5+7.5,0.0033656705750886307,0.011480142344117095,3.410952464893205,1.8468764075847643,0.000629786290578469
