Vcem_fraction,Vcem_percent,Cn,lnCn,static_raw_objective,static_adjusted_objective,combined_raw_objective,combined_adjusted_objective
0.002,0.2,4.0,1.3862943611198906,1045.2295776807532,33.04075973713657,26509.14606476318,147.30692283137978
0.002,0.2,4.139711068319459,1.4206259951407691,967.3182994759333,30.673982557881686,23543.80476949953,130.63093377035693
0.002,0.2,4.284301932291658,1.4549576291616475,891.8459838246382,28.371306666969076,20845.656041551738,115.60350554875549
0.002,0.2,4.433943032282555,1.4892892631825259,818.8889708106199,26.135298006506787,18393.12305566024,102.05468968634887
0.002,0.2,4.588810761759508,1.5236208972034044,748.5235731189196,23.968604438213788,16166.600796317736,89.83487060896914
0.002,0.2,4.749087675219821,1.5579525312242828,680.8260138383042,21.87395643067987,14148.246412140274,78.81226010936916
0.002,0.2,4.914962703381755,1.5922841652451614,615.8723642159382,19.85416764226045,12321.795490951761,68.87072497916779
0.002,0.2,5.086631375891694,1.6266157992660397,553.7384815629046,17.91213539774151,10672.400594404424,59.90789903154837
0.002,0.2,5.26429605180997,1.660947433286918,494.49994751793406,16.050841057531102,9186.48897202171,51.833538682774815
0.002,0.2,5.436001877454284,1.6930438416630622,441.80355862077414,14.386465293295885,7934.1761740908705,45.01792251159168
0.002,0.2,5.44816615814704,1.6952790673077966,438.2320068850826,14.27335027880082,7851.636853400086,44.568087773883235
0.002,0.2,5.6384584367312005,1.729610701328675,385.00950726913504,12.58281316871603,6656.458113641465,38.041422676935326
0.002,0.2,5.835397199698845,1.7639423353495534,334.90683974011426,10.982464330648668,5590.505436487415,32.19175316426208
0.002,0.2,6.03921459390842,1.7982739693704317,287.99788076543587,9.475622805077762,4644.182374480195,26.964658201905877
0.002,0.2,6.250150874589772,1.83260560339131,244.3559356548481,8.065691907712477,3808.6649356850285,22.312238898272426
0.002,0.2,6.468454688551455,1.8669372374121884,204.05368376937489,6.756158968270739,3075.8315200239967,18.192373408991443
0.002,0.2,6.694383367279839,1.901268871433067,167.16312575090245,5.5505949742506,2438.20019150745,14.568060757716012
0.002,0.2,6.928203230275509,1.9356005054539454,133.755533033851,4.452654124981734,1888.8724108011986,11.406842352764215
0.002,0.2,7.170189898984537,1.969932139474824,103.9013999044067,3.4660733022196837,1421.482469862999,8.680291519489856
0.002,0.2,7.420628621694667,2.004263773495702,77.6703983761451,2.59467146454017,1030.1519702755518,6.363562675569824
0.002,0.2,7.679814609779395,2.038595407516581,55.131336153365794,1.8423489738020464,709.4487722257478,4.434992889539899
0.002,0.2,7.948053385686311,2.072927041537459,36.35211795517831,1.2130868629758282,454.34991416370355,2.8757495138956983
0.002,0.2,8.225661143079892,2.1072586755583376,21.399710474181852,0.7109460556657581,260.20806594478245,1.6695183988033477
0.002,0.2,8.51296511956328,2.141590309579216,10.3401112435328,0.3400665486871972,122.72113231076503,0.8022278924583617
0.002,0.2,8.810303982418398,2.1759219436000947,3.2383216851917522,0.10466657009150548,37.90467022900732,0.261804437287843
0.002,0.2,9.11802822781911,2.2102535776209726,0.1583246102155131,0.009041726050681959,2.066823989351761,0.037956092163721866
0.002,0.2,9.436500593988008,2.2445852116418514,1.1630664390644823,0.057564151017843734,11.785516984269611,0.12198076200465913
0.002,0.2,9.766096488783825,2.27891684566273,6.314444406045313,0.25468167656280194,63.88766954679277,0.5065963078359701
0.002,0.2,10.107204432223549,2.313248479683608,15.67329900717378,0.604917035237202,155.4302387480489,1.1857900511996888
0.002,0.2,10.46022651446083,2.347580113704487,29.299411944951167,1.1128671167465711,283.68289921512957,2.154685484015829
0.002,0.2,10.825578869760541,2.3819117477253653,47.251509816794204,1.7832022945908648,446.1122042885765,3.4094242547138833
0.002,0.2,11.20369216702824,2.4162433817462436,69.58727378616507,2.620665842176024,640.367084594534,4.94706172885833
0.002,0.2,11.595012117472708,2.450575015767122,96.36335546684072,3.6300734581923564,864.265556697676,6.765474621967201
0.002,0.2,12.0,2.4849066497880004,127.63539924127284,4.816312921793923,1115.7825282159906,8.863279377524577
0.0031000000000000003,0.31000000000000005,4.0,1.3862943611198906,760.9698642811878,24.368519355600597,16546.596287086875,91.90831591465394
0.0031000000000000003,0.31000000000000005,4.139711068319459,1.4206259951407691,692.6543099469569,22.256081973246182,14488.44805034954,80.66077259713711
0.0031000000000000003,0.31000000000000005,4.284301932291658,1.4549576291616475,627.0807180215304,20.218269211260917,12625.777267899704,70.51818612501484
0.0031000000000000003,0.31000000000000005,4.433943032282555,1.4892892631825259,564.3253130190132,18.257978127734532,10943.399362869955,61.37522767993869
0.0031000000000000003,0.31000000000000005,4.588810761759508,1.5236208972034044,504.46405381230454,16.378190552338936,9427.43990969647,53.13907156973255
0.0031000000000000003,0.31000000000000005,4.749087675219821,1.5579525312242828,447.57257236637315,14.581973383701893,8065.204710049575,45.72790920075295
0.0031000000000000003,0.31000000000000005,4.914962703381755,1.5922841652451614,393.72611325972775,12.872478778610684,6845.064807569935,39.06965060102084
0.0031000000000000003,0.31000000000000005,5.086631375891694,1.6266157992660397,342.9994742258314,11.252944233863161,5756.35448118989,33.100787846402454
0.0031000000000000003,0.31000000000000005,5.26429605180997,1.660947433286918,295.4669479534108,9.726692562384585,4789.280545680741,27.765398615202685
0.0031000000000000003,0.31000000000000005,5.436001877454284,1.6930438416630622,253.98330880305264,8.387195203557042,3987.2095800434113,23.30669921342951
0.0031000000000000003,0.31000000000000005,5.44816615814704,1.6952790673077966,251.20226539125701,8.29713176606407,3934.8415297489582,23.014271322759214
0.0031000000000000003,0.31000000000000005,5.6384584367312005,1.729610701328675,210.27854080925843,6.967754808662306,3184.7555049570974,18.804135984522873
0.0031000000000000003,0.31000000000000005,5.835397199698845,1.7639423353495534,172.76821887285445,5.742139293048581,2531.3955097715143,15.096987220012124
0.0031000000000000003,0.31000000000000005,6.03921459390842,1.7982739693704317,138.7430239929613,4.623947047984814,1967.7316576492383,11.859487716285003
0.0031000000000000003,0.31000000000000005,6.250150874589772,1.83260560339131,108.27391221751876,3.616923630642077,1487.2791407426055,9.062442081245763
0.0031000000000000003,0.31000000000000005,6.468454688551455,1.8669372374121884,81.43102593418628,2.724897752045649,1084.051445177284,6.680332383729137
0.0031000000000000003,0.31000000000000005,6.694383367279839,1.901268871433067,58.28365165627852,1.9517806336529588,752.5181829359389,4.690907840021282
0.0031000000000000003,0.31000000000000005,6.928203230275509,1.9356005054539454,38.90018116578598,1.3015653043063509,487.56702161791924,3.0748220989549964
0.0031000000000000003,0.31000000000000005,7.170189898984537,1.969932139474824,23.34807628819582,0.7783258478379942,284.4692587730029,1.8153124272223522
0.0031000000000000003,0.31000000000000005,7.420628621694667,2.004263773495702,11.693837573808285,0.3862166126454518,138.84864380648526,0.8979158258602808
0.0031000000000000003,0.31000000000000005,7.679814609779395,2.038595407516581,4.002977159304603,0.12947139559378407,46.65309901987012,0.31021773675247033
0.0031000000000000003,0.31000000000000005,7.948053385686311,2.072927041537459,0.33999608144057036,0.012402613626700476,4.129033350723997,0.04162953996369989
0.0031000000000000003,0.31000000000000005,8.225661143079892,2.1072586755583376,0.7683663118835988,0.03940047748229236,7.797978780001529,0.08319151170808947
0.0031000000000000003,0.31000000000000005,8.51296511956328,2.141590309579216,5.350517778411425,0.21493218289926563,54.435311002569556,0.42739831963536545
0.0031000000000000003,0.31000000000000005,8.810303982418398,2.1759219436000947,14.14783063289439,0.5435411356641797,141.05084349303198,1.068044485884343
0.0031000000000000003,0.31000000000000005,9.11802822781911,2.2102535776209726,27.22063302072956,1.0298462277815652,264.8711081241318,2.00008755665192
0.0031000000000000003,0.31000000000000005,9.436500593988008,2.2445852116418514,44.628204599682014,1.6785411829428938,423.32315649907815,3.219526986259325
0.0031000000000000003,0.31000000000000005,9.766096488783825,2.27891684566273,66.42878604841955,2.4943939903200203,614.0197345575347,4.723296979282736
0.0031000000000000003,0.31000000000000005,10.107204432223549,2.313248479683608,92.67959479646512,3.4822464465125336,834.7456991618664,6.509171740846
0.0031000000000000003,0.31000000000000005,10.46022651446083,2.347580113704487,123.43684719781662,4.64701382622691,1083.445559565981,8.575681766561729
0.0031000000000000003,0.31000000000000005,10.825578869760541,2.3819117477253653,158.75578736018022,5.993684702959399,1358.2120391720794,10.922039963166299
0.0031000000000000003,0.31000000000000005,11.20369216702824,2.4162433817462436,198.69072283066347,7.527320941588499,1657.275564010849,13.548076531486913
0.0031000000000000003,0.31000000000000005,11.595012117472708,2.450575015767122,243.2950673269246,9.253057885350188,1978.9945941275223,16.45418166737113
0.0031000000000000003,0.31000000000000005,12.0,2.4849066497880004,292.62139069025545,11.17610476017694,2321.846722682844,19.641255245846423
0.004200000000000001,0.42000000000000004,4.0,1.3862943611198906,589.5014412697558,19.062045265707866,11603.423521900762,64.96754936942853
0.004200000000000001,0.42000000000000004,4.139711068319459,1.4206259951407691,528.3517629954376,17.1452507366717,10019.065565313367,56.36058040343414
0.004200000000000001,0.42000000000000004,4.284301932291658,1.4549576291616475,470.1515510327737,15.311017870908927,8593.978139068427,48.61326986673521
0.004200000000000001,0.42000000000000004,4.433943032282555,1.4892892631825259,414.97653791564477,13.562479615282484,7316.050574530514,41.649354075895644
0.004200000000000001,0.42000000000000004,4.588810761759508,1.5236208972034044,362.90203549049215,11.902855084501311,6174.18257644785,35.40165654772318
0.004200000000000001,0.42000000000000004,4.749087675219821,1.5579525312242828,314.00287630206907,10.335449601209291,5158.188252062776,29.81102787873715
0.004200000000000001,0.42000000000000004,4.914962703381755,1.5922841652451614,268.3533564109977,8.86365463178771,4258.710686470764,24.825415772948872
0.004200000000000001,0.42000000000000004,5.086631375891694,1.6266157992660397,226.02717989375043,7.490947620910248,3467.1457425586646,20.399048112671153
0.004200000000000001,0.42000000000000004,5.26429605180997,1.660947433286918,187.09740528144974,6.220891728795522,2775.5739497925365,16.49171443206751
0.004200000000000001,0.42000000000000004,5.436001877454284,1.6930438416630622,153.8381719770882,5.12959605437203,2213.0040590823205,13.276937412022107
0.004200000000000001,0.42000000000000004,5.44816615814704,1.6952790673077966,151.63639419889756,5.057135476053645,2176.699503079906,13.068133226073314
0.004200000000000001,0.42000000000000004,5.6384584367312005,1.729610701328675,119.71576246964945,4.003412301990409,1663.7955258590914,10.09739427564773
0.004200000000000001,0.42000000000000004,5.835397199698845,1.7639423353495534,91.4063339565468,3.0635400432381914,1230.6548645005503,7.5524666515987064
0.004200000000000001,0.42000000000000004,6.03921459390842,1.7982739693704317,66.7780974099926,2.241420340593905,871.5457773429824,5.409764316543942
0.004200000000000001,0.42000000000000004,6.250150874589772,1.83260560339131,45.900166598255765,1.5410379829838021,581.1719639353913,3.6487623166494814
0.004200000000000001,0.42000000000000004,6.468454688551455,1.8669372374121884,28.840743995285564,0.9664601985130794,354.6364505471815,2.2516574708899952
0.004200000000000001,0.42000000000000004,6.694383367279839,1.901268871433067,15.6670883017622,0.5218359036067124,187.4089085834695,1.203068250945563
0.004200000000000001,0.42000000000000004,6.928203230275509,1.9356005054539454,6.445486074508027,0.2113949222935494,75.29603473329664,0.4897692201088688
0.004200000000000001,0.42000000000000004,7.170189898984537,1.969932139474824,1.2412277377766467,0.039447188721896564,14.41466675516326,0.10045598161639546
0.004200000000000001,0.42000000000000004,7.420628621694667,2.004263773495702,0.11858824742374904,0.010381947020381144,1.1673478315487602,0.02553708986645198
0.004200000000000001,0.42000000000000004,7.679814609779395,2.038595407516581,3.1408126754509462,0.12866696362269225,32.22008629070513,0.2569498138625299
0.004200000000000001,0.42000000000000004,7.948053385686311,2.072927041537459,10.370106977941571,0.39884776815510037,104.48208694809966,0.7879970207568192
0.004200000000000001,0.42000000000000004,8.225661143079892,2.1072586755583376,21.8676342039567,0.8255469399354034,215.0872559909689,1.6132027768798594
0.004200000000000001,0.42000000000000004,8.51296511956328,2.141590309579216,37.69351639654496,1.4134634580452499,361.3773037495605,2.7281845510857465
0.004200000000000001,0.42000000000000004,8.810303982418398,2.1759219436000947,57.90684242965412,2.167372133809806,540.8862893183076,4.129540156503026
0.004200000000000001,0.42000000000000004,9.11802822781911,2.2102535776209726,82.56568201643682,3.0921231453440328,751.3264681920689,5.81474778684003
0.004200000000000001,0.42000000000000004,9.436500593988008,2.2445852116418514,111.72710611525898,4.192641694599132,990.5753191925636,7.782077696479632
0.004200000000000001,0.42000000000000004,9.766096488783825,2.27891684566273,145.44721394965376,5.4739278080614895,1256.6636402559232,10.030514243286461
0.004200000000000001,0.42000000000000004,10.107204432223549,2.313248479683608,183.78116684761693,6.941056302916593,1547.7646143723534,12.559687162450018
0.004200000000000001,0.42000000000000004,10.46022651446083,2.347580113704487,226.78322909400475,8.599176941086853,1862.183757316519,15.369811071386266
0.004200000000000001,0.42000000000000004,10.825578869760541,2.3819117477253653,274.50681597746427,10.45351479408572,2198.349667958145,18.461632321941124
0.004200000000000001,0.42000000000000004,11.20369216702824,2.4162433817462436,327.0045492004016,12.509370842096644,2554.8055100476577,21.836382419012807
0.004200000000000001,0.42000000000000004,11.595012117472708,2.450575015767122,384.3283198069614,14.77212283108048,2930.2011615609294,25.495737315490715
0.004200000000000001,0.42000000000000004,12.0,2.4849066497880004,446.52935877004177,17.247226412047496,3323.285974074155,29.44178197411611
0.0053,0.53,4.0,1.3862943611198906,473.1309224013954,15.421215405941325,8662.284567183273,48.997361691084734
0.0053,0.53,4.139711068319459,1.4206259951407691,417.711996946498,13.664643788163517,7375.282063267339,41.98467453334797
0.0053,0.53,4.284301932291658,1.4549576291616475,365.3992840976689,11.997048833070608,6225.29197045427,35.693466353308395
0.0053,0.53,4.433943032282555,1.4892892631825259,316.26796935375444,10.421747460049971,5202.037255680558,30.06394207179892
0.0053,0.53,4.588810761759508,1.5236208972034044,270.3927089312922,8.942143633770627,4296.0792264640395,25.04349175938387
0.0053,0.53,4.749087675219821,1.5579525312242828,227.84757436836492,7.561728228485464,3498.740277097523,20.585862001068563
0.0053,0.53,4.914962703381755,1.5922841652451614,188.70599907939027,6.284078795071764,2802.034856186713,16.65042729578863
0.0053,0.53,5.086631375891694,1.6266157992660397,153.0407271231295,5.112859235706509,2198.6076582673463,13.201548683785404
0.0053,0.53,5.26429605180997,1.660947433286918,120.92376445063195,4.051819392052153,1681.6781780053466,10.208008581477543
0.0053,0.53,5.436001877454284,1.6930438416630622,94.17016883398554,3.162905950251158,1271.0958852829701,7.797001055789906
0.0053,0.53,5.44816615814704,1.6952790673077966,92.42633290341354,3.104794553833784,1244.9908807804754,7.64251231557364
0.0053,0.53,5.6384584367312005,1.729610701328675,67.61882723506429,2.2757048957094383,882.7703416662033,5.4812481319718245
0.0053,0.53,5.835397199698845,1.7639423353495534,46.57077543147676,1.5685548513774918,589.6807887211339,3.7034985485873904
0.0053,0.53,6.03921459390842,1.7982739693704317,29.350802606085722,0.987432434909703,360.78955838820445,2.291296855581379
0.0053,0.53,6.250150874589772,1.83260560339131,16.026598746765185,0.5365085203536122,191.53403254500904,1.2291233671861619
0.0053,0.53,6.468454688551455,1.8669372374121884,6.664890590412215,0.22003609169880534,77.69167992940748,0.5036367173778018
0.0053,0.53,6.694383367279839,1.901268871433067,1.3314178996489114,0.04234947634373576,15.352870581399596,0.10343608458259013
0.0053,0.53,6.928203230275509,1.9356005054539454,0.09091441355292605,0.00786357623240716,0.8961716832653972,0.018850742873816828
0.0053,0.53,7.170189898984537,1.969932139474824,3.0070937408080027,0.12107311184031166,30.965867654939306,0.24175378079725718
0.0053,0.53,7.420628621694667,2.004263773495702,10.142640459188717,0.38655189517625566,102.45147733556287,0.7653972141687575
0.0053,0.53,7.679814609779395,2.038595407516581,21.55920667983515,0.808952148922419,212.4690671983699,1.5842660543821125
0.0053,0.53,7.948053385686311,2.072927041537459,37.317414328346516,1.3930038897548442,358.344182348307,2.69394918607577
0.0053,0.53,8.225661143079892,2.1072586755583376,57.47686338735236,2.143514394764537,537.5962370002752,4.091025163436939
0.0053,0.53,8.51296511956328,2.141590309579216,82.09614633691196,3.0653677707314557,747.9242236212496,5.772961258077203
0.0053,0.53,8.810303982418398,2.1759219436000947,111.23286901989201,4.163524646784225,987.1936152743613,7.738024287560279
0.0053,0.53,9.11802822781911,2.2102535776209726,144.94367814940716,5.4430220117019985,1253.4243492110304,9.985201926057243
0.0053,0.53,9.436500593988008,2.2445852116418514,183.2842956645471,6.908973217784336,1544.7797916611694,12.514133350271095
0.0053,0.53,9.766096488783825,2.27891684566273,226.3095601289504,8.56656817381446,1859.5565942788205,15.32504820746135
0.0053,0.53,10.107204432223549,2.313248479683608,274.07347535449037,10.421073750183155,2196.175361991098,18.41871301041965
0.0053,0.53,10.46022651446083,2.347580113704487,326.6292664193453,12.47783441971228,2553.172060224473,21.79638416849184
0.0053,0.53,10.825578869760541,2.3819117477253653,384.0294432362406,14.742273158116461,2929.1900967783063,25.459766955976647
0.0053,0.53,11.20369216702824,2.4162433817462436,446.32587181267127,17.219892628386503,3322.973020095043,29.41097980096083
0.0053,0.53,11.595012117472708,2.450575015767122,513.5698533305596,19.916276673631614,3733.35778143958,33.65252335004243
0.0053,0.53,12.0,2.4849066497880004,585.8122111582036,22.83709214313012,4159.268513633068,38.18725382860157
0.0064,0.64,4.0,1.3862943611198906,388.63053373320247,12.754236251342263,6725.990217365134,38.45166432078622
0.0064,0.64,4.139711068319459,1.4206259951407691,337.9831435829975,11.133685341914543,5645.494288481713,32.522657200314825
0.0064,0.64,4.284301932291658,1.4549576291616475,290.5673269905104,9.607510154100453,4686.777680913978,27.22719763565965
0.0064,0.64,4.433943032282555,1.4892892631825259,246.4577587207623,8.179179103788869,3840.7922936674004,22.51607605088884
0.0064,0.64,4.588810761759508,1.5236208972034044,205.72850515811058,6.852248340826122,3099.216275906627,18.34606001558359
0.0064,0.64,4.749087675219821,1.5579525312242828,168.45297229130574,5.630361491977965,2454.388616589409,14.679210403627621
0.0064,0.64,4.914962703381755,1.5922841652451614,134.70385608155107,4.517249315017011,1899.2505272781073,11.482279204386714
0.0064,0.64,5.086631375891694,1.6266157992660397,104.55309548329899,3.516729270408945,1427.292814305948,8.726178726141598
0.0064,0.64,5.26429605180997,1.660947433286918,78.07182839075506,2.6327050180987186,1032.5085432144406,6.385513329136074
0.0064,0.64,5.436001877454284,1.6930438416630622,56.695793503846694,1.915131129661134,728.3130529444886,4.553372627339286
0.0064,0.64,5.44816615814704,1.6952790673077966,55.33035078539751,1.8691658479299562,709.3503894250836,4.438166013758291
0.0064,0.64,5.6384584367312005,1.729610701328675,36.39807936138706,1.2301860532847826,452.6921469948394,2.864933203156397
0.0064,0.64,5.835397199698845,1.7639423353495534,21.34351790638309,0.7199242585881755,257.79393411577144,1.6492019267890896
0.0064,0.64,6.03921459390842,1.7982739693704317,10.234227715035592,0.3426227123764001,120.27069148243072,0.7766643556609125
0.0064,0.64,6.250150874589772,1.83260560339131,3.1368023112339287,0.10260655868564594,36.06361919967719,0.2350652803542772
0.0064,0.64,6.468454688551455,1.8669372374121884,0.11684675305669526,0.004283100557177066,1.4142407337436909,0.013978675463965695
0.0064,0.64,6.694383367279839,1.901268871433067,1.238961791258407,0.05214107048243788,12.840819518911104,0.10460997194167199
0.0064,0.64,6.928203230275509,1.9356005054539454,6.56673314805049,0.2507499236149382,67.11688605854138,0.49962107322679117
0.0064,0.64,7.170189898984537,1.969932139474824,16.16272617787395,0.6047591705509525,161.25166140610347,1.1929755111905251
0.0064,0.64,7.420628621694667,2.004263773495702,30.088486165832734,1.1188977674226805,292.47218737293895,2.1798014516181183
0.0064,0.64,7.679814609779395,2.038595407516581,48.40454451247102,1.7979735819495914,458.2069951865662,3.456270532779911
0.0064,0.64,7.948053385686311,2.072927041537459,71.17043104564397,2.6468729549512204,656.0711630417593,5.019490760137728
0.0064,0.64,8.225661143079892,2.1072586755583376,98.44469269140103,3.670560377633194,883.8526294081257,6.867411890089784
0.0064,0.64,8.51296511956328,2.141590309579216,130.28491872607913,4.874078305713468,1139.4996433905071,8.998741919886925
0.0064,0.64,8.810303982418398,2.1759219436000947,166.74777282125694,6.262547132151212,1421.109246145393,11.412873462834341
0.0064,0.64,9.11802822781911,2.2102535776209726,207.88903208188458,7.841165340879087,1726.9166885630882,14.10981893052076
0.0064,0.64,9.436500593988008,2.2445852116418514,253.76363326587352,9.615209864510604,2055.285700324966,17.09015356962982
0.0064,0.64,9.766096488783825,2.27891684566273,304.4257263606744,11.590036669499852,2404.699534203792,20.354965511983664
0.0064,0.64,10.107204432223549,2.313248479683608,359.92873567914876,13.77108159267118,2773.7527172368673,23.905812094631074
0.0064,0.64,10.46022651446083,2.347580113704487,420.3254286231866,16.16386145340556,3161.143447289323,27.74468179373389
0.0064,0.64,10.825578869760541,2.3819117477253653,485.66799224937546,18.77397546607142,3565.666579646777,31.873961193073228
0.0064,0.64,11.20369216702824,2.4162433817462436,556.0081177564955,21.607106977525177,3986.2071537242987,36.29640647610859
0.0064,0.64,11.595012117472708,2.450575015767122,631.3970929998975,24.669025554669815,4421.734414834196,41.015118991341296
0.0064,0.64,12.0,2.4849066497880004,711.8859031230229,27.965589447172647,4871.296290288054,46.03352449436352
0.007500000000000001,0.7500000000000001,4.0,1.3862943611198906,324.5053579886852,10.715574838215161,5365.859759699773,30.99876392762053
0.007500000000000001,0.7500000000000001,4.139711068319459,1.4206259951407691,277.93827593115435,9.213237906099664,4438.3143092330465,25.8635190750947
0.007500000000000001,0.7500000000000001,4.284301932291658,1.4549576291616475,234.70688785137082,7.809944347861034,3621.3928093707023,21.30136231228289
0.007500000000000001,0.7500000000000001,4.433943032282555,1.4892892631825259,194.88542245105873,6.509292007410949,2906.933271677201,17.270454176615203
0.007500000000000001,0.7500000000000001,4.588810761759508,1.5236208972034044,158.54744122213827,5.314967101681077,2287.420891347482,13.734099100757703
0.007500000000000001,0.7500000000000001,4.749087675219821,1.5579525312242828,125.76578981059984,4.230743880770461,1755.930803275396,10.660160431727718
0.007500000000000001,0.7500000000000001,4.914962703381755,1.5922841652451614,96.61255213115038,3.260484208147659,1306.0766689315053,8.02054477544175
0.007500000000000001,0.7500000000000001,5.086631375891694,1.6266157992660397,71.15900750717935,2.4081370687431445,931.9644176180824,5.790747076438265
0.007500000000000001,0.7500000000000001,5.26429605180997,1.660947433286918,49.47559111276369,1.677738013814647,628.1505537313909,3.9494489910124457
0.007500000000000001,0.7500000000000001,5.436001877454284,1.6930438416630622,32.6753987096633,1.1088356278457852,403.242334766555,2.5630195990746643
0.007500000000000001,0.7500000000000001,5.44816615814704,1.6952790673077966,31.63185799467714,1.0734085525266757,389.6045170359658,2.4781640922855104
0.007500000000000001,0.7500000000000001,5.6384584367312005,1.729610701328675,17.696450952781223,0.5993555012478957,211.67464764813158,1.3609242850172905
0.007500000000000001,0.7500000000000001,5.835397199698845,1.7639423353495534,7.737072556627587,0.25987030263365796,90.05736309576469,0.5840025284539081
0.007500000000000001,0.7500000000000001,6.03921459390842,1.7982739693704317,1.8204615746412962,0.05932832761607276,20.769202848464754,0.13566758592845574
0.007500000000000001,0.7500000000000001,6.250150874589772,1.83260560339131,0.01237408982054932,0.002188174468620893,0.12143724665623311,0.005967055407863325
0.007500000000000001,0.7500000000000001,6.468454688551455,1.8669372374121884,2.377569572487036,0.09299098013735252,24.69697376183365,0.1865353986172238
0.007500000000000001,0.7500000000000001,6.694383367279839,1.901268871433067,8.979802176244878,0.33635976003229295,91.3293247999934,0.6704240883975388
0.007500000000000001,0.7500000000000001,6.928203230275509,1.9356005054539454,19.88181751795132,0.7369987934439948,197.08342849514938,1.4519513435115527
0.007500000000000001,0.7500000000000001,7.170189898984537,1.969932139474824,35.145355196181725,1.2996930726863312,339.23813770242003,2.5265692247235165
0.007500000000000001,0.7500000000000001,7.420628621694667,2.004263773495702,54.83115729538977,2.0293078349611307,515.2702131749405,3.8907461319688537
0.007500000000000001,0.7500000000000001,7.679814609779395,2.038595407516581,78.99898311476656,2.930788196790445,722.8396751070073,5.541862975153549
0.007500000000000001,0.7500000000000001,7.948053385686311,2.072927041537459,107.70763035167614,4.009158911659327,959.776383196407,7.478121495129017
0.007500000000000001,0.7500000000000001,8.225661143079892,2.1072586755583376,141.01496295959345,5.2695242722570015,1224.0677294204795,9.698463390504685
0.007500000000000001,0.7500000000000001,8.51296511956328,2.141590309579216,178.97794588965994,6.717068179388605,1513.8473400869466,12.202499063527512
0.007500000000000001,0.7500000000000001,8.810303982418398,2.1759219436000947,221.65268691343476,8.357054400252906,1827.3846946306585,14.990444936998983
0.007500000000000001,0.7500000000000001,9.11802822781911,2.2102535776209726,269.09448571214773,10.194827039340566,2163.075578267916,18.063068416641727
0.007500000000000001,0.7500000000000001,9.436500593988008,2.2445852116418514,321.3578904049043,12.235811245698414,2519.433294152689,21.421639681411307
0.007500000000000001,0.7500000000000001,9.766096488783825,2.27891684566273,378.4967616748029,14.485514180731684,2895.0805682415516,25.06788957987237
0.007500000000000001,0.7500000000000001,10.107204432223549,2.313248479683608,440.5643446380701,16.94952627107034,3288.742086788506,29.003972995325967
0.007500000000000001,0.7500000000000001,10.46022651446083,2.347580113704487,507.61334858699934,19.633522771316223,3699.2376123587424,33.23243711745272
0.007500000000000001,0.7500000000000001,10.825578869760541,2.3819117477253653,579.6960347229182,22.543265661706187,4125.475629563872,37.75619412454216
0.007500000000000001,0.7500000000000001,11.20369216702824,2.4162433817462436,656.8643119806939,25.684605905881654,4566.447476457547,42.57849783965412
0.007500000000000001,0.7500000000000001,11.595012117472708,2.450575015767122,739.1698410314564,29.063486094062682,5021.221921758303,47.70292397619778
0.007500000000000001,0.7500000000000001,12.0,2.4849066497880004,826.6641465355008,32.685943496931145,5488.940151845539,53.133353635092135
0.0086,0.86,4.0,1.3862943611198906,274.3051828652434,9.109744740688768,4366.349833085447,25.480718425934356
0.0086,0.86,4.139711068319459,1.4206259951407691,231.29423665826937,7.711856339416272,3557.25296365401,20.957405093909983
0.0086,0.86,4.284301932291658,1.4549576291616475,191.70783307096931,6.417124891893707,2850.221507875989,16.96332506031422
0.0086,0.86,4.433943032282555,1.4892892631825259,155.61982657325228,5.229261814500575,2237.765216960428,13.462061929815263
0.0086,0.86,4.588810761759508,1.5236208972034044,123.10336029729906,4.1520675505443165,1712.9821464393142,10.421734947129835
0.0086,0.86,4.749087675219821,1.5579525312242828,94.23082070470296,3.189431176011695,1269.5073829893352,7.8144856745607285
0.0086,0.86,4.914962703381755,1.5922841652451614,69.07379532277761,2.3453299344373164,901.4669114281016,5.616025183741613
0.0086,0.86,5.086631375891694,1.6266157992660397,47.70303382765705,1.6238287099081887,603.4360351979277,3.8052343439474043
0.0086,0.86,5.26429605180997,1.660947433286918,30.18841275304234,1.0290794482870425,370.40183880062267,2.3638107665348116
0.0086,0.86,5.436001877454284,1.6930438416630622,17.362877319374746,0.5914434434049269,207.22026887756104,1.3363002569192304
0.0086,0.86,5.44816615814704,1.6952790673077966,16.598904103727254,0.5653205378032276,197.72924514715837,1.275956801735191
0.0086,0.86,5.6384584367312005,1.729610701328675,7.002548152432411,0.23687616122959199,81.13027629297159,0.5281037023396209
0.0086,0.86,5.835397199698845,1.7639423353495534,1.4664306969064191,0.04815563292346292,16.63617391684379,0.1086676872867649
0.0086,0.86,6.03921459390842,1.7982739693704317,0.05666505173856882,0.003652735057292869,0.572077315905666,0.007834172045259269
0.0086,0.86,6.250150874589772,1.83260560339131,2.838379045824368,0.10794506839362006,29.533992589731742,0.21736689470747095
0.0086,0.86,6.468454688551455,1.8669372374121884,9.87570729195929,0.3656934339631608,100.36781787728013,0.7304390675336236
0.0086,0.86,6.694383367279839,1.901268871433067,21.231788989585873,0.7816412629786029,210.15021666822733,1.5414840321920167
0.0086,0.86,6.928203230275509,1.9356005054539454,36.96877151530276,1.3606141132543783,356.1711549058988,2.646063200640299
0.0086,0.86,7.170189898984537,1.969932139474824,57.14782004838254,2.107519251299543,535.9179383157293,4.0407493287854095
0.0086,0.86,7.420628621694667,2.004263773495702,81.82913347023968,3.027345340100311,747.0606045403439,5.723023402083868
0.0086,0.86,7.679814609779395,2.038595407516581,111.07196676761359,4.125162253409016,987.4385405889607,7.691183615631417
0.0086,0.86,7.948053385686311,2.072927041537459,144.93466015915925,5.406121038098888,1255.0482101110995,9.944265109868184
0.0086,0.86,8.225661143079892,2.1072586755583376,183.47467515429975,6.875454046830981,1548.0318873374324,12.481969280094518
0.0086,0.86,8.51296511956328,2.141590309579216,226.74863774155995,8.538475263900125,1864.667305410374,15.304601616327545
0.0086,0.86,8.810303982418398,2.1759219436000947,274.8123888912968,10.400580847688843,2203.3581364414135,18.413017152070097
0.0086,0.86,9.11802822781911,2.2102535776209726,327.7210425448045,12.467249913645446,2562.625229141113,21.808572708293923
0.0086,0.86,9.436500593988008,2.2445852116418514,385.52905124831864,14.744045582132344,2941.0985374102515,25.493085214280654
0.0086,0.86,9.766096488783825,2.27891684566273,448.2902795764642,17.236616315841673,3337.509679975793,29.468795471254907
0.0086,0.86,10.107204432223549,2.313248479683608,516.0580854754573,19.95069757176975,3750.685077107887,33.738336799477565
0.0086,0.86,10.46022651446083,2.347580113704487,588.8854096417617,22.89211379295716,4179.539615752748,38.304708075810595
0.0086,0.86,10.825578869760541,2.3819117477253653,666.8248730372039,26.066780765367184,4623.070799139983,43.17125072739782
0.0086,0.86,11.20369216702824,2.4162433817462436,749.9288826267905,29.480708365365217,5080.35334113967,48.341629299560736
0.0086,0.86,11.595012117472708,2.450575015767122,838.2497454107634,33.14000372330361,5550.5341694131785,53.81981526214895
0.0086,0.86,12.0,2.4849066497880004,931.8397908079389,37.05087482870397,6032.827804775266,59.61007376012367
0.0097,0.97,4.0,1.3862943611198906,234.08755425279386,7.816379234151782,3607.049853185151,21.25483748923989
0.0097,0.97,4.139711068319459,1.4206259951407691,194.22026901776616,6.511913120782538,2892.73057245921,17.221072913878743
0.0097,0.97,4.284301932291658,1.4549576291616475,157.85490563884824,5.3142820725260265,2273.683914536366,13.683462910313665
0.0097,0.97,4.433943032282555,1.4892892631825259,125.06501550120339,4.227299219566646,1742.947728377827,10.609746568074343
0.0097,0.97,4.588810761759508,1.5236208972034044,95.92340561717782,3.2548674189182094,1294.1025639484897,7.971735915122508
0.0097,0.97,4.749087675219821,1.5579525312242828,70.50209648879616,2.400978827415784,921.2249535262242,5.744856838970804
0.0097,0.97,4.914962703381755,1.5922841652451614,48.872283318766186,1.6697144128029038,618.8453144843795,3.9077439266436613
0.0097,0.97,5.086631375891694,1.6266157992660397,31.10430084952612,1.0652434129736825,381.90995323933157,2.4418826710772805
0.0097,0.97,5.26429605180997,1.660947433286918,17.267592110240656,0.5918227544994323,205.74671580263194,1.3312933444871646
0.0097,0.97,5.436001877454284,1.6930438416630622,7.948070581993159,0.27159717710732334,92.19011311000878,0.6021666006650861
0.0097,0.97,5.44816615814704,1.6952790673077966,7.430681351079746,0.25379644264462,86.03388693670337,0.5622515713417471
0.0097,0.97,5.6384584367312005,1.729610701328675,1.6611514426204965,0.055594936141511564,18.771988692800523,0.123041263679184
0.0097,0.97,5.835397199698845,1.7639423353495534,0.025626015739915797,0.0017345210472986053,0.25817128202589196,0.0037361252007840906
0.0097,0.97,6.03921459390842,1.7982739693704317,2.5897566139392323,0.09681669904252255,27.06292577643639,0.1960064009664393
0.0097,0.97,6.250150874589772,1.83260560339131,9.41821512562186,0.3455276065407791,96.00887987912968,0.692947957445881
0.0097,0.97,6.468454688551455,1.8669372374121884,20.574691758461036,0.7526374819608286,204.15146563194324,1.4889311322599497
0.0097,0.97,6.694383367279839,1.901268871433067,36.12189881163812,1.3230001994576739,348.7612720300349,2.579467101838077
0.0097,0.97,6.928203230275509,1.9356005054539454,56.12158049442033,2.061552888313777,527.3079165775171,3.9610897848738205
0.0097,0.97,7.170189898984537,1.969932139474824,80.63452903131514,2.973315658050012,737.4452882659041,5.63125153531314
0.0097,0.97,7.420628621694667,2.004263773495702,109.72060728489606,4.063391450124314,976.9980306427847,7.588231085299412
0.0097,0.97,7.679814609779395,2.038595407516581,143.43877811740958,5.336966037838636,1243.9491478653397,9.8310523799571
0.0097,0.97,7.948053385686311,2.072927041537459,181.84714070144963,6.7993081967692035,1536.4286291604317,12.359413105362137
0.0097,0.97,8.225661143079892,2.1072586755583376,225.00297397844724,8.45577006866904,1852.7029981625308,15.173621851660982
0.0097,0.97,8.51296511956328,2.141590309579216,272.96278745143616,10.311787742358831,2191.165703362026,18.274542977013425
0.0097,0.97,8.810303982418398,2.1759219436000947,325.78237948569324,12.37288207562608,2550.3282745343517,21.663548347595224
0.0097,0.97,9.11802822781911,2.2102535776209726,383.51690327741176,14.644659782582949,2928.8121776748785,25.342475225472754
0.0097,0.97,9.436500593988008,2.2445852116418514,446.2209406367093,17.132814811312585,3325.3413077585924,29.31358966179414
0.0097,0.97,9.766096488783825,2.27891684566273,513.948583716962,19.84313003691409,3738.7350646816026,33.57955482855141
0.0097,0.97,10.107204432223549,2.313248479683608,586.7535248080135,22.781479295311442,4167.901963116663,38.14340378934776
0.0097,0.97,10.46022651446083,2.347580113704487,664.6891542960784,25.953829783342144,4611.833731804753,43.008516269296706
0.0097,0.97,10.825578869760541,2.3819117477253653,747.8086668784554,29.366244850765952,5069.59986208022,48.178599037033564
0.0097,0.97,11.20369216702824,2.4162433817462436,836.165176106512,33.024887209875146,5540.342569247905,53.65766955900199
0.0097,0.97,11.595012117472708,2.450575015767122,929.8118373159261,36.936022588386436,6023.272133849272,59.45004262792736
0.0097,0.97,12.0,2.4849066497880004,1028.801978989046,41.10602385125367,6517.662592918407,65.56031970455388
0.0108,1.08,4.0,1.3862943611198906,201.2880951563074,6.756660991614581,3015.379802879732,17.934752692292022
0.0108,1.08,4.139711068319459,1.4206259951407691,164.2306262774348,5.536544902433491,2378.815252185191,14.303701717918557
0.0108,1.08,4.284301932291658,1.4549576291616475,130.74355609180913,4.426590044990846,1831.9913020918436,11.14310199334409
0.0108,1.08,4.433943032282555,1.4892892631825259,100.90020044762892,3.4307021207551855,1368.3725743012978,8.423977051158317
0.0108,1.08,4.588810761759508,1.5236208972034044,74.77310641360465,2.5528773188875533,981.9300060411427,6.1210601973381245
0.0108,1.08,4.749087675219821,1.5579525312242828,52.434013216039816,1.797201873366049,667.0977185763679,4.212377863817437
0.0108,1.08,4.914962703381755,1.5922841652451614,33.9538167721673,1.1678515669825842,418.73410401997165,2.6788817686393145
0.0108,1.08,5.086631375891694,1.6266157992660397,19.402538100354654,0.6690911931908126,232.08666106467345,1.504123993846349
0.0108,1.08,5.26429605180997,1.660947433286918,8.849295887414536,0.30527398786484206,102.76016888595458,0.6739698505046903
0.0108,1.08,5.436001877454284,1.6930438416630622,2.6595560405633583,0.0911227221978308,30.095332626796765,0.19883271546790482
0.0108,1.08,5.44816615814704,1.6952790673077966,2.3622834919177715,0.08084104409907145,26.687838998718263,0.17634405322212388
0.0108,1.08,5.6384584367312005,1.729610701328675,0.008750660130236832,0.00032072424206901554,0.1051285113971277,0.0010062896511189023
0.0108,1.08,5.835397199698845,1.7639423353495534,1.8549902279295973,0.06832808440059734,19.525936035756036,0.13935275731417462
0.0108,1.08,6.03921459390842,1.7982739693704317,7.966330077834932,0.2895643276716502,81.72093433627738,0.584240662053233
0.0108,1.08,6.250150874589772,1.83260560339131,18.407130615066784,0.6688163033520915,183.6978223603914,1.3298330389757496
0.0108,1.08,6.468454688551455,1.8669372374121884,33.240788020380606,1.2109560703331894,322.6833041878473,2.371461575927185
0.0108,1.08,6.694383367279839,1.901268871433067,52.52974353028516,1.9209405438053082,496.10662418762723,3.705505397992283
0.0108,1.08,6.928203230275509,1.9356005054539454,76.33549898719028,2.803811245270353,701.5845067091835,5.329284014969176
0.0108,1.08,7.170189898984537,1.969932139474824,104.71863889306513,3.8646941766827467,936.9073653310847,7.240962847001697
0.0108,1.08,7.420628621694667,2.004263773495702,137.7388591903454,5.1087998403091035,1200.0266613594522,9.439469930656287
0.0108,1.08,7.679814609779395,2.038595407516581,175.45500298319655,6.5414234266071105,1489.0433041796775,11.924422572179537
0.0108,1.08,7.948053385686311,2.072927041537459,217.92510340078866,8.167945193075496,1802.1969974476197,14.696062859408357
0.0108,1.08,8.225661143079892,2.1072586755583376,265.20643379215767,9.99383105761163,2137.856445159134,17.75520107140983
0.0108,1.08,8.51296511956328,2.141590309579216,317.3555654294376,12.024633430437405,2494.510340527672,21.10316613759005
0.0108,1.08,8.810303982418398,2.1759219436000947,374.4284328829601,14.265992309103467,2870.7590684765923,24.741762397467483
0.0108,1.08,9.11802822781911,2.2102535776209726,436.48040721791097,16.723636661472483,3265.307059540608,28.673232000463486
0.0108,1.08,9.436500593988008,2.2445852116418514,503.56637714812337,19.40338612189919,3676.9557391800586,32.90022236291452
0.0108,1.08,9.766096488783825,2.27891684566273,575.7408382680565,22.311153026078273,4104.5970220355985,37.42575816880435
0.0108,1.08,10.107204432223549,2.313248479683608,653.0579904695,25.452944810223244,4547.207305573344,42.25321746183636
0.0108,1.08,10.46022651446083,2.347580113704487,735.5718436347872,28.834866800359464,5003.841921961958,47.38631143107705
0.0108,1.08,10.825578869760541,2.3819117477253653,823.3363316837014,32.46312541759767,5473.630010946214,52.82906754062242
0.0108,1.08,11.20369216702824,2.4162433817462436,916.4054350368237,36.34403182526023,5955.769779991494,58.58581569680882
0.0108,1.08,11.595012117472708,2.450575015767122,1014.8333115438945,40.484006043708064,6449.524121117118,64.66117718471742
0.0108,1.08,12.0,2.4849066497880004,1118.6744359120412,44.88958155864475,6954.216556655988,71.06005613969683
0.0119,1.1900000000000002,4.0,1.3862943611198906,174.1577774227275,5.876503881737108,2544.994795827476,15.2737689208343
0.0119,1.1900000000000002,4.139711068319459,1.4206259951407691,139.63386419230187,4.7331147969294705,1973.4870650842702,11.981241757438966
0.0119,1.1900000000000002,4.284301932291658,1.4549576291616475,108.74173565284374,3.7029223526453166,1487.1228852599197,9.138723418874406
0.0119,1.1900000000000002,4.433943032282555,1.4892892631825259,81.55453512769205,2.7899176041113236,1079.7192756867482,6.7198977166715395
0.0119,1.1900000000000002,4.588810761759508,1.5236208972034044,58.14461963011348,1.9981829227334416,745.5698600481751,4.701866126139635
0.0119,1.1900000000000002,4.749087675219821,1.5579525312242828,38.58352375112623,1.3318915508149871,479.404631650425,3.064765193491212
0.0119,1.1900000000000002,4.914962703381755,1.5922841652451614,22.94192736527298,0.7953071116565411,276.3536151249823,1.79142868069124
0.0119,1.1900000000000002,5.086631375891694,1.6266157992660397,11.289627435456465,0.3927830868430764,131.91399539218244,0.8670890805799729
0.0119,1.1900000000000002,5.26429605180997,1.660947433286918,3.6955141969123093,0.12876227360351322,41.920337787999834,0.27911382103174276
0.0119,1.1900000000000002,5.436001877454284,1.6930438416630622,0.3264444180371029,0.0112099195927301,3.6147615588234423,0.024127626805652724
0.0119,1.1900000000000002,5.44816615814704,1.6952790673077966,0.2275519983643648,0.007776236196491038,2.5175690735425675,0.01677206815858545
0.0119,1.1900000000000002,5.6384584367312005,1.729610701328675,0.9527650754373287,0.034444766331660825,10.136428697179795,0.07102854931249425
0.0119,1.1900000000000002,5.835397199698845,1.7639423353495534,5.937228527444187,0.21347536866835792,61.47113407186194,0.434361258929286
0.0119,1.1900000000000002,6.03921459390842,1.7982739693704317,15.246064763735323,0.5496627884395355,153.45903352887748,1.1006002941918211
0.0119,1.1900000000000002,6.250150874589772,1.83260560339131,28.94344567989335,1.0478885992217073,283.26204665697634,2.064785401509596
0.0119,1.1900000000000002,6.468454688551455,1.8669372374121884,47.09260081720181,1.713120869806552,448.2497144754958,3.323040106041333
0.0119,1.1900000000000002,6.694383367279839,1.901268871433067,69.7558317510083,2.550413930020369,645.9837017813958,4.872460550907249
0.0119,1.1900000000000002,6.928203230275509,1.9356005054539454,96.99453294490758,3.5649082561813685,874.2036114434179,6.7110173954637276
0.0119,1.1900000000000002,7.170189898984537,1.969932139474824,128.86921929807556,4.7618304976739125,1130.8139857236317,8.837469317277737
0.0119,1.1900000000000002,7.420628621694667,2.004263773495702,165.43956060267033,6.14649366685299,1413.8723831711047,11.251286834013627
0.0119,1.1900000000000002,7.679814609779395,2.038595407516581,206.76442311704213,7.724297515164835,1721.5784314964508,13.95258531235072
0.0119,1.1900000000000002,7.948053385686311,2.072927041537459,252.90191844854485,9.500729118982122,2052.263767307026,16.942066164002426
0.0119,1.1900000000000002,8.225661143079892,2.1072586755583376,303.90945992722556,11.481363699195924,2404.382782839662,20.22096534627417
0.0119,1.1900000000000002,8.51296511956328,2.141590309579216,359.8438266384924,13.671865699084492,2776.504108023554,23.791008388129285
0.0119,1.1900000000000002,8.810303982418398,2.1759219436000947,420.761235269243,16.077990145399838,3167.3027634740097,27.654371254500347
0.0119,1.1900000000000002,9.11802822781911,2.2102535776209726,486.71741990791054,18.705584317943362,3575.5529264719726,31.813646442592926
0.0119,1.1900000000000002,9.436500593988008,2.2445852116418514,557.7677199245625,21.56058975319786,4000.1212577241536,36.271813775888404
0.0119,1.1900000000000002,9.766096488783825,2.27891684566273,633.9671760425958,24.649044607785072,4439.960741810208,41.03221542525807
0.0119,1.1900000000000002,10.107204432223549,2.313248479683608,715.3706346990386,27.97708640767678,4894.104998782388,46.09853474321699
0.0119,1.1900000000000002,10.46022651446083,2.347580113704487,802.0328607757942,31.550955209189738,5361.663028453529,51.47477854758654
0.0119,1.1900000000000002,10.825578869760541,2.3819117477253653,894.0086587697481,35.37699719781892,5841.814352549224,57.16526253543725
0.0119,1.1900000000000002,11.20369216702824,2.4162433817462436,991.3530024554784,39.461668750976514,6333.804523159263,63.174599548015976
0.0119,1.1900000000000002,11.595012117472708,2.450575015767122,1094.121173080521,43.811540990643834,6836.940968844744,69.50769044253684
0.0119,1.1900000000000002,12.0,2.4849066497880004,1202.3689061198647,48.43330485186925,7350.5891523803675,76.1697173583907
0.012546045825196089,1.2546045825196088,4.0,1.3862943611198906,160.3530841552477,5.427321127805953,2312.375757914783,13.94944470407927
0.012546045825196089,1.2546045825196088,4.139711068319459,1.4206259951407691,127.20632826281326,4.325898050655894,1774.3819238776143,10.832125500220172
0.012546045825196089,1.2546045825196088,4.284301932291658,1.4549576291616475,97.72465196482216,3.3393378850507673,1319.1759362355524,8.154684992424563
0.012546045825196089,1.2546045825196088,4.433943032282555,1.4892892631825259,71.98112475443558,2.471679034343211,940.7546147676353,5.892145869672049
0.012546045825196089,1.2546045825196088,4.588810761759508,1.5236208972034044,50.04802219230416,1.7270517371882264,633.5763460003276,4.022802304409538
0.012546045825196089,1.2546045825196088,4.749087675219821,1.5579525312242828,31.996791470328027,1.1096776260681835,392.52230302552437,2.527854382669318
0.012546045825196089,1.2546045825196088,4.914962703381755,1.5922841652451614,17.898020913168814,0.6238692460619362,212.86140145042373,1.3910852489438241
0.012546045825196089,1.2546045825196088,5.086631375891694,1.6266157992660397,7.821413698729305,0.27402954610848074,90.21858217612824,0.5985758561845245
0.012546045825196089,1.2546045825196088,5.26429605180997,1.660947433286918,1.8357660774104296,0.06465135609456452,20.54606205022313,0.13845286185770433
0.012546045825196089,1.2546045825196088,5.436001877454284,1.6930438416630622,0.0,0.0,0.0,0.0
0.012546045825196089,1.2546045825196088,5.44816615814704,1.6952790673077966,0.008950367563086745,0.0003168641631343741,0.0972369420817404,0.0006657719571388221
0.012546045825196089,1.2546045825196088,5.6384584367312005,1.729610701328675,2.407903001207842,0.08569710968911393,25.40295946869422,0.17678991991607518
0.012546045825196089,1.2546045825196088,5.835397199698845,1.7639423353495534,9.098617889766068,0.3255515083953622,93.24994630728294,0.6598522877549016
0.012546045825196089,1.2546045825196088,6.03921459390842,1.7982739693704317,20.14614537424638,0.7247274270783919,200.66109848730136,1.4441775420062015
0.012546045825196089,1.2546045825196088,6.250150874589772,1.83260560339131,35.614597018061254,1.2881598263751428,344.877542863709,2.525251974938442
0.012546045825196089,1.2546045825196088,6.468454688551455,1.8669372374121884,55.56715649343169,2.0208709909241236,523.3422246473108,3.8996033190304615
0.012546045825196089,1.2546045825196088,6.694383367279839,1.901268871433067,80.06609680419305,2.9279703671499817,733.6848998398661,5.564694645197619
0.012546045825196089,1.2546045825196088,6.928203230275509,1.9356005054539454,109.17280407876828,4.01465452972711,973.7083930600664,7.5188307677110515
0.012546045825196089,1.2546045825196088,7.170189898984537,1.969932139474824,142.94780815718548,5.286207298550181,1241.3760008649679,9.76107576514346
0.012546045825196089,1.2546045825196088,7.420628621694667,2.004263773495702,181.45082018528817,6.7480000287529265,1534.7999335378909,12.291180390512409
0.012546045825196089,1.2546045825196088,7.679814609779395,2.038595407516581,224.74077741785146,8.405492096971301,1852.2306996578598,15.109518287980336
0.012546045825196089,1.2546045825196088,7.948053385686311,2.072927041537459,272.8758954201189,10.26423160763352,2192.0473477831133,18.21703006058442
0.012546045825196089,1.2546045825196088,8.225661143079892,2.1072586755583376,325.9137278445387,12.3298563435892,2552.7484884424825,21.615174345661217
0.012546045825196089,1.2546045825196088,8.51296511956328,2.141590309579216,383.9112339461363,14.608094985840864,2932.944027477959,25.30588515374893
0.012546045825196089,1.2546045825196088,8.810303982418398,2.1759219436000947,446.9248539861727,17.10476862753609,3331.3475487461374,29.29153481451931
0.012546045825196089,1.2546045825196088,9.11802822781911,2.2102535776209726,515.0105926596389,19.825792607702795,3746.769290374166,33.5749019508562
0.012546045825196089,1.2546045825196088,9.436500593988008,2.2445852116418514,588.2241106677116,22.777178690469782,4178.1096642715565,38.159143971134654
0.012546045825196089,1.2546045825196088,9.766096488783825,2.27891684566273,666.6208245417291,25.965037615700908,4624.353273504535,43.04777363076937
0.012546045825196089,1.2546045825196088,10.107204432223549,2.313248479683608,750.2560148107095,29.395582047131256,5084.56338651693,48.244639268305036
0.012546045825196089,1.2546045825196088,10.46022651446083,2.347580113704487,839.1849425898392,33.0751299441431,5557.876831091305,53.7539083695101
0.012546045825196089,1.2546045825196088,10.825578869760541,2.3819117477253653,933.4629746530998,37.01010838337015,6043.499274442464,59.58005415567277
0.012546045825196089,1.2546045825196088,11.20369216702824,2.4162433817462436,1033.1457170391773,41.207057856301844,6540.700858968729,65.72784493049676
0.012546045825196089,1.2546045825196088,11.595012117472708,2.450575015767122,1138.289157226223,45.67263706898507,7048.812165996815,72.2023359537634
0.012546045825196089,1.2546045825196088,12.0,2.4849066497880004,1248.9498148981395,50.4136282698646,7567.220482380292,79.0088636401124
0.013000000000000001,1.3,4.0,1.3862943611198906,151.45821747092302,5.137397566456798,2164.931822452345,13.10678023333594
0.013000000000000001,1.3,4.139711068319459,1.4206259951407691,119.23511248017897,4.064220917383238,1648.7278516494755,10.10374790155106
0.013000000000000001,1.3,4.284301932291658,1.4549576291616475,90.69941134859009,3.107031804103272,1213.785055618128,7.534160777736588
0.013000000000000001,1.3,4.433943032282555,1.4892892631825259,65.924143239889,2.269900828553041,854.216498651326,5.3739004674356465
0.013000000000000001,1.3,4.588810761759508,1.5236208972034044,44.981539066815216,1.556990807209857,564.5871349911479,3.6020266221237307
0.013000000000000001,1.3,4.749087675219821,1.5579525312242828,27.942998207756794,0.972556334312408,339.8759604213967,2.200422245745415
0.013000000000000001,1.3,4.914962703381755,1.5922841652451614,14.879059241219636,0.5209433086789037,175.4417977884798,1.1534804276286366
0.013000000000000001,1.3,5.086631375891694,1.6266157992660397,5.8593749793371925,0.2065884366703914,66.99231975644415,0.44782755574111377
0.013000000000000001,1.3,5.26429605180997,1.660947433286918,0.9526920799939373,0.03401872492554714,10.555960730129224,0.07207869224449048
0.013000000000000001,1.3,5.436001877454284,1.6930438416630622,0.14553663146366552,0.005007172136584803,1.580842892444907,0.010649611170398421
0.013000000000000001,1.3,5.44816615814704,1.6952790673077966,0.22683551449187206,0.007850977558341549,2.4564119208497854,0.016621335192861686
0.013000000000000001,1.3,5.6384584367312005,1.729610701328675,3.748698164106055,0.1327913135561518,39.28942996058034,0.2734242589956253
0.013000000000000001,1.3,5.835397199698845,1.7639423353495534,11.584235814294324,0.41363472113735433,117.90172111258863,0.8358685328004469
0.013000000000000001,1.3,6.03921459390842,1.7982739693704317,23.798467809784512,0.8552646668177744,235.37169066869788,1.6985981693010217
0.013000000000000001,1.3,6.250150874589772,1.83260560339131,40.45548362725328,1.4626527778897227,388.9918711472842,2.8573881642798824
0.013000000000000001,1.3,6.468454688551455,1.8669372374121884,61.61845561485812,2.240858617929824,576.2528639035742,4.309027955882925
0.013000000000000001,1.3,6.694383367279839,1.901268871433067,87.34965813951229,3.1950295758180545,794.8286471519261,6.051218567618321
0.013000000000000001,1.3,6.928203230275509,1.9356005054539454,117.71049337353242,4.330400889565809,1042.563119533002,8.082481904992846
0.013000000000000001,1.3,7.170189898984537,1.969932139474824,152.76152394218542,5.652295827009937,1317.45776253932,10.402080856453495
0.013000000000000001,1.3,7.420628621694667,2.004263773495702,192.5625126427606,7.1661260461325185,1617.660317598793,13.009949008173407
0.013000000000000001,1.3,7.679814609779395,2.038595407516581,237.1724694341575,8.877392158404177,1941.4543846285803,15.906628922219397
0.013000000000000001,1.3,7.948053385686311,2.072927041537459,286.6497058836568,10.79168451912625,2287.2498586004986,19.09321805090076
0.013000000000000001,1.3,8.225661143079892,2.1072586755583376,341.0518972446495,12.91468426925428,2653.574129267955,22.57132146915683
0.013000000000000001,1.3,8.51296511956328,2.141590309579216,400.43615232564855,15.252164653633201,3039.0639768332003,26.343010702997162
0.013000000000000001,1.3,8.810303982418398,2.1759219436000947,464.8590912970625,17.809992640947826,3442.458103104397,30.41078801726644
0.013000000000000001,1.3,9.11802822781911,2.2102535776209726,534.3769315679971,20.59413087100245,3862.5902437098516,34.77755560147807
0.013000000000000001,1.3,9.436500593988008,2.2445852116418514,609.0455818509583,23.610639955194642,4298.382812293043,39.446589159283576
0.013000000000000001,1.3,9.766096488783825,2.27891684566273,688.9207445177208,26.865681156225946,4748.841032385674,44.421515466548954
0.013000000000000001,1.3,10.107204432223549,2.313248479683608,774.0580263351296,30.365519473222776,5213.047516916948,49.7062935157237
0.013000000000000001,1.3,10.46022651446083,2.347580113704487,864.5130576550989,34.116527158509825,5690.157259124586,55.30519891093809
0.013000000000000001,1.3,10.825578869760541,2.3819117477253653,960.3416201188685,38.125187692296436,6179.393002040736,61.22281121985088
0.013000000000000001,1.3,11.20369216702824,2.4162433817462436,1061.5997829217326,42.39810024152257,6680.0409567786755,67.46400402555537
0.013000000000000001,1.3,11.595012117472708,2.450575015767122,1168.3440476710311,46.94198462904524,7191.446842585647,74.03393745438825
0.013000000000000001,1.3,12.0,2.4849066497880004,1280.6315018574958,51.763686839262164,7713.012224088241,80.93805298524694
0.014100000000000001,1.4100000000000001,4.0,1.3862943611198906,132.28564519864835,4.511091741112693,1853.7352949220692,11.319029376322533
0.014100000000000001,1.4100000000000001,4.139711068319459,1.4206259951407691,102.16433039613584,3.5024821287060774,1385.1622261598043,8.567027594163392
0.014100000000000001,1.4100000000000001,4.284301932291658,1.4549576291616475,75.78126734516295,2.6124422808903773,994.5279296015784,6.234845755790616
0.014100000000000001,1.4100000000000001,4.433943032282555,1.4892892631825259,53.209424997333755,1.845117601094742,676.1976966565122,4.300211061392133
0.014100000000000001,1.4100000000000001,4.588810761759508,1.5236208972034044,34.52096673280704,1.2047466754028093,424.9678384966349,2.743829017712301
0.014100000000000001,1.4100000000000001,4.749087675219821,1.5579525312242828,19.787219788265986,0.6956608532484161,236.02983565495248,1.5490519888836047
0.014100000000000001,1.4100000000000001,4.914962703381755,1.5922841652451614,9.078648884090613,0.32228379961793685,104.93790371385346,0.7015864315730482
0.014100000000000001,1.4100000000000001,5.086631375891694,1.6266157992660397,2.464834331771765,0.08913103197875394,27.57960511053441,0.18923421487684067
0.014100000000000001,1.4100000000000001,5.26429605180997,1.660947433286918,0.014454900406805816,0.000809456229566425,0.14918208947153863,0.0016640059558774845
0.014100000000000001,1.4100000000000001,5.436001877454284,1.6930438416630622,1.5492428254329007,0.05338760709385593,16.541046122550597,0.11236758163619243
0.014100000000000001,1.4100000000000001,5.44816615814704,1.6952790673077966,1.7952757179394832,0.062016917027664764,19.123324787194772,0.1302092040203462
0.014100000000000001,1.4100000000000001,5.6384584367312005,1.729610701328675,7.874141478660406,0.2775417788863761,81.23912223268096,0.5676893397944269
0.014100000000000001,1.4100000000000001,5.835397199698845,1.7639423353495534,18.316975223363926,0.6522625554448105,183.47397343512054,1.3082522348468046
0.014100000000000001,1.4100000000000001,6.03921459390842,1.7982739693704317,33.18878295246831,1.1911476052875365,323.0272613396524,2.3472345434641966
0.014100000000000001,1.4100000000000001,6.250150874589772,1.83260560339131,52.55366432536814,1.8992549136280132,497.3036147929924,3.681038586029274
0.014100000000000001,1.4100000000000001,6.468454688551455,1.8669372374121884,76.47482969131696,2.781731980061707,703.8976032251403,5.307023633021572
0.014100000000000001,1.4100000000000001,6.694383367279839,1.901268871433067,105.01462368827359,3.84381583343729,940.5797259033485,7.223410017756464
0.014100000000000001,1.4100000000000001,6.928203230275509,1.9356005054539454,138.23455563640937,5.090833195684667,1205.283572675663,9.42919464806505
0.014100000000000001,1.4100000000000001,7.170189898984537,1.969932139474824,176.1953369424384,6.528200817170955,1496.0940463719546,11.92407665582732
0.014100000000000001,1.4100000000000001,7.420628621694667,2.004263773495702,218.9569257196099,8.161426006826929,1811.2365487076772,14.708392071761637
0.014100000000000001,1.4100000000000001,7.679814609779395,2.038595407516581,266.57857881622044,9.996107380899844,2149.0670418440686,17.783056543685234
0.014100000000000001,1.4100000000000001,7.948053385686311,2.072927041537459,319.118911432839,12.037935854727095,2508.0629068725284,21.149515231870282
0.014100000000000001,1.4100000000000001,8.225661143079892,2.1072586755583376,376.63596449528677,14.292695902410742,2886.8145285623805,24.80969911708462
0.014100000000000001,1.4100000000000001,8.51296511956328,2.141590309579216,439.1872799367384,16.766267109683554,3284.017542869067,28.765987047131603
0.014100000000000001,1.4100000000000001,8.810303982418398,2.1759219436000947,506.8299840283,19.46462604559764,3698.465690057814,33.0211729274215
0.014100000000000001,1.4100000000000001,9.11802822781911,2.2102535776209726,579.6208788831266,22.393848478963264,4129.044221952586,37.578437532011776
0.014100000000000001,1.4100000000000001,9.436500593988008,2.2445852116418514,657.6165422447019,25.560111965666692,4574.723816857328,42.441324474125395
0.014100000000000001,1.4100000000000001,9.766096488783825,2.27891684566273,740.8734356553299,28.969698833170696,5034.554960188502,47.61371993096509
0.014100000000000001,1.4100000000000001,10.107204432223549,2.313248479683608,829.448021086529,32.62899958859714,5507.662752870679,53.09983576693958
0.014100000000000001,1.4100000000000001,10.46022651446083,2.347580113704487,923.3968860986768,36.544516776841874,5993.242113134921,58.90419574370571
0.014100000000000001,1.4100000000000001,10.825578869760541,2.3819117477253653,1022.7768775833422,40.72286931519238,6490.55334057289,65.03162454395897
0.014100000000000001,1.4100000000000001,11.20369216702824,2.4162433817462436,1127.6452441282138,45.17079733087098,6998.918014180879,71.4872393713149
0.014100000000000001,1.4100000000000001,11.595012117472708,2.450575015767122,1238.0597870315976,49.89516752787608,7517.715198714698,78.27644391924059
0.014100000000000001,1.4100000000000001,12.0,2.4849066497880004,1354.0790199812081,54.90297910941763,8046.377936002283,85.40492452954732
0.0152,1.52,4.0,1.3862943611198906,115.96379470759462,3.976346332577833,1596.0836856835188,9.828242196886094
0.0152,1.52,4.139711068319459,1.4206259951407691,87.7719558304087,3.027354072588494,1168.9832430089853,7.296415435144581
0.0152,1.52,4.284301932291658,1.4549576291616475,63.365211706965184,2.1993335155904035,816.9470796663875,5.173060197338486
0.0152,1.52,4.433943032282555,1.4892892631825259,42.81652096229483,1.496500938804978,534.557900194107,3.4374748718348656
0.0152,1.52,4.588810761759508,1.5236208972034044,26.19803320397231,0.9231668385839029,316.8115840204957,2.0717674247557625
0.0152,1.52,4.749087675219821,1.5579525312242828,13.581061049545134,0.48373553605677344,159.08303054940495,1.0605435888545003
0.0152,1.52,4.914962703381755,1.5922841652451614,5.036056518686367,0.18270476188665707,57.095236948861285,0.39063143282277935
0.0152,1.52,5.086631375891694,1.6266157992660397,0.6325920707323511,0.024665233963686695,6.891260994341306,0.05083800072232414
0.0152,1.52,5.26429605180997,1.660947433286918,0.43934656557725804,0.014300242940733954,4.808763316679111,0.03173425254699502
0.0152,1.52,5.436001877454284,1.6930438416630622,4.126637310394163,0.14239982674399432,43.381737161088196,0.2969537758704064
0.0152,1.52,5.44816615814704,1.6952790673077966,4.524096422229391,0.1563852615687109,47.45685979861526,0.32546500516309607
0.0152,1.52,5.6384584367312005,1.729610701328675,12.95371224469353,0.45578759481739617,131.69504647291782,0.9255809789345051
0.0152,1.52,5.835397199698845,1.7639423353495534,25.7941611792375,0.9174660887653516,254.61398678782936,1.8268904082667632
0.0152,1.52,6.03921459390842,1.7982739693704317,43.11051526053231,1.5464709172033082,413.5179751032744,3.0253279817278553
0.0152,1.52,6.250150874589772,1.83260560339131,64.96696599665,2.347943465814737,605.9089112554344,4.517839145739231
0.0152,1.52,6.468454688551455,1.8669372374121884,91.42684543448375,3.3271163346695687,829.4716393944343,6.302278040521514
0.0152,1.52,6.694383367279839,1.901268871433067,122.55265393786043,4.489313480590184,1082.0605204145825,8.37731754260767
0.0152,1.52,6.928203230275509,1.9356005054539454,158.4060949004729,5.8399505217117,1361.6871214602666,10.742370068719993
0.0152,1.52,7.170189898984537,1.969932139474824,199.04811660485717,7.384535227272465,1666.5089184619244,13.397517954483874
0.0152,1.52,7.420628621694667,2.004263773495702,244.53896142697138,9.128668216311013,1994.8189186554716,16.343452361132222
0.0152,1.52,7.679814609779395,2.038595407516581,294.9382225736498,11.078043889533546,2345.0361197556645,19.58141978655749
0.0152,1.52,7.948053385686311,2.072927041537459,350.3049085272919,13.23845161913232,2715.6967310513874,23.11317536579827
0.0152,1.52,8.225661143079892,2.1072586755583376,410.6975153587736,15.615777221786686,3105.4460893100954,26.940942242111305
0.0152,1.52,8.51296511956328,2.141590309579216,476.1741070557462,18.21600474046886,3513.0312091404276,31.067376374895503
0.0152,1.52,8.810303982418398,2.1759219436000947,546.7924039993636,21.04521856098927,3937.293913471935,35.49553622599433
0.0152,1.52,9.11802822781911,2.2102535776209726,622.6098797081474,24.109605889487284,4377.164495159819,40.22885683260938
0.0152,1.52,9.436500593988008,2.2445852116418514,703.6838659532816,27.41545961726092,4831.655865490355,45.271127834501385
0.0152,1.52,9.766096488783825,2.27891684566273,790.0716663351302,30.969181599468016,5299.85814961698,50.626475075438975
0.0152,1.52,10.107204432223549,2.313248479683608,881.8306783965758,34.77728637433245,5780.933692760284,56.299345445770086
0.0152,1.52,10.46022651446083,2.347580113704487,979.0185243346579,38.8464053495137,6274.112444407217,62.294494674579255
0.0152,1.52,10.825578869760541,2.3819117477253653,1081.693190358364,43.18329148230964,6778.687690794342,68.61697781662042
0.0152,1.52,11.20369216702824,2.4162433817462436,1189.9131747272952,47.7948244803199,7294.012108695416,75.27214221238137
0.0152,1.52,11.595012117472708,2.450575015767122,1303.7376444934084,52.68801654915069,7819.494115991441,82.26562272867432
0.0152,1.52,12.0,2.4849066497880004,1423.2266009563486,57.87001871365078,8354.594496712783,89.60333911370253
0.016300000000000002,1.6300000000000001,4.0,1.3862943611198906,101.975899510822,3.516858905070194,1380.7564320425442,8.573886590060738
0.016300000000000002,1.6300000000000001,4.139711068319459,1.4206259951407691,75.56274404203158,2.6231009092292936,990.1014307366615,6.237012699122943
0.016300000000000002,1.6300000000000001,4.284301932291658,1.4549576291616475,52.97812319763736,1.8525591264918404,672.00080723605,4.299060346722285
0.016300000000000002,1.6300000000000001,4.433943032282555,1.4892892631825259,34.29503148657935,1.2095174216139526,421.22650955704137,2.740681138536786
0.016300000000000002,1.6300000000000001,4.588810761759508,1.5236208972034044,19.585654244072824,0.6983549812880767,232.94824265614878,1.5451921244565199
0.016300000000000002,1.6300000000000001,4.749087675219821,1.5579525312242828,8.92134215272528,0.3235459510450607,102.70076854449997,0.6982807745654185
0.016300000000000002,1.6300000000000001,4.914962703381755,1.5922841652451614,2.3725902801730174,0.08965905856155088,26.354282854275116,0.18774437609814854
0.016300000000000002,1.6300000000000001,5.086631375891694,1.6266157992660397,0.009021913390018527,0.0013572377630398516,0.08753910139288976,0.003259785742439278
0.016300000000000002,1.6300000000000001,5.26429605180997,1.660947433286918,1.899377466693621,0.06339726918123278,20.363431361948415,0.1361799800062613
0.016300000000000002,1.6300000000000001,5.436001877454284,1.6930438416630622,7.574208328021423,0.26166647743284344,78.51361844801097,0.5411789668597748
0.016300000000000002,1.6300000000000001,5.44816615814704,1.6952790673077966,8.111508736357528,0.28062945307225107,83.90678031880478,0.579354286570748
0.016300000000000002,1.6300000000000001,5.6384584367312005,1.729610701328675,18.7123787696677,0.6579973328217079,187.6840973995757,1.326969561662935
0.016300000000000002,1.6300000000000001,5.835397199698845,1.7639423353495534,33.76806761021244,1.2005374871486367,328.88512765814505,2.374409910902102
0.016300000000000002,1.6300000000000001,6.03921459390842,1.7982739693704317,53.34378417420756,1.9133794105678064,504.90599468936585,3.718132840893986
0.016300000000000002,1.6300000000000001,6.250150874589772,1.83260560339131,77.5038845047421,2.8017455024730538,713.3337906682905,5.3555599820260795
0.016300000000000002,1.6300000000000001,6.468454688551455,1.8669372374121884,106.31189664201644,3.8709511860594006,951.9324719597171,7.28498074452375
0.016300000000000002,1.6300000000000001,6.694383367279839,1.901268871433067,139.83055233797816,5.126405179104211,1218.6299359816537,9.505467464124195
0.016300000000000002,1.6300000000000001,6.928203230275509,1.9356005054539454,178.12182583327427,6.573609939371579,1511.5061684093553,12.016800764407662
0.016300000000000002,1.6300000000000001,7.170189898984537,1.969932139474824,221.2469799032213,8.218162308094264,1828.782361616657,14.81940401294105
0.016300000000000002,1.6300000000000001,7.420628621694667,2.004263773495702,269.2666193675328,10.065754375605138,2168.8109156741466,17.914285880636726
0.016300000000000002,1.6300000000000001,7.679814609779395,2.038595407516581,322.24075224603865,12.12217459375654,2530.0662424385737,21.302990130426224
0.016300000000000002,1.6300000000000001,7.948053385686311,2.072927041537459,380.228858729481,14.393309160256479,2911.136301425472,24.9875518643953
0.016300000000000002,1.6300000000000001,8.225661143079892,2.1072586755583376,443.28996812097716,16.885143700482786,3310.7148033919516,28.97045954961868
0.016300000000000002,1.6300000000000001,8.51296511956328,2.141590309579216,511.48274388977813,19.603765272692044,3727.594023980435,33.25462222361011
0.016300000000000002,1.6300000000000001,8.810303982418398,2.1759219436000947,584.8655769647885,22.55536472286292,4160.658175487664,37.84334135181143
0.016300000000000002,1.6300000000000001,9.11802822781911,2.2102535776209726,663.4966873809806,25.746239415617538,4608.877289911363,42.740286872730394
0.016300000000000002,1.6300000000000001,9.436500593988008,2.2445852116418514,747.4342343774715,29.182796367881338,5071.301570964591,47.94947702290028
0.016300000000000002,1.6300000000000001,9.766096488783825,2.27891684566273,836.7364350316515,32.87155581204286,5547.056176799359,53.475261583397696
0.016300000000000002,1.6300000000000001,10.107204432223549,2.313248479683608,931.4616914997569,36.819155215464434,6035.33639880507,59.322308234329284
0.016300000000000002,1.6300000000000001,10.46022651446083,2.347580113704487,1031.668726920391,41.03235378322199,6535.403205090914,65.49559174303158
0.016300000000000002,1.6300000000000001,10.825578869760541,2.3819117477253653,1137.416730024203,45.518037470955505,7046.5791201701995,72.00038574689916
0.016300000000000002,1.6300000000000001,11.20369216702824,2.4162433817462436,1248.7655084801897,50.28322453467035,7568.244414976082,78.84225692308246
0.016300000000000002,1.6300000000000001,11.595012117472708,2.450575015767122,1365.7756509970363,55.33507164429511,8099.833583685231,86.0270613650855
0.016300000000000002,1.6300000000000001,12.0,2.4849066497880004,1488.5086981867153,60.68088058771764,8640.832085939424,93.56094301135272
0.0174,1.7399999999999998,4.0,1.3862943611198906,89.91995273878392,3.1198953034507753,1199.35820403963,7.510440329900348
0.0174,1.7399999999999998,4.139711068319459,1.4206259951407691,65.15229974353409,2.2774567834110258,840.9845812887888,5.347567104731411
0.0174,1.7399999999999998,4.284301932291658,1.4549576291616475,44.253698652358906,1.5603402575029435,552.9566954696272,3.5755096006599842
0.0174,1.7399999999999998,4.433943032282555,1.4892892631825259,27.29722276899156,0.9728944032669951,330.2125850859486,2.176096600152505
0.0174,1.7399999999999998,4.588810761759508,1.5236208972034044,14.35513889157616,0.519564386995599,168.07460677128608,1.1336980366532146
0.0174,1.7399999999999998,4.749087675219821,1.5579525312242828,5.498884227865195,0.20489153725709652,62.21799598506984,0.4349444643401412
0.0174,1.7399999999999998,4.914962703381755,1.5922841652451614,0.7990479667567266,0.033513011830229034,8.642369671905575,0.06847926509536251
0.0174,1.7399999999999998,5.086631375891694,1.6266157992660397,0.325357785732573,0.010161472951609907,3.6458582906106725,0.02473973628284787
0.0174,1.7399999999999998,5.26429605180997,1.660947433286918,4.146671570236309,0.13966478684488592,43.801591946208426,0.29576368329841785
0.0174,1.7399999999999998,5.436001877454284,1.6930438416630622,11.664015074532768,0.40334199825167083,119.37003557426902,0.8280337658652286
0.0174,1.7399999999999998,5.44816615814704,1.6952790673077966,12.330974616515238,0.42694576454083943,125.93629776269782,0.8750185572170182
0.0174,1.7399999999999998,5.6384584367312005,1.729610701328675,24.945382583981917,0.877021962008758,247.11079382824127,1.7572505395880853
0.0174,1.7399999999999998,5.835397199698845,1.7639423353495534,42.056150456722335,1.4950055585947482,404.60218962623213,2.9383512913794334
0.0174,1.7399999999999998,6.03921459390842,1.7982739693704317,63.72868776641162,2.286103333697227,595.8876243420957,4.4152403578654
0.0174,1.7399999999999998,6.250150874589772,1.83260560339131,90.02758032061928,3.2556167624986756,818.6293932355231,6.1857614614931435
0.0174,1.7399999999999998,6.468454688551455,1.8669372374121884,121.01661867133241,4.408942252411478,1070.6613287562704,8.248591125177654
0.0174,1.7399999999999998,6.694383367279839,1.901268871433067,156.75883354853806,5.751571542679983,1349.9763175687642,10.603158253087258
0.0174,1.7399999999999998,6.928203230275509,1.9356005054539454,197.31653847291904,7.289092290308446,1654.7148474023945,13.249573458248278
0.0174,1.7399999999999998,7.170189898984537,1.969932139474824,242.75137975023648,9.02718886615088,1983.154488887153,16.18856706906422
0.0174,1.7399999999999998,7.420628621694667,2.004263773495702,293.12439403777915,10.971643385601851,2333.7002274633296,19.4214348727819
0.0174,1.7399999999999998,7.679814609779395,2.038595407516581,348.4960736605484,13.128336998868804,2704.8755692366603,22.949990764934682
0.0174,1.7399999999999998,7.948053385686311,2.072927041537459,408.92643984155336,15.503251466278812,3095.314352430971,26.776525572054652
0.0174,1.7399999999999998,8.225661143079892,2.1072586755583376,474.47512399696564,18.10247104448439,3503.7532029937993,30.9037714016863
0.0174,1.7399999999999998,8.51296511956328,2.141590309579216,545.2014572328753,20.932184709778994,3929.024579044414,35.3348709506854
0.0174,1.7399999999999998,8.810303982418398,2.1759219436000947,621.1645681661863,23.998688745015784,4370.050354311456,40.07335127086935
0.0174,1.7399999999999998,9.11802822781911,2.2102535776209726,702.4234891779149,27.308389716844317,4825.83589557085,45.12310155161413
0.0174,1.7399999999999998,9.436500593988008,2.2445852116418514,789.0372711928514,30.867807870153342,5295.464593434175,50.48835453250831
0.0174,1.7399999999999998,9.766096488783825,2.27891684566273,881.0651070653673,34.683580966721934,5778.09280971407,56.173671207047846
0.0174,1.7399999999999998,10.107204432223549,2.313248479683608,978.5664636372865,38.76246859515061,6272.945208062623,62.18392852048055
0.0174,1.7399999999999998,10.46022651446083,2.347580113704487,1081.601222520192,43.1113569791662,6779.310437685548,68.52430980284953
0.0174,1.7399999999999998,10.825578869760541,2.3819117477253653,1190.2298296415497,47.73726431142836,7296.537142722535,75.2002977116399
0.0174,1.7399999999999998,11.20369216702824,2.4162433817462436,1304.5134535816676,52.647346639873604,7824.030272387888,82.21766948852746
0.0174,1.7399999999999998,11.595012117472708,2.450575015767122,1424.5141527169574,57.84890433367377,8361.247669217857,89.58249436124424
0.0174,1.7399999999999998,12.0,2.4849066497880004,1550.2950511742833,63.34938915578755,8907.6969147992,97.30113294550392
0.018500000000000003,1.8500000000000003,4.0,1.3862943611198906,79.47837120621506,2.7753573857303593,1045.4905982275222,6.60302040605643
0.018500000000000003,1.8500000000000003,4.139711068319459,1.4206259951407691,56.23764270845457,1.9807155696993988,715.905276260047,4.596498171812527
0.018500000000000003,1.8500000000000003,4.284301932291658,1.4549576291616475,36.90395017963928,1.3133782943499028,454.70924931622784,2.9738622777997534
0.018500000000000003,1.8500000000000003,4.433943032282555,1.4892892631825259,21.550485676257956,0.7777566889001513,256.9873563471356,1.7179744421695489
0.018500000000000003,1.8500000000000003,4.588810761759508,1.5236208972034044,10.24963986649261,0.37835959973899413,118.19695276334993,0.8141294826262424
0.018500000000000003,1.8500000000000003,4.749087675219821,1.5579525312242828,3.07298124590647,0.11979330518971132,34.13757210996248,0.24978740717475745
0.018500000000000003,1.8500000000000003,4.914962703381755,1.5922841652451614,0.09124013876262332,0.0067612304063312395,0.9234129421695619,0.014336782460928177
0.018500000000000003,1.8500000000000003,5.086631375891694,1.6266157992660397,1.3742977639035299,0.044063677778626076,14.958352263069152,0.09888570389677653
0.018500000000000003,1.8500000000000003,5.26429605180997,1.660947433286918,6.991180640233878,0.23659758928322105,72.91322236855525,0.4960771481315902
0.018500000000000003,1.8500000000000003,5.436001877454284,1.6930438416630622,16.222466361197554,0.5614136512424839,164.08743722477365,1.144867077190952
0.018500000000000003,1.8500000000000003,5.44816615814704,1.6952790673077966,17.010060601980385,0.589356358253184,171.70511877266847,1.1999258843186453
0.018500000000000003,1.8500000000000003,5.6384584367312005,1.729610701328675,31.498260688079917,1.107429709041277,308.4785337291339,2.2056744648334075
0.018500000000000003,1.8500000000000003,5.835397199698845,1.7639423353495534,50.52226716327621,1.7960036640172063,480.5881332852303,3.509666116012795
0.018500000000000003,1.8500000000000003,6.03921459390842,1.7982739693704317,74.14774792080425,2.66036061826226,685.5830162798213,5.1092326113471245
0.018500000000000003,1.8500000000000003,6.250150874589772,1.83260560339131,102.43957750794989,3.7058795432002967,921.1923116334535,7.002595438625804
0.018500000000000003,1.8500000000000003,6.468454688551455,1.8669372374121884,135.46186900631443,4.938036341227303,1185.311986019045,9.18877877331147
0.018500000000000003,1.8500000000000003,6.694383367279839,1.901268871433067,173.27801298835493,6.362404374172343,1475.9927478407135,11.667532946661595
0.018500000000000003,1.8500000000000003,6.928203230275509,1.9356005054539454,215.95072376072397,7.984655189131416,1791.428945636341,14.439267252062791
0.018500000000000003,1.8500000000000003,7.170189898984537,1.969932139474824,263.54209309323653,9.810559465865225,2129.9483697720702,17.504991069586595
0.018500000000000003,1.8500000000000003,7.420628621694667,2.004263773495702,316.1136516199023,11.845988210539929,2490.002875797843,20.866262409023875
0.018500000000000003,1.8500000000000003,7.679814609779395,2.038595407516581,373.7264380855863,14.096914221110012,2870.159756242125,24.52514307795309
0.018500000000000003,1.8500000000000003,7.948053385686311,2.072927041537459,436.441076598466,16.56941385010066,3269.093795077174,28.48415977535433
0.018500000000000003,1.8500000000000003,8.225661143079892,2.1072586755583376,504.31786203473666,19.269669090944717,3685.5799457027615,32.74627049428909
0.018500000000000003,1.8500000000000003,8.51296511956328,2.141590309579216,577.4168537279672,22.20397001435049,4118.486579177931,37.314835690898235
0.018500000000000003,1.8500000000000003,8.810303982418398,2.1759219436000947,655.7979775613616,25.37871758146082,4566.769254666771,42.193593742121266
0.018500000000000003,1.8500000000000003,9.11802822781911,2.2102535776209726,739.5211365669081,28.800426860757398,5029.464968732038,47.38664027253071
0.018500000000000003,1.8500000000000003,9.436500593988008,2.2445852116418514,828.6463301212805,32.475730675849604,5505.686844277762,52.89841098204215
0.018500000000000003,1.8500000000000003,9.766096488783825,2.27891684566273,923.2337818142839,36.41138371136583,5994.619223666503,58.73366765192259
0.018500000000000003,1.8500000000000003,10.107204432223549,2.313248479683608,1023.3440760520571,40.6142671042619,6495.513133871358,64.8974870473121
0.018500000000000003,1.8500000000000003,10.46022651446083,2.347580113704487,1129.0383034439512,45.091393547872485,7007.682094510903,71.39525247028541
0.018500000000000003,1.8500000000000003,10.825578869760541,2.3819117477253653,1240.3782150093475,49.84991293604935,7530.498242297129,78.23264775017924
0.018500000000000003,1.8500000000000003,11.20369216702824,2.4162433817462436,1357.4263852287747,54.89711857470479,8063.388747836926,85.41565348605855
0.018500000000000003,1.8500000000000003,11.595012117472708,2.450575015767122,1480.2463839525212,60.24045398806561,8605.832502896226,92.95054538234399
0.018500000000000003,1.8500000000000003,12.0,2.4849066497880004,1608.902957169861,65.88752034691151,9157.35705819135,100.84389454106531
0.0196,1.96,4.0,1.3862943611198906,70.39688513554131,2.475131756688569,914.1983388935301,5.824458635541305
0.0196,1.96,4.139711068319459,1.4206259951407691,48.57675159560238,1.7250956948980232,610.4383554055905,3.959237239170534
0.0196,1.96,4.284301932291658,1.4549576291616475,30.699424418711,1.1042364715962023,373.3247833399976,2.4719432896414446
0.0196,1.96,4.433943032282555,1.4892892631825259,16.83825173138579,0.6170256451940404,198.07299785596607,1.3463517502972024
0.0196,1.96,4.588810761759508,1.5236208972034044,7.065787532177842,0.2680337789196079,80.26046016450731,0.5685761013813107
0.0196,1.96,4.749087675219821,1.5579525312242828,1.4537731200133543,0.061930200830677906,15.797347456458414,0.12681150208155856
0.0196,1.96,4.914962703381755,1.5922841652451614,0.07312342814579885,0.0034827704117348646,0.8999059059693278,0.01110795531044062
0.0196,1.96,5.086631375891694,1.6266157992660397,2.993918541999057,0.0975576675696126,32.06624025545077,0.21316995653542392
0.0196,1.96,5.26429605180997,1.660947433286918,10.285400674965963,0.3491192208990892,106.05428737548937,0.7261795435946539
0.0196,1.96,5.436001877454284,1.6930438416630622,21.115805487058985,0.7312205504984917,211.29592711942166,1.4821470032165394
0.0196,1.96,5.44816615814704,1.6952790673077966,22.01597687103976,0.7632297931187537,219.86175065585329,1.544640042596626
0.0196,1.96,5.6384584367312005,1.729610701328675,38.25322769701669,1.3450497425725985,370.7077977540143,2.664238134020536
0.0196,1.96,5.835397199698845,1.7639423353495534,59.06392217993205,2.099837480649043,556.0163466398744,4.081722150005589
0.0196,1.96,6.03921459390842,1.7982739693704317,84.51403923739733,3.0329496458810468,773.4007844819129,5.794794764454991
0.0196,1.96,6.250150874589772,1.83260560339131,114.66879583963339,4.1498414163546755,1020.649981104957,7.802018456929886
0.0196,1.96,6.468454688551455,1.8669372374121884,149.5926821322813,5.456066982863945,1295.715473839993,10.102732323709688
0.0196,1.96,6.694383367279839,1.901268871433067,189.34950373856844,6.95728020600572,1596.6997138611248,12.696978978340212
0.0196,1.96,6.928203230275509,1.9356005054539454,234.00243144815477,8.659235481103963,1921.8452758019046,15.58544043259667
0.0196,1.96,7.170189898984537,1.969932139474824,283.61405848809187,10.567788835483952,2269.5249427685426,18.76938197983327
0.0196,1.96,7.420628621694667,2.004263773495702,338.2464655587863,12.68889928319544,2638.2325879948817,22.250603218037213
0.0196,1.96,7.679814609779395,2.038595407516581,397.96129380487486,15.028630462782417,3026.5747824671457,26.031395452156175
0.0196,1.96,7.948053385686311,2.072927041537459,462.81982587740447,17.5931525841479,3433.26306501337,30.11450480523945
0.0196,1.96,8.225661143079892,2.1072586755583376,532.8830752299945,20.388744710940387,3857.1068177186407,34.50310044801154
0.0196,1.96,8.51296511956328,2.141590309579216,608.2118837775679,23.42179740520328,4297.006695188247,39.20074742708675
0.0196,1.96,8.810303982418398,2.1759219436000947,688.8670280321535,26.69881576129751,4751.948561223648,44.211383634878985
0.0196,1.96,9.11802822781911,2.2102535776209726,774.9093338160667,30.226422856298882,5220.997890972649,49.539300519871176
0.0196,1.96,9.436500593988008,2.2445852116418514,866.3997996388084,34.01136364424508,5703.294600632343,55.18912718541378
0.0196,1.96,9.766096488783825,2.27891684566273,963.3997288101256,38.06050932168728,6198.048270373906,61.16581756919277
0.0196,1.96,10.107204432223549,2.313248479683608,1065.9708703483475,42.38086219209674,6704.533729375658,67.47464043446416
0.0196,1.96,10.46022651446083,2.347580113704487,1174.1755687301147,46.97956105669982,7222.086974733993,74.12117193926133
0.0196,1.96,10.825578869760541,2.3819117477253653,1288.0769225153128,51.8638871593223,7750.10139861157,81.11129058042934
0.0196,1.96,11.20369216702824,2.4162433817462436,1407.7389518695225,57.04127071284074,8288.024300310237,88.45117433733503
0.0196,1.96,11.595012117472708,2.450575015767122,1533.2267749956131,62.51929803482176,8835.353662052532,96.14729986450948
0.0196,1.96,12.0,2.4849066497880004,1664.606793476532,68.3057193199279,9391.635169145617,104.20644360486222
0.020700000000000003,2.0700000000000003,4.0,1.3862943611198906,62.46951255514355,2.21262449666834,801.5894708103517,5.153293171466089
0.020700000000000003,2.0700000000000003,4.139711068319459,1.4206259951407691,41.9740226522889,1.50428686500576,521.1166664305732,3.416400348662137
0.020700000000000003,2.0700000000000003,4.284301932291658,1.4549576291616475,25.455161021358855,0.9268991131980933,305.73007099788714,2.0522856603107584
0.020700000000000003,2.0700000000000003,4.433943032282555,1.4892892631825259,12.986466813111644,0.4849914865733638,150.76173744853998,1.0455368778650893
0.020700000000000003,2.0700000000000003,4.588810761759508,1.5236208972034044,4.640694201565551,0.18319457987220122,51.89653569095959,0.3829970046725748
0.020700000000000003,2.0700000000000003,4.749087675219821,1.5579525312242828,0.4897959425998305,0.026239146019968462,5.143639129341897,0.05351721193276937
0.020700000000000003,2.0700000000000003,4.914962703381755,1.5922841652451614,0.6049119498596054,0.0189559176780264,6.810644370612058,0.047738656668027346
0.020700000000000003,2.0700000000000003,5.086631375891694,1.6266157992660397,5.056363165598524,0.16627545779494302,53.4800482615665,0.3578998006770959
0.020700000000000003,2.0700000000000003,5.26429605180997,1.660947433286918,13.913650999583695,0.47322805643138643,141.98783889893176,0.9776662669787868
0.020700000000000003,2.0700000000000003,5.436001877454284,1.6930438416630622,26.239955678186252,0.9091152300809782,259.97852929444815,1.8326152149326163
0.020700000000000003,2.0700000000000003,5.44816615814704,1.6952790673077966,27.245462603713207,0.9449436921563574,269.4039855255476,1.901980632954519
0.020700000000000003,2.0700000000000003,5.6384584367312005,1.729610701328675,45.11968224357258,1.586652077300272,433.01463687247815,3.126929875162034
0.020700000000000003,2.0700000000000003,5.835397199698845,1.7639423353495534,67.60340902081306,2.40368280729858,630.3058590379133,4.649628456269511
0.020700000000000003,2.0700000000000003,6.03921459390842,1.7982739693704317,94.76298119197496,3.401465635261431,858.9487628399633,6.468115285371709
0.020700000000000003,2.0700000000000003,6.250150874589772,1.83260560339131,126.66400732027041,4.585530893758772,1116.7858871080164,8.581262993821383
0.020700000000000003,2.0700000000000003,6.468454688551455,1.8669372374121884,163.37140448689365,5.9615100866082855,1401.8187188978702,10.988698153748373
0.020700000000000003,2.0700000000000003,6.694383367279839,1.901268871433067,204.94944377771827,7.535136674197531,1712.1962443958187,13.69073122898044
0.020700000000000003,2.0700000000000003,6.928203230275509,1.9356005054539454,251.46180324981913,9.312247076553092,2046.204435543752,16.688295191201178
0.020700000000000003,2.0700000000000003,7.170189898984537,1.969932139474824,302.9716285701909,11.298781918993882,2402.2565873670546,19.982891860245672
0.020700000000000003,2.0700000000000003,7.420628621694667,2.004263773495702,359.5416015063944,13.500787545759636,2778.884429787354,23.576545138700112
0.020700000000000003,2.0700000000000003,7.679814609779395,2.038595407516581,421.23401643575716,15.924417827506602,3174.7299454979557,27.471760409379385
0.020700000000000003,2.0700000000000003,7.948053385686311,2.072927041537459,488.1108650262218,18.5759362889886,3588.5378323960945,31.671489451052366
0.020700000000000003,2.0700000000000003,8.225661143079892,2.1072586755583376,560.2339292281588,21.461718583616857,4019.1485552114004,36.179100304995245
0.020700000000000003,2.0700000000000003,8.51296511956328,2.141590309579216,637.6648827024313,24.588255341896115,4465.4919364373145,40.99835159294889
0.020700000000000003,2.0700000000000003,8.810303982418398,2.1759219436000947,720.4654007959484,27.962155420994918,4926.58124154412,46.13337084783143
0.020700000000000003,2.0700000000000003,9.11802822781911,2.2102535776209726,808.697279161888,31.59014958289572,5401.507717798708,51.5886364720609
0.020700000000000003,2.0700000000000003,9.436500593988008,2.2445852116418514,902.4225611079171,35.47909462873656,5889.43554989979,57.36896298625652
0.020700000000000003,2.0700000000000003,9.766096488783825,2.27891684566273,1001.7036737420913,39.63597801704577,6389.597199111374,63.47948927336711
0.020700000000000003,2.0700000000000003,10.107204432223549,2.313248479683608,1106.6035729730124,44.06792299366657,6901.289095689821,69.92566956116661
0.020700000000000003,2.0700000000000003,10.46022651446083,2.347580113704487,1217.1858974081201,48.782194261181985,7423.86765719189,76.71326691961076
0.020700000000000003,2.0700000000000003,10.825578869760541,2.3819117477253653,1333.5151311820855,53.786204215712814,7956.745607758747,83.8483490795661
0.020700000000000003,2.0700000000000003,11.20369216702824,2.4162433817462436,1455.6567757361345,59.08751977894735,8499.388575727155,91.3372864060475
0.020700000000000003,2.0700000000000003,11.595012117472708,2.450575015767122,1583.6775305589526,64.69386985328492,9051.3119489511,99.18675188327506
0.020700000000000003,2.0700000000000003,12.0,2.4849066497880004,1717.6454828907347,70.6131534280305,9612.077969049946,107.40372298988405
0.0218,2.18,4.0,1.3862943611198906,55.52765061956956,1.982422169059106,704.5690050650652,4.572357158575755
0.0218,2.18,4.139711068319459,1.4206259951407691,36.2697260762408,1.3131201797023166,445.1899303130559,2.9525043051075386
0.0218,2.18,4.284301932291658,1.4549576291616475,21.020525495254983,0.7764512427108201,249.4945517205505,1.7009623979859896
0.0218,2.18,4.433943032282555,1.4892892631825259,9.853811888027337,0.377002782157529,112.91967987389215,0.8030468894271223
0.0218,2.18,4.588810761759508,1.5236208972034044,2.842574121780557,0.1194639709226335,31.246666529858288,0.24625475235079364
0.0218,2.18,4.749087675219821,1.5579525312242828,0.05901253111580543,0.008625591326587224,0.5736528285401584,0.02002609271734035
0.0218,2.18,4.914962703381755,1.5922841652451614,1.574529651169437,0.04937991449235524,17.290371131575608,0.1155336531473985
0.0218,2.18,5.086631375891694,1.6266157992660397,7.459726349363007,0.24672061503597043,78.05523401068677,0.525496948109577
0.0218,2.18,5.26429605180997,1.660947433286918,17.784403627981412,0.6057427387342855,179.77447518616697,1.2440181726347248
0.0218,2.18,5.436001877454284,1.6930438416630622,31.51327451310428,1.0922208108321705,309.3745560215777,2.1906971431390616
0.0218,2.18,5.44816615814704,1.6952790673077966,32.617570364080265,1.1316427418372754,319.58313443857827,2.2664373756495593
0.0218,2.18,5.6384584367312005,1.729610701328675,52.02745724654986,1.8297186216743313,494.8277022638649,3.589204693146769
0.0218,2.18,5.835397199698845,1.7639423353495534,76.08153716257675,2.7053701591438823,703.0502607982753,5.209767701869964
0.0218,2.18,6.03921459390842,1.7982739693704317,104.84655227725537,3.7640992945700162,941.9739757166324,7.12647218635459
0.0218,2.18,6.250150874589772,1.83260560339131,138.38854804078642,5.011510659253247,1209.4898097563153,9.338474815592917
0.0218,2.18,6.468454688551455,1.8669372374121884,176.77291434754306,6.453312285830151,1503.644342537849,11.845666404101166
0.0218,2.18,6.694383367279839,1.901268871433067,220.06443406043027,8.095316521292546,1822.6285936969928,14.648604589169281
0.0218,2.18,6.928203230275509,1.9356005054539454,268.32733910235,9.943441167182527,2164.767757230327,17.748454894158385
0.0218,2.18,7.170189898984537,1.969932139474824,321.625374304441,12.003710872098338,2528.511764575139,21.146939269662653
0.0218,2.18,7.420628621694667,2.004263773495702,380.02186918798066,14.282258802187073,2912.426602455192,24.846291311734603
0.0218,2.18,7.679814609779395,2.038595407516581,443.5798178437093,16.785328615787193,3315.1863190666018,28.849217451556342
0.0218,2.18,7.948053385686311,2.072927041537459,512.3619670587295,19.519276768810016,3735.5656588722873,33.15886349494713
0.0218,2.18,8.225661143079892,2.1072586755583376,586.4309128274072,22.49057517780784,4172.433272223719,37.77878596453229
0.0218,2.18,8.51296511956328,2.141590309579216,665.8492053686724,25.70581426797787,4624.745451324637,42.71292776354039
0.0218,2.18,8.810303982418398,2.1759219436000947,750.679462758189,29.171706433605664,5091.54034877224,47.96559773861554
0.0218,2.18,9.11802822781911,2.2102535776209726,840.9844932698866,32.89508993863694,5571.932639124564,53.54145377111399
0.0218,2.18,9.436500593988008,2.2445852116418514,936.8274265077368,36.8829332852406,6065.1085877090945,59.44548907258286
0.0218,2.18,9.766096488783825,2.27891684566273,1038.2718533951277,41.142340078300776,6570.321494257172,65.68302140109336
0.0218,2.18,10.107204432223549,2.313248479683608,1145.381975076443,45.68055441389447,7086.887481970059,72.25968495185134
0.0218,2.18,10.46022651446083,2.347580113704487,1258.222760773006,50.50496681984191,7614.181605332364,79.18142470792463
0.0218,2.18,10.825578869760541,2.3819117477253653,1376.8601146240053,55.6231207764547,8151.634252424418,86.45449306608498
0.0218,2.18,11.20369216702824,2.4162433817462436,1501.3610515323137,61.0427198456664,8698.727819677193,94.08544857871493
0.0218,2.18,11.595012117472708,2.450575015767122,1631.7938820253496,66.77163543674124,9254.993638988248,102.08115667575294
0.0218,2.18,12.0,2.4849066497880004,1768.2284061326163,72.81791523685251,9820.009138900185,110.44879225178556
0.022900000000000004,2.2900000000000005,4.0,1.3862943611198906,49.432015803630186,1.7800405012584264,620.6484101325076,4.06776679052939
0.022900000000000004,2.2900000000000005,4.139711068319459,1.4206259951407691,31.332225743138228,1.1473238347242152,380.45247723774116,2.555046121954092
0.022900000000000004,2.2900000000000005,4.284301932291658,1.4549576291616475,17.271717066159937,0.6488416048903147,202.67495797173885,1.4067491300275492
0.022900000000000004,2.2900000000000005,4.433943032282555,1.4892892631825259,7.324507579475659,0.28923710366396804,82.84708055660218,0.6088461452882541
0.022900000000000004,2.2900000000000005,4.588810761759508,1.5236208972034044,1.563853284039837,0.07325682394969601,16.83719568915115,0.14942349572999802
0.022900000000000004,2.2900000000000005,4.749087675219821,1.5579525312242828,0.06223596700501566,0.005750374905030352,0.8237050247796606,0.018452858318614207
0.022900000000000004,2.2900000000000005,4.914962703381755,1.5922841652451614,2.89135601295222,0.09167042164362504,31.270472543165084,0.20758762176708956
0.022900000000000004,2.2900000000000005,5.086631375891694,1.6266157992660397,10.12213071074251,0.3360726663377669,104.90446062779891,0.70998310830187
0.022900000000000004,2.2900000000000005,5.26429605180997,1.660947433286918,21.82469832739422,0.7441158887194241,218.6953628885516,1.5201378898519238
0.022900000000000004,2.2900000000000005,5.436001877454284,1.6930438416630622,36.87129319318433,1.2782537329517538,358.91198468726776,2.5520826515750628
0.022900000000000004,2.2900000000000005,5.44816615814704,1.6952790673077966,38.0684282144251,1.3210620649928302,369.8370320558484,2.633753771253396
0.022900000000000004,2.2900000000000005,5.6384584367312005,1.729610701328675,58.92193720520159,2.0722765851481526,555.7305242272445,4.047612306909286
0.022900000000000004,2.2900000000000005,5.835397199698845,1.7639423353495534,84.45311255403635,3.0032285895991606,773.9686008183648,5.759465973950114
0.022900000000000004,2.2900000000000005,6.03921459390842,1.7982739693704317,114.72914165909052,4.119491446954896,1022.3215471556206,7.767942349479199
0.022900000000000004,2.2900000000000005,6.250150874589772,1.83260560339131,149.81654880162944,5.426743395568593,1298.7241820846148,10.072459836269218
0.022900000000000004,2.2900000000000005,6.468454688551455,1.8669372374121884,189.78123912386667,6.930768372291311,1601.263946542337,12.673153654125144
0.022900000000000004,2.2900000000000005,6.694383367279839,1.901268871433067,234.68855005661686,8.637457052574689,1928.1699709987768,15.570810966015642
0.022900000000000004,2.2900000000000005,6.928203230275509,1.9356005054539454,284.6033103962572,10.552808126738682,2277.803032224364,18.76681414199902
0.022900000000000004,2.2900000000000005,7.170189898984537,1.969932139474824,339.5899072182362,12.682929837810775,2648.6463191647085,22.263091281908146
0.022900000000000004,2.2900000000000005,7.420628621694667,2.004263773495702,399.71236080153335,15.034041806893299,3039.296935958116,26.06207322204955
0.022900000000000004,2.2900000000000005,7.679814609779395,2.038595407516581,465.03440772528495,17.61247717248574,3448.4580774495125,30.16665634326955
0.022900000000000004,2.2900000000000005,7.948053385686311,2.072927041537459,535.6195922852053,20.424685070604824,3874.9318190511644,34.58017057922643
0.022900000000000004,2.2900000000000005,8.225661143079892,2.1072586755583376,611.531366363688,23.477233482906854,4317.612468577842,39.30635209607408
0.022900000000000004,2.2900000000000005,8.51296511956328,2.141590309579216,692.8331978735539,26.77681248031047,4775.48043282757,44.34932017861411
0.022900000000000004,2.2900000000000005,8.810303982418398,2.1759219436000947,779.5886878815395,30.3302378898627,5247.59655626572,49.713557914921694
0.022900000000000004,2.2900000000000005,9.11802822781911,2.2102535776209726,871.8616965038191,34.14445541279633,5733.096893264989,55.40389632192182
0.022900000000000004,2.2900000000000005,9.436500593988008,2.2445852116418514,969.7164776523969,38.22654522187213,6231.18787901552,61.42550159914117
0.022900000000000004,2.2900000000000005,9.766096488783825,2.27891684566273,1073.2178226979204,42.58372706621958,6741.141867496453,67.78386523791596
0.022900000000000004,2.2900000000000005,10.107204432223549,2.313248479683608,1182.4312131019801,47.22336591197973,7262.293007839701,74.48479674865393
0.022900000000000004,2.2900000000000005,10.46022651446083,2.347580113704487,1297.4229820598232,52.15297814712653,7794.033433054031,81.5344188007266
0.022900000000000004,2.2900000000000005,10.825578869760541,2.3819117477253653,1418.2604851832475,57.38023837887613,8335.80973744909,88.93916459738102
0.022900000000000004,2.2900000000000005,11.20369216702824,2.4162433817462436,1545.012280243097,62.91298685219908,8887.119721234183,96.70577733373648
0.022900000000000004,2.2900000000000005,11.595012117472708,2.450575015767122,1677.7483159815529,68.7592375179654,9447.50938269056,104.84131160816287
0.022900000000000004,2.2900000000000005,12.0,2.4849066497880004,1816.5401299963057,74.92718677938569,10016.570140054628,113.35313667779883
0.024,2.4,4.0,1.3862943611198906,44.06659521318007,1.6017351551964438,547.8069389799314,3.6281826152994654
0.024,2.4,4.139711068319459,1.4206259951407691,27.052147614866588,1.003339381792589,325.11800735194475,2.213831114637628
0.024,2.4,4.284301932291658,1.4549576291616475,14.106160748619962,0.5407046464165592,163.70251605051854,1.160513076298372
0.024,2.4,4.433943032282555,1.4892892631825259,5.302936439847203,0.2185289653995488,59.17707265215548,0.45479093892218714
0.024,2.4,4.588810761759508,1.5236208972034044,0.7160284043437866,0.04161505920034558,7.488734068579619,0.08528467661901651
0.024,2.4,4.749087675219821,1.5579525312242828,0.4182317527058993,0.014870324764430731,4.888544866965129,0.042448082584703783
0.024,2.4,4.914962703381755,1.5922841652451614,4.481577805554915,0.14330683782776177,47.907495312791646,0.31837127904430673
0.024,2.4,5.086631375891694,1.6266157992660397,12.977334495441522,0.4320414024484158,133.33464835743928,0.9066063968513731
0.024,2.4,5.26429605180997,1.660947433286918,25.976012626070414,0.8862956660930408,258.1972140348305,1.8020137433842933
0.024,2.4,5.436001877454284,1.6930438416630622,42.262837408737596,1.4653923553446333,408.15933337819536,2.9134228239266804
0.024,2.4,5.44816615814704,1.6952790673077966,43.54737825331504,1.5113963196152937,419.74237521110047,3.000626103932973
0.024,2.4,5.6384584367312005,1.729610701328675,65.76047144539496,2.3127754024349514,615.4206908781857,4.499529106496425
0.024,2.4,5.835397199698845,1.7639423353495534,92.68363167160507,3.295970734154281,842.8709226452273,6.296755828667187
0.024,2.4,6.03921459390842,1.7982739693704317,124.38453006011753,4.466626494728203,1099.9061471413959,8.391194043024825
0.024,2.4,6.250150874589772,1.83260560339131,160.9302087557163,5.830493976132516,1384.5010320249294,10.782504688388144
0.024,2.4,6.468454688551455,1.8669372374121884,202.3871275978688,7.393432529248344,1694.7801664721187,13.471050321983284
0.024,2.4,6.694383367279839,1.901268871433067,248.82121832839624,9.161410730395573,2029.0073486338354,16.457832455108928
0.024,2.4,6.928203230275509,1.9356005054539454,300.2979465261909,11.140507792603842,2385.5757427983103,19.744436804838188
0.024,2.4,7.170189898984537,1.969932139474824,356.88238145408184,13.336915247302272,2762.9988280626008,23.332985608981744
0.024,2.4,7.420628621694667,2.004263773495702,418.6392739900779,15.756938922645361,3159.902068340402,27.226096252731622
0.024,2.4,7.679814609779395,2.038595407516581,485.63314280200245,18.407001245158597,3575.015240651722,31.426845545005108
0.024,2.4,7.948053385686311,2.072927041537459,557.9283689109468,21.293643891803868,4007.165364960884,35.93873906176623
0.024,2.4,8.225661143079892,2.1072586755583376,635.58929877529,24.423530819909956,4455.2701844521025,40.76568504374336
0.024,2.4,8.51296511956328,2.141590309579216,718.680356013181,27.803451702722214,4918.332150139571,45.911972398362195
0.024,2.4,8.810303982418398,2.1759219436000947,807.2661618676067,31.440325798554568,5395.432868175484,51.382252410869114
0.024,2.4,9.11802822781911,2.2102535776209726,901.4116645045538,35.341206281744576,5885.727972208863,57.18152381881464
0.024,2.4,9.436500593988008,2.2445852116418514,1001.1822772214584,39.51328506375933,6388.442386716073,63.31512094760819
0.024,2.4,9.766096488783825,2.27891684566273,1106.6440256301548,43.96389813293513,6902.865950418685,69.78870464386
0.024,2.4,10.107204432223549,2.313248479683608,1217.8637038662296,48.700531441412295,7428.349371770371,76.60825577767173
0.024,2.4,10.46022651446083,2.347580113704487,1334.9090398649612,53.73082736795118,7964.30049106725,83.78007111581064
0.024,2.4,10.825578869760541,2.3819117477253653,1457.8488697331436,59.06259178534333,8510.180826050459,91.31076139560355
0.024,2.4,11.20369216702824,2.4162433817462436,1586.7533212362312,64.70380176125286,9065.50237995335,99.20725145344659
0.024,2.4,11.595012117472708,2.450575015767122,1721.6940064113696,70.66261392140814,9629.824692825348,107.4767822843205
0.024,2.4,12.0,2.4849066497880004,1862.7442233093625,76.9473735041795,10202.752118662198,116.12691492826889
0.025100000000000004,2.5100000000000002,4.0,1.3862943611198906,39.33404313947799,1.4443572548831938,484.3890884076416,3.2442615867760765
0.025100000000000004,2.5100000000000002,4.139711068319459,1.4206259951407691,23.337947051913318,0.8781816018066806,277.72709860679254,1.9204745842765192
0.025100000000000004,2.5100000000000002,4.284301932291658,1.4549576291616475,11.438250495265178,0.4492249168049849,131.29976135753023,0.9547600358306454
0.025100000000000004,2.5100000000000002,4.433943032282555,1.4892892631825259,3.7095669930241906,0.16223894044008258,40.8011079008952,0.334217965606193
0.025100000000000004,2.5100000000000002,4.588810761759508,1.5236208972034044,0.22577688763244172,0.022081669765963235,2.2495989502042195,0.04795360732635601
0.025100000000000004,2.5100000000000002,4.749087675219821,1.5579525312242828,1.0600186933616667,0.03371739003560492,11.962211448655404,0.08685991957000283
0.025100000000000004,2.5100000000000002,4.914962703381755,1.5922841652451614,6.284685846163184,0.20221674164180214,66.53088846813722,0.4434256248172517
0.025100000000000004,2.5100000000000002,5.086631375891694,1.6266157992660397,15.971429125855696,0.5327568398849944,162.80110807010124,1.111565800934443
0.025100000000000004,2.5100000000000002,5.26429605180997,1.660947433286918,30.191165020602384,1.0306214662031543,297.85235534170994,2.0864724180895564
0.025100000000000004,2.5100000000000002,5.436001877454284,1.6930438416630622,47.64712717190244,1.6521782127709344,456.7908977140731,3.272107382643071
0.025100000000000004,2.5100000000000002,5.44816615814704,1.6952790673077966,49.014090297271146,1.7012013505056984,468.98030657026476,3.364482531198064
0.025100000000000004,2.5100000000000002,5.6384584367312005,1.729610701328675,72.50970303400317,2.549994565220544,673.6805561375853,4.942962114612101
0.025100000000000004,2.5100000000000002,5.835397199698845,1.7639423353495534,100.74683036316135,3.582607052586823,909.6337356368068,6.820203767516659
0.025100000000000004,2.5100000000000002,6.03921459390842,1.7982739693704317,133.79366316381635,4.804753307599498,1174.6918913051347,8.99533673020187
0.025100000000000004,2.5100000000000002,6.250150874589772,1.83260560339131,171.71779793312558,6.222257239835841,1466.8660004408762,11.468247837067338
0.025100000000000004,2.5100000000000002,6.468454688551455,1.8669372374121884,214.58628605538803,7.841053238158594,1784.3145202994035,14.239512195364796
0.025100000000000004,2.5100000000000002,6.694383367279839,1.901268871433067,262.46569067631526,9.667187463002108,2125.332874269413,17.31033252226416
0.025100000000000004,2.5100000000000002,6.928203230275509,1.9356005054539454,315.4221513781606,11.70681939159482,2488.343790114649,20.682486199319555
0.025100000000000004,2.5100000000000002,7.170189898984537,1.969932139474824,373.5214568389565,13.96622364206155,2871.8884138959534,24.358279215066887
0.025100000000000004,2.5100000000000002,7.420628621694667,2.004263773495702,436.82912564619886,16.451792102875913,3274.6181310096117,28.34050626509088
0.025100000000000004,2.5100000000000002,7.679814609779395,2.038595407516581,505.4104954221012,19.170036394601823,3695.2870327163964,32.63241636613293
0.025100000000000004,2.5100000000000002,7.948053385686311,2.072927041537459,579.3308204039895,22.12759069126696,4132.744972699511,37.23768341797768
0.025100000000000004,2.5100000000000002,8.225661143079892,2.1072586755583376,658.655377609777,25.33121492906605,4585.9311636742,42.16038121541715
0.025100000000000004,2.5100000000000002,8.51296511956328,2.141590309579216,743.4495817046959,28.787798430387852,5053.868268957558,47.404962473125124
0.025100000000000004,2.5100000000000002,8.810303982418398,2.1759219436000947,833.7791086718374,32.50436397141152,5535.656948266752,52.97624148032082
0.025100000000000004,2.5100000000000002,9.11802822781911,2.2102535776209726,929.7100283755717,36.48807232170918,6030.470820908061,58.87938004982152
0.025100000000000004,2.5100000000000002,9.436500593988008,2.2445852116418514,1031.3089460938168,40.746227284481506,6537.55181300391,65.11987646886155
0.025100000000000004,2.5100000000000002,9.766096488783825,2.27891684566273,1138.6431530823772,45.286281266158994,7056.205858525785,71.7035571966544
0.025100000000000004,2.5100000000000002,10.107204432223549,2.313248479683608,1251.7807862225634,50.11584140425202,7585.798926701238,78.63657108783991
0.025100000000000004,2.5100000000000002,10.46022651446083,2.347580113704487,1370.7909967918526,55.24267628239318,8125.753350878315,85.92538595054975
0.025100000000000004,2.5100000000000002,10.825578869760541,2.3819117477253653,1495.7441283868848,60.67472326164625,8675.544436193093,93.57678727531311
0.025100000000000004,2.5100000000000002,11.20369216702824,2.4162433817462436,1626.711904018574,66.42009645726057,9234.697325424657,101.5978789944511
0.025100000000000004,2.5100000000000002,11.595012117472708,2.450575015767122,1763.7676223907329,72.48709539015408,9802.784104260476,109.99608615367288
0.025100000000000004,2.5100000000000002,12.0,2.4849066497880004,1906.9863633665466,78.88421434262023,10379.421128857288,118.77915939666127
0.0262,2.62,4.0,1.3862943611198906,35.1521329774293,1.305241694561822,429.027694089231,2.9082446991719735
0.0262,2.62,4.139711068319459,1.4206259951407691,20.11249658800024,0.7693302922180969,237.0779258353618,1.6680268947003754
0.0262,2.62,4.284301932291658,1.4549576291616475,9.196076805133266,0.37203247990386856,104.41832073647095,0.7832936860307029
0.0262,2.62,4.433943032282555,1.4892892631825259,2.4778251340019475,0.11815284544688964,26.813286081295782,0.24163500210061173
0.0262,2.62,4.588810761759508,1.5236208972034044,0.031975952639921035,0.012603833200150679,0.34621502730039405,0.03259902489385591
0.0262,2.62,4.749087675219821,1.5579525312242828,1.932039653225495,0.060405837145032226,21.394067898114386,0.14748032426772184
0.0262,2.62,4.914962703381755,1.5922841652451614,8.250801261540511,0.26668733431943714,86.60426578728689,0.5791328857809361
0.0262,2.62,5.086631375891694,1.6266157992660397,19.060324809525547,0.6366850764560219,192.8736581997282,1.3218051366835653
0.0262,2.62,5.26429605180997,1.660947433286918,34.431963730267285,1.1757443587553738,337.32935409576487,2.3709944296996355
0.0262,2.62,5.436001877454284,1.6930438416630622,52.99158149411821,1.8374408971420948,504.56130251666787,3.626099079599612
0.0262,2.62,5.44816615814704,1.6952790673077966,54.43637753823684,1.8893193857236383,517.3112298005291,3.7233187529172938
0.0262,2.62,5.6384584367312005,1.729610701328675,79.14355505016994,2.7829737549673155,730.3559482984697,5.376403703451501
0.0262,2.62,5.835397199698845,1.7639423353495534,108.62284439368783,3.8623810807577854,974.1823428689343,7.328782998053953
0.0262,2.62,6.03921459390842,1.7982739693704317,142.942990041612,5.133325780047414,1246.6780341902895,9.579811000130348
0.0262,2.62,6.250150874589772,1.83260560339131,182.17217710000665,6.60170404443744,1545.8871642514475,12.129585923625427
0.0262,2.62,6.468454688551455,1.8669372374121884,226.37808306730952,8.273525022358598,1869.9991429199645,14.978882533335309
0.0262,2.62,6.694383367279839,1.901268871433067,275.6279372705955,10.15491223643204,2217.33831404779,18.12909330118373
0.0262,2.62,6.928203230275509,1.9356005054539454,329.988588173052,12.252105261620045,2586.3544577396133,21.582177101491652
0.0262,2.62,7.170189898984537,1.969932139474824,389.52657873431923,14.571461690361787,2975.6140540291676,25.34061463709486
0.0262,2.62,7.420628621694667,2.004263773495702,454.3082299924256,17.119459411416074,3383.7922408464597,29.407369884537275
0.0262,2.62,7.679814609779395,2.038595407516581,524.3997330228475,19.902699229592315,3809.665405936641,33.78585693160585
0.0262,2.62,7.948053385686311,2.072927041537459,599.8672494167016,22.92790785396187,4252.104358413978,38.479911655875185
0.0262,2.62,8.225661143079892,2.1072586755583376,680.7770204065409,26.201941282494317,4710.068030994879,43.49376775991823
0.0262,2.62,8.51296511956328,2.141590309579216,767.195484754546,29.731788611356365,5182.597668730405,48.8320367378692
0.0262,2.62,8.810303982418398,2.1759219436000947,859.1894055044113,33.52457629737194,5668.811464321892,54.49969140086705
0.0262,2.62,9.11802822781911,2.2102535776209726,956.8260056849438,37.58757290234598,6167.899603912941,60.50205263564021
0.0262,2.62,9.436500593988008,2.2445852116418514,1060.1731130404655,41.928194348137026,6679.119690660127,66.84477911207978
0.0262,2.62,9.766096488783825,2.27891684566273,1169.299313850615,46.55400971150107,7201.792516439335,73.53385969270494
0.0262,2.62,10.107204432223549,2.313248479683608,1284.2741158904212,51.47274758787921,7735.298154786098,80.57560832990657
0.0262,2.62,10.46022651446083,2.347580113704487,1405.1681205703849,56.69230305338829,8279.072350631262,87.97666126645072
0.0262,2.62,10.825578869760541,2.3819117477253653,1532.0532042861864,62.220745254450094,8832.603184609408,95.74397638081791
0.0262,2.62,11.20369216702824,2.4162433817462436,1665.0027089985388,68.06632565456243,9395.427991715222,103.88483454270681
0.0262,2.62,11.595012117472708,2.450575015767122,1804.09164205575,74.23748696794542,9967.130515885385,112.4068428650753
0.0262,2.62,12.0,2.4849066497880004,1949.396885264986,80.74287280996805,10547.338283713278,121.31793975800247
0.027300000000000005,2.7300000000000004,4.0,1.3862943611198906,31.45099104551002,1.1821198036647722,380.58550714599016,2.613642578200256
0.027300000000000005,2.7300000000000004,4.139711068319459,1.4206259951407691,17.31042896767417,0.6746457461659432,202.17369687872917,1.4506876983358552
0.027300000000000005,2.7300000000000004,4.284301932291658,1.4549576291616475,7.318882128193033,0.3071213237298611,82.19177822110139,0.6409560145874877
0.027300000000000005,2.7300000000000004,4.433943032282555,1.4892892631825259,1.5516650324953418,0.08440320112172373,16.468254514098483,0.17248540210659158
0.027300000000000005,2.7300000000000004,4.588810761759508,1.5236208972034044,0.08339214647428461,0.0114575459034391,1.1456828261056389,0.03522976142739909
0.027300000000000005,2.7300000000000004,4.749087675219821,1.5579525312242828,2.9879727697165714,0.09336018481614294,32.65570217239442,0.22085223431219703
0.027300000000000005,2.7300000000000004,4.914962703381755,1.5922841652451614,10.338611463584325,0.3352968053915095,107.69632826007502,0.7225427449364901
0.027300000000000005,2.7300000000000004,5.086631375891694,1.6266157992660397,22.207814308688306,0.7425632209520856,223.21128179773763,1.5348570402566395
0.027300000000000005,2.7300000000000004,5.26429605180997,1.660947433286918,38.66740126054977,1.3205657181991342,376.37114436308235,2.6535747490789845
0.027300000000000005,2.7300000000000004,5.436001877454284,1.6930438416630622,58.27013791005604,2.0202402741506233,551.2866488085577,3.973808974224312
0.027300000000000005,2.7300000000000004,5.44816615814704,1.6952790673077966,59.78852486559417,2.0748215075889362,564.5561593355894,4.0755742804805095
0.027300000000000005,2.7300000000000004,5.6384584367312005,1.729610701328675,85.64169559205008,3.01095929765917,785.3405159550886,5.7987226450931075
0.027300000000000005,2.7300000000000004,5.835397199698845,1.7639423353495534,116.29681402191878,4.1347200153837065,1036.4779725685778,7.8217785126635135
0.027300000000000005,2.7300000000000004,6.03921459390842,1.7982739693704317,151.8232101409157,5.451957695499857,1315.8886909230498,10.144307020736505
0.027300000000000005,2.7300000000000004,6.250150874589772,1.83260560339131,192.28968995327455,6.968640562567117,1621.6471672472107,12.766605026099569
0.027300000000000005,2.7300000000000004,6.468454688551455,1.8669372374121884,237.76458963754988,8.690852330272662,1951.9711580916903,15.689635646094303
0.027300000000000005,2.7300000000000004,6.694383367279839,1.901268871433067,288.31583744817374,10.6247937432031,2305.2115096823973,18.91497107365649
0.027300000000000005,2.7300000000000004,6.928203230275509,1.9356005054539454,344.0110235555128,12.776784386939937,2679.8428090701927,22.44474277069139
0.027300000000000005,2.7300000000000004,7.170189898984537,1.969932139474824,404.9174780047424,15.153264792920936,3074.4547837920995,26.281598250793195
0.027300000000000005,2.7300000000000004,7.420628621694667,2.004263773495702,471.10235696089444,17.760798865030154,3487.7443842321504,30.428663756519654
0.027300000000000005,2.7300000000000004,7.679814609779395,2.038595407516581,542.6327373943218,20.60607665534451,3918.508489503254,34.88951221960269
0.027300000000000005,2.7300000000000004,7.948053385686311,2.072927041537459,619.5757203472997,23.695917516871646,4365.637183567233,39.668135966425325
0.027300000000000005,2.7300000000000004,8.225661143079892,2.1072586755583376,701.9985429090644,27.037273661468248,4828.107553558951,44.76892369623056
0.027300000000000005,2.7300000000000004,8.51296511956328,2.141590309579216,789.968699013021,30.63723415142647,5304.977966958953,50.19664131771515
0.027300000000000005,2.7300000000000004,8.810303982418398,2.1759219436000947,883.5540691564868,34.50302935348748,5795.382788435117,55.95641628128942
0.027300000000000005,2.7300000000000004,9.11802822781911,2.2102535776209726,982.8230591302533,38.64203588423993,6298.527500907221,62.05372508966411
0.027300000000000005,2.7300000000000004,9.436500593988008,2.2445852116418514,1087.844747832527,43.061782076075815,6813.684198729788,68.49438371078759
0.027300000000000005,2.7300000000000004,9.766096488783825,2.27891684566273,1198.6890442295507,47.76995399300313,7340.1874238829305,75.28454065281494
0.027300000000000005,2.7300000000000004,10.107204432223549,2.313248479683608,1315.426853513783,52.77440202580783,7877.430318750052,82.43067249366686
0.027300000000000005,2.7300000000000004,10.46022651446083,2.347580113704487,1438.130252499676,58.08314809614831,8424.86107147657,89.93958168628706
0.027300000000000005,2.7300000000000004,10.825578869760541,2.3819117477253653,1566.8726742873534,63.70439349936282,8981.979632078986,97.81839648648565
0.027300000000000005,2.7300000000000004,11.20369216702824,2.4162433817462436,1701.7291022157633,69.64652741590498,9548.334679434254,106.0745728738766
0.027300000000000005,2.7300000000000004,11.595012117472708,2.450575015767122,1842.776273119367,75.91813612153373,10123.520821048785,114.71589835630402
0.027300000000000005,2.7300000000000004,12.0,2.4849066497880004,1990.0928898963284,82.52801292663503,10707.17600910807,123.75049756778026
0.0284,2.8400000000000003,4.0,1.3862943611198906,28.1709173740279,1.0730503474743962,338.1102893433925,2.354992898724163
0.0284,2.8400000000000003,4.139711068319459,1.4206259951407691,14.876046572993356,0.5923020507086783,172.1823043394293,1.263585526055806
0.0284,2.8400000000000003,4.284301932291658,1.4549576291616475,5.755061449312566,0.2527850508556506,63.8995497808925,0.5234272269904494
0.0284,2.8400000000000003,4.433943032282555,1.4892892631825259,0.883663378181575,0.05940741205252997,9.1489985618186,0.12296668593692317
0.0284,2.8400000000000003,4.588810761759508,1.5236208972034044,0.336871737747592,0.017188392437881894,4.127201708550014,0.0525305746519944
0.0284,2.8400000000000003,4.749087675219821,1.5579525312242828,4.189020461175147,0.13125866555836208,45.31572120036412,0.30412137251138205
0.0284,2.8400000000000003,4.914962703381755,1.5922841652451614,12.513760216102037,0.40686059173069644,129.45878800742133,0.8712390002125971
0.0284,2.8400000000000003,5.086631375891694,1.6266157992660397,25.384066485701098,0.8493485577788107,253.5429571618839,1.7487235025665768
0.0284,2.8400000000000003,5.26429605180997,1.660947433286918,42.872253819689845,1.4641894046034025,414.77855802236365,2.932616353828905
0.0284,2.8400000000000003,5.436001877454284,1.6930438416630622,63.461953010213826,2.1998215863825266,596.8303964622891,4.314001472500422
0.0284,2.8400000000000003,5.44816615814704,1.6952790673077966,65.04999651684825,2.2569629630417367,610.5827608812123,4.420038253380653
0.0284,2.8400000000000003,5.6384584367312005,1.729610701328675,91.98835599292406,3.2333627194357746,838.5641011659724,6.209081536596045
0.0284,2.8400000000000003,5.835397199698845,1.7639423353495534,123.75781507928497,4.3991966332383186,1096.5083200972012,8.298715550597308
0.0284,2.8400000000000003,6.03921459390842,1.7982739693704317,160.42831948832304,5.760388129852998,1382.3653961222362,10.688703541689392
0.0284,2.8400000000000003,6.250150874589772,1.83260560339131,202.06932667152893,7.322977292714285,1694.2376550361196,13.379529774269258
0.0284,2.8400000000000003,6.468454688551455,1.8669372374121884,248.7498622853327,9.093122279369027,2030.3688586726134,16.372335753155767
0.0284,2.8400000000000003,6.694383367279839,1.901268871433067,300.5385844683815,11.077100987020742,2389.1341826111684,19.668864555265372
0.0284,2.8400000000000003,6.928203230275509,1.9356005054539454,357.5038561218909,13.281312993636277,2769.0310026801494,23.27141239468301
0.0284,2.8400000000000003,7.170189898984537,1.969932139474824,419.7138253722682,15.71228180129691,3168.6704182993835,27.182786649510035
0.0284,2.8400000000000003,7.420628621694667,2.004263773495702,487.2365143822784,18.376657408996834,3586.7694480294676,31.406269671066184
0.0284,2.8400000000000003,7.679814609779395,2.038595407516581,560.1399166639175,21.281219242557427,4022.1438391982992,35.94558777759721
0.0284,2.8400000000000003,7.948053385686311,2.072927041537459,638.4921030327439,24.432879469733052,4473.701439256737,40.80488490700645
0.0284,2.8400000000000003,8.225661143079892,2.1072586755583376,722.3613363300647,27.83868672894721,4940.436081663594,45.98870046706543
0.0284,2.8400000000000003,8.51296511956328,2.141590309579216,811.8161950259313,31.505830300399566,5421.421943689724,51.50195097863798
0.0284,2.8400000000000003,8.810303982418398,2.1759219436000947,906.9257058027051,35.44164474855347,5915.808337629312,57.349915157776195
0.0284,2.8400000000000003,9.11802822781911,2.2102535776209726,1007.7594852060273,39.653615065251074,6422.814900570464,63.53822212759496
0.0284,2.8400000000000003,9.436500593988008,2.2445852116418514,1114.3878904375356,44.14938234288638,6941.72715115792,70.07284249082477
0.0284,2.8400000000000003,9.766096488783825,2.27891684566273,1226.8821793516688,48.93675000726512,7471.892384721008,76.96008202936446
0.0284,2.8400000000000003,10.107204432223549,2.313248479683608,1345.3146797077297,54.02369063992887,8012.715880781416,84.20657782910348
0.0284,2.8400000000000003,10.46022651446083,2.347580113704487,1469.758967717904,59.41835341990054,8563.657399328253,91.81929665669122
0.0284,2.8400000000000003,10.825578869760541,2.3819117477253653,1600.2900559224809,65.12907221498472,9124.227944385584,99.80553543984934
0.0284,2.8400000000000003,11.20369216702824,2.4162433817462436,1736.9845904152694,71.16437435293506,9693.986775325064,108.17292372631346
0.0284,2.8400000000000003,11.595012117472708,2.450575015767122,1879.9210574350418,77.53299010307137,10272.538648116537,116.92942801605568
0.0284,2.8400000000000003,12.0,2.4849066497880004,2029.1799993332347,84.24386289918766,10859.531270284147,126.08335788060322
0.0295,2.9499999999999997,4.0,1.3862943611198906,25.260652447050624,0.9763644963309801,300.7999284014504,2.1276711828412544
0.0295,2.9499999999999997,4.139711068319459,1.4206259951407691,12.761660729333244,0.5207339478938415,146.40502239033697,1.102605949255917
0.0295,2.9499999999999997,4.284301932291658,1.4549576291616475,4.460576191234686,0.20756570878491587,48.9388999983884,0.42706984028234274
0.0295,2.9499999999999997,4.433943032282555,1.4892892631825259,0.4335099012220127,0.041818646029222195,4.341937116981233,0.08988930315645494
0.0295,2.9499999999999997,4.588810761759508,1.5236208972034044,0.7559098600745062,0.028564555602497044,8.860021867652508,0.0817344670216027
0.0295,2.9499999999999997,4.749087675219821,1.5579525312242828,5.5025591818108746,0.17298845049118317,59.02035420173874,0.39492114346192864
0.0295,2.9499999999999997,4.914962703381755,1.5922841652451614,14.747579970739707,0.48038890326601624,151.60943339034077,1.023236178111972
0.0295,2.9499999999999997,5.086631375891694,1.6266157992660397,28.564443168591044,0.9561784618346643,283.6530095260681,1.9617834447321343
0.0295,2.9499999999999997,5.26429605180997,1.660947433286918,47.025984639697015,1.605884158076087,452.3978009540831,3.2068481038497225
0.0295,2.9499999999999997,5.436001877454284,1.6930438416630622,68.55038830860647,2.3755802494246296,641.0926906458827,4.645721307247186
0.0295,2.9499999999999997,5.44816615814704,1.6952790673077966,70.20442775529608,2.435148130058465,655.2948020677366,4.755777036329391
0.0295,2.9499999999999997,5.6384584367312005,1.729610701328675,98.17141273026002,3.4497283795018348,889.9840255990684,6.606873614035635
0.0295,2.9499999999999997,5.835397199698845,1.7639423353495534,130.99803295692902,4.6554996870570164,1154.280540793979,8.759305190069199
0.0295,2.9499999999999997,6.03921459390842,1.7982739693704317,168.75487857131236,6.058454708836678,1446.1616840145819,11.21302188422419
0.0295,2.9499999999999997,6.250150874589772,1.83260560339131,211.51208747676324,7.664705278441517,1763.7553316388214,13.968685408961846
0.0295,2.9499999999999997,6.468454688551455,1.8669372374121884,259.3394040393589,9.480483939482497,2105.329136869248,17.02760683028646
0.0295,2.9499999999999997,6.694383367279839,1.901268871433067,312.306245657777,11.512145734295075,2469.2806424254736,20.3916922894432
0.0295,2.9499999999999997,6.928203230275509,1.9356005054539454,370.48177739839514,13.766170275177899,2854.1281902546766,24.06339582712826
0.0295,2.9499999999999997,7.170189898984537,1.969932139474824,433.9349948739263,16.249164125079062,3258.50255750418,28.04567855425239
0.0295,2.9499999999999997,7.420628621694667,2.004263773495702,502.73481553099214,18.967863515163913,3681.1392551907916,32.34197350391787
0.0295,2.9499999999999997,7.679814609779395,2.038595407516581,576.9501784989966,21.929137427173032,4120.8714323870445,36.95615557910196
0.0295,2.9499999999999997,7.948053385686311,2.072927041537459,656.6501531393124,25.1399910688948,4576.623334422798,41.89251608176801
0.0295,2.9499999999999997,8.225661143079892,2.1072586755583376,741.9040564205566,28.60756977142637,5047.404268658146,47.1557413718383
0.0295,2.9499999999999997,8.51296511956328,2.141590309579216,832.781579232407,32.33916333723437,5532.3030358929445,52.75089526040756
0.0295,2.9499999999999997,8.810303982418398,2.1759219436000947,929.3529217373898,36.34221086827654,6030.482789506452,58.683404791195244
0.0295,2.9499999999999997,9.11802822781911,2.2102535776209726,1031.6889378473197,40.62430610371598,6541.176288021772,64.9590491083136
0.0295,2.9499999999999997,9.436500593988008,2.2445852116418514,1139.8612888988066,45.193203296944375,7063.681510015777,71.58395114777522
0.0295,2.9499999999999997,9.766096488783825,2.27891684566273,1253.9426065905022,50.05682366185761,7597.357603186813,78.56457192506423
0.0295,2.9499999999999997,10.107204432223549,2.313248479683608,1374.0066652338487,55.22326241848714,8141.621141990338,85.90770722242178
0.0295,2.9499999999999997,10.46022651446083,2.347580113704487,1500.1285633589564,60.70079646830118,8695.942670588041,93.62048650731776
0.0295,2.9499999999999997,10.825578869760541,2.3819117477253653,1632.3849147081507,66.49789272968701,9259.843509959457,101.71037393853658
0.0295,2.9499999999999997,11.20369216702824,2.4162433817462436,1770.8540486418042,72.62321716435986,9832.892809922505,110.18517133872228
0.0295,2.9499999999999997,11.595012117472708,2.450575015767122,1915.6162199743976,79.08564452571432,10414.704828523354,119.0530230324639
0.0295,2.9499999999999997,12.0,2.4849066497880004,2066.753828253585,85.8942688604925,11004.936422807268,128.3224224668811
0.030600000000000002,3.06,4.0,1.3862943611198906,22.675986507312484,0.8906215532100958,267.9750708082914,1.9277417611141914
0.030600000000000002,3.06,4.139711068319459,1.4206259951407691,10.926260890537819,0.4585941323769376,124.25198250999269,0.9642562817600719
0.030600000000000002,3.06,4.284301932291658,1.4549576291616475,3.397684935258274,0.17021272152590106,36.80305345945872,0.34880600780009274
0.030600000000000002,3.06,4.433943032282555,1.4892892631825259,0.16680127252138968,0.03048646526808882,1.6174786212987171,0.07056559492052239
0.030600000000000002,3.06,4.588810761759508,1.5236208972034044,1.3095092230667214,0.0445392147790189,14.986268761647235,0.120522418059263
0.030600000000000002,3.06,4.749087675219821,1.5579525312242828,6.901064560064436,0.21760988404388293,73.47838284982754,0.4912823727083975
0.030600000000000002,3.06,4.914962703381755,1.5922841652451614,17.01608503320913,0.5550528650155186,173.91901458616562,1.1768986092258729
0.030600000000000002,3.06,5.086631375891694,1.6266157992660397,31.72856192793315,1.0623385205833102,313.36981306298713,2.172720541852925
0.030600000000000002,3.06,5.26429605180997,1.660947433286918,51.11187792741279,1.745053775288099,489.1108428683691,3.475260798470572
0.030600000000000002,3.06,5.436001877454284,1.6930438416630622,73.52221212989718,2.5470340178694784,684.0022217190538,4.968236884545831
0.030600000000000002,3.06,5.44816615814704,1.6952790673077966,75.23883153805716,2.608902824718129,698.6241110352354,5.082078059917308
0.030600000000000002,3.06,5.6384584367312005,1.729610701328675,104.18166833130245,3.659707985477965,939.5785075669846,6.991673984752879
0.030600000000000002,3.06,5.835397199698845,1.7639423353495534,138.01211924586127,4.903410708534636,1209.8160232135424,9.203402631625295
0.030600000000000002,3.06,6.03921459390842,1.7982739693704317,176.80144618507254,6.346072779605436,1507.3391230500274,11.717390980987147
0.030600000000000002,3.06,6.250150874589772,1.83260560339131,220.62049513380697,7.993877731063009,1830.299167499404,14.534469324520387
0.030600000000000002,3.06,6.468454688551455,1.8669372374121884,269.5397570084787,9.85313249058413,2176.9857839751103,17.65611043706531
0.030600000000000002,3.06,6.694383367279839,1.901268871433067,323.6294364422457,11.930269292471564,2545.8171025015026,21.08437657498962
0.030600000000000002,3.06,6.928203230275509,1.9356005054539454,382.9595286954266,14.231847878210033,2935.3307776720894,24.82187345874354
0.030600000000000002,3.06,7.170189898984537,1.969932139474824,447.5999048687709,16.764558013410806,3344.175727277194,28.871710497939603
0.030600000000000002,3.06,7.420628621694667,2.004263773495702,517.6204055843357,19.535222348811203,3771.104525002383,33.237466606187354
0.030600000000000002,3.06,7.679814609779395,2.038595407516581,593.0909432857659,22.55079965348341,4214.966390878451,37.92316103167286
0.030600000000000002,3.06,7.948053385686311,2.072927041537459,674.0816132965093,25.818388448805877,4674.700728748841,42.93322869918666
0.030600000000000002,3.06,8.225661143079892,2.1072586755583376,760.6628137613454,29.345231072138063,5149.331164995603,48.27249962121368
0.030600000000000002,3.06,8.51296511956328,2.141590309579216,852.9053745834749,33.13871819945189,5637.9600472024995,53.94618199053821
0.030600000000000002,3.06,8.810303982418398,2.1759219436000947,950.8806954564973,37.20639385646473,6139.763365397746,59.95984861575471
0.030600000000000002,3.06,9.11802822781911,2.2102535776209726,1054.6608930781124,41.555960948077086,6653.98606206435,66.3194264043932
0.030600000000000002,3.06,9.436500593988008,2.2445852116418514,1164.3189576202765,46.19528733614129,7179.937700281604,73.03118863697546
0.030600000000000002,3.06,9.766096488783825,2.27891684566273,1279.928918519103,51.13241249581097,7716.988462209415,80.10174980990723
0.030600000000000002,3.06,10.107204432223549,2.313248479683608,1401.56601963715,56.37555478093054,8264.56545268583,87.53806285576502
0.030600000000000002,3.06,10.46022651446083,2.347580113704487,1529.3069038409171,61.93311932912911,8822.14928500887,95.34741857695371
0.030600000000000002,3.06,10.825578869760541,2.3819117477253653,1663.229807027628,67.81370663755297,9389.270928047012,103.53744715354333
0.030600000000000002,3.06,11.20369216702824,2.4162433817462436,1803.4147616278678,74.02612184038094,9965.508795692867,112.11612160779077
0.030600000000000002,3.06,11.595012117472708,2.450575015767122,1949.9438096043486,80.57938471965531,10550.48606136462,121.09176312824093
0.030600000000000002,3.06,12.0,2.4849066497880004,2102.901224962368,87.48274048126996,11143.868181789954,130.47304817377153
0.0317,3.17,4.0,1.3862943611198906,20.37863467809973,0.8145730508310542,239.05745771213697,1.7518392959113953
0.0317,3.17,4.139711068319459,1.4206259951407691,9.334439539354218,0.4047186609352522,105.22278656467508,0.8455580812017587
0.0317,3.17,4.284301932291658,1.4549576291616475,2.5339194583372375,0.13964966464402595,27.063919310278447,0.28602011775976166
0.0317,3.17,4.433943032282555,1.4892892631825259,0.05406962580775865,0.02442502159805287,0.6147043245244325,0.06272171365616985
0.0317,3.17,4.588810761759508,1.5236208972034044,1.9712624565572527,0.06422021729960825,22.207444110370567,0.16694394194804119
0.0317,3.17,4.749087675219821,1.5579525312242828,8.36124888965005,0.26432768899427295,88.44932983040773,0.5915619015448783
0.0317,3.17,4.914962703381755,1.5922841652451614,19.29916551201807,0.6301573147136175,196.20099940577094,1.3308765328011418
0.0317,3.17,5.086631375891694,1.6266157992660397,34.859547779045265,1.16723698459775,342.55700269776924,2.380466374977459
0.0317,3.17,5.26429605180997,1.660947433286918,55.11634959960254,1.8812132746541437,524.8279821462273,3.7370569713071973
0.0317,3.17,5.436001877454284,1.6930438416630622,78.36696667560763,2.7138008105339395,725.509968626689,5.280995968699699
0.0317,3.17,5.44816615814704,1.6952790673077966,80.14296954593023,2.7778522441096385,740.5243989486863,5.398405905266827
0.0317,3.17,5.6384584367312005,1.729610701328675,110.01228394083094,3.863040378468966,987.3416538628811,7.3632016944482075
0.0317,3.17,5.835397199698845,1.7639423353495534,144.79668706590132,5.142785701305854,1263.1464683718832,9.630974981030022
0.0317,3.17,6.03921459390842,1.7982739693704317,184.56813872498154,6.6232190786737135,1565.9644065820048,12.202020644271215
0.0317,3.17,6.250150874589772,1.83260560339131,229.3982193867777,8.310595740832781,1893.968431097692,15.077329624227332
0.0317,3.17,6.468454688551455,1.8669372374121884,279.35819311968623,10.21129704674513,2245.468397465062,18.25852939003471
0.0317,3.17,6.694383367279839,1.901268871433067,334.51907852037516,12.331832517486305,2618.9014017945706,21.74783211304657
0.0317,3.17,6.928203230275509,1.9356005054539454,394.951727825652,14.678842165367826,3012.822905032831,25.547989717105793
0.0317,3.17,7.170189898984537,1.969932139474824,460.72691438475596,17.259099146144877,3425.898565200656,29.662255077274494
0.0317,3.17,7.420628621694667,2.004263773495702,531.9154286564304,20.0795127622182,3856.8967158749174,34.09434872581551
0.0317,3.17,7.679814609779395,2.038595407516581,608.5881828821969,23.14713184520906,4304.681435375239,38.84843050161999
0.0317,3.17,7.948053385686311,2.072927041537459,690.8163245741132,26.469148546718998,4768.206156617547,43.929075648164144
0.0317,3.17,8.225661143079892,2.1072586755583376,778.6713589422761,30.052902566452417,5246.507772497407,49.34125492579187
0.0317,3.17,8.51296511956328,2.141590309579216,872.2252803742924,33.90588584723298,5738.701196038385,55.090318358193144
0.0317,3.17,8.810303982418398,2.1759219436000947,971.5507130662652,38.03574776671792,6243.9743384466965,61.18198228133315
0.0317,3.17,9.11802822781911,2.2102535776209726,1076.7210608924652,42.450300855914975,6761.583471708124,67.62231940536094
0.0317,3.17,9.436500593988008,2.2445852116418514,1187.8106665890682,47.157527074830796,7290.848945493832,74.4177516386535
0.0317,3.17,9.766096488783825,2.27891684566273,1304.8949803160608,52.16558467582945,7831.151230949736,81.57504545654956
0.0317,3.17,10.107204432223549,2.313248479683608,1428.050737651136,57.48281568550965,8381.927266468001,89.1013096281713
0.0317,3.17,10.46022651446083,2.347580113704487,1557.3561470598243,63.117754036157066,8942.667082808443,97.00399514158198
0.0317,3.17,10.825578869760541,2.3819117477253653,1692.891086877766,69.07913437809043,9512.910686983336,105.29089719158219
0.0317,3.17,11.20369216702824,2.4162433817462436,1834.73731183386,75.3759016045426,10092.245186165279,113.97015911694325
0.0317,3.17,11.595012117472708,2.450575015767122,1982.9786691371487,82.0172211210479,10680.302134545538,123.0502781927662
0.0317,3.17,12.0,2.4849066497880004,2137.701324146053,89.01248989174792,11276.755087582113,132.54011320192694
0.0328,3.2800000000000002,4.0,1.3862943611198906,18.335320283440858,0.7471334204639177,213.5526320429152,1.5970738044448467
0.0328,3.2800000000000002,4.139711068319459,1.4206259951407691,7.955517171321084,0.35809872566844625,88.89105329772634,0.7439610208088254
0.0328,3.2800000000000002,4.284301932291658,1.4549576291616475,1.8412525030326465,0.1149471873275485,19.358343491615635,0.23648081351036865
0.0328,3.2800000000000002,4.433943032282555,1.4892892631825259,0.06999422745315845,0.022787173068987115,1.029203044243208,0.06442717496252981
0.0328,3.2800000000000002,4.588810761759508,1.5236208972034044,2.7186087844154283,0.08684543647370813,30.27372945716992,0.2193536283134776
0.0328,3.2800000000000002,4.749087675219821,1.5579525312242828,9.863363900709295,0.3124676139780753,103.73412616214304,0.6943856396616894
0.0328,3.2800000000000002,4.914962703381755,1.5922841652451614,21.57993726844355,0.7051187890423023,218.30350727287956,1.484055242628358
0.0328,3.2800000000000002,5.086631375891694,1.6266157992660397,37.9434313793423,1.2703841429137555,371.1065849262662,2.584155303494242
0.0328,3.2800000000000002,5.26429605180997,1.660947433286918,59.02839478230091,2.0139697123523206,559.4820503560383,3.9916111685280384
0.0328,3.2800000000000002,5.436001877454284,1.6930438416630622,83.0764625562042,2.875580920962335,765.5843561446161,5.5835907607817035
0.0328,3.2800000000000002,5.44816615814704,1.6952790673077966,84.90885002440199,2.9417032756862653,780.9664812070097,5.704367708564519
0.0328,3.2800000000000002,5.6384584367312005,1.729610701328675,115.658328527601,4.059535389524669,1033.2796262982404,7.7212900148322205
0.0328,3.2800000000000002,5.835397199698845,1.7639423353495534,151.34991264450687,5.373540599365896,1314.3109354427463,10.04207620935631
0.0328,3.2800000000000002,6.03921459390842,1.7982739693704317,192.05628512710945,6.889918848202626,1622.107216338625,12.667181016746781
0.0328,3.2800000000000002,6.250150874589772,1.83260560339131,237.8497862320468,8.614997108037329,1954.8613132264502,15.597748905571052
0.0328,3.2800000000000002,6.468454688551455,1.8669372374121884,288.8024786750901,10.555231259973993,2310.9017131863325,18.835555749359628
0.0328,3.2800000000000002,6.694383367279839,1.901268871433067,344.9862206360374,12.71720824925734,2688.682995819437,22.382958082425375
0.0328,3.2800000000000002,6.928203230275509,1.9356005054539454,406.47274700322816,15.107648542274092,3086.7770507896535,26.24284913604106
0.0328,3.2800000000000002,7.170189898984537,1.969932139474824,473.33375903452566,17.733408913116648,3503.864995435581,30.41862093797772
0.0328,3.2800000000000002,7.420628621694667,2.004263773495702,545.6410225989009,20.601485587849766,3938.729731524585,34.9141318447646
0.0328,3.2800000000000002,7.679814609779395,2.038595407516581,623.4664751499034,23.719017775097086,4390.249086317807,39.733678952307855
0.0328,3.2800000000000002,7.948053385686311,2.072927041537459,706.8823415692693,27.09329161200344,4857.389488539422,44.88197489818049
0.0328,3.2800000000000002,8.225661143079892,2.1072586755583376,795.9612590059983,30.73174455500498,5339.200134677709,50.36412862914949
0.0328,3.2800000000000002,8.51296511956328,2.141590309579216,890.7764108234005,34.64197024520604,5834.80760535836,56.18562976053181
0.0328,3.2800000000000002,8.810303982418398,2.1759219436000947,991.4016697540404,38.831723878447406,6343.41089538465,62.352336201674916
0.0328,3.2800000000000002,9.11802822781911,2.2102535776209726,1097.9117503503917,43.30892811046465,6864.276824487614,68.87046476395426
0.0328,3.2800000000000002,9.436500593988008,2.2445852116418514,1210.3823708074233,48.0816795277849,7396.7357989193115,75.74658450504558
0.0328,3.2800000000000002,9.766096488783825,2.27891684566273,1328.890424222308,53.15825571527034,7940.177896794505,82.98761259719413
0.0328,3.2800000000000002,10.107204432223549,2.313248479683608,1453.5141593464818,58.547122951493975,8494.049252577996,90.60081253671342
0.0328,3.2800000000000002,10.46022651446083,2.347580113704487,1584.3333708759792,64.25694456338215,9057.848718355932,98.59379453894326
0.0328,3.2800000000000002,10.825578869760541,2.3819117477253653,1721.4295993180056,70.2965899718829,9631.124781550481,106.97451798697148
0.0328,3.2800000000000002,11.20369216702824,2.4162433817462436,1864.8863404648819,76.67514446075438,10213.472720560821,115.75129582364934
0.0328,3.2800000000000002,11.595012117472708,2.450575015767122,2014.7892645010538,83.4019197009527,10804.531981462516,124.93280079654869
0.0328,3.2800000000000002,12.0,2.4849066497880004,2171.2264447650505,90.48646506359546,11403.9837603911,134.5280734823191
0.033900000000000007,3.3900000000000006,4.0,1.3862943611198906,16.5170226518247,0.6873558652022904,191.03602801562718,1.4609539258733832
0.033900000000000007,3.3900000000000006,4.139711068319459,1.4206259951407691,6.762825191235439,0.31785746239384416,74.89200512366784,0.6572733476077701
0.033900000000000007,3.3900000000000006,4.284301932291658,1.4549576291616475,1.295416700500992,0.0953007933609904,13.377084228102325,0.19827808150493276
0.033900000000000007,3.3900000000000006,4.433943032282555,1.4892892631825259,0.19275735225650112,0.024843275961004913,2.603335184512575,0.07403808107291221
0.033900000000000007,3.3900000000000006,4.588810761759508,1.5236208972034044,3.53222777097006,0.11176261408556476,38.975446248877006,0.276360066411776
0.033900000000000007,3.3900000000000006,4.749087675219821,1.5579525312242828,11.390633285378271,0.36145736691236685,119.16768190851894,0.7986028081333529
0.033900000000000007,3.3900000000000006,4.914962703381755,1.5922841652451614,23.844214119510482,0.7794475893925821,240.10291158297696,1.6355143138371204
0.033900000000000007,3.3900000000000006,5.086631375891694,1.6266157992660397,40.968661795881026,1.3713755635024327,398.9334987435459,2.7830883824454986
0.033900000000000007,3.3900000000000006,5.26429605180997,1.660947433286918,62.839142018120306,2.143006640827089,593.0238640962181,4.238438300476332
0.033900000000000007,3.3900000000000006,5.436001877454284,1.6930438416630622,87.64437252043965,3.032142654661371,804.2074828543882,5.875730193345817
0.033900000000000007,3.3900000000000006,5.44816615814704,1.6952790673077966,89.53032429313637,3.1002302180478125,819.9345575265497,5.999685723735183
0.033900000000000007,3.3900000000000006,5.6384584367312005,1.729610701328675,121.11641854486945,4.249060867862681,1077.407691936695,8.065863023447264
0.033900000000000007,3.3900000000000006,5.835397199698845,1.7639423353495534,157.67121896288214,5.595639648785834,1363.353608271557,10.436827582102524
0.033900000000000007,3.3900000000000006,6.03921459390842,1.7982739693704317,199.2681553194298,7.1462356181321525,1675.8386552366085,13.113186705299313
0.033900000000000007,3.3900000000000006,6.250150874589772,1.83260560339131,245.98035197840133,8.907247573312077,2013.0739797148683,16.096231974899183
0.033900000000000007,3.3900000000000006,6.468454688551455,1.8669372374121884,297.88069480858275,10.885206047313147,2373.4052349163853,19.387882008770248
0.033900000000000007,3.3900000000000006,6.694383367279839,1.901268871433067,355.0419062022679,13.086775584956683,2755.3031230321326,22.990632715795073
0.033900000000000007,3.3900000000000006,6.928203230275509,1.9356005054539454,417.53662838825585,15.518757327157687,3157.354697778753,26.907514243666355
0.033900000000000007,3.3900000000000006,7.170189898984537,1.969932139474824,485.4375152159937,18.188091931021177,3578.255359853352,31.142053913250948
0.033900000000000007,3.3900000000000006,7.420628621694667,2.004263773495702,558.817332574966,21.101862854137835,4016.801485090087,35.6982445183412
0.033900000000000007,3.3900000000000006,7.679814609779395,2.038595407516581,637.7490676006802,24.267300031938362,4471.88363112892,40.580517445013356
0.033900000000000007,3.3900000000000006,7.948053385686311,2.072927041537459,722.3060468056624,27.691783977405862,4942.4802737626815,45.79372013170632
0.033900000000000007,3.3900000000000006,8.225661143079892,2.1072586755583376,812.5620632611244,31.38285033284251,5427.652028902176,51.34309745023984
0.033900000000000007,3.3900000000000006,8.51296511956328,2.141590309579216,908.5915129422375,35.348194903745366,5926.5363203585075,57.23427664085193
0.033900000000000007,3.3900000000000006,8.810303982418398,2.1759219436000947,1010.4695403375987,39.595679205187594,6438.342457448995,63.473255481037086
0.033900000000000007,3.3900000000000006,9.11802822781911,2.2102535776209726,1118.2721934115536,44.13333655137217,6962.34708983982,70.06639340964375
0.033900000000000007,3.3900000000000006,9.436500593988008,2.2445852116418514,1232.0765879966546,48.96937871936393,7497.890010091943,77.02040536489949
0.033900000000000007,3.3900000000000006,9.766096488783825,2.27891684566273,1351.9610816827967,54.112203218235436,8044.370277116378,84.342358128064
0.033900000000000007,3.3900000000000006,10.107204432223549,2.313248479683608,1478.0054572598572,59.57040119519047,8601.242636208119,92.0396689940535
0.033900000000000007,3.3900000000000006,10.46022651446083,2.347580113704487,1610.2911157617064,65.35276601050987,9168.014213543935,100.12010661685599
0.033900000000000007,3.3900000000000006,10.825578869760541,2.3819117477253653,1748.9012791518076,71.46830251351662,9744.241465027439,108.59179390147074
0.033900000000000007,3.3900000000000006,11.20369216702824,2.4162433817462436,1893.9212026841756,77.92623705212281,10329.527361168888,117.46321283510224
0.033900000000000007,3.3900000000000006,11.595012117472708,2.450575015767122,2045.438396968451,84.73602824898558,10923.518791318607,126.74321117018917
0.033900000000000007,3.3900000000000006,12.0,2.4849066497880004,2203.542859764416,91.90737857780368,11525.904172051367,136.4410108887605
0.035,3.5000000000000004,4.0,1.3862943611198906,14.898355913286885,0.6344123878346632,171.14170102688394,1.3413244791921386
0.035,3.5000000000000004,4.139711068319459,1.4206259951407691,5.733114442672346,0.28323077488583603,62.912425672135214,0.583605328910707
0.035,3.5000000000000004,4.284301932291658,1.4549576291616475,0.8753436141678144,0.08001249346394834,8.855908316830455,0.1697721329736055
0.035,3.5000000000000004,4.433943032282555,1.4892892631825259,0.4035146164062501,0.02996369779131386,5.1183857481778805,0.09015103859835438
0.035,3.5000000000000004,4.588810761759508,1.5236208972034044,4.395541711035762,0.13841276746847164,48.13618983742587,0.3367844480193867
0.035,3.5000000000000004,4.749087675219821,1.5579525312242828,12.928787904529157,0.41081095035891835,134.61293118471892,0.9032489193214417
0.035,3.5000000000000004,4.914962703381755,1.5922841652451614,26.080076612229277,0.8527330805508768,261.49873099804614,1.7844946896912006
0.035,3.5000000000000004,5.086631375891694,1.6266157992660397,43.925709588281066,1.469878391114321,425.97129333870004,2.9767043198812075
0.035,3.5000000000000004,5.26429605180997,1.660947433286918,66.54149138874061,2.2680714424138273,625.41863363634,4.4771682632684815
0.035,3.5000000000000004,5.436001877454284,1.6930438416630622,92.06590298744538,3.1833106648767853,841.3721665963641,6.1572178147853265
0.035,3.5000000000000004,5.44816615814704,1.6952790673077966,94.00276062793982,3.2532631877419362,857.4233001502845,6.284175428697836
0.035,3.5000000000000004,5.6384584367312005,1.729610701328675,126.38442828011755,4.431532198999577,1119.7479432432453,8.396917038708352
0.035,3.5000000000000004,5.835397199698845,1.7639423353495534,163.7610232694924,5.809086076067018,1410.32210329088,10.815402288342739
0.035,3.5000000000000004,6.03921459390842,1.7982739693704317,206.20674558234742,7.392263064373594,1727.2301020743894,13.540384488385826
0.035,3.5000000000000004,6.250150874589772,1.83260560339131,253.79552712443035,9.187533905993519,2068.6999348503673,16.573296533873872
0.035,3.5000000000000004,6.468454688551455,1.8669372374121884,306.6011005360741,11.201503950353697,2433.0930711803826,19.916194676978648
0.035,3.5000000000000004,6.694383367279839,1.901268871433067,364.697076166018,13.44091555134986,2818.895082221339,23.57170970514153
0.035,3.5000000000000004,6.928203230275509,1.9356005054539454,428.1570273929948,15.912650778321222,3224.707020687296,27.543004732923237
0.035,3.5000000000000004,7.170189898984537,1.969932139474824,497.0545844719093,18.623734468935368,3649.237487234491,31.83373891103065
0.035,3.5000000000000004,7.420628621694667,2.004263773495702,571.4635370688754,21.581337652573325,4091.295323713124,36.44803644006697
0.035,3.5000000000000004,7.679814609779395,2.038595407516581,651.4579456367023,24.792781373322896,4549.782879677741,41.390460351030924
0.035,3.5000000000000004,7.948053385686311,2.072927041537459,737.112261769633,28.265540942115422,5023.689803841372,46.665990580609105
0.035,3.5000000000000004,8.225661143079892,2.1072586755583376,828.501457663493,32.00725064797484,5512.0873168777025,52.28000592789431
0.035,3.5000000000000004,8.51296511956328,2.141590309579216,925.7011647948651,36.0257089586994,6014.122926186666,58.23826953119715
0.035,3.5000000000000004,8.810303982418398,2.1759219436000947,1028.7878219207305,40.328884241668334,6529.015547003523,64.54691755000204
0.035,3.5000000000000004,9.11802822781911,2.2102535776209726,1137.838832488299,44.92492103575546,7056.050997600815,71.21245077813273
0.035,3.5000000000000004,9.436500593988008,2.2445852116418514,1252.9327315336027,49.82214690567025,7594.577839352575,78.24172895119864
0.035,3.5000000000000004,9.766096488783825,2.27891684566273,1374.1493621369505,55.0290799103484,8144.003535140785,85.64196754387467
0.035,3.5000000000000004,10.107204432223549,2.313248479683608,1501.5700614938855,60.554436717305634,8703.790902020903,93.42073688206983
0.035,3.5000000000000004,10.46022651446083,2.347580113704487,1635.2778566516872,66.40714139524903,9273.454836256717,101.585963421212
0.035,3.5000000000000004,10.825578869760541,2.3819117477253653,1775.357669954082,72.59633491757586,9852.559290812398,110.1459330654452
0.035,3.5000000000000004,11.20369216702824,2.4162433817462436,1921.8965342308074,79.13138540981754,10440.714487176088,119.10929642371048
0.035,3.5000000000000004,11.595012117472708,2.450575015767122,2074.9838177640145,86.02189917461328,11037.57434500479,128.48507591786074
0.035,3.5000000000000004,12.0,2.4849066497880004,2234.7114590605215,93.27773252831503,11642.834114545149,138.28267467535625
