fabric_mode,state_log_sigma,state_precision_percent,n_additional_pressures,pressure_1_mpa,pressure_2_mpa,pressure_span_mpa,lambda_min,lambda_max,spectral_ratio,condition_number,lambda_min_gain,worst_sd_reduction,determinant_gain,strong_direction_rotation_deg,weak_direction_rotation_deg
shared,0.0025,0.25,1,5.0,,34.0,2.175279334906394,26.043369397816505,0.08352526517128658,3.46011926453869,621.7757085518795,24.935430787373203,1968.7450319991226,26.132595622642494,26.132595622642494
shared,0.0025,0.25,1,7.5,,31.5,2.10765407544084,23.95888741117988,0.08796961391693632,3.3715814600415457,602.4458951594266,24.544773275779644,1754.8631298451144,25.252668225160612,25.252668225160612
shared,0.0025,0.25,1,10.0,,29.0,2.0303556060377717,21.96864561253568,0.09242060898279575,3.289391660748394,580.3511187268924,24.090477760453247,1550.074822523695,24.219177793691365,24.219177793691383
shared,0.0025,0.25,1,12.5,,26.5,1.9378263260872235,20.0135901096157,0.0968255228309177,3.2136980897578677,553.9028103741065,23.535139905556253,1347.7741508894544,22.967221255958854,22.967221255958854
shared,0.0025,0.25,1,15.0,,24.0,1.8243961455886115,18.089889533754555,0.10085170184065564,3.1488964870131997,521.4802475708208,22.835942011899153,1146.917900458939,21.430220680538568,21.430220680538568
shared,0.0025,0.25,1,17.5,,21.5,1.6839741938164245,16.224070800173806,0.10379480061184056,3.1039320158620103,481.3424330114109,21.939517611183042,949.4509532367978,19.541356603119013,19.541356603119013
shared,0.0025,0.25,1,22.5,,16.5,1.3007219952479958,12.857833229364148,0.10116183434993267,3.144065985480661,371.7947057402351,19.281978781759797,581.2052691211328,14.54000418217227,14.54000418217227
shared,0.0025,0.25,1,25.0,,14.0,1.055911749781014,11.465431790674078,0.09209524499896175,3.29519709602387,301.8188357940691,17.372934000740035,420.72208271397807,11.497170759205456,11.497170759205456
shared,0.0025,0.25,1,27.5,,11.5,0.787902370399592,10.323420805816454,0.07632183025569098,3.619725287025266,225.2117908553537,15.00705803465002,282.6658271712948,8.320299692876736,8.320299692876736
shared,0.0025,0.25,1,30.0,,9.0,0.5202513354254445,9.447388272666156,0.055068270765442344,4.261370356284111,148.70717407111175,12.194555099351176,170.80565233499738,5.316513780314977,5.316513780315046
shared,0.0025,0.25,1,35.0,,4.0,0.11095991934879246,8.441167386705153,0.013145091699467355,8.722042327914108,31.716470324912862,5.6317377713200445,32.54961940816031,1.0539025793823351,1.0539025793823351
shared,0.0025,0.25,1,40.0,,1.0,0.009756199689032075,8.237253845309372,0.0011843995428874215,29.057007430295847,2.7886845965383027,1.6699355067002746,2.792803632698107,0.060679259682803605,0.060679259688810015
shared,0.0025,0.25,1,45.0,,6.0,0.19429803956243985,8.622468515308256,0.02253392276440149,6.6616467475456735,55.53760350708053,7.452355567676608,58.22068435278513,1.8935258685202085,1.8935258685202085
shared,0.0025,0.25,1,50.0,,11.0,0.514414833431269,9.440540950447902,0.05448997426433099,4.283923418865924,147.03888480606932,12.125959129325372,168.7670401577603,5.271697665171575,5.271697665171575
shared,0.0025,0.25,1,55.0,,16.0,0.8399046773737893,10.55059725900758,0.07960731101329074,3.5442432648993543,240.07598358056305,15.494385550274753,307.9529121097554,8.967506166935946,8.967506166935989
shared,0.0025,0.25,1,60.0,,21.0,1.1126104927924352,11.81683354308003,0.0941547063971281,3.2589596491555586,318.0254445473511,17.833267915537835,456.9004012188174,12.264415638685081,12.264415638685112
shared,0.0025,0.25,2,5.0,7.5,34.0,2.237025345603689,28.376282936539987,0.07883433325663254,3.561576692225129,639.425014061976,25.28685457034892,2205.990717362865,26.92205928591871,26.92205928591871
shared,0.0025,0.25,2,5.0,10.0,34.0,2.2226537819309438,27.807114754183132,0.07993111840546424,3.537056972127201,635.3170868444336,25.205497155272173,2147.8552916316544,26.748276518711325,26.748276518711325
shared,0.0025,0.25,2,5.0,12.5,34.0,2.2115095340079995,27.380129580109497,0.08077060145159311,3.518627896692808,632.1316464564455,25.14222835105205,2104.2705895830363,26.609555896374886,26.609555896374886
shared,0.0025,0.25,2,5.0,15.0,34.0,2.20280229269269,27.057190187773166,0.08141282510879902,3.5047221009555947,629.6427931623044,25.092684056559282,2071.2641308010234,26.498891135966417,26.498891135966417
shared,0.0025,0.25,2,5.0,17.5,34.0,2.196041834311761,26.815248768601897,0.08189526240320086,3.494383858799567,627.7104028101852,25.054149413025083,2046.4432682345696,26.411695946435316,26.411695946435316
shared,0.0025,0.25,2,5.0,22.5,34.0,2.18705950674316,26.51592579916639,0.08248097853750658,3.4819545475135145,625.1429196374311,25.00285822935912,2015.3230165998305,26.294524260856463,26.294524260856463
shared,0.0025,0.25,2,5.0,25.0,34.0,2.1843566790804445,26.438077313194917,0.08262161628486725,3.4789898100041423,624.3703510030901,24.987403846800294,2006.922922045777,26.259266488584924,26.259266488584924
shared,0.0025,0.25,2,5.0,27.5,34.0,2.182593474695618,26.397876549573546,0.08268064556620096,3.4777476877747966,623.8663616357916,24.977316942293694,2002.2537519452844,26.236587471589324,26.236587471589324
shared,0.0025,0.25,2,5.0,30.0,34.0,2.181615739244623,26.389321555338867,0.08267039888349297,3.477963207921229,623.5868884927045,24.971721776695826,2000.708205732727,26.224569001296434,26.224569001296434
shared,0.0025,0.25,2,5.0,35.0,34.0,2.1815057724270344,26.44769526687416,0.08248377601202093,3.481895500982372,623.5554558877851,24.971092404774467,2005.0327415909856,26.22590072483286,26.22590072483288
shared,0.0025,0.25,2,5.0,40.0,35.0,2.183177069291979,26.581112604783293,0.08213264439875682,3.4893304232804985,624.033174668875,24.98065600957819,2016.6911224312912,26.251947151847016,26.25194715184703
shared,0.0025,0.25,2,5.0,45.0,40.0,2.186010063382817,26.766087338469113,0.08167088583922426,3.499180672610328,624.8429497078264,24.996858796813378,2033.3601960721578,26.294142552528232,26.294142552528218
shared,0.0025,0.25,2,5.0,50.0,45.0,2.1895619645816806,26.985384101835287,0.08113881041377387,3.5106350291889754,625.8582151264742,25.017158414305854,2053.350623580774,26.346203350407148,26.346203350407148
shared,0.0025,0.25,2,5.0,55.0,50.0,2.1935232360319383,27.226410675343928,0.08056600857851526,3.5230927433140327,626.990493782933,25.039778229507803,2075.4386512025535,26.403654132008253,26.403654132008267
shared,0.0025,0.25,2,5.0,60.0,55.0,2.1976822870014834,27.48003527246523,0.07997377969902182,3.5361134406647214,628.1793051792421,25.063505444754572,2098.743981920635,26.46339452382109,26.46339452382109
shared,0.0025,0.25,2,7.5,10.0,31.5,2.189898112069603,26.600486790475383,0.08232549010545633,3.485241186048972,625.9542985761383,25.019078691593307,2024.3740597666686,26.34571033888559,26.34571033888559
shared,0.0025,0.25,2,7.5,12.5,31.5,2.1724190183710523,25.993258877098405,0.08357624677393113,3.4590637652677594,620.9581237424687,24.919031356424526,1962.3731743021115,26.121441148800763,26.12144114880075
shared,0.0025,0.25,2,7.5,15.0,31.5,2.157870166123634,25.509729414766916,0.08459008447476904,3.4382723177593393,616.7995208588789,24.83544887572759,1912.9712048839206,25.931343665888182,25.931343665888182
shared,0.0025,0.25,2,7.5,17.5,31.5,2.1458778215214713,25.127307476143947,0.08540022935440988,3.4219249591044822,613.371662908613,24.766341330697454,1873.8214904288407,25.772706160375865,25.77270616037585
shared,0.0025,0.25,2,7.5,22.5,31.5,2.128552433070676,24.607343670911806,0.08650069920333682,3.400088262692804,608.4194227493539,24.66615946492996,1820.2303759832523,25.541444566987167,25.541444566987167
shared,0.0025,0.25,2,7.5,25.0,31.5,2.122789952763875,24.44814014010148,0.08682827980366215,3.3936683758447885,606.7722916346129,24.632748357311105,1803.5580278643981,25.464538207372893,25.464538207372893
shared,0.0025,0.25,2,7.5,27.5,31.5,2.118686967081785,24.344406318120562,0.08702972417547754,3.3897385032910594,605.599505781908,24.60893142299982,1792.4343297437326,25.41030549003213,25.410305490032112
shared,0.0025,0.25,2,7.5,30.0,31.5,2.11604148358688,24.288658429887754,0.08712055833363946,3.3879709277137096,604.843328242724,24.593562739926966,1786.0967289479004,25.37621965281084,25.376219652810825
shared,0.0025,0.25,2,7.5,35.0,31.5,2.1143465502933685,24.295032038749476,0.08702793834233606,3.3897732822162006,604.3588532915718,24.583711137490447,1785.1343947607088,25.358286377887453,25.358286377887453
shared,0.0025,0.25,2,7.5,40.0,32.5,2.1162672507828497,24.421704502777935,0.08665518209599692,3.397056189113178,604.9078609011231,24.5948746876483,1796.0720457117056,25.39127843412467,25.39127843412467
shared,0.0025,0.25,2,7.5,45.0,37.5,2.1206068347106983,24.632695905100718,0.08608910867411723,3.4082064524155236,606.1482753289439,24.620078702736592,1815.3040324973801,25.45846284602056,25.45846284602056
shared,0.0025,0.25,2,7.5,50.0,42.5,2.126441463767547,24.90029996997113,0.08539822678168373,3.4219650806250304,607.8160292388644,24.653925229846553,1840.0739675757097,25.54666440838318,25.546664408383165
shared,0.0025,0.25,2,7.5,55.0,47.5,2.1331003681053797,25.203732683595227,0.08463430377095636,3.4373739949787874,609.7193916697926,24.692496667404708,1868.3293037861145,25.646188372006698,25.646188372006698
shared,0.0025,0.25,2,7.5,60.0,52.5,2.140120724661661,25.52777151806674,0.08383499997824079,3.4537215124493654,611.7260705831728,24.73309666384646,1898.5780123540546,25.75028138641545,25.75028138641545
shared,0.0025,0.25,2,10.0,12.5,29.0,2.1368875354395516,24.847702374680043,0.0859994016033069,3.4099835608781577,610.801904896863,24.714406828747943,1845.207335300635,25.661676550111345,25.661676550111345
shared,0.0025,0.25,2,10.0,15.0,29.0,2.115023373895829,24.192244177266225,0.08742567900680105,3.3820536531079655,604.5523146407564,24.587645569284515,1778.150837661082,25.371336861858605,25.371336861858605
shared,0.0025,0.25,2,10.0,17.5,29.0,2.096016255185238,23.65311012837517,0.08861482671028437,3.359284636506671,599.1193734482563,24.47691511298465,1722.9003943410678,25.11629214425327,25.11629214425327
shared,0.0025,0.25,2,10.0,22.5,29.0,2.0665174551418604,22.874608513634044,0.0903411069925042,3.327034436512689,590.6875196609859,24.30406385074286,1642.7444862979391,24.71749553863553,24.71749553863553
shared,0.0025,0.25,2,10.0,25.0,29.0,2.055946419459361,22.615952624595977,0.09090691219539507,3.3166645339369687,587.6659246427554,24.241821809483614,1615.8608103669333,24.574528159578918,24.574528159578918
shared,0.0025,0.25,2,10.0,27.5,29.0,2.0480135176554275,22.432761070577378,0.0912956506429155,3.309595793947839,585.3984063701076,24.195007881174735,1596.5878489832214,24.46789597621832,24.46789597621832
shared,0.0025,0.25,2,10.0,30.0,29.0,2.0425316424983686,22.316724878394915,0.09152470416820739,3.3054518336780405,583.831482639772,24.162605046637086,1584.0778556508537,24.395327406246086,24.395327406246103
shared,0.0025,0.25,2,10.0,35.0,29.0,2.0379498630828374,22.254287579693433,0.09157560563486308,3.3045330533324933,582.5218397369939,24.13548921685645,1576.1025129592358,24.33957733630781,24.33957733630779
shared,0.0025,0.25,2,10.0,40.0,30.0,2.0400586177021927,22.36905461132917,0.09120003742442347,3.3113302132513627,583.1246002085211,24.14797300413683,1585.8698636543522,24.37808963034057,24.37808963034057
shared,0.0025,0.25,2,10.0,45.0,35.0,2.0467359418147684,22.609839109431284,0.09052412677103083,3.3236694706693193,585.033227695899,24.1874601332157,1608.187040913105,24.48117057025606,24.481170570256076
shared,0.0025,0.25,2,10.0,50.0,40.0,2.056200783532177,22.93527642250295,0.08965232184926862,3.339790532198539,587.7386313517592,24.243321376242143,1638.8785426795741,24.623550875167588,24.623550875167588
shared,0.0025,0.25,2,10.0,55.0,45.0,2.067119794800192,23.313612114110967,0.08866578823918203,3.3583191069013543,590.8596907297025,24.307605614903796,1674.759625287137,24.78613662492467,24.78613662492467
shared,0.0025,0.25,2,10.0,60.0,50.0,2.078577194555944,23.721469327251103,0.08762430209869357,3.378218329770657,594.1346415541683,24.37487726234059,1713.5035726558567,24.955718668326476,24.955718668326494
shared,0.0025,0.25,2,12.5,15.0,26.5,2.0731888705716037,23.037005431087202,0.08999385257660036,3.3334471803396486,592.5944582271316,24.34326309735676,1659.7480367373732,24.813411427790744,24.813411427790744
shared,0.0025,0.25,2,12.5,17.5,26.5,2.0451464671249853,22.327795229362387,0.09159643601691113,3.3041572821620426,584.578896734534,24.178066439120688,1586.8925709021282,24.434053473951934,24.434053473951916
shared,0.0025,0.25,2,12.5,22.5,26.5,1.9985219647548584,21.255672883158255,0.09402299215558449,3.2612415440524236,571.2518805063806,23.90087614516214,1476.2538855639673,23.79976315696093,23.79976315696093
shared,0.0025,0.25,2,12.5,25.0,26.5,1.9806408327657223,20.879620068707347,0.09486000349853796,3.246821639737403,566.1407881818939,23.79371320710355,1437.1615522508332,23.55650542359041,23.55650542359039
shared,0.0025,0.25,2,12.5,27.5,26.5,1.9666330155849985,20.600704767195374,0.09546435608924754,3.2365280570578183,562.1368332354893,23.70942498744939,1407.9352232795159,23.366765545096168,23.366765545096168
shared,0.0025,0.25,2,12.5,30.0,26.5,1.9564776755090132,20.41071999830256,0.09585539734373515,3.2299196164606636,559.2340594767331,23.64813014757685,1387.7476219961247,23.23056037173607,23.23056037173607
shared,0.0025,0.25,2,12.5,35.0,26.5,1.9468570722533274,20.26166109976624,0.09608575835254635,3.2260455041886287,556.4841333821803,23.589915925712415,1370.8387941135743,23.107338800781648,23.107338800781662
shared,0.0025,0.25,2,12.5,40.0,27.5,1.94898059284737,20.359177758031528,0.09572982838555517,3.2320372674375806,557.0911145182569,23.60277768649819,1378.9388865149476,23.14854033170633,23.148540331706347
shared,0.0025,0.25,2,12.5,45.0,32.5,1.9592782626361154,20.63419161913554,0.09495299349741129,3.245231400789857,560.0345714005915,23.665049575282776,1404.9499384896412,23.304452250028085,23.304452250028085
shared,0.0025,0.25,2,12.5,50.0,37.5,1.974454044893867,21.028110860170422,0.09389593092899763,3.2634473758505376,564.3723741897439,23.75652277143572,1442.8612106340122,23.528820646955328,23.528820646955328
shared,0.0025,0.25,2,12.5,55.0,42.5,1.9919793800255587,21.49501140585063,0.09267170611890771,3.2849322787592037,569.381766544214,23.8617217849889,1487.989232539963,23.785924624473928,23.785924624473928
shared,0.0025,0.25,2,12.5,60.0,47.5,2.01014870398279,22.001009442473336,0.0913662034116563,3.3083177160994235,574.5752348478616,23.970299014569292,1536.9086815653638,24.051504747397587,24.051504747397587
shared,0.0025,0.25,2,15.0,17.5,24.0,1.9931995420489796,21.13212475324254,0.09432082979460646,3.2560884485827852,569.7305342148695,23.86902876563832,1463.7645152642817,23.730337081439142,23.730337081439142
shared,0.0025,0.25,2,15.0,22.5,24.0,1.9233948764154316,19.73895987629994,0.09744155155433505,3.203523430127125,549.777765511537,23.44734026518865,1319.3802817311432,22.77896110380419,22.77896110380419
shared,0.0025,0.25,2,15.0,25.0,24.0,1.8947674326491954,19.229913414890014,0.0985322914237382,3.1857427884188585,541.5949777443988,23.27219323021358,1266.223911047434,22.38941266766437,22.389412667664356
shared,0.0025,0.25,2,15.0,27.5,24.0,1.8714068907972048,18.840512478126442,0.09932887404044241,3.1729428058589613,534.9176663623173,23.12828714717796,1225.288073373552,22.07281164697608,22.07281164697608
shared,0.0025,0.25,2,15.0,30.0,24.0,1.8537590161130115,18.563769850861796,0.09985897428193732,3.1645098337888893,529.8732476478484,23.018975816657186,1195.905111018007,21.835390080193967,21.835390080193967
shared,0.0025,0.25,2,15.0,35.0,24.0,1.8356053837771313,18.310738271130806,0.10024748082774988,3.158371892729752,524.6842645929812,22.905987527128822,1168.0527276640864,21.597978389388828,21.597978389388828
shared,0.0025,0.25,2,15.0,40.0,25.0,1.8373515638248161,18.385299817445166,0.09993590434034792,3.163291588970845,525.1833877717775,22.916879974633925,1173.9247256286567,21.636097936118905,21.636097936118922
shared,0.0025,0.25,2,15.0,45.0,30.0,1.853229046904569,18.698292439824293,0.09911220785901793,3.1764090493853128,529.7217627443686,23.015685146099138,1204.2268786656266,21.87017151248754,21.870171512487563
shared,0.0025,0.25,2,15.0,50.0,35.0,1.8772853886953489,19.17043415244037,0.09792607583988247,3.1955883135095275,536.5979596180781,23.164584166742085,1250.6607446287535,22.218033898054497,22.218033898054497
shared,0.0025,0.25,2,15.0,55.0,40.0,1.9048705792193177,19.738390778514443,0.09650587024008057,3.2190159925960016,544.4828326586788,23.334155923424333,1306.635601626779,22.61513629298954,22.61513629298954
shared,0.0025,0.25,2,15.0,60.0,45.0,1.9329479354296297,20.355384112062758,0.09496003243113206,3.245111121807849,552.5083849506476,23.505496909247583,1367.3406603583908,23.018947014521892,23.018947014521892
shared,0.0025,0.25,2,17.5,22.5,21.5,1.841051439947506,18.334947902087137,0.10041214459834555,3.1557811562475333,526.2409499252094,22.93994223892487,1173.0671508541416,21.659741011180056,21.659741011180035
shared,0.0025,0.25,2,17.5,25.0,21.5,1.7972187613122084,17.682076061185825,0.10164070978392117,3.136650681286906,513.7119407175888,22.66521433204612,1104.3620344317487,21.065861160179164,21.06586116017918
shared,0.0025,0.25,2,17.5,27.5,21.5,1.7599373490312822,17.171225438183292,0.10249340417590387,3.1235757396627624,503.05552700335426,22.42889937119863,1050.2090781806812,20.56332782183516,20.56332782183516
shared,0.0025,0.25,2,17.5,30.0,21.5,1.730632914647427,16.797743418845986,0.10302770267974021,3.1154658276001395,494.67923014788965,22.241385526713252,1010.2600340766753,20.17109155265241,20.17109155265241
shared,0.0025,0.25,2,17.5,35.0,21.5,1.6984418279191313,16.426337532429734,0.10339747521722226,3.1098900361570414,485.4778207296356,22.033561235752053,969.5466039304717,19.7486471249423,19.748647124942337
shared,0.0025,0.25,2,17.5,40.0,22.5,1.6990198649627228,16.472214666252384,0.1031445922352874,3.1137000120592138,485.6430452075134,22.03731029884349,972.5853425535819,19.772686629373837,19.772686629373837
shared,0.0025,0.25,2,17.5,45.0,27.5,1.7234024394486172,16.82490955764195,0.10243160199728028,3.124517903372734,492.61249151448084,22.194875343522,1007.666247595763,20.121210827578516,20.121210827578516
shared,0.0025,0.25,2,17.5,50.0,32.5,1.7610421056844832,17.381868457090704,0.10131489086065942,3.1416902159992217,503.3713075285487,22.435937857119963,1063.759542453329,20.651995403884573,20.651995403884573
shared,0.0025,0.25,2,17.5,55.0,37.5,1.8036045458085512,18.059695443625273,0.09986904549075268,3.164350268616793,515.5372353435059,22.70544505935759,1131.9546126287382,21.251911902137003,21.251911902137003
shared,0.0025,0.25,2,17.5,60.0,42.5,1.8458987769551052,18.796668643562562,0.09820350679998203,3.1910712540274075,527.6264990609573,22.970121877364022,1205.7743408552442,21.84945628998146,21.84945628998146
shared,0.0025,0.25,2,22.5,25.0,16.5,1.570565290562821,15.002834688098549,0.10468456949730434,3.0907128963968944,448.9259520358146,21.187872758628096,818.8542160036076,18.0313348978959,18.0313348978959
shared,0.0025,0.25,2,22.5,27.5,16.5,1.4866382848592252,14.242178611619721,0.10438278618738332,3.095177484951149,424.9364934864663,20.613987811349514,735.7986911293464,16.929546145750592,16.929546145750592
shared,0.0025,0.25,2,22.5,30.0,16.5,1.4151248072235267,13.667110502305356,0.10354235498314181,3.1077135458674388,404.49528278105646,20.112068088117056,672.1229427805645,16.002493011163367,16.002493011163345
shared,0.0025,0.25,2,22.5,35.0,16.5,1.327041427195151,13.04308657922299,0.1017428979816069,3.1350750961130047,379.3177779199878,19.476082201510337,601.5089975217162,14.881806506316813,14.881806506316787
shared,0.0025,0.25,2,22.5,40.0,17.5,1.3199203159062582,13.018224412151127,0.10139019532296993,3.1405233021927246,377.2822995580704,19.42375606205119,597.1407886789762,14.80944654432839,14.809446544328438
shared,0.0025,0.25,2,22.5,45.0,22.5,1.3750943205534185,13.441128781761176,0.10230497325636377,3.126451003007819,393.0530813986514,19.82556635757605,642.3112085238396,15.54015345860344,15.54015345860344
shared,0.0025,0.25,2,22.5,50.0,27.5,1.4618637006941575,14.163677104036305,0.10321215952300704,3.112680661681468,417.85499623867673,20.441501809766248,719.5486618589696,16.690821243436794,16.690821243436794
shared,0.0025,0.25,2,22.5,55.0,32.5,1.5558471686313777,15.061062154050855,0.10330261921221232,3.111317512344429,444.71896558325864,21.088360903191568,814.3288191616758,17.951507164493467,17.951507164493467
shared,0.0025,0.25,2,22.5,60.0,37.5,1.64377614421611,16.039023074477647,0.10248605146231102,3.1236877858659153,469.85233591373645,21.67607750294634,916.2159662728216,19.14557174946706,19.14557174946706
shared,0.0025,0.25,2,25.0,27.5,14.0,1.33150077939441,13.053983284314533,0.10199957747719204,3.131127940594079,380.5924265726382,19.5087781927172,604.0345040476946,14.925179056930611,14.925179056930611
shared,0.0025,0.25,2,25.0,30.0,14.0,1.2272938069538615,12.388069859859604,0.09907062365950935,3.1770756171571826,350.8061995416825,18.7298211294631,528.3594247588233,13.608522248690129,13.608522248690129
shared,0.0025,0.25,2,25.0,35.0,14.0,1.0920185812881533,11.649231334561808,0.0937416856036047,3.2661311584375725,312.13951065345725,17.667470409016037,442.0837668390821,11.941173730329467,11.941173730329437
shared,0.0025,0.25,2,25.0,40.0,15.0,1.0762306754582798,11.586630087858477,0.0928855644218807,3.2811485106615694,307.6267401892711,17.539291325172496,433.3509755616581,11.766184443330356,11.766184443330356
shared,0.0025,0.25,2,25.0,45.0,20.0,1.1556052718920635,12.031501763840176,0.09604829842315721,3.2266745400909045,330.3149509154394,18.174568795859763,483.17741237316676,12.767878031065843,12.767878031065843
shared,0.0025,0.25,2,25.0,50.0,25.0,1.281057833433909,12.81973976950476,0.09992853649660298,3.163408203350351,366.17395720057283,19.135672373882578,570.7227912603888,14.368722827281124,14.36872282728115
shared,0.0025,0.25,2,25.0,55.0,30.0,1.4136450794908377,13.81029960515205,0.10236165180395257,3.125585311436307,404.0723215803074,20.10155022828606,678.4545453817514,16.095735206835965,16.095735206835943
shared,0.0025,0.25,2,25.0,60.0,35.0,1.5337475710969288,14.893830176271091,0.10297872024487707,3.116206684348404,438.402078967736,20.93805337102129,793.8483669140775,17.69138711570474,17.691387115704718
shared,0.0025,0.25,2,27.5,30.0,11.5,1.0320554518501923,11.342519280135852,0.09098996672261607,3.315150482973501,294.9998188929594,17.175558765087075,406.80832203377753,11.200564832316227,11.200564832316227
shared,0.0025,0.25,2,27.5,35.0,11.5,0.8367323143401817,10.508578329903145,0.07962374053578508,3.5438775873504036,239.16920428038182,15.465096323023074,305.56793377640577,8.886848088025014,8.886848088025014
shared,0.0025,0.25,2,27.5,40.0,12.5,0.8078902758636415,10.410440955004134,0.07760384784424539,3.5897017953942734,230.92507736662935,15.19621918000097,292.27978300976116,8.568101371041006,8.568101371040964
shared,0.0025,0.25,2,27.5,45.0,17.5,0.9164727390873857,10.86455385656566,0.08435438317916234,3.4430725420897095,261.96198233964384,16.185239644183333,346.02598886766697,9.86514618359331,9.86514618359331
shared,0.0025,0.25,2,27.5,50.0,22.5,1.0891638467477498,11.698776201465707,0.0931006652312309,3.2773559178307066,311.32352138573253,17.644362311677135,442.8033728183654,11.975235071155858,11.975235071155828
shared,0.0025,0.25,2,27.5,55.0,27.5,1.2676460838255832,12.761984053518447,0.09932985956647519,3.1729270652472974,362.34038052753556,19.035240490404515,562.2034247508118,14.227047694769581,14.227047694769581
shared,0.0025,0.25,2,27.5,60.0,32.5,1.4245380638389094,13.932202039462481,0.10224787580627631,3.1273238204836797,407.185941496877,20.17884886451348,689.7172565842427,16.26478059053949,16.26478059053949
shared,0.0025,0.25,2,30.0,35.0,9.0,0.5840899727492237,9.63594366294811,0.060615752144250475,4.061694461747127,166.95463007275086,12.921092448889562,195.59208352425915,6.015299014388997,6.015299014388997
shared,0.0025,0.25,2,30.0,40.0,10.0,0.5381698448705465,9.50660304217991,0.05661011009744882,4.202938161817844,153.82895026216872,12.402779940891023,177.79600135490423,5.52385272958813,5.52385272958813
shared,0.0025,0.25,2,30.0,45.0,15.0,0.6774282825731743,9.957714094155094,0.0680305013949744,3.833965178239364,193.63418924224902,13.915250240015414,234.42301499059695,7.093932575480862,7.09393257548081
shared,0.0025,0.25,2,30.0,50.0,20.0,0.9011554098616357,10.816748431462438,0.08331111845408781,3.464563435067719,257.58372016446765,16.04941494773151,338.74562405986677,9.706637031401673,9.706637031401673
shared,0.0025,0.25,2,30.0,55.0,25.0,1.128479218449866,11.929200803811158,0.09459805707095968,3.251313832313361,322.5613163230507,17.959992102533082,467.8236628780166,12.483461224567263,12.483461224567263
shared,0.0025,0.25,2,30.0,60.0,30.0,1.3233839135388727,13.16377238465903,0.10053226954008528,3.153895187995529,378.272324534449,19.449224265621726,605.4014902530758,14.959749435457443,14.959749435457418
shared,0.0025,0.25,2,35.0,40.0,5.0,0.12167834353417795,8.465189761178927,0.014373965258545143,8.340876764240427,34.78019445702045,5.897473565605907,35.79540305737254,1.1637876469444361,1.1637876469447492
shared,0.0025,0.25,2,35.0,45.0,10.0,0.3056603148121775,8.888059637008405,0.03438999368765019,5.392422994375932,87.36908210765974,9.34714299171997,94.41114966991098,3.049563687989611,3.049563687989611
shared,0.0025,0.25,2,35.0,50.0,15.0,0.6116421468791227,9.748620057438455,0.06274140783776094,3.992297256056234,174.83006580041103,13.222332086300474,207.2133913759787,6.365866971170678,6.365866971170678
shared,0.0025,0.25,2,35.0,55.0,20.0,0.9185593767857951,10.897875073356047,0.0842879341709063,3.444429460395808,262.5584209728805,16.203654556083343,347.877491779257,9.924181232670533,9.924181232670568
shared,0.0025,0.25,2,35.0,60.0,25.0,1.1744407910411634,12.195932081918457,0.09629774773691756,3.22249264751286,335.6988425733712,18.32208619599229,497.7638973509772,13.065340123631858,13.065340123631884
shared,0.0025,0.25,2,40.0,45.0,6.0,0.20067944673317828,8.63722309777246,0.023234255322747602,6.5604800811646715,57.361646930595455,7.573747218556707,60.23574729595527,1.9592903860865098,1.9592903860865098
shared,0.0025,0.25,2,40.0,50.0,11.0,0.5237159850828621,9.470615544647512,0.05529904393372293,4.252469315662508,149.69749975529223,12.235092960631407,172.3658823761104,5.378360143920306,5.378360143920171
shared,0.0025,0.25,2,40.0,55.0,16.0,0.851486281054876,10.604225672795607,0.08029688421657265,3.5289918324602807,243.38643650466287,15.600847300857183,313.7862339344596,9.113114310226013,9.113114310226013
shared,0.0025,0.25,2,40.0,60.0,21.0,1.125047479551788,11.89820471148078,0.09455607016630085,3.2520356128012273,321.58039775747744,17.932662874137723,465.18912989189243,12.432357482281663,12.432357482281633
shared,0.0025,0.25,2,45.0,50.0,11.0,0.6294875904944826,9.788224433621988,0.06431070259609382,3.943286871489824,179.93095706081576,13.413834539788231,214.12548607569872,6.538344261684468,6.538344261684468
shared,0.0025,0.25,2,45.0,55.0,16.0,0.9199388427126287,10.876046717576738,0.08458393629607337,3.4383972748695024,262.95272362188587,16.215817081537576,347.70208190820824,9.906983387292188,9.906983387292225
shared,0.0025,0.25,2,45.0,60.0,21.0,1.1680325539043348,12.120138409506854,0.0963712223771428,3.2212639786806614,333.86713014803735,18.27203136348111,491.971332191744,12.949165376847668,12.949165376847668
shared,0.0025,0.25,2,50.0,55.0,16.0,1.0653580265919615,11.546505463224808,0.09226670614629573,3.2921339054669225,304.51893290943883,17.450470850651534,427.4874976306795,11.656245009822616,11.656245009822584
shared,0.0025,0.25,2,50.0,60.0,21.0,1.266575718748032,12.707742666915435,0.09966960710068183,3.1675146110555508,362.03443039330494,19.027202379575012,559.3412387423574,14.179288005866782,14.179288005866782
shared,0.0025,0.25,2,55.0,60.0,21.0,1.383962031034089,13.5262031309759,0.10231711128636864,3.1262655497578296,395.58780274633017,19.889389199930957,650.5450111982897,15.682261395625492,15.682261395625517
shared,0.005,0.5,1,5.0,,34.0,2.1504927005030283,24.610678066737414,0.0873804734136736,3.3829283792722014,614.690766897969,24.792958010248977,1839.2417739509053,25.75169209329682,25.751692093296807
shared,0.005,0.5,1,7.5,,31.5,2.0799353517057773,22.725010235829437,0.09152626688046295,3.3054236150457528,594.5228533624686,24.382839321179734,1642.59763856179,24.81474411425559,24.81474411425559
shared,0.005,0.5,1,10.0,,29.0,1.99865807692286,20.893478908820164,0.09565942013032248,3.2332264877296075,571.2907864245051,23.9016900328095,1451.197535422868,23.718897771874033,23.718897771874047
shared,0.005,0.5,1,12.5,,26.5,1.9012196941025172,19.078161768887885,0.09965423907889132,3.167758838282822,543.439273956165,23.311784014874647,1260.5094370941897,22.3985574513006,22.3985574513006
shared,0.005,0.5,1,15.0,,24.0,1.7821524617270375,17.28669508129937,0.10309387961930085,3.114465743545194,509.40543214671254,22.570011788803136,1070.616904912697,20.7900421055562,20.7900421055562
shared,0.005,0.5,1,17.5,,21.5,1.635831972626279,15.551446607940989,0.10518841197647678,3.083301900988615,467.5815963172803,21.623635131893995,884.0702088973491,18.834364726577885,18.834364726577885
shared,0.005,0.5,1,22.5,,16.5,1.2443483191244609,12.44254616724772,0.10000753080586798,3.1621585943974995,355.68101318916166,18.859507236117324,538.0572609499278,13.778306989808044,13.778306989808017
shared,0.005,0.5,1,25.0,,14.0,1.0007029690461602,11.16835484959175,0.08960164523092136,3.34073485283918,286.0381136546864,16.91266134157148,388.3932402819495,10.789893249165358,10.789893249165358
shared,0.005,0.5,1,27.5,,11.5,0.7395111966336883,10.128677786978923,0.07301162226567995,3.700871456471213,211.3797942592721,14.538906226373156,260.30036650422085,7.73622520176224,7.73622520176224
shared,0.005,0.5,1,30.0,,9.0,0.4839881106345203,9.333685775840571,0.05185391090487331,4.391463135956554,138.3417961966774,11.761878939892103,156.98752380771063,4.904744351731863,4.904744351731863
shared,0.005,0.5,1,35.0,,4.0,0.10218641923445149,8.421284184821436,0.012134303627780759,9.078050014533567,29.208677802574993,5.404505324502418,29.905342078472273,0.9633741668980195,0.9633741668980195
shared,0.005,0.5,1,40.0,,1.0,0.009230015622272436,8.236142755997925,0.0011206721271982238,29.87175335542253,2.638281627279064,1.624278802200861,2.6418221176182737,0.055375267052859244,0.055375267052859244
shared,0.005,0.5,1,45.0,,6.0,0.17921088248999628,8.585952069293782,0.02087256963976237,6.921688340641326,51.22513309088188,7.157173540643114,53.47245310879136,1.7344329943555767,1.7344329943555767
shared,0.005,0.5,1,50.0,,11.0,0.47882948391561553,9.328499325108584,0.05132974417726529,4.413828454628639,136.8672688880089,11.699028544627494,155.22795599132186,4.866686439223403,4.866686439223328
shared,0.005,0.5,1,55.0,,16.0,0.7905992002769044,10.338062789944555,0.07647459841759624,3.6161080387594517,225.98264509963494,15.032719151891149,284.03561967218485,8.362283071343539,8.362283071343583
shared,0.005,0.5,1,60.0,,21.0,1.058122158739626,11.495200033514617,0.09204904270083492,3.2960239736030648,302.45065285515915,17.391108442395474,422.69743500991706,11.552951415564824,11.552951415564824
shared,0.005,0.5,2,5.0,7.5,34.0,2.2172628746946654,26.990117747676454,0.08215091521360803,3.488942378575846,633.7761651279503,25.17491142244497,2079.693022364861,26.655262911400786,26.655262911400772
shared,0.005,0.5,2,5.0,10.0,34.0,2.2022246142703867,26.447592165923684,0.08326748992703525,3.465470956150515,629.4776711917241,25.089393599521774,2024.067641124662,26.46202463181596,26.46202463181599
shared,0.005,0.5,2,5.0,12.5,34.0,2.1902139232353144,26.020069292595316,0.08417402346651692,3.446759304673547,626.0445691488311,25.02088266126579,1980.488178131704,26.303764556184355,26.30376455618437
shared,0.005,0.5,2,5.0,15.0,34.0,2.180543128754916,25.679421226222292,0.08491402939129623,3.431707588890041,623.2802965361977,24.965582239078618,1945.9298599934093,26.17378469878023,26.17378469878023
shared,0.005,0.5,2,5.0,17.5,34.0,2.1727859004579293,25.40855325575587,0.08551395581587165,3.419648764019476,621.0629922831946,24.921135453329462,1918.5545056141682,26.067851729648634,26.067851729648634
shared,0.005,0.5,2,5.0,22.5,34.0,2.161865717258558,25.03181161366806,0.08636473262998351,3.402763640284281,617.9415979236984,24.858431123538317,1880.607944452216,25.916133059066087,25.9161330590661
shared,0.005,0.5,2,5.0,25.0,34.0,2.1582688608779774,24.909873342334414,0.08664310858658571,3.3972928666852553,616.9134826427288,24.837743106867194,1868.33321329965,25.86549618481182,25.86549618481184
shared,0.005,0.5,2,5.0,27.5,34.0,2.1556792330565817,24.82388909016361,0.08683890043284002,3.3934608421513874,616.1732707316901,24.822837684916085,1859.6500677974395,25.828873169779758,25.828873169779758
shared,0.005,0.5,2,5.0,30.0,34.0,2.153948768676422,24.768786594372948,0.08696222402617668,3.391053807002741,615.6786396749646,24.812872459168542,1854.0326201708847,25.804399159431572,25.804399159431572
shared,0.005,0.5,2,5.0,35.0,34.0,2.1525599348038904,24.734279264980017,0.0870273967453577,3.3897838299757526,615.2816593187883,24.804871685190964,1850.2558356931245,25.78526561714331,25.785265617143327
shared,0.005,0.5,2,5.0,40.0,35.0,2.153239673924194,24.777690584748328,0.086902355429751,3.392221684888441,615.4759540313685,24.808787838815675,1854.0885361164123,25.79641868747882,25.796418687478834
shared,0.005,0.5,2,5.0,45.0,40.0,2.1553325822563503,24.87723799247351,0.08663874112184142,3.3973784944866483,616.0741850448658,24.820841747307156,1863.3469433616604,25.828606646721074,25.828606646721056
shared,0.005,0.5,2,5.0,50.0,45.0,2.158352457542783,25.016421126607035,0.08627742739936516,3.404484854956434,616.9373776775677,24.83822412487591,1876.3973697470096,25.874747205941734,25.874747205941734
shared,0.005,0.5,2,5.0,55.0,50.0,2.1619471850069383,25.182835099071724,0.08585003144013086,3.412948780755958,617.9648844350721,24.85889950168897,1892.0254418722611,25.929581957000032,25.929581957000032
shared,0.005,0.5,2,5.0,60.0,55.0,2.1658673974071543,25.36723198910235,0.08538051760387579,3.42231994522265,619.0854268884959,24.881427348295272,1909.335356395105,25.9893087036236,25.9893087036236
shared,0.005,0.5,2,7.5,10.0,31.5,2.1690151508901314,25.384672075981484,0.08544586057278299,3.4210111204668467,619.9851718641494,24.899501438063965,1913.424864686223,26.038914338504117,26.038914338504117
shared,0.005,0.5,2,7.5,12.5,31.5,2.150478609267642,24.801821848928206,0.0867064775469538,3.3960511932135096,614.6867390989979,24.792876781426514,1853.5144698458118,25.792932579913455,25.792932579913455
shared,0.005,0.5,2,7.5,15.0,31.5,2.134718981079308,24.320545896745365,0.0877743036748604,3.3753304985084807,610.1820514360974,24.70186331911213,1804.2275109114798,25.580267474713196,25.580267474713196
shared,0.005,0.5,2,7.5,17.5,31.5,2.1214405746013685,23.92510567767121,0.0886700607797634,3.35823819612159,606.3865891872841,24.6249180544278,1763.8514473246885,25.39872429455956,25.39872429455956
shared,0.005,0.5,2,7.5,22.5,31.5,2.1015383016099642,23.349997609182466,0.09000164954121996,3.3333027866936034,600.6977796204172,24.50913665595786,1705.3024665891473,25.122811879069943,25.122811879069943
shared,0.005,0.5,2,7.5,25.0,31.5,2.0945645983934336,23.154089878319752,0.09046197062380204,3.324811116233096,598.7044359660606,24.468437546481397,1685.3835234816265,25.02512657076963,25.02512657076961
shared,0.005,0.5,2,7.5,27.5,31.5,2.089338306000164,23.010006608541225,0.09080129100113382,3.3185929660832665,597.2105672919189,24.437892038633752,1670.7165712765193,24.9516496056065,24.951649605606516
shared,0.005,0.5,2,7.5,30.0,31.5,2.085674103694303,22.911532868828232,0.09103162654524612,3.31439182144555,596.1632020416522,24.416453510730264,1660.6490642889264,24.90010890762848,24.90010890762846
shared,0.005,0.5,2,7.5,35.0,31.5,2.082287493797265,22.82895683933342,0.09121255554741613,3.311102979944796,595.1951830224258,24.396622369140072,1651.9771196501335,24.853176436358343,24.853176436358343
shared,0.005,0.5,2,7.5,40.0,32.5,2.082978444596254,22.86609086695189,0.09109464563559308,3.31324517834355,595.3926824496128,24.400669713137237,1655.213313528873,24.865164644908766,24.86516464490878
shared,0.005,0.5,2,7.5,45.0,37.5,2.0865040587747057,22.98998528213572,0.09075708545129064,3.3194010703038392,596.4004340605027,24.421311063505634,1666.998454724432,24.91870843738707,24.918708437387085
shared,0.005,0.5,2,7.5,50.0,42.5,2.0918681824503524,23.174577336926493,0.0902656454975409,3.3284248356016928,597.9337000395724,24.4526828801989,1684.703222496329,24.9995276517997,24.9995276517997
shared,0.005,0.5,2,7.5,55.0,47.5,2.0983229426093404,23.39986497478897,0.0896724380619322,3.339415903682161,599.7787104743172,24.490379957736817,1706.3297023448365,25.096689930334062,25.096689930334062
shared,0.005,0.5,2,7.5,60.0,52.5,2.1053353514957203,23.65087995479907,0.08901721016382397,3.3516835695058678,601.7831176481536,24.531268162248637,1730.3974116633387,25.202274282930432,25.202274282930432
shared,0.005,0.5,2,10.0,12.5,29.0,2.1137535118300876,23.76325324203817,0.08895051070241387,3.35293996249688,604.1893408502095,24.58026323801699,1745.570961370948,25.309099374032506,25.309099374032506
shared,0.005,0.5,2,10.0,15.0,29.0,2.0903944608256575,23.12957063045406,0.09037757311730177,3.3263631621610736,597.5124556077889,24.444067902208683,1680.2468380859418,24.993138951123434,24.99313895112342
shared,0.005,0.5,2,10.0,17.5,29.0,2.069767344601068,22.594080372789968,0.09160662042672411,3.3039736064242415,591.6164588959559,24.323167123052787,1625.1500671046438,24.711200747870443,24.711200747870443
shared,0.005,0.5,2,10.0,22.5,29.0,2.036923074792396,21.786172142290397,0.09349614340182354,3.2704171490465304,582.2283454686592,24.1294083116155,1542.1720543238105,24.257462712775993,24.257462712775993
shared,0.005,0.5,2,10.0,25.0,29.0,2.024740001761435,21.500316939665403,0.09417256533674823,3.258650619009694,578.745970242357,24.05713969370334,1512.8344136599926,24.087873640345073,24.087873640345073
shared,0.005,0.5,2,10.0,27.5,29.0,2.015296831540738,21.284319606018343,0.09468457854630662,3.2498279897017865,576.0467611059806,24.00097416993695,1490.6513025606573,23.956068729427578,23.956068729427592
shared,0.005,0.5,2,10.0,30.0,29.0,2.0084403347835975,21.13135721853033,0.0950454963215696,3.2436518091344375,574.0869194153327,23.96011100590589,1474.9034666475195,23.860314610688793,23.860314610688793
shared,0.005,0.5,2,10.0,35.0,29.0,2.0016002075470443,20.987216565054737,0.09537235208597676,3.238088791127242,572.1317567422702,23.919275840674405,1459.8540919256227,23.765626993514914,23.7656269935149
shared,0.005,0.5,2,10.0,40.0,30.0,2.0021505339792354,21.015292494373,0.09527112385018319,3.239808614396864,572.2890604971581,23.922563836201963,1462.2089451897587,23.776181215089995,23.77618121509001
shared,0.005,0.5,2,10.0,45.0,35.0,2.007923238146095,21.16891031359263,0.09485246091560985,3.2469507293488333,573.9391139712163,23.957026400854016,1477.1441505822118,23.86197214572188,23.86197214572188
shared,0.005,0.5,2,10.0,50.0,40.0,2.0170251467082494,21.409508392731112,0.09421165165067795,3.257974578136864,576.5407778378257,24.01126356187499,1500.7048217831966,23.996270252813286,23.996270252813286
shared,0.005,0.5,2,10.0,55.0,45.0,2.027990971213349,21.706937823746593,0.093425935416593,3.2716457494196254,579.6752181793954,24.0764452978299,1529.8253374819021,24.1580717032518,24.158071703251817
shared,0.005,0.5,2,10.0,60.0,50.0,2.0397819063385527,22.03861191063401,0.09255491746076452,3.2870041399668297,583.0455058129505,24.146335246015088,1562.2309678376796,24.332281036047423,24.33228103604744
shared,0.005,0.5,2,12.5,15.0,26.5,2.046676375216143,22.06154958017685,0.09277119758872969,3.2831703611566816,585.0162013473873,24.187108164213996,1569.1427705312396,24.40575167608467,24.40575167608467
shared,0.005,0.5,2,12.5,17.5,26.5,2.016639575405156,21.3734689754287,0.09435246930311214,3.255542465647918,576.4305672242593,24.008968474806647,1497.8922404212835,23.99562245166411,23.995622451664094
shared,0.005,0.5,2,12.5,22.5,26.5,1.9657902221742178,20.301407530418004,0.0968302428897521,3.213619761807501,561.8959315445011,23.704344149216638,1386.8854438733094,23.29618802715999,23.296188027160003
shared,0.005,0.5,2,12.5,25.0,26.5,1.9458185418810316,19.909972665458064,0.09773084948814845,3.1987784617902832,556.1872827902932,23.58362319047464,1346.326119494254,23.02020917980068,23.020209179800663
shared,0.005,0.5,2,12.5,27.5,26.5,1.9298225239601243,19.608087614592108,0.09841972159100172,3.1875641512569155,551.6150261530973,23.48648603246338,1315.012496480674,22.798856525583144,22.79885652558316
shared,0.005,0.5,2,12.5,30.0,26.5,1.917838345568721,19.389081886340694,0.09891331403988798,3.179600990044953,548.1895024094778,23.413447042447164,1292.2499162371446,22.63301135072905,22.63301135072905
shared,0.005,0.5,2,12.5,35.0,26.5,1.905207022266576,19.16884043484153,0.09939083319842588,3.171953662764638,544.5790005901898,23.33621650118523,1269.1568144854173,22.459215380747406,22.459215380747406
shared,0.005,0.5,2,12.5,40.0,27.5,1.905321651466,19.184384334654123,0.09931627818904157,3.173144004744578,544.6117658771802,23.336918517173174,1270.26238862285,22.464185065245626,22.46418506524561
shared,0.005,0.5,2,12.5,45.0,32.5,1.9145947338402074,19.37285713674944,0.0988287231111774,3.1809614643211965,547.2623575833396,23.393639254791882,1288.9848294195103,22.598767505521426,22.598767505521426
shared,0.005,0.5,2,12.5,50.0,37.5,1.9295702827957493,19.680038649699526,0.0980470779118724,3.1936158315679855,551.5429262502533,23.484951059141114,1319.6653663933378,22.81496096921463,22.81496096921463
shared,0.005,0.5,2,12.5,55.0,42.5,1.9475052004155091,20.062816472212045,0.09707037908226376,3.2096423163648065,556.6693925076665,23.59384225826024,1357.8374936594125,23.074208518292576,23.074208518292558
shared,0.005,0.5,2,12.5,60.0,47.5,1.9664879730866862,20.488906773131376,0.09597817955155556,3.227852982268383,562.0953746969417,23.708550666309016,1400.1912235310847,23.349298499218964,23.349298499218982
shared,0.005,0.5,2,15.0,17.5,24.0,1.9621029204992122,20.25583702075445,0.09686604994347114,3.2130257410357204,560.8419636357222,23.6821021794038,1381.1767159498258,23.256104196147742,23.256104196147742
shared,0.005,0.5,2,15.0,22.5,24.0,1.8871350244362843,18.896028313623454,0.09986940076056713,3.164344640270553,539.4133517121062,23.225273985727405,1239.2267404012373,22.230351773307998,22.230351773307998
shared,0.005,0.5,2,15.0,25.0,24.0,1.8558962568056199,18.385926124065918,0.1009411353163428,3.1475012225254764,530.4841504981941,23.03224154306728,1185.813735994329,21.802451739478734,21.802451739478734
shared,0.005,0.5,2,15.0,27.5,24.0,1.830010332900868,17.985932481817215,0.10174675873774726,3.1350156157157976,523.0849910343409,22.871051375796892,1143.8360259024337,21.448020532108583,21.448020532108583
shared,0.005,0.5,2,15.0,30.0,24.0,1.8100024448287293,17.69042747830728,0.10231535936868838,3.1262923147346555,517.3659927507406,22.74568074933658,1112.742713561463,21.17438533753455,21.17438533753455
shared,0.005,0.5,2,15.0,35.0,24.0,1.7879028456318742,17.38031768092118,0.10286939965398337,3.1178620604753378,511.0491056600404,22.606395238074565,1079.8884496932246,20.873588917278468,20.873588917278468
shared,0.005,0.5,2,15.0,40.0,25.0,1.7870355617899403,17.379396359501065,0.10282495000541222,3.1185358896323545,510.80120369329956,22.60091156775097,1079.3073960690874,20.865581079714566,20.865581079714584
shared,0.005,0.5,2,15.0,45.0,30.0,1.8017068049483957,17.606675204910843,0.1023308934810057,3.1260550158238103,514.9947904496313,22.693496655421598,1102.3988252343447,21.07326172998886,21.07326172998888
shared,0.005,0.5,2,15.0,50.0,35.0,1.8257670794619592,17.989369343644892,0.10149144445171716,3.1389563987287215,521.8721114417269,22.84452038108323,1141.4018723806103,21.412902884212475,21.412902884212475
shared,0.005,0.5,2,15.0,55.0,40.0,1.8542397578825813,18.4687069424255,0.10039900268399969,3.1559876904135025,530.0106615190732,23.021960418675757,1190.0895699473665,21.816061305111425,21.816061305111425
shared,0.005,0.5,2,15.0,60.0,45.0,1.8837593799731716,19.000707366126193,0.09914153950560141,3.1759391343511787,538.4484670215791,23.20449238879358,1243.862764775593,22.235788110697445,22.235788110697445
shared,0.005,0.5,2,17.5,22.5,21.5,1.801049582882607,17.58678629722744,0.10240924933320777,3.12485887593587,514.8069319483923,22.689357239648555,1100.7518540063486,21.066169295590402,21.066169295590402
shared,0.005,0.5,2,17.5,25.0,21.5,1.754123707594586,16.949649464318455,0.10349026457964683,3.108495559944108,501.3937721355713,22.391823778682504,1033.2328593886439,20.43019582567931,20.43019582567931
shared,0.005,0.5,2,17.5,27.5,21.5,1.7138137096138943,16.4431713108742,0.10422647050332164,3.0974976417836992,489.8716760286601,22.133044888326143,979.324149894455,19.885537747040082,19.885537747040082
shared,0.005,0.5,2,17.5,30.0,21.5,1.681628975858199,16.06364158349749,0.1046854143948139,3.0907004240724882,480.6720825261722,21.92423504996633,938.7532587751829,19.45208054830009,19.45208054830009
shared,0.005,0.5,2,17.5,35.0,21.5,1.6444759206699424,15.653057501440975,0.10505780870724821,3.0852178187083066,470.0523580412065,21.680690903225535,894.5486599201721,18.95452910648283,18.95452910648281
shared,0.005,0.5,2,17.5,40.0,22.5,1.6416663624411947,15.63174241358063,0.10502132897321408,3.0857536058418655,469.2492818429616,21.66216244614008,891.8042952240868,18.921084419475946,18.921084419475964
shared,0.005,0.5,2,17.5,45.0,27.5,1.6645232898247544,15.899529763174588,0.10469009553225972,3.090631324148802,475.78264148610054,21.812442354906075,919.7110963716667,19.235886420973056,19.235886420973035
shared,0.005,0.5,2,17.5,50.0,32.5,1.7023375382252675,16.36312065504948,0.10403501716525843,3.1003464598874264,486.5913595736089,22.058815915039702,968.0305841935422,19.75688194075468,19.7568819407547
shared,0.005,0.5,2,17.5,55.0,37.5,1.7463284348469712,16.946096690349563,0.103051957436397,3.1150991712345397,499.1655933641254,22.34201408477144,1028.4255928549462,20.36642972418881,20.36642972418881
shared,0.005,0.5,2,17.5,60.0,42.5,1.7908087572484064,17.591208855416333,0.10180134702323293,3.1341749683164046,511.87972323883344,22.62475907581854,1094.768176399261,20.986836539988943,20.986836539988943
shared,0.005,0.5,2,22.5,25.0,16.5,1.5198074358363334,14.458304556938423,0.10511657365157591,3.0843553096231626,434.41747003044804,20.84268384902597,763.6303905167026,17.32008150407615,17.32008150407617
shared,0.005,0.5,2,22.5,27.5,16.5,1.432776473249853,13.737812353120196,0.10429436917766853,3.096489196999315,409.540785202065,20.23711405319605,684.0270742789972,16.185897042533174,16.185897042533153
shared,0.005,0.5,2,22.5,30.0,16.5,1.3583439253926608,13.187932526219994,0.10299900478653705,3.115899817612558,388.26519569934084,19.704446089635223,622.5349402024547,15.227092964291522,15.227092964291499
shared,0.005,0.5,2,22.5,35.0,16.5,1.2646227123867966,12.570019741769741,0.10060626302634187,3.1527351676444324,361.4761885645075,19.012527148291134,552.4261231202762,14.036393000428397,14.036393000428397
shared,0.005,0.5,2,22.5,40.0,17.5,1.2523701934927438,12.499643458015207,0.100192473305283,3.159238776078553,357.9739631286084,18.920199870207725,544.0109210408642,13.886373643016315,13.886373643016315
shared,0.005,0.5,2,22.5,45.0,22.5,1.304217443675073,12.839812942368367,0.10157604705995847,3.1376489092850663,372.7938348578507,19.30786976488734,581.9504004878173,14.552000729145169,14.552000729145169
shared,0.005,0.5,2,22.5,50.0,27.5,1.3903877977486263,13.458359986397642,0.10331034384233224,3.111201191822449,397.4245257767048,19.935509167731453,650.2874289818765,15.669437501995322,15.669437501995322
shared,0.005,0.5,2,22.5,55.0,32.5,1.4862444468629237,14.244002642588175,0.10434176994738811,3.0957857747518682,424.823919944634,20.61125711703762,735.6979750277198,16.931947940001812,16.931947940001812
shared,0.005,0.5,2,22.5,60.0,37.5,1.5776161005285654,15.111738538055896,0.10439673082985483,3.0949707611176365,450.9413356658457,21.23537933887327,828.5009883802333,18.154228284735755,18.154228284735755
shared,0.005,0.5,2,25.0,27.5,14.0,1.275773970736875,12.642846977106192,0.1009087567892786,3.1480061503583343,364.66363279321087,19.09616801332694,560.5261633854669,14.181326041403128,14.181326041403128
shared,0.005,0.5,2,25.0,30.0,14.0,1.169923918231273,12.018624182939678,0.0973425826803012,3.2051515385691403,334.4077523916456,18.28681908894069,488.6407086715168,12.857113654653869,12.857113654653869
shared,0.005,0.5,2,25.0,35.0,14.0,1.0309821942443316,11.310226234730592,0.09115486930566154,3.312150509710244,294.6930419665968,17.166625817748717,405.2282620705312,11.156622831805544,11.156622831805544
shared,0.005,0.5,2,25.0,40.0,15.0,1.009658217844736,11.214654740625315,0.09003025426964135,3.332773210294372,288.5978567082067,16.988168138684248,393.4934996028788,10.90356380117304,10.90356380117304
shared,0.005,0.5,2,25.0,45.0,20.0,1.0836113624034862,11.5792533221307,0.09358214491537617,3.2689140552990748,309.7364149245174,17.599329956692028,436.0450649371188,11.810463905751048,11.810463905751048
shared,0.005,0.5,2,25.0,50.0,25.0,1.2065330319375114,12.258679831234247,0.09842275420745966,3.1875150430296184,344.8719981778688,18.57072960811903,513.9965321466358,13.344451284374545,13.344451284374545
shared,0.005,0.5,2,25.0,55.0,30.0,1.340083688839489,13.128756439881055,0.10207240076209609,3.130010793819863,383.04574119573704,19.571554388850597,611.4103451370981,15.05115293910995,15.05115293910995
shared,0.005,0.5,2,25.0,60.0,35.0,1.4635981525311275,14.09223114036562,0.10385851168299491,3.1029798302040743,418.350767058808,20.45362479021281,716.7684498012334,16.665827992968197,16.665827992968218
shared,0.005,0.5,2,27.5,30.0,11.5,0.9770512558199826,11.06478405901527,0.08830278572168873,3.365214857565492,279.2775746684117,16.711600003243607,375.69685543171903,10.510761445926638,10.510761445926603
shared,0.005,0.5,2,27.5,35.0,11.5,0.7827867115726646,10.283704857010225,0.07611913434476411,3.6245415249483575,223.74954536771412,14.958260104962546,279.7501438826561,8.23262359575109,8.232623595751045
shared,0.005,0.5,2,27.5,40.0,12.5,0.748983430169611,10.16514978769519,0.07368149469634454,3.6840098807422486,214.0873107716839,14.631722754743677,264.58380789817795,7.8488823758501765,7.84888237585013
shared,0.005,0.5,2,27.5,45.0,17.5,0.8489754841765365,10.543246445709796,0.08052315655791174,3.524030061030882,242.66875740800256,15.577829033854576,311.06186937397,9.012980520949007,9.012980520949007
shared,0.005,0.5,2,27.5,50.0,22.5,1.0154926477356436,11.266048367664407,0.0901374301436776,3.330791241636012,290.26555368909646,17.03718150660773,397.58103961171923,11.004003146897482,11.004003146897448
shared,0.005,0.5,2,27.5,55.0,27.5,1.1926834350977698,12.201787057823246,0.0977466193636836,3.19852041515246,340.9132684873857,18.46383677590835,505.7383637994388,13.196260375751306,13.196260375751306
shared,0.005,0.5,2,27.5,60.0,32.5,1.3521295560824989,13.243362033565507,0.10209866291169156,3.1296082121599853,386.4888979066735,19.659320891289035,622.2914410314714,15.23210502196114,15.232105021961113
shared,0.005,0.5,2,30.0,35.0,9.0,0.542295386731849,9.499856845679393,0.05708458511966831,4.185434747326265,155.00818350950803,12.450228251301581,179.03182591922408,5.537748826400624,5.537748826400624
shared,0.005,0.5,2,30.0,40.0,10.0,0.4933784230482514,9.361722404623965,0.052701671949230276,4.355999320474504,141.02589660662426,11.875432480824614,160.51409772874987,5.009282799327515,5.009282799327443
shared,0.005,0.5,2,30.0,45.0,15.0,0.6201726919057335,9.743003168432825,0.0636531345812432,3.963602579578742,177.2684127258568,13.314218442171391,209.98233121945447,6.408166379765556,6.408166379765556
shared,0.005,0.5,2,30.0,50.0,20.0,0.8324955947433039,10.491150254890503,0.07935217535896333,3.549936474523806,237.95819230274185,15.425893565778997,303.5165110160942,8.838370463829252,8.838370463829209
shared,0.005,0.5,2,30.0,55.0,25.0,1.054909671060658,11.472126943609835,0.09195414906459523,3.2977242288513033,301.5324044395411,17.36468843485368,420.56825445201065,11.503084842325697,11.503084842325697
shared,0.005,0.5,2,30.0,60.0,30.0,1.2506297289785346,12.571867362801587,0.09947843807825833,3.170556677499937,357.47647366177705,18.907048253542303,546.3938579169703,13.94636762400913,13.94636762400913
shared,0.005,0.5,2,35.0,40.0,5.0,0.10981345304766221,8.437453344329088,0.013014999735846734,8.765524706508568,31.38876763161863,5.602567949754705,32.19913482148559,1.0396811768006318,1.0396811768006318
shared,0.005,0.5,2,35.0,45.0,10.0,0.27556378957960903,8.805895278841275,0.031293103183015494,5.65295702583105,78.76637623851441,8.875042323195672,84.32822035761492,2.718344604089463,2.718344604089463
shared,0.005,0.5,2,35.0,50.0,15.0,0.5596415367652336,9.564702446746999,0.0585111287968577,4.13409794486801,159.96635810096532,12.647780757941897,186.0195864395629,5.751976282852945,5.751976282852945
shared,0.005,0.5,2,35.0,55.0,20.0,0.8533860795452526,10.58419384058913,0.0806283494424127,3.521730473606948,243.92946954575527,15.61824156381746,313.89226184768825,9.099337856810042,9.099337856810042
shared,0.005,0.5,2,35.0,60.0,25.0,1.1054812793697977,11.744178662340389,0.0941301483189031,3.2593847444518267,315.9876502943805,17.776041468627948,451.1815294288664,12.141006322025117,12.141006322025087
shared,0.005,0.5,2,40.0,45.0,6.0,0.18330223038707838,8.595041090015322,0.0213265100733511,6.847627129988471,52.3945924319508,7.2384109051608005,54.75111611437624,1.7759232932101832,1.7759232932099778
shared,0.005,0.5,2,40.0,50.0,11.0,0.4825566870547273,9.339669585782755,0.0516674259857432,4.399381123010874,137.9326421187245,11.744472832729636,156.6235706534047,4.908275660086718,4.908275660086718
shared,0.005,0.5,2,40.0,55.0,16.0,0.7942916514952694,10.353759015126842,0.07671529251693122,3.610430815791909,227.03808493936057,15.067783013415099,285.7954567041471,8.407632333900033,8.407632333900077
shared,0.005,0.5,2,40.0,60.0,21.0,1.0617644612523416,11.516942806768977,0.09219151983878042,3.293476073090366,303.4917583303332,17.42101484788797,424.95472757292663,11.601291747124893,11.601291747124893
shared,0.005,0.5,2,45.0,50.0,11.0,0.5868183163678202,9.643192843425515,0.06085311430517519,4.053765249311372,167.7344921159394,12.951235157927579,196.65354649614773,6.0457284811331915,6.0457284811331915
shared,0.005,0.5,2,45.0,55.0,16.0,0.865467432619861,10.625869855099273,0.08144909023184863,3.503941777143942,247.38276942668912,15.728406449055452,319.58949290312387,9.232728648969251,9.232728648969292
shared,0.005,0.5,2,45.0,60.0,21.0,1.1089968855133525,11.753198284852427,0.09435703020025048,3.2554637837854434,316.99254123680845,17.804284350594056,452.96397134995135,12.17484383580506,12.17484383580506
shared,0.005,0.5,2,50.0,55.0,16.0,1.0105169386105752,11.253671172560448,0.08979442558038252,3.3371468012035983,288.8433110294334,16.995390876041462,395.1983192955503,10.960204877901525,10.960204877901559
shared,0.005,0.5,2,50.0,60.0,21.0,1.2103545967386058,12.316224058840538,0.09827318754158405,3.1899397366393742,345.96434347984797,18.600116759844493,518.04498654901,13.432050286191203,13.432050286191203
shared,0.005,0.5,2,55.0,60.0,21.0,1.3302329971650488,13.08676826162155,0.1016471729744088,3.136550958429289,380.2300472766549,19.499488384997562,604.9749589438707,14.953205884950508,14.953205884950508
shared,0.01,1.0,1,5.0,,34.0,2.1217017386571144,23.58065837828193,0.08997635708980997,3.3337712512858646,606.4612395842258,24.626433756925216,1738.6714746202824,25.338805154124532,25.338805154124532
shared,0.01,1.0,1,7.5,,31.5,2.043669550067845,21.70534639479951,0.09415512256268335,3.258952446848272,584.1567389293549,24.169334681148236,1541.539528267312,24.294579244986817,24.294579244986835
shared,0.01,1.0,1,10.0,,29.0,1.9536220991404925,19.89226416077231,0.09821014256351218,3.190963446669659,558.4178295832343,23.630866035404505,1350.5231943323236,23.077898513838623,23.077898513838605
shared,0.01,1.0,1,12.5,,26.5,1.8461653104580917,18.116691002600277,0.10190411208057326,3.132594242544252,527.7026842455508,22.971780171452775,1162.32273726902,21.624831391077088,21.624831391077088
shared,0.01,1.0,1,15.0,,24.0,1.716195630167593,16.39335949903629,0.10468846426923549,3.0906554032724967,490.55251748024955,22.14842020281017,977.7144297519521,19.879049002206397,19.879049002206397
shared,0.01,1.0,1,17.5,,21.5,1.5590096906787965,14.756245320908999,0.10565083846022424,3.0765468006095498,445.62293196370945,21.109782849752612,799.4695950961487,17.797383378501316,17.797383378501316
shared,0.01,1.0,1,22.5,,16.5,1.1538234655140374,11.911073472249484,0.0968698134724989,3.212963325136159,329.8056444068814,18.16055187506375,477.60354396877136,12.63723723206197,12.63723723206197
shared,0.01,1.0,1,25.0,,14.0,0.9129815353050683,10.77875268001696,0.0847019652837634,3.43600080139784,260.96406649931214,16.15438226919594,341.985562072648,9.734975240149003,9.734975240148964
shared,0.01,1.0,1,27.5,,11.5,0.6637782969992341,9.86852883722232,0.0672621327806817,3.8558016335303984,189.73251587287237,13.774342665727188,227.64217856594732,6.872824891308754,6.872824891308754
shared,0.01,1.0,1,30.0,,9.0,0.42811793764284123,9.179561872575189,0.046638166786792314,4.630514669578095,122.37202356041401,11.062188913610814,136.572307815423,4.301569476494293,4.301569476494293
shared,0.01,1.0,1,35.0,,4.0,0.08895692792753596,8.393785959639732,0.010597950478517332,9.713797755629749,25.427197328255907,5.042538778061693,25.948660090227595,0.8320720557103756,0.8320720557112516
shared,0.01,1.0,1,40.0,,1.0,0.008439253487679377,8.234596545412629,0.0010248533053365874,31.236987725703223,2.4122524094941427,1.5531427524519896,2.415036104341447,0.04768370318139977,0.04768370318139977
shared,0.01,1.0,1,45.0,,6.0,0.15627130405331746,8.535431932390894,0.018308540832044768,7.390488295443171,44.66814870388077,6.683423426948256,46.35344427162614,1.5023508704860853,1.5023508704858426
shared,0.01,1.0,1,50.0,,11.0,0.42357223873116645,9.175323645358022,0.046164283147162886,4.654220470267247,121.07269380707375,11.003303767826905,135.05981507982997,4.2686842432854215,4.2686842432854215
shared,0.01,1.0,1,55.0,,16.0,0.712231076111939,10.05155842457908,0.07085777608080356,3.7566976329244848,203.58212156749286,14.2682206868093,248.7892382635004,7.4549436656333645,7.4549436656333645
shared,0.01,1.0,1,60.0,,21.0,0.969800503146721,11.068494696110243,0.08761810253091905,3.3783378434466416,277.20503997890904,16.649475666786298,373.0338448455428,10.472473970725487,10.472473970725453
shared,0.01,1.0,2,5.0,7.5,34.0,2.189851300964475,25.80560567265924,0.08485951962307937,3.432809595805942,625.9409182219043,25.018811287147603,1963.8393255366732,26.282808640115007,26.28280864011499
shared,0.01,1.0,2,5.0,10.0,34.0,2.173174411771543,25.25973419790671,0.08603314645930184,3.4093147448775833,621.1740432610742,24.923363401857987,1907.6584876300778,26.061686415507598,26.061686415507598
shared,0.01,1.0,2,5.0,12.5,34.0,2.1599297767154138,24.830276035057224,0.08698774728343192,3.390556282402578,617.3882341402009,24.847298326783957,1863.796317825666,25.882128675121997,25.882128675121997
shared,0.01,1.0,2,5.0,15.0,34.0,2.14938941223342,24.490432080944927,0.08776445450734935,3.3755198876127332,614.3754060913983,24.786597307645888,1829.3163784242054,25.736621728306503,25.73662172830653
shared,0.01,1.0,2,5.0,17.5,34.0,2.1410838226953577,24.223241492395893,0.0883896493938469,3.3635608925677323,612.0013598081921,24.738661237184846,1802.3668835819394,25.62020055441778,25.62020055441778
shared,0.01,1.0,2,5.0,22.5,34.0,2.1298480350996956,23.860797763807312,0.08926139252268862,3.347096017933002,608.789753978391,24.673665191422028,1766.0819322477928,25.45977619444459,25.45977619444459
shared,0.01,1.0,2,5.0,25.0,34.0,2.1263943357022894,23.748321452056473,0.08953872129426459,3.341908508583836,607.8025582856411,24.653652027349644,1754.9065530112298,25.409562838696623,25.409562838696623
shared,0.01,1.0,2,5.0,27.5,34.0,2.124093736695358,23.672588839146513,0.08972798670768192,3.338382063759404,607.1449615555687,24.640311717905856,1747.4175916617114,25.37572245560061,25.37572245560061
shared,0.01,1.0,2,5.0,30.0,34.0,2.122762662700953,23.62805204530173,0.08984078156891691,3.336285740689748,606.7644911200134,24.632590020540135,1743.0370924991369,25.355854132581513,25.355854132581513
shared,0.01,1.0,2,5.0,35.0,34.0,2.1223870400944524,23.61415908978404,0.08987773106909575,3.335599882460642,606.6571242138156,24.630410557151002,1741.7039628445434,25.349629103916474,25.349629103916474
shared,0.01,1.0,2,5.0,40.0,35.0,2.124219979127195,23.675881353123938,0.08972084069203669,3.3385150075396544,607.1810463361508,24.641043937628755,1747.764501796195,25.376380668644114,25.376380668644114
shared,0.01,1.0,2,5.0,45.0,40.0,2.127488492466516,23.79040827966092,0.08942631280041398,3.3440082313276402,608.1153089684738,24.659994099116766,1758.9212067111152,25.42502328604698,25.42502328604698
shared,0.01,1.0,2,5.0,50.0,45.0,2.131638366103761,23.940929090963945,0.08903741195692809,3.351303314410461,609.3014971420076,24.684033243009694,1773.5024743915028,25.487384588267943,25.487384588267943
shared,0.01,1.0,2,5.0,55.0,50.0,2.136282616127799,24.115151820511556,0.08858673716956438,3.359817183966302,610.6289964672899,24.71090845087023,1790.3006817051116,25.557620045490175,25.55762004549016
shared,0.01,1.0,2,5.0,60.0,55.0,2.1411575711833573,24.304159289106877,0.08809840100673731,3.3691161770984444,612.0224398679549,24.739087288498638,1808.449983457414,25.6316588744212,25.6316588744212
shared,0.01,1.0,2,7.5,10.0,31.5,2.1353586341298194,24.180822498805338,0.08830794048611529,3.365116637955267,610.3648880595723,24.705563908957277,1794.399603501295,25.569662285046494,25.569662285046494
shared,0.01,1.0,2,7.5,12.5,31.5,2.1144347463721878,23.59081655773243,0.08962957009977399,3.3402143948588527,604.3840630099373,24.584223864298366,1733.462817732997,25.28702125207777,25.28702125207777
shared,0.01,1.0,2,7.5,15.0,31.5,2.096813236474012,23.107827315105844,0.09074038886829061,3.3197064475835196,599.3471803315279,24.481568175497415,1683.8218198770917,25.045534377189096,25.045534377189096
shared,0.01,1.0,2,7.5,17.5,31.5,2.082195721275073,22.716288651657223,0.09166091139289914,3.302994985954275,595.1689510235759,24.396084747835584,1643.7516371970123,24.842846549774546,24.84284654977453
shared,0.01,1.0,2,7.5,22.5,31.5,2.0610518185888935,22.162884346727097,0.09299564922799677,3.2792058845327836,589.1252375274345,24.27190222309398,1587.4222423656145,24.54560809601859,24.545608096018576
shared,0.01,1.0,2,7.5,25.0,31.5,2.05406639582172,21.982662987614447,0.09344028960363127,3.2713944465881455,587.1285439897833,24.230735523086857,1569.1774183207365,24.44615164570758,24.446151645707562
shared,0.01,1.0,2,7.5,27.5,31.5,2.0491467679208175,21.856060370159767,0.0937564562513074,3.2658738707005504,585.7223314290287,24.20170100280203,1556.403565826454,24.37557564669023,24.37557564669023
shared,0.01,1.0,2,7.5,30.0,31.5,2.046040244222155,21.775931393673673,0.09395879364391133,3.262355495681132,584.8343714586132,24.183349053814137,1548.3465882053636,24.330646681524478,24.330646681524463
shared,0.01,1.0,2,7.5,35.0,31.5,2.0442772905859967,21.72973899820599,0.09407739737484987,3.2602984151739136,584.3304537646064,24.17292811730938,1543.7308537096724,24.30457505758439,24.30457505758439
shared,0.01,1.0,2,7.5,40.0,32.5,2.0469407717698656,21.799629611205592,0.09389796103313991,3.263412097268486,585.0917757124316,24.18867039984694,1550.7138345474025,24.342897073441833,24.34289707344182
shared,0.01,1.0,2,7.5,45.0,37.5,2.052512169676032,21.950635342869166,0.09350582056581823,3.2702479126194484,586.6842883728252,24.221566596172618,1565.7056039510628,24.42427727184954,24.42427727184954
shared,0.01,1.0,2,7.5,50.0,42.5,2.0598357980313944,22.156137736714562,0.0929690825408652,3.2796743812181104,588.7776536417147,24.264740955586454,1586.002720696471,24.532112300618916,24.53211230061893
shared,0.01,1.0,2,7.5,55.0,47.5,2.068086055016405,22.39641853417014,0.09234003427204814,3.2908264879655373,591.1358838240516,24.31328615847828,1609.6240454159117,24.654313416093682,24.654313416093682
shared,0.01,1.0,2,7.5,60.0,52.5,2.0767026444956764,22.65719464956519,0.09165753645213662,3.303055795519067,593.5988254531115,24.363883628295213,1635.1504635282151,24.782526887685826,24.782526887685826
shared,0.01,1.0,2,10.0,12.5,29.0,2.0720183594360293,22.52922186487956,0.09197025853192317,3.297435402288824,592.2598826261911,24.336390090278204,1622.2473047663002,24.72174469817197,24.72174469817197
shared,0.01,1.0,2,10.0,15.0,29.0,2.045457673205978,21.891224726407255,0.09343733385270832,3.2714461890249633,584.667851002802,24.179905934531714,1556.1011600482814,24.359296869822774,24.359296869822774
shared,0.01,1.0,2,10.0,17.5,29.0,2.022321444497651,21.359914296620488,0.09467835012884943,3.249934882948627,578.0546566569101,24.04276724208156,1501.1599288143018,24.040823712448194,24.04082371244821
shared,0.01,1.0,2,10.0,22.5,29.0,1.986652095995966,20.581964438854953,0.0965239300601226,3.2187148363488225,567.8590307056464,23.829792922005144,1420.9732862565588,23.545069045604585,23.5450690456046
shared,0.01,1.0,2,10.0,25.0,29.0,1.974090022322848,20.318747383781435,0.09715608866216725,3.208226255895881,564.268323004964,23.754332720684115,1393.9306082039288,23.36899649179637,23.368996491796388
shared,0.01,1.0,2,10.0,27.5,29.0,1.9648527459626868,20.128253423716373,0.09761665379508655,3.2006489415703587,561.6279659888496,23.698691229450827,1374.400707493069,23.23889702572677,23.23889702572677
shared,0.01,1.0,2,10.0,30.0,29.0,1.958682255342279,20.002155654202074,0.0979235583006173,3.195629391302691,559.8642103570784,23.661449878591092,1361.5013038444324,23.151566716018973,23.151566716018973
shared,0.01,1.0,2,10.0,35.0,29.0,1.954218767409761,19.911104043865233,0.0981471827531267,3.1919867579830155,558.5883795581003,23.634474387176464,1352.2151320092375,23.087823357639007,23.087823357639007
shared,0.01,1.0,2,10.0,40.0,30.0,1.9578475883161692,19.98624366417762,0.09795975778206491,3.1950388895578965,559.6256314889595,23.656407831472627,1359.8384862579192,23.13930209632232,23.139302096322336
shared,0.01,1.0,2,10.0,45.0,35.0,1.9668447226826018,20.177860279188643,0.09747538616427019,3.202967395535393,562.1973469950353,23.710701107201267,1379.1847787093334,23.268337012599158,23.268337012599158
shared,0.01,1.0,2,10.0,50.0,40.0,1.9789991643529228,20.44683697182268,0.09678754552990941,3.21432852009469,565.6715383139822,23.783850367717633,1406.206222023902,23.44382113435373,23.44382113435373
shared,0.01,1.0,2,10.0,55.0,45.0,1.9927033965554506,20.76381847974664,0.09596998733634497,3.227990747744563,569.5887173866428,23.866057851824685,1437.894937824134,23.642783621301447,23.642783621301465
shared,0.01,1.0,2,10.0,60.0,50.0,2.0068816691540436,21.107572567574646,0.09507875255333746,3.2430844843231132,573.6413948288302,23.95081198683732,1472.100049579328,23.84960474520078,23.84960474520078
shared,0.01,1.0,2,12.5,15.0,26.5,1.9947026734425242,20.805892499001494,0.09587200710271154,3.229639813670501,570.160185052015,23.87802724372378,1442.254126162565,23.67432217233212,23.67432217233215
shared,0.01,1.0,2,12.5,17.5,26.5,1.9605961816650455,20.123660111469626,0.09742741483432178,3.20375583735658,560.411281657926,23.673007448525123,1371.1103087933818,23.207541944423568,23.207541944423568
shared,0.01,1.0,2,12.5,22.5,26.5,1.9045429891175178,19.092843098802618,0.09975167025999175,3.1662114261655008,544.3891952281233,23.332149391518204,1263.6844858390712,22.436026301532614,22.436026301532614
shared,0.01,1.0,2,12.5,25.0,26.5,1.8835331678691474,18.732531296126368,0.10054877998568386,3.153636237301568,538.383807191917,23.203099085939296,1226.1596184474902,22.14557210779398,22.14557210779398
shared,0.01,1.0,2,12.5,27.5,26.5,1.8674655733075838,18.465552973526584,0.10113239370545272,3.1445235866011476,533.791091289676,23.103919392381805,1198.3734872546388,21.922893378302465,21.922893378302465
shared,0.01,1.0,2,12.5,30.0,26.5,1.856238468206651,18.283026010012666,0.10152796737203598,3.138391755460759,530.5819672396748,23.034364919391088,1179.3945481496642,21.766903781896737,21.766903781896737
shared,0.01,1.0,2,12.5,35.0,26.5,1.8469099982332746,18.133529356139192,0.10185055330158299,3.1334177818686975,527.9155436984192,22.97641276828085,1163.8723269232567,21.63674997129843,21.63674997129841
shared,0.01,1.0,2,12.5,40.0,27.5,1.8515801601749087,18.209546024077962,0.10168184081726239,3.136016218279086,529.2504496131286,23.00544391254228,1171.7066842789138,21.701981408557238,21.701981408557238
shared,0.01,1.0,2,12.5,45.0,32.5,1.8656347748653141,18.44442341707915,0.10114898864974957,3.144265623891967,533.267781027683,23.092591474922926,1195.8287263994296,21.899790133129077,21.899790133129077
shared,0.01,1.0,2,12.5,50.0,37.5,1.8850472216111307,18.783939625372312,0.10035419934298088,3.1566921104340198,538.8165800423278,23.212422967935247,1230.5129478502506,22.174685299118558,22.174685299118558
shared,0.01,1.0,2,12.5,55.0,42.5,1.906850903539202,19.186857811974413,0.0993831779140588,3.1720758249867216,545.0488829757116,23.34628199469268,1271.4458371691892,22.485225509585117,22.485225509585117
shared,0.01,1.0,2,12.5,60.0,47.5,1.9291075260708412,19.6233686264633,0.0983066446333441,3.189396868000883,551.4106531734583,23.482134766103748,1315.5497236025249,22.80389480225287,22.80389480225287
shared,0.01,1.0,2,15.0,17.5,24.0,1.8974693822369564,19.005734456754446,0.09983667753300715,3.1648631825979123,542.3672953922718,23.28878046167879,1253.2470876910256,22.352534122316808,22.352534122316808
shared,0.01,1.0,2,15.0,22.5,24.0,1.8140795964621654,17.703274400740312,0.10247141604415873,3.1239108473129393,518.5313942718572,22.771284422971338,1116.0591434355729,21.2155287818916,21.2155287818916
shared,0.01,1.0,2,15.0,25.0,24.0,1.7807937494540256,17.235003048799065,0.10332424916966355,3.1109918328047677,509.0170616635688,22.561406464659264,1066.6016651178008,20.761668221603163,20.761668221603163
shared,0.01,1.0,2,15.0,27.5,24.0,1.7543360413569464,16.881192500219374,0.10392251858594401,3.1020241050986743,501.45446501920355,22.393178984217574,1029.1843606148464,20.40095433977516,20.40095433977516
shared,0.01,1.0,2,15.0,30.0,24.0,1.7350817050641076,16.633137561300497,0.10431475713283565,3.096186583209818,495.95085985040294,22.269954195067463,1002.931749797871,20.138394789805456,20.138394789805456
shared,0.01,1.0,2,15.0,35.0,24.0,1.717434554828753,16.412201482995773,0.10464376498229926,3.0913154299015573,490.9066482103465,22.1564132523824,979.544807321001,19.89746903925494,19.89746903925494
shared,0.01,1.0,2,15.0,40.0,25.0,1.7230534166567397,16.483339401574412,0.10453303027250423,3.0929523541729833,492.5127278242559,22.19262778096041,987.0092266938516,19.974519463843535,19.974519463843514
shared,0.01,1.0,2,15.0,45.0,30.0,1.7444691514661756,16.761646901276734,0.10407504475788112,3.0997502010055507,498.6341410476611,22.330117354095144,1016.1486668591799,20.26968851086282,20.26968851086284
shared,0.01,1.0,2,15.0,50.0,35.0,1.774598213273828,17.175790776133532,0.10331973860206223,3.111059739412023,507.2461470796417,22.522125722933918,1059.2392161316031,20.687665053628763,20.687665053628763
shared,0.01,1.0,2,15.0,55.0,40.0,1.8081723827444176,17.670751417719316,0.10232572118757077,3.126134021714654,516.842892967229,22.73417895960241,1110.3812493569626,21.156614899063037,21.156614899063015
shared,0.01,1.0,2,15.0,60.0,45.0,1.8418637936931344,18.206690408241087,0.10116411892517445,3.144030484277576,526.473150828182,22.94500274195194,1165.3752446700723,21.630285512662564,21.630285512662564
shared,0.01,1.0,2,17.5,22.5,21.5,1.7160114161253768,16.432818470551275,0.10442587309052222,3.094538872278422,490.49986225809664,22.147231480663596,979.9625985319777,19.899633172134237,19.899633172134237
shared,0.01,1.0,2,17.5,25.0,21.5,1.6656988493145353,15.850810878446355,0.10508603389997684,3.084803459576142,476.1186600943658,21.82014344807031,917.5404940005128,19.223797306803288,19.223797306803267
shared,0.01,1.0,2,17.5,27.5,21.5,1.6241118921170172,15.403887702967904,0.10543519424671577,3.07969138926845,464.23156156726276,21.546033546044217,869.4078564391232,18.667059828289386,18.667059828289386
shared,0.01,1.0,2,17.5,30.0,21.5,1.5926379415700462,15.084177909666167,0.10558334375978555,3.0775299927612223,455.23513633201276,21.33623997643476,834.8644605852946,18.246847822296953,18.246847822296953
shared,0.01,1.0,2,17.5,35.0,21.5,1.5614239447456195,14.781505483933863,0.10563362077311704,3.0767975203211204,446.31301553547644,21.126121639701793,802.0783134289783,17.83090511822163,17.83090511822163
shared,0.01,1.0,2,17.5,40.0,22.5,1.5675405310229482,14.841058051895027,0.10562188528214751,3.076968444777283,448.061363301888,21.167460010636326,808.4644224646054,17.912889796753536,17.912889796753536
shared,0.01,1.0,2,17.5,45.0,27.5,1.5994202513305638,15.159657723730255,0.10550503715046958,3.078671863545721,457.17377262083016,21.38162231031196,842.6151369122102,18.341502070344468,18.341502070344468
shared,0.01,1.0,2,17.5,50.0,32.5,1.6449850021596748,15.648091421223466,0.10512368300255365,3.084251012786534,470.1978724580952,21.68404649640134,894.5416940737306,18.959058655291418,18.959058655291418
shared,0.01,1.0,2,17.5,55.0,37.5,1.6951938384348364,16.23648650029588,0.104406445224707,3.094826773515352,484.5494245781347,22.012483380530572,956.5081858322949,19.64571762753054,19.64571762753054
shared,0.01,1.0,2,17.5,60.0,42.5,1.7445741838603228,16.873961797183497,0.10338853464463318,3.1100244978584217,498.6641632109042,22.330789578761074,1023.0191730706533,20.327005504345422,20.32700550434544
shared,0.01,1.0,2,22.5,25.0,16.5,1.4081084479783037,13.53053522214859,0.10406893924442276,3.099841127698636,402.48974644779247,20.062147104629467,662.1072606333736,15.853339777712248,15.853339777712248
shared,0.01,1.0,2,22.5,27.5,16.5,1.3186104469189903,12.900859320203088,0.10221105541814655,3.1278870614558265,376.9078903019352,19.414115748648847,591.1700474711233,14.707561748294259,14.707561748294234
shared,0.01,1.0,2,22.5,30.0,16.5,1.2455145557260605,12.437703816005651,0.10014023280754208,3.16006271408458,356.01436696936935,18.86834298419894,538.351946939958,13.783097356176798,13.783097356176825
shared,0.01,1.0,2,22.5,35.0,16.5,1.1629547416358956,11.961868892703041,0.09722182646102394,3.207141430589576,332.4157026139096,18.23227091214667,483.4361492525927,12.751468455200467,12.751468455200467
shared,0.01,1.0,2,22.5,40.0,17.5,1.165838804795386,11.978642662144026,0.0973264532282755,3.205417114856729,333.24007509137704,18.254864422705992,485.3146332137846,12.788082872868685,12.788082872868685
shared,0.01,1.0,2,22.5,45.0,22.5,1.2305292796492908,12.35384596885916,0.09960697929625607,3.1685102406531427,351.73101792956436,18.754493273068306,528.2888008303053,13.600505133050849,13.600505133050875
shared,0.01,1.0,2,22.5,50.0,27.5,1.3257732313754687,12.967900178679809,0.10223499665390225,3.1275207980985518,378.9552804045138,19.4667737543876,597.4700982883232,14.81569776143705,14.815697761437029
shared,0.01,1.0,2,22.5,55.0,32.5,1.4278988201819818,13.723706878206327,0.10404614677755392,3.100180636462202,408.14657060917165,20.2026377141494,680.998473441113,16.14298548047473,16.14298548047473
shared,0.01,1.0,2,22.5,60.0,37.5,1.523927699145871,14.548204501191481,0.1047502252955726,3.089744139388972,435.59519447144186,20.87091743243315,770.4616568480836,17.413167503637005,17.413167503637005
shared,0.01,1.0,2,25.0,27.5,14.0,1.1551084103081783,11.926512442105272,0.09685215321037122,3.2132562416396886,330.17292940196523,18.1706612263276,478.7551752915748,12.662873199420085,12.662873199420114
shared,0.01,1.0,2,25.0,30.0,14.0,1.0521052520707854,11.401201503297887,0.09228020851718617,3.2918930453741813,300.73079722683826,17.341591542498,416.85698217196403,11.40204307876463,11.40204307876463
shared,0.01,1.0,2,25.0,35.0,14.0,0.929124474927439,10.846894544864364,0.08565810897159942,3.416770106424243,265.5783188211831,16.296573836889245,350.23261631691753,9.926841515395301,9.926841515395337
shared,0.01,1.0,2,25.0,40.0,15.0,0.926219426085527,10.835357340214113,0.08548120721851749,3.420303749952648,264.74794785545356,16.271077034279372,348.7662037103567,9.89321812975382,9.89321812975382
shared,0.01,1.0,2,25.0,45.0,20.0,1.0128603855181857,11.221439671460653,0.09026117995306616,3.3285071691437103,289.5131552825605,17.01508610858495,394.98029938728837,10.933745018283178,10.933745018283178
shared,0.01,1.0,2,25.0,50.0,25.0,1.1426954671296017,11.876932710684482,0.09621132787101114,3.223939591860833,326.6248487411402,18.072765387210122,471.64156386041856,12.528278143126776,12.528278143126776
shared,0.01,1.0,2,25.0,55.0,30.0,1.2802157278158217,12.695601784482797,0.10083931030197921,3.1490899555813616,365.93325210630763,19.12938190601849,564.8247518218499,14.26206740095855,14.262067400958523
shared,0.01,1.0,2,25.0,60.0,35.0,1.4067947299006347,13.595002531679501,0.10347881338179066,3.1086675517354703,402.1142369785154,20.05278626471931,664.6412561349161,15.897419105849494,15.897419105849494
shared,0.01,1.0,2,27.5,30.0,11.5,0.8616005486079739,10.576004719869594,0.08146748904047366,3.503546085590892,246.277470209344,15.69323007571558,316.6685058510309,9.138220369065492,9.138220369065492
shared,0.01,1.0,2,27.5,35.0,11.5,0.690029915784629,9.955264912541258,0.06931306417726323,3.798327875564766,197.23620452977084,14.044080764855023,238.72505994069436,7.168625551072354,7.168625551072354
shared,0.01,1.0,2,27.5,40.0,12.5,0.6773888943924606,9.913895470207184,0.06832721773475632,3.825631472647442,193.62293063578923,13.914845692130015,233.3778732632924,7.0269615518813335,7.0269615518813335
shared,0.01,1.0,2,27.5,45.0,17.5,0.7872705176484918,10.298707673519079,0.07644362211316953,3.6168406199426344,225.03118384745756,15.001039425568402,281.7630171004923,8.282738749920549,8.282738749920549
shared,0.01,1.0,2,27.5,50.0,22.5,0.9556045820897219,10.978244831160492,0.0870452970202803,3.3894352690288048,273.1473179511576,16.52716908460604,364.576276957205,10.26554756149342,10.265547561493385
shared,0.01,1.0,2,27.5,55.0,27.5,1.132394921749072,11.84148273471342,0.09562948721188821,3.233732463111735,323.68056990776216,17.991124753826877,465.9950133993802,12.423431794101564,12.423431794101564
shared,0.01,1.0,2,27.5,60.0,32.5,1.2922203988723877,12.798739159336392,0.10096466400205852,3.147134456178046,369.36463341552684,19.21886139747948,574.7527405907626,14.438997045000754,14.438997045000754
shared,0.01,1.0,2,30.0,35.0,9.0,0.46725190559872765,9.285005778263981,0.05032327569386713,4.457748356405004,133.55796656265602,11.556728194547798,150.76847073070294,4.720273350329594,4.720273350329517
shared,0.01,1.0,2,30.0,40.0,10.0,0.441024721732463,9.214405438883897,0.04786252619961581,4.570904960953211,126.06126231411,11.227700669064436,141.22367940273207,4.440050462113943,4.440050462113943
shared,0.01,1.0,2,30.0,45.0,15.0,0.5720554014206931,9.588161221395314,0.05966268069671079,4.094007355959492,163.514702154143,12.787286739341658,190.61219771169476,5.864625050518437,5.864625050518437
shared,0.01,1.0,2,30.0,50.0,20.0,0.7783714770464158,10.275791164854002,0.07574808251345724,3.633408084726814,222.48750718625953,14.916015124230048,277.9581757619161,8.19518339219532,8.195183392195364
shared,0.01,1.0,2,30.0,55.0,25.0,0.9943397918519363,11.165507520182906,0.08905459873226144,3.3509799123783828,284.219281036231,16.858804258791043,385.8251716429664,10.748388021959302,10.748388021959302
shared,0.01,1.0,2,30.0,60.0,30.0,1.1870503482450394,12.162867370612046,0.09759625851986134,3.2009833534987413,339.3031228325329,18.420182486406937,501.74422316302736,13.12278421090963,13.122784210909659
shared,0.01,1.0,2,35.0,40.0,5.0,0.09782430711236811,8.412016632757663,0.01162911479887302,9.273136895104003,27.961823979266896,5.2878940968278565,28.597243502277543,0.9196686080329753,0.9196686080333718
shared,0.01,1.0,2,35.0,45.0,10.0,0.2520076580603401,8.748409547215768,0.028806111179436378,5.891931427591245,72.03315805770318,8.487235006626314,76.61611290682386,2.4713551907344122,2.4713551907344122
shared,0.01,1.0,2,35.0,50.0,15.0,0.5123810076764219,9.42026344573198,0.05439136714468058,4.287804862640581,146.45754178979618,12.101964377314792,167.73872670498673,5.224933878507819,5.224933878507819
shared,0.01,1.0,2,35.0,55.0,20.0,0.7875421068754631,10.320503138802323,0.07630849933221918,3.620041452157053,225.10881414593248,15.003626699766043,282.45672777600623,8.318101620410214,8.318101620410214
shared,0.01,1.0,2,35.0,60.0,25.0,1.0308080712849448,11.351526476232074,0.09080788151648678,3.318472538019223,294.6432711510925,17.165176117683515,406.63929806055637,11.208684871307975,11.208684871308007
shared,0.01,1.0,2,40.0,45.0,6.0,0.15756194722249495,8.538231281779726,0.018453698666927233,7.361363909900055,45.037062506409725,6.710965840056834,46.75160492165297,1.5153309729301752,1.5153309729301752
shared,0.01,1.0,2,40.0,50.0,11.0,0.4240623341732914,9.176817661766188,0.04621017326519219,4.651908903746022,121.21278130567467,11.009667629210005,135.23810362881574,4.274253721186249,4.274253721186249
shared,0.01,1.0,2,40.0,55.0,16.0,0.7130027527020533,10.054713329284851,0.07091229052004867,3.7552533583294263,203.80269542708493,14.275948144592181,249.13696502750705,7.464449345010774,7.464449345010774
shared,0.01,1.0,2,40.0,60.0,21.0,0.9711113643836511,11.075323970123614,0.08768243412141129,3.377098292290633,277.5797328568886,16.660724259673966,373.7685411495185,10.48931677409001,10.48931677409001
shared,0.01,1.0,2,45.0,50.0,11.0,0.5039364668403434,9.395745846202956,0.053634535787703976,4.31795127123589,144.04377805955144,12.00182394719867,164.54485888972502,5.132571502545816,5.132571502545816
shared,0.01,1.0,2,45.0,55.0,16.0,0.7643537500704007,10.23464197801783,0.07468299836106579,3.659225107851515,218.48071965192494,14.78109331720509,271.8593823300817,8.049581930666724,8.049581930666724
shared,0.01,1.0,2,45.0,60.0,21.0,1.0026628569273126,11.217245854699204,0.0893858323081392,3.3447653523013994,286.59832247772397,16.929215057932367,390.85748738352044,10.866430531493378,10.866430531493378
shared,0.01,1.0,2,50.0,55.0,16.0,0.8947909995277301,10.738355293737042,0.08332663383279945,3.4642408700379757,255.76453506884437,15.99264002811432,333.91555170081773,9.569367733846246,9.569367733846246
shared,0.01,1.0,2,50.0,60.0,21.0,1.0942258370896092,11.663423266749945,0.09381686766088865,3.264822205790184,312.7704264250009,17.68531668998327,443.51700089067293,11.979690447713935,11.979690447713935
shared,0.01,1.0,2,55.0,60.0,21.0,1.2118332541005195,12.314453175007962,0.0984073946994188,3.1877637883238883,346.38699872883416,18.611474920834034,518.6032901392623,13.44115882367498,13.441158823674925
shared,0.02,2.0,1,5.0,,34.0,2.032450435144951,21.28502098862451,0.09548735875013543,3.2361381979052863,580.9498987693037,24.10290228933652,1503.3888199780308,24.095947243447796,24.095947243447796
shared,0.02,2.0,1,7.5,,31.5,1.9277847797012155,19.312813220618605,0.09981895219921083,3.16514417015041,551.0325630826775,23.474082795344263,1293.8423357822894,22.687103066569623,22.687103066569623
shared,0.02,2.0,1,10.0,,29.0,1.8086721824069716,17.499127901171,0.1033578468950981,3.11048615883803,516.9857542928214,22.737320736903488,1099.900842485237,21.084486886841376,21.084486886841397
shared,0.02,2.0,1,12.5,,26.5,1.670549400367201,15.823030232286023,0.1055770845307833,3.077621218426217,477.5051279236886,21.851890717365592,918.5995976145822,19.241635578637947,19.241635578637947
shared,0.02,2.0,1,15.0,,24.0,1.5104986039095258,14.293718913506112,0.1056756896543039,3.076185031704392,431.7566597730241,20.778755010178646,750.3136299753296,17.13941269320381,17.139412693203788
shared,0.02,2.0,1,17.5,,21.5,1.3277202324768758,12.928910664197419,0.10269389795952279,3.120525103270816,379.51180570678304,19.481062745825316,596.5485274942167,14.793317607893515,14.793317607893515
shared,0.02,2.0,1,22.5,,16.5,0.9079397601739807,10.750976462115453,0.08445184150234171,3.441085297434734,259.522939718863,16.109715693297105,339.2205985766017,9.665959885995454,9.665959885995454
shared,0.02,2.0,1,25.0,,14.0,0.6887637517904959,9.946465610081226,0.06924708522516786,3.800136977168285,196.87428778557998,14.03118982073794,238.07639545341502,7.146869690457253,7.146869690457253
shared,0.02,2.0,1,27.5,,11.5,0.48133791638810575,9.321190163533338,0.0516391048721666,4.400587362875732,137.58427214957132,11.729632225674056,155.91888198162533,4.866930379950012,4.866930379950012
shared,0.02,2.0,1,30.0,,9.0,0.3002839770231611,8.858006600486231,0.033899723782851776,5.431276592997449,85.83232488088098,9.264573648089856,92.4369120133626,2.9601035613260285,2.9601035613260285
shared,0.02,2.0,1,35.0,,4.0,0.06060742682143161,8.336594082709002,0.00727004652261263,11.72820112466663,17.32385590700398,4.162193641219012,17.558676265689314,0.5539608210460413,0.5539608210460413
shared,0.02,2.0,1,40.0,,1.0,0.006767978212951498,8.231377808763224,0.0008222169325949572,34.87440380260829,1.9345397996909142,1.390877348902812,1.936015178035057,0.031537590095021086,0.0315375901065776
shared,0.02,2.0,1,45.0,,6.0,0.10646864642394394,8.430280109013868,0.01262931302959969,8.898363362974978,30.432697542109437,5.516583865229408,31.191840963279898,1.0061973393585848,1.0061973393585848
shared,0.02,2.0,1,50.0,,11.0,0.2970241005011407,8.855225266943215,0.033542241055113456,5.460142311076231,84.90053097205036,9.214148412742784,91.40470958362073,2.937118872022069,2.937118872022193
shared,0.02,2.0,1,55.0,,16.0,0.5207085499811628,9.445612179846538,0.05512703042076651,4.259098662967921,148.83786298990026,12.199912417304489,170.9236227569842,5.318525476899338,5.318525476899269
shared,0.02,2.0,1,60.0,,21.0,0.7397359281097879,10.1490842372882,0.0728869630810595,3.704034920179183,211.44403087042522,14.541115186615682,260.9040614224527,7.771400666729069,7.771400666729069
shared,0.02,2.0,2,5.0,7.5,34.0,2.104435352960345,23.11057243536502,0.09105942134691682,3.313885943564395,601.5258646057287,24.52602423153269,1690.1434317335452,25.106647275308514,25.1066472753085
shared,0.02,2.0,2,5.0,10.0,34.0,2.081811944078419,22.53259542622518,0.09239112959244124,3.2899163947105285,595.0592532323329,24.393836377911796,1630.1590713576863,24.797691923818494,24.797691923818494
shared,0.02,2.0,2,5.0,12.5,34.0,2.0648045101015207,22.106246913303128,0.09340366631203055,3.2720357356059218,590.1978962829321,24.293988891965274,1586.2485087533207,24.56163116634477,24.56163116634477
shared,0.02,2.0,2,5.0,15.0,34.0,2.0522844126283184,21.795179288170495,0.09416230926543522,3.258828078777823,586.6191869408173,24.22022268561578,1554.4446506815475,24.385329813632303,24.385329813632303
shared,0.02,2.0,2,5.0,17.5,34.0,2.0434293555394127,21.574850601613992,0.09471348809185014,3.2493319768187723,584.0880824029448,24.16791431636054,1532.091472346798,24.258845127130595,24.258845127130595
shared,0.02,2.0,2,5.0,22.5,34.0,2.0341613628418997,21.33778536020324,0.09533141928757898,3.2387838915044136,581.4389455156136,24.11304513153852,1508.3843344671047,24.123090608898423,24.123090608898423
shared,0.02,2.0,2,5.0,25.0,34.0,2.0327137167060205,21.29564618200508,0.09545207970367545,3.236736180280525,581.0251544279934,24.10446337150017,1504.3341359307885,24.100295266871623,24.100295266871623
shared,0.02,2.0,2,5.0,27.5,34.0,2.03282952441811,21.29154886093452,0.09547588753150417,3.2363325995221275,581.0582565777195,24.105150001145386,1504.1303877008772,24.100022914434547,24.100022914434547
shared,0.02,2.0,2,5.0,30.0,34.0,2.034171417301266,21.31805062651904,0.09542014196977353,3.2372778131484035,581.441819453915,24.113104724483634,1506.996719830686,24.117641705055153,24.117641705055153
shared,0.02,2.0,2,5.0,35.0,34.0,2.0394641877430355,21.43958770655918,0.09512609177270169,3.2422774281829954,582.954690025903,24.144454643373145,1519.5317650606428,24.191617136440406,24.191617136440406
shared,0.02,2.0,2,5.0,40.0,35.0,2.046913047767983,21.623551850885026,0.0946612777532293,3.2502279362906794,585.0838511619438,24.18850659222152,1538.1677324236841,24.298430823365777,24.298430823365763
shared,0.02,2.0,2,5.0,45.0,40.0,2.0554264521201673,21.84527252110859,0.09409021792399501,3.260076286662921,587.5172986453659,24.23875612826215,1560.4026472006833,24.422243466048485,24.422243466048485
shared,0.02,2.0,2,5.0,50.0,45.0,2.064319535342989,22.088208909749568,0.09345798673752193,3.2710846975312884,590.0592724660838,24.29113567674603,1584.5819107341504,24.5528794202992,24.5528794202992
shared,0.02,2.0,2,5.0,55.0,50.0,2.0731780933623893,22.341327629287857,0.09279565331849857,3.282737702863422,592.5913777000526,24.34319982459275,1609.6181433389747,24.684022270660677,24.684022270660677
shared,0.02,2.0,2,5.0,60.0,55.0,2.0817630092656554,22.597329501850112,0.09212429323098621,3.2946775414464606,595.0452658434994,24.393549676984268,1634.8039401356784,24.81190633384186,24.81190633384186
shared,0.02,2.0,2,7.5,10.0,31.5,2.0252608821032627,21.286707824773167,0.09514204351253852,3.242005612841647,578.8948572098436,24.060233939216875,1498.1894818127657,24.04369423973397,24.04369423973397
shared,0.02,2.0,2,7.5,12.5,31.5,1.9963171674245113,20.67601909510149,0.09655229849818979,3.2182419495199515,570.6216674572833,23.887688616885544,1434.4114268220396,23.64755185986376,23.64755185986376
shared,0.02,2.0,2,7.5,15.0,31.5,1.9733393253657847,20.2100006433202,0.09764172501488821,3.2002380039061853,564.053745904499,23.749815702537546,1385.942996519558,23.330203433028018,23.330203433028018
shared,0.02,2.0,2,7.5,17.5,31.5,1.95577466238074,19.863444713779025,0.09846100163201014,3.1868958837642007,559.0331121873717,23.643881072856285,1350.0524816685875,23.085604047727657,23.085604047727657
shared,0.02,2.0,2,7.5,22.5,31.5,1.9345921417489913,19.452239310537905,0.09945344136810821,3.170955097634567,552.9783602466114,23.515491920149394,1307.7848239092507,22.786872268890924,22.786872268890924
shared,0.02,2.0,2,7.5,25.0,31.5,1.9297614555645162,19.356855607213888,0.09969395312559624,3.16712782180757,551.5975705351727,23.486114419698563,1298.122592041909,22.717205166235594,22.717205166235594
shared,0.02,2.0,2,7.5,27.5,31.5,1.9279659288186357,19.318196599906628,0.09980051289197224,3.1654365552722474,551.0843422353729,23.475185669880716,1294.324602838387,22.690039660087344,22.690039660087326
shared,0.02,2.0,2,7.5,30.0,31.5,1.928643595020152,19.32599562626633,0.09979530329598624,3.165519176547091,551.2780444306946,23.47931098713705,1295.3022692832055,22.697812115514807,22.697812115514807
shared,0.02,2.0,2,7.5,35.0,31.5,1.9354575061326853,19.447494816014036,0.09952220193106483,3.169859491191188,553.2257135608238,23.5207507014726,1308.050692796466,22.791416146208185,22.791416146208185
shared,0.02,2.0,2,7.5,40.0,32.5,1.9469307828808424,19.666957927473476,0.09899501438202118,3.1782886607812215,556.5052026200091,23.59036249445966,1330.6534694740167,22.952873290838784,22.952873290838784
shared,0.02,2.0,2,7.5,45.0,37.5,1.960780345870657,19.946407258226674,0.09830243213659216,3.189465203950076,560.4639226349244,23.674119257850425,1359.1609779114096,23.15011581461367,23.15011581461367
shared,0.02,2.0,2,7.5,50.0,42.5,1.975526953196598,20.25981775006671,0.09750961126933598,3.202405238046499,564.6790512722853,23.762976481751718,1390.8995410047162,23.36197856520102,23.36197856520102
shared,0.02,2.0,2,7.5,55.0,47.5,1.9902705086360215,20.589656412180467,0.0966636095713872,3.216388464256832,568.8933075670135,23.85148438917405,1424.0934120128695,23.575309108027632,23.575309108027618
shared,0.02,2.0,2,7.5,60.0,52.5,2.004498574430931,20.924315893219593,0.09579756799028626,3.230894359279862,572.960217755968,23.936587429204856,1457.5863406823648,23.78241674693615,23.78241674693615
shared,0.02,2.0,2,10.0,12.5,29.0,1.9325543410934705,19.498934434041793,0.09911076667448875,3.176432143621653,552.395881055943,23.503103647304606,1309.5433023005992,22.789616778493116,22.789616778493116
shared,0.02,2.0,2,10.0,15.0,29.0,1.8960192991214937,18.870357346642376,0.1004760675323859,3.154777141607341,541.9528077252822,23.279879890697078,1243.369323432214,22.291005686202706,22.291005686202706
shared,0.02,2.0,2,10.0,17.5,29.0,1.8662411156624152,18.38550916631839,0.10150608823395023,3.1387299696903725,533.4410957706182,23.096343774948842,1192.3964793662597,21.882927460730954,21.882927460730954
shared,0.02,2.0,2,10.0,22.5,29.0,1.826516089817332,17.771529155782034,0.10277765485493229,3.119253334783728,522.0862064487228,22.849205816586334,1128.0427816299486,21.335251083309526,21.335251083309526
shared,0.02,2.0,2,10.0,25.0,29.0,1.8157252059536606,17.60916552053782,0.10311250716769936,3.114184412582838,519.0017706465852,22.781610361135254,1111.1333128485403,21.185066361257686,21.185066361257686
shared,0.02,2.0,2,10.0,27.5,29.0,1.8101054634733755,17.52363757726178,0.10329507532283831,3.1114311237945342,517.3954393095072,22.746328040136657,1102.3142250880721,21.105817040916477,21.105817040916477
shared,0.02,2.0,2,10.0,30.0,29.0,1.8088792833169807,17.50218078083447,0.10335165120096176,3.110579390691696,517.0449514326996,22.738622461193632,1100.2186954929507,21.087159306152394,21.087159306152394
shared,0.02,2.0,2,10.0,35.0,29.0,1.816500301218753,17.608008900698408,0.10316329980652741,3.113417681007916,519.2233216905888,22.78647233975871,1111.5346189765369,21.189956822467785,21.189956822467785
shared,0.02,2.0,2,10.0,40.0,30.0,1.8329774887515864,17.853810652535408,0.10266589718152334,3.1209506154229887,523.9331144922616,22.889585284409623,1137.2745642865311,21.417693195383052,21.417693195383066
shared,0.02,2.0,2,10.0,45.0,35.0,1.8540594803279182,18.186684368028907,0.10194598656956091,3.1319508172341273,529.9591314914175,23.02084124204451,1171.8026139846172,21.712209766283294,21.712209766283294
shared,0.02,2.0,2,10.0,50.0,40.0,1.8768990387265885,18.569487786206427,0.10107435704935087,3.1454262460363296,536.4875264329143,23.162200379776404,1211.2062592975228,22.03393568285165,22.03393568285165
shared,0.02,2.0,2,10.0,55.0,45.0,1.899761277939,18.97686215598086,0.10010934696810558,3.1605501494026007,543.0224043942274,23.302841122795034,1252.8546941004067,22.358280266756196,22.358280266756196
shared,0.02,2.0,2,10.0,60.0,50.0,1.9216811067101847,19.39193462616708,0.09909692579703251,3.1766539621728658,549.2879064135925,23.436891995603695,1295.029700917463,22.671200260213883,22.671200260213883
shared,0.02,2.0,2,12.5,15.0,26.5,1.8208088337874244,17.73639591220386,0.1026594603999893,3.1210484561983387,520.4548604854994,22.81347979781908,1122.294918209388,21.279366863081705,21.279366863081705
shared,0.02,2.0,2,12.5,17.5,26.5,1.775141903340462,17.10824789128825,0.10375942145685112,3.1044611491733622,507.40155391452,22.525575551237754,1055.3970609578666,20.661461633305045,20.661461633305045
shared,0.02,2.0,2,12.5,22.5,26.5,1.7087408211408204,16.272966598731784,0.10500487485016956,3.085995363097013,488.4216558983093,22.100263706533216,966.318285809015,19.762557814456493,19.76255781445651
shared,0.02,2.0,2,12.5,25.0,26.5,1.688414538954221,16.03286094214539,0.10530962284565855,3.081526957277522,482.61164873923235,21.968423902028846,940.7351666716611,19.48675329994676,19.48675329994676
shared,0.02,2.0,2,12.5,27.5,26.5,1.6761227753775803,15.88991220984711,0.10548345096198035,3.078986857940324,479.0982057139729,21.888312080057084,925.560038119403,19.31921414823812,19.31921414823816
shared,0.02,2.0,2,12.5,30.0,26.5,1.6709942212123559,15.829383541882503,0.10556281088212444,3.077829281278807,477.63227425921275,21.854799799110783,919.2131321613231,19.24832061295731,19.24832061295731
shared,0.02,2.0,2,12.5,35.0,26.5,1.6778889005732585,15.903167188695328,0.10550658750327267,3.078649243891344,479.6030299576057,21.899840866033838,927.3081910074226,19.33907249072332,19.339072490723304
shared,0.02,2.0,2,12.5,40.0,27.5,1.7003565565815917,16.16368134974211,0.10519611960852722,3.0831889434386253,486.0251213689979,22.04597744190531,955.1191456663853,19.643383677035075,19.643383677035057
shared,0.02,2.0,2,12.5,45.0,32.5,1.7310616683847129,16.542547113896205,0.10464299460453538,3.091326808954184,494.8017839066264,22.244140439824292,995.158347051245,20.06359750237488,20.06359750237488
shared,0.02,2.0,2,12.5,50.0,37.5,1.7649000886802355,16.99048289758835,0.1038758050208654,3.102721526010128,504.47406250455197,22.460500050189264,1042.0849349094724,20.530773003404995,20.530773003404995
shared,0.02,2.0,2,12.5,55.0,42.5,1.7987601559539481,17.473267276331704,0.10294354956673996,3.1167389651140605,514.1525286136565,22.674931722359307,1092.2565285521991,21.00198167828313,21.00198167828313
shared,0.02,2.0,2,12.5,60.0,47.5,1.830958926597487,17.967909046773272,0.1019016136953507,3.1326326441892762,523.356134380567,22.876978261574823,1143.2821230141644,21.453299837225956,21.453299837225956
shared,0.02,2.0,2,15.0,17.5,24.0,1.6846711816679896,16.02183498083591,0.10514845419910167,3.0838876927129073,481.5416580526756,21.94405746557996,938.0039587685264,19.454799325551424,19.454799325551424
shared,0.02,2.0,2,15.0,22.5,24.0,1.5825770476310783,14.958911921858713,0.1057949305335863,3.0744509674113845,452.3593587906258,21.26874135417105,822.7012136859701,18.09619125611715,18.09619125611715
shared,0.02,2.0,2,15.0,25.0,24.0,1.5481545955231244,14.634684126942295,0.10578667650728371,3.0745709073934533,442.5201421870087,21.036162724865214,787.3629040738838,17.639971803722087,17.639971803722087
shared,0.02,2.0,2,15.0,27.5,24.0,1.5252645051372495,14.42689833912271,0.10572366071236902,3.0754870583607725,435.97730332484184,20.88006952394656,764.7075982553714,17.33667449796424,17.33667449796424
shared,0.02,2.0,2,15.0,30.0,24.0,1.5132490468693454,14.31942427393533,0.10567806483838944,3.0761504618681745,432.54283862956487,20.79766425898747,753.0316608528411,17.1769021849913,17.176902184991324
shared,0.02,2.0,2,15.0,35.0,24.0,1.516607037165631,14.345654438436764,0.10571891604346317,3.0755560715735526,433.50267710284913,20.820727103126085,756.0851393302695,17.218810887426102,17.218810887426102
shared,0.02,2.0,2,15.0,40.0,25.0,1.545786530882891,14.607320340356567,0.10582273099140907,3.0740470997457674,441.8432612706361,21.020068060561464,784.6885986021896,17.604485509167596,17.604485509167596
shared,0.02,2.0,2,15.0,45.0,30.0,1.5889049288598787,15.021399455109144,0.10577609187534477,3.074724734155099,454.1681025098956,21.311220108428696,829.4411498804051,18.180657648729493,18.180657648729493
shared,0.02,2.0,2,15.0,50.0,35.0,1.63730107830784,15.526421373536667,0.10545257267707978,3.0794376144852142,468.00152134090007,21.633342814759352,883.4402587343179,18.83406880816881,18.83406880816881
shared,0.02,2.0,2,15.0,55.0,40.0,1.685680242184056,16.078804762336254,0.10483865356289868,3.0884408111358614,481.8300850639936,21.95062835237282,941.9031047289644,19.49369499986117,19.49369499986115
shared,0.02,2.0,2,15.0,60.0,45.0,1.7312618924995535,16.648826818480366,0.10398702030931305,3.101061884345651,494.8590154027733,22.245426842449515,1001.6677138218826,20.12079079876247,20.12079079876247
shared,0.02,2.0,2,17.5,22.5,21.5,1.4516607333881846,13.835542306858894,0.10492257558046943,3.087205423846468,414.93860884685887,20.370041945142354,697.9729412835807,16.392748623578143,16.392748623578143
shared,0.02,2.0,2,17.5,25.0,21.5,1.3979427943324971,13.425901874434711,0.10412282224365331,3.0990389483674874,399.5840246873334,19.989597912097516,652.2440691539706,15.697752311348863,15.697752311348863
shared,0.02,2.0,2,17.5,27.5,21.5,1.3595646069705216,13.14997418895689,0.10338914642982792,3.110015296361826,388.6141118779719,19.71329784378991,621.3009544242433,15.203571933427321,15.203571933427321
shared,0.02,2.0,2,17.5,30.0,21.5,1.3366177187412327,12.99069763412351,0.10289037251011462,3.1175442765883528,382.0550380804723,19.54622823156612,603.4161903161585,14.908602768658,14.908602768658
shared,0.02,2.0,2,17.5,35.0,21.5,1.3319230695104984,12.956651094420462,0.10279840522093445,3.118938500546568,380.713132788126,19.511871585989027,599.7208878280426,14.84643342088221,14.84643342088221
shared,0.02,2.0,2,17.5,40.0,22.5,1.367828986513183,13.20519413550044,0.10358264880301558,3.1071090342455143,390.9763788123475,19.773122636861064,627.7025072830894,15.306947857937912,15.306947857937912
shared,0.02,2.0,2,17.5,45.0,27.5,1.4262458322554061,13.640904366801193,0.10455654507237502,3.0926045316369266,407.674085203375,20.190940671582762,676.1060508318129,16.065500701406297,16.065500701406297
shared,0.02,2.0,2,17.5,50.0,32.5,1.4932107479430687,14.191294210584926,0.1052201952679778,3.082836187708172,426.81514779320787,20.65950502294786,736.4111935938735,16.94651621514705,16.94651621514705
shared,0.02,2.0,2,17.5,55.0,37.5,1.560117088909446,14.803689793598796,0.10538704273471401,3.0803948669362065,445.9394675499498,21.117278886020088,802.6097665451132,17.83818239718823,17.83818239718823
shared,0.02,2.0,2,17.5,60.0,42.5,1.622562584861739,15.44139889039647,0.10507873000229699,3.084910668224919,463.78871195206307,21.53575426940192,870.693634511842,18.680313215729008,18.680313215729008
shared,0.02,2.0,2,22.5,25.0,16.5,1.0936491990907709,11.595981677501179,0.094312773985552,3.256227506451608,312.6056018461286,17.680656148631154,440.72007153449323,11.896457413487768,11.896457413487768
shared,0.02,2.0,2,22.5,27.5,16.5,1.0089147363702344,11.190366297752558,0.09015922352540524,3.3303886561363796,288.38534206092197,16.981912202720927,392.35215132984615,10.870346756613191,10.870346756613191
shared,0.02,2.0,2,22.5,30.0,16.5,0.9495297299900476,10.926926874657127,0.08689814994482084,3.392303768135246,271.41089936435327,16.47455308542096,360.5652544351922,10.160041024570273,10.160041024570273
shared,0.02,2.0,2,22.5,35.0,16.5,0.9083143539371648,10.752566473811534,0.08447419098960367,3.4406300602870545,259.6300125433896,16.113038588155543,339.4107423117777,9.670421254540749,9.670421254540786
shared,0.02,2.0,2,22.5,40.0,17.5,0.9521245089869088,10.937380282093674,0.08705233652209171,3.3892982226320725,272.15258367285537,16.49704772596768,361.8964535072838,10.18986551840002,10.18986551840002
shared,0.02,2.0,2,22.5,45.0,22.5,1.0468934872406221,11.371111858838733,0.09206606180967913,3.2957193120246755,299.2410810703521,17.29858610032485,413.6973128359328,11.332668247675295,11.332668247675295
shared,0.02,2.0,2,22.5,50.0,27.5,1.1619808056001097,11.96720931944185,0.09709705701498539,3.209201352926729,332.1373154849476,18.224634851896145,483.24693885934886,12.751697383862115,12.751697383862115
shared,0.02,2.0,2,22.5,55.0,32.5,1.2776317865450189,12.659102858304703,0.10092593455047717,3.147738241028178,365.19466562284845,19.11006712763847,562.0641775527865,14.210908358198543,14.210908358198543
shared,0.02,2.0,2,22.5,60.0,37.5,1.3839707477245233,13.397463277297316,0.10330095474639085,3.111342578234726,395.59029430053386,19.889451835094246,644.3573046832272,15.581194191865768,15.581194191865768
shared,0.02,2.0,2,25.0,27.5,14.0,0.8442259235727094,10.502987134975156,0.080379601795514,3.5271755457860694,241.31115640367835,15.534193136551327,308.140503262584,8.927883408740428,8.927883408740428
shared,0.02,2.0,2,25.0,30.0,14.0,0.7603081620369843,10.192818008621693,0.07459253774509368,3.66144326177049,217.32434018119608,14.741924575210527,269.315403059897,7.960229113724775,7.960229113724775
shared,0.02,2.0,2,25.0,35.0,14.0,0.6892418835236114,9.948166603354561,0.069283307267009,3.7991434715045562,197.01095561134767,14.036059119686966,238.28240816140473,7.152434891352252,7.152434891352252
shared,0.02,2.0,2,25.0,40.0,15.0,0.7306447455236549,10.088613390543806,0.07242271234305579,3.7158879280349733,208.84543288654345,14.45148549065263,256.1621827042719,7.621403186500806,7.621403186500854
shared,0.02,2.0,2,25.0,45.0,20.0,0.8428605938690767,10.501017606645945,0.0802646586684744,3.5297001908178,240.920894412834,15.521626667744396,307.5844717910109,8.916795919017295,8.916795919017295
shared,0.02,2.0,2,25.0,50.0,25.0,0.984683826803922,11.096676069511966,0.08873682719362543,3.3569745735645693,281.45924722671583,16.776747218299377,379.72306996766406,10.600308546293594,10.600308546293627
shared,0.02,2.0,2,25.0,55.0,30.0,1.1284802501939453,11.805522643914884,0.09558918179498106,3.234414146939952,322.5616112338677,17.96000031274687,462.9738392174163,12.358718073553474,12.358718073553474
shared,0.02,2.0,2,25.0,60.0,35.0,1.260280997638576,12.573600665544701,0.10023230665278803,3.1586109567379768,360.2351650690027,18.97986209299221,550.686362314748,14.014899279852782,14.01489927985281
shared,0.02,2.0,2,27.5,30.0,11.5,0.5918170757321795,9.641643882860096,0.06138134564213161,4.036284753701939,169.16332339097585,13.006280151948744,198.29686513228995,6.071501009754169,6.071501009754169
shared,0.02,2.0,2,27.5,35.0,11.5,0.4848995898698292,9.331162382834759,0.05196561478362347,4.38674071165572,138.60233084998384,11.772949114388622,157.24065133060517,4.905512409768466,4.905512409768466
shared,0.02,2.0,2,27.5,40.0,12.5,0.5178612225750041,9.423951703895288,0.05495159980085125,4.26589174032462,148.02399095653234,12.166511042880467,169.59916674265133,5.26222961423785,5.26222961423785
shared,0.02,2.0,2,27.5,45.0,17.5,0.643666917906023,9.805616858559157,0.06564267472312842,3.903074721350658,183.98393600776055,13.564067826716311,219.33774716424142,6.651152588868749,6.651152588868749
shared,0.02,2.0,2,27.5,50.0,22.5,0.8106165316241192,10.387856758819924,0.07803501246162799,3.5797710206237583,231.7043426223431,15.221837688739921,292.62988658027416,8.55678465076139,8.556784650761433
shared,0.02,2.0,2,27.5,55.0,27.5,0.982291879734605,11.09952860140194,0.08849852232558196,3.361491290599783,280.77553982418715,16.756358190972975,378.8980399586726,10.589518488377328,10.589518488377328
shared,0.02,2.0,2,27.5,60.0,32.5,1.1397873814474648,11.883641998921162,0.09591229536794685,3.228961432177437,325.79360973356785,18.049753730551778,470.7070193658042,12.518485622507447,12.518485622507475
shared,0.02,2.0,2,30.0,35.0,9.0,0.3107202161854967,8.883077396809304,0.03497889327150338,5.346837284851196,88.81539004205364,9.42419174476271,95.92023334479761,3.068242772870736,3.068242772870736
shared,0.02,2.0,2,30.0,40.0,10.0,0.3292215843360895,8.927968349325646,0.03687530818374334,5.207534678227158,94.10376892122366,9.700709712243928,102.1452586996425,3.2604309903491875,3.2604309903491875
shared,0.02,2.0,2,30.0,45.0,15.0,0.46253070051087897,9.273346202916319,0.04987743263218411,4.477627432528924,132.20847061902717,11.498194232966634,149.05766310137733,4.672059357391304,4.672059357391381
shared,0.02,2.0,2,30.0,50.0,20.0,0.6500445269366912,9.832671378520976,0.06611067347950669,3.8892352139983397,185.80689378163248,13.631100241052902,222.12216657326888,6.733799352954479,6.733799352954479
shared,0.02,2.0,2,30.0,55.0,25.0,0.8466300395851796,10.535570839287729,0.08035919956306962,3.527623271054246,241.9983421425889,15.556295900457439,309.9766750240151,8.990255141435817,8.990255141435817
shared,0.02,2.0,2,30.0,60.0,30.0,1.0279315115863632,11.323612533175929,0.09077770089489805,3.3190241340602733,293.82104344172376,17.141208925910792,404.50738076031104,11.156599559713388,11.156599559713355
shared,0.02,2.0,2,35.0,40.0,5.0,0.07313835699844318,8.361728085774372,0.008746799255870553,10.69240549275015,20.905661638616273,4.572270949825292,21.252915269965968,0.6766603276513407,0.6766603276518793
shared,0.02,2.0,2,35.0,45.0,10.0,0.19997994709133482,8.63011121732012,0.023172348774600605,6.569237626333515,57.16170392628345,7.56053595496268,59.97636099522178,1.940681538885772,1.940681538885772
shared,0.02,2.0,2,35.0,50.0,15.0,0.4066518818404712,9.129136543738714,0.04454439693087693,4.73809166188538,116.23622672634572,10.78129058723239,129.01189646602407,4.085568866921813,4.085568866921813
shared,0.02,2.0,2,35.0,55.0,20.0,0.6349435347338068,9.792104360746421,0.06484239866551086,3.927086469564305,181.490468770778,13.471839843569176,216.06698354722977,6.578521146675834,6.578521146675834
shared,0.02,2.0,2,35.0,60.0,25.0,0.8502926697592632,10.561085393757061,0.08051186389060862,3.5242771941971944,243.0452580191434,15.58990885217561,312.07160852453956,9.04947636161282,9.04947636161282
shared,0.02,2.0,2,40.0,45.0,6.0,0.10675046720290005,8.430877411475493,0.012661845498737667,8.886924591394445,30.51325239854015,5.5238801940791715,31.276621115133306,1.0090176807036324,1.00901768070291
shared,0.02,2.0,2,40.0,50.0,11.0,0.30138674882975636,8.86578612934646,0.03399436264677558,5.42371110197755,86.14753806312099,9.281569805971454,92.85786077190885,2.9825059354072354,2.9825059354072354
shared,0.02,2.0,2,40.0,55.0,16.0,0.531018313207992,9.47577503722748,0.056039565219919235,4.2242792644686995,151.78477662646074,12.320096453618403,174.8644437192347,5.431500359855549,5.431500359855549
shared,0.02,2.0,2,40.0,60.0,21.0,0.7552543941031049,10.204856051300752,0.07400931383121638,3.6758417922742015,215.87978541182903,14.692848104156969,267.84121958058023,7.949956052765312,7.949956052765312
shared,0.02,2.0,2,45.0,50.0,11.0,0.3294685937377746,8.933722902296093,0.03687920448630621,5.207259581910154,94.17437339177933,9.704348169340346,102.28778404237718,3.2738700231878237,3.2738700231878237
shared,0.02,2.0,2,45.0,55.0,16.0,0.5354058391290863,9.488010084310996,0.05642972913934952,4.209650272070521,153.03889465838495,12.370889000325924,176.53690608250432,5.478419596015468,5.478419596015402
shared,0.02,2.0,2,45.0,60.0,21.0,0.7451683267575782,10.16802256983479,0.0732854713529305,3.6939503791828936,212.99681237492626,14.594410312682259,263.3104884448287,7.83306398414253,7.83306398414253
shared,0.02,2.0,2,50.0,55.0,16.0,0.620882714307206,9.747602063371467,0.06369594391222586,3.962270409241492,177.4713635260961,13.321837843409448,210.3219648740317,6.421931981854218,6.421931981854218
shared,0.02,2.0,2,50.0,60.0,21.0,0.8018098776815392,10.37416785176239,0.0772890789062494,3.5970041111580424,229.1870735032695,15.138925771113005,289.0692813546398,8.484391704458432,8.484391704458432
shared,0.02,2.0,2,55.0,60.0,21.0,0.8994055973227535,10.759925874307712,0.08358845663336141,3.458811121383275,257.08355868463485,16.03382545385333,336.3118233618985,9.62759343164945,9.627593431649489
fixed,0.0025,0.25,1,5.0,,34.0,1.3765926699079003,27.02020709562489,0.050946784568901324,4.4303864518054,393.48136535124144,19.836364721169083,1292.6215623909172,20.23500259038422,20.23500259038422
fixed,0.0025,0.25,1,7.5,,31.5,1.3285557586759662,24.89469042089295,0.0533670327372688,4.328759641577455,379.7506301584829,19.48719143844189,1149.3803982052839,19.556909550883535,19.556909550883535
fixed,0.0025,0.25,1,10.0,,29.0,1.2759645093056466,22.860459720785364,0.05581534776159835,4.232755498072026,364.7180958001927,19.097593979352286,1013.6798756566876,18.77139816223265,18.77139816223265
fixed,0.0025,0.25,1,12.5,,26.5,1.214894960960629,20.855535182064763,0.05825287868927038,4.143251574758702,347.2621483805476,18.63497111295179,880.51617800076,17.830684619155356,17.830684619155356
fixed,0.0025,0.25,1,15.0,,24.0,1.1417383533965049,18.873618577452532,0.06049387660935824,4.065783901347425,326.35127005172257,18.065194990691978,748.8572424016154,16.686429292579295,16.686429292579295
fixed,0.0025,0.25,1,17.5,,21.5,1.0528379334143512,16.938809388191657,0.06215536814224399,4.0110740381469006,300.94022479516383,17.34762879459795,619.7573345276718,15.289549112315113,15.289549112315113
fixed,0.0025,0.25,1,22.5,,16.5,0.8152264165673004,13.394528849502606,0.06086264218226482,4.053447934063543,233.02201912985817,15.265058766013912,379.47481350677646,11.5936156167708,11.5936156167708
fixed,0.0025,0.25,1,25.0,,14.0,0.6649510449221017,11.893479175656868,0.055908875367865346,4.22921361685723,190.06773083078266,13.786505388632127,274.83741775747166,9.312097159577668,9.312097159577627
fixed,0.0025,0.25,1,27.5,,11.5,0.5000151116569254,10.636236611934986,0.04701052918434095,4.612139451346422,142.92290895620096,11.955036970089258,184.8197549613869,6.872342990666869,6.872342990666816
fixed,0.0025,0.25,1,30.0,,9.0,0.33359200111017984,9.649104087481643,0.0345723290044066,5.378184309758174,95.35299652283372,9.764885893999669,111.86130715638149,4.486611974331662,4.486611974331581
fixed,0.0025,0.25,1,35.0,,4.0,0.073346132030228,8.48159039444013,0.008647686179034065,10.753504955303585,20.96505146756114,4.5787609096305895,21.618809820617063,0.9212196007614082,0.9212196007614082
fixed,0.0025,0.25,1,40.0,,1.0,0.007589334097494849,8.239581073827246,0.0009210825197900067,32.94964423732481,2.169313848655607,1.4728590729107816,2.1731318313563714,0.05352820503936977,0.05352820503936977
fixed,0.0025,0.25,1,45.0,,6.0,0.12740732922404097,8.69450177136575,0.014653781501734924,8.260857757878531,36.41775156494537,6.034712218900365,38.49606884601533,1.6444726899605366,1.644472689960315
fixed,0.0025,0.25,1,50.0,,11.0,0.3317075535382812,9.638398094835933,0.03441521612559287,5.390446615919529,94.81435134497357,9.737266112465734,111.10599458692266,4.458742477909018,4.458742477909018
fixed,0.0025,0.25,1,55.0,,16.0,0.5362173184023862,10.88213571676706,0.049275007439595626,4.504915515917948,153.27084560465403,12.380260320552797,202.78332718345592,7.398295847311604,7.398295847311604
fixed,0.0025,0.25,1,60.0,,21.0,0.7067131141041629,12.264291421718822,0.05762364002967553,4.1658118939721644,202.0048828735506,14.212842181405891,301.20548911057534,9.934542409603745,9.93454240960371
fixed,0.0025,0.25,2,5.0,7.5,34.0,1.4305161117785004,29.38180479900541,0.048687142316966324,4.532030852948354,408.894689855651,20.22114462278659,1460.657835859951,20.913126349608422,20.913126349608422
fixed,0.0025,0.25,2,5.0,10.0,34.0,1.4180583643034126,28.804604335767614,0.04923026707027402,4.506962080199563,405.3338024611057,20.132903478164934,1419.4931139582472,20.7669037746618,20.7669037746618
fixed,0.0025,0.25,2,5.0,12.5,34.0,1.4084010643830733,28.37198818071118,0.04964054881922519,4.488298296481576,402.57338709545087,20.064231535133633,1388.6518753903829,20.64925276799102,20.64925276799102
fixed,0.0025,0.25,2,5.0,15.0,34.0,1.400848342376789,28.04509432881322,0.049949853117005664,4.47438028011408,400.4145383436629,20.010360774950133,1365.2912150951818,20.55476110892898,20.55476110892898
fixed,0.0025,0.25,2,5.0,17.5,34.0,1.394981869600425,27.80044983103715,0.050178392007277195,4.464179306619442,398.73768231478834,19.968417120913422,1347.7137413919786,20.47986137068603,20.47986137068603
fixed,0.0025,0.25,2,5.0,22.5,34.0,1.3872324371088973,27.498421218626255,0.050447712109713605,4.45224712857057,396.5226063928255,19.912875392389353,1325.6664506553832,20.37851683605105,20.37851683605105
fixed,0.0025,0.25,2,5.0,25.0,34.0,1.3849605836238197,27.420207875963545,0.05050875580115026,4.449555874722871,395.87322620162763,19.89656317562477,1319.7310250576916,20.34790621197776,20.34790621197776
fixed,0.0025,0.25,2,5.0,27.5,34.0,1.383554467861985,27.38012358137979,0.050531344891477745,4.44856121828502,395.47130603896574,19.8864603697834,1316.463842087659,20.328298835969278,20.328298835969278
fixed,0.0025,0.25,2,5.0,30.0,34.0,1.382889573011271,27.372065150252936,0.0505219304944732,4.4489756776113625,395.2812543705288,19.881681376848608,1315.4439177209333,20.318144569922538,20.318144569922556
fixed,0.0025,0.25,2,5.0,35.0,34.0,1.3833642777307393,27.43225540670918,0.05042838283695792,4.453100323232552,395.4169426283833,19.88509347798957,1318.7890805202128,20.32077486412399,20.32077486412399
fixed,0.0025,0.25,2,5.0,40.0,35.0,1.3856729634213134,27.568191371441827,0.05026347012581849,4.46039957523997,396.07685083329534,19.901679598297612,1327.5359427058197,20.346388271992762,20.346388271992783
fixed,0.0025,0.25,2,5.0,45.0,40.0,1.3892744514857762,27.756049988150195,0.050053031756279974,4.469766187686726,397.1062900217198,19.927525938302523,1340.056100905624,20.38767854671738,20.38767854671738
fixed,0.0025,0.25,2,5.0,50.0,45.0,1.393762366179788,27.978373787209577,0.04981570325638268,4.480400810755737,398.38910289729455,19.95968694387,1355.1534398793638,20.439138289668584,20.439138289668566
fixed,0.0025,0.25,2,5.0,55.0,50.0,1.3988361886126803,28.22242820850311,0.04956470004204763,4.49173120131163,399.83938998808503,19.99598434656531,1371.950702224902,20.496726531015852,20.49672653101587
fixed,0.0025,0.25,2,5.0,60.0,55.0,1.4042768658777824,28.47899380243002,0.049309216316412136,4.503352574450393,401.39453782920424,20.034833112087664,1389.807504979535,20.55754829298955,20.55754829298957
fixed,0.0025,0.25,2,7.5,10.0,31.5,1.3928048730941218,27.576812774169554,0.050506375936189556,4.449660705223782,398.11541577480864,19.952829768601962,1334.785924596624,20.44814046140135,20.448140461401334
fixed,0.0025,0.25,2,7.5,12.5,31.5,1.3790957943865936,26.959886735225133,0.05115361974368759,4.42142043978842,394.19685139083094,19.854391236974024,1292.0810811179497,20.266726047093304,20.26672604709332
fixed,0.0025,0.25,2,7.5,15.0,31.5,1.367759522129603,26.46875478103739,0.051674494453720445,4.399080220714568,390.9565233089064,19.772620547335308,1258.1155424545625,20.11273438375012,20.11273438375012
fixed,0.0025,0.25,2,7.5,17.5,31.5,1.3584570915444272,26.08043768701739,0.0520872045111672,4.381617627665015,388.2975427929161,19.705266879515133,1231.2268305570237,19.984019103751052,19.984019103751052
fixed,0.0025,0.25,2,7.5,22.5,31.5,1.3451052817177969,25.552810974726167,0.05264020788351687,4.358541667195325,384.4810991379865,19.60818959358529,1194.4617045274538,19.795948516529766,19.795948516529766
fixed,0.0025,0.25,2,7.5,25.0,31.5,1.340723330223465,25.391460877278313,0.052802134414535344,4.351853438993153,383.2285744844824,19.57622472501995,1183.0527931036834,19.73332951394507,19.73332951394507
fixed,0.0025,0.25,2,7.5,27.5,31.5,1.3376687546624892,25.286490266488187,0.05290053070098391,4.3478042780886454,382.3554632231958,19.553911711552647,1175.4777338785707,19.689258541577157,19.689258541577157
fixed,0.0025,0.25,2,7.5,30.0,31.5,1.3357952742723278,25.23027422067456,0.05294414410992533,4.346013129735453,381.81995287362463,19.54021373664128,1171.2217899701363,19.661794432055807,19.661794432055824
fixed,0.0025,0.25,2,7.5,35.0,31.5,1.3350272013073419,25.237517768986493,0.05289851456579895,4.347887131810844,381.60040906407323,19.53459518556945,1170.8844070984835,19.648767873143083,19.648767873143104
fixed,0.0025,0.25,2,7.5,40.0,32.5,1.337360366278372,25.366764967050575,0.052720966509347864,4.355202153924657,382.2673143574539,19.551657585929995,1178.9375582839562,19.678980973555326,19.678980973555326
fixed,0.0025,0.25,2,7.5,45.0,37.5,1.341888014521388,25.581368547402022,0.05245567734325405,4.3662012571158755,383.56148455858636,19.58472579738063,1192.9364774745227,19.73906462780877,19.73906462780879
fixed,0.0025,0.25,2,7.5,50.0,42.5,1.3478845895434648,25.853138377768946,0.05213620759878451,4.379557991199861,385.27552864635254,19.62843673465497,1210.9975064729267,19.818285302314663,19.818285302314663
fixed,0.0025,0.25,2,7.5,55.0,47.5,1.3548007147104337,26.160957599565208,0.051787122453535506,4.394293999152287,387.25241435345214,19.67872999848954,1231.7039215403834,19.908572316923483,19.908572316923483
fixed,0.0025,0.25,2,7.5,60.0,52.5,1.3622381263322845,26.489386008395442,0.05142580979040216,4.409703917317373,389.37830311024817,19.73267095732983,1254.0134463192253,20.004161147748192,20.004161147748174
fixed,0.0025,0.25,2,10.0,12.5,29.0,1.3532826728542464,25.792849299426038,0.05246735857462482,4.365715188752822,386.8185015517278,19.667701989600307,1213.0120413926254,19.90859935077307,19.90859935077307
fixed,0.0025,0.25,2,10.0,15.0,29.0,1.3373057123491514,25.1254544610983,0.05322513526749136,4.334526007348862,382.2516922325061,19.551258072883854,1167.6747679778261,19.680261104710272,19.680261104710272
fixed,0.0025,0.25,2,10.0,17.5,29.0,1.3235200574110082,24.576377942452304,0.05385334081816873,4.309170468924531,378.31123951479367,19.450224664892527,1130.3831484254642,19.479848082529404,19.479848082529386
fixed,0.0025,0.25,2,10.0,22.5,29.0,1.3022840178685173,23.783404635457245,0.05475599636929275,4.27350441518595,372.24118987956547,19.293553065196818,1076.3586508281433,19.166529613055392,19.166529613055392
fixed,0.0025,0.25,2,10.0,25.0,29.0,1.2947362864287986,23.519977875848074,0.055048363279215605,4.262140819730431,370.08376761724605,19.237561373969573,1058.2675971986266,19.054191822700915,19.054191822700915
fixed,0.0025,0.25,2,10.0,27.5,29.0,1.2891261472558535,23.333480969095778,0.055247913886627004,4.254436617761339,368.4801812624468,19.195837602523284,1045.3271264627988,18.97046183270562,18.97046183270562
fixed,0.0025,0.25,2,10.0,30.0,29.0,1.2853264061496668,23.215452378629603,0.05536512427958722,4.2499308174267,367.39407398385464,19.16752654840615,1036.9739602925315,18.91365307534928,18.91365307534928
fixed,0.0025,0.25,2,10.0,35.0,29.0,1.2825026738856702,23.15231330374678,0.05539414818121524,4.248817290641068,366.58694631935964,19.146460412289255,1031.8817706012203,18.871181126316706,18.871181126316706
fixed,0.0025,0.25,2,10.0,40.0,30.0,1.2848053948978073,23.269670101604856,0.05521373484401901,4.25575322923549,367.2451495974138,19.163641344937915,1038.9744027102038,18.904633995782856,18.904633995782856
fixed,0.0025,0.25,2,10.0,45.0,35.0,1.290756808225852,23.515170952103787,0.05489038590682133,4.268269744026634,368.94628479396056,19.20797451044645,1054.799304969919,18.99116712569547,18.99116712569549
fixed,0.0025,0.25,2,10.0,50.0,40.0,1.2990814594005373,23.846530886252495,0.05447674823634228,4.284443419180857,371.3257796016056,19.269815245653124,1076.56154565523,19.111050200454507,19.111050200454507
fixed,0.0025,0.25,2,10.0,55.0,45.0,1.308792461152146,24.231334066741418,0.054012398060597155,4.302820907150055,374.1015449472157,19.341704809742488,1102.1111088843334,19.249122569505467,19.249122569505488
fixed,0.0025,0.25,2,10.0,60.0,50.0,1.319184314580888,24.64576373168601,0.05352580382343229,4.322334775053161,377.07192301551163,19.418339862498843,1129.861030137722,19.39468245597778,19.39468245597778
fixed,0.0025,0.25,2,12.5,15.0,26.5,1.30827757144594,23.94621730198179,0.054633997301012836,4.278273175049455,373.95437032611534,19.33789984269531,1088.7146964812457,19.25237804762281,19.25237804762281
fixed,0.0025,0.25,2,12.5,17.5,26.5,1.2888018939854804,23.222088710166204,0.05549896523396134,4.244803170938968,368.387497622373,19.193423290866406,1040.0751390580294,18.960215996543155,18.960215996543116
fixed,0.0025,0.25,2,12.5,22.5,26.5,1.2567104312649813,22.126387293011458,0.05679691016083357,4.196020921818938,359.2145644494648,18.952956614983975,966.3245205949889,18.472711701385464,18.472711701385464
fixed,0.0025,0.25,2,12.5,25.0,26.5,1.2444867965189434,21.741781647650754,0.05723941196205569,4.179770324658519,355.72059517695106,18.86055659775053,940.2918962916636,18.28592919217978,18.28592919217978
fixed,0.0025,0.25,2,12.5,27.5,26.5,1.2349594233111474,21.456457252591427,0.05755653921674296,4.168239489040731,352.9973176962819,18.78822284560948,920.8480530918486,18.14030062064386,18.14030062064386
fixed,0.0025,0.25,2,12.5,30.0,26.5,1.2281133482841493,21.2621109305936,0.05776065002638299,4.160868245144283,351.0404549235777,18.736073626125023,907.4487390755119,18.035873599264434,18.035873599264434
fixed,0.0025,0.25,2,12.5,35.0,26.5,1.2219088051636062,21.10978584632224,0.05788352444970388,4.156449579334558,349.26696582123105,18.68868550276426,896.3959631109543,17.942260507753673,17.942260507753673
fixed,0.0025,0.25,2,12.5,40.0,27.5,1.224059554361844,21.209808781201374,0.0577119561514741,4.16262322012774,349.88172990471793,18.705125765541325,902.2285617302622,17.976655321854427,17.976655321854427
fixed,0.0025,0.25,2,12.5,45.0,32.5,1.232208634101078,21.49119792328451,0.05733550258573762,4.176266342485745,352.2110398685466,18.76728642794548,920.2845722741919,18.101711744220935,18.101711744220935
fixed,0.0025,0.25,2,12.5,50.0,37.5,1.2441306490843016,21.893711523055142,0.05682593596678076,4.194949153766136,355.6187949989372,18.857857646056647,946.5916094796178,18.282281271097116,18.282281271097116
fixed,0.0025,0.25,2,12.5,55.0,42.5,1.2580719397473297,22.37020080695921,0.05623874146699445,4.216792233738497,359.60373419319706,18.963220564903974,978.0310181294467,18.490854316215184,18.490854316215202
fixed,0.0025,0.25,2,12.5,60.0,47.5,1.2728089017764874,22.88597134367859,0.05561524493160978,4.24036335686384,363.81610584613514,19.07396408317199,1012.3013685348096,18.708428460087962,18.708428460087944
fixed,0.0025,0.25,2,15.0,17.5,24.0,1.253999342411309,21.99805288993117,0.05700501533866585,4.188354823655181,358.43963445960594,18.93250206548532,958.6472279429589,18.427705709412805,18.427705709412805
fixed,0.0025,0.25,2,15.0,22.5,24.0,1.207423719816356,20.569499634251763,0.05869971274390104,4.127451816188983,345.12658988849665,18.57758299371844,863.0991736269953,17.70732207813588,17.70732207813588
fixed,0.0025,0.25,2,15.0,25.0,24.0,1.1884620327721465,20.04658369090213,0.059285015895826375,4.107026732545264,339.7066347553506,18.431132215774227,827.9477946341193,17.412950267896516,17.41295026789649
fixed,0.0025,0.25,2,15.0,27.5,24.0,1.1730460822033637,19.64620972328816,0.05970851877921583,4.092435574566858,335.30018293369614,18.31120375436023,800.8867696608692,17.17384409981363,17.173844099813607
fixed,0.0025,0.25,2,15.0,30.0,24.0,1.1614533133374765,19.361483276357816,0.05998782721134386,4.0828970943426635,331.9865385846703,18.220497758971085,781.479613055739,16.994621055994433,16.994621055994433
fixed,0.0025,0.25,2,15.0,35.0,24.0,1.1497472410725171,19.101065134783056,0.060192833905310675,4.07593833292972,328.6405079116865,18.128444718499335,763.1980143904832,16.81594419745529,16.815944197455266
fixed,0.0025,0.25,2,15.0,40.0,25.0,1.1514927381335,19.17785217873312,0.06004284147160254,4.081026188228772,329.13943586749065,18.142200414158438,767.4294132629436,16.84691783307124,16.84691783307124
fixed,0.0025,0.25,2,15.0,45.0,30.0,1.163014293296479,19.49970519675336,0.05964266031519888,4.094694420484077,332.4327246925735,18.232737717977887,788.1164055304702,17.028669296899853,17.02866929689983
fixed,0.0025,0.25,2,15.0,50.0,35.0,1.1804507117331289,19.984468322713283,0.05906840715854779,4.114550244974689,337.4167013497698,18.368905828866612,819.818523955885,17.299852474904124,17.299852474904124
fixed,0.0025,0.25,2,15.0,55.0,40.0,1.200717678134863,20.56662171548524,0.05838186235665558,4.138672179220905,343.2097538522327,18.52592113370433,858.1854262276908,17.61176141227675,17.61176141227675
fixed,0.0025,0.25,2,15.0,60.0,45.0,1.2217399341928699,21.19797320453749,0.05763475226637954,4.165410281077807,349.21869621934655,18.687394045702213,900.0163076012435,17.931839936268485,17.931839936268485
fixed,0.0025,0.25,2,17.5,22.5,21.5,1.154266597732875,19.123198532031278,0.060359494558375436,4.0703073372889484,329.93230807022275,18.16403886998216,767.0857802119787,16.873451922633706,16.873451922633727
fixed,0.0025,0.25,2,17.5,25.0,21.5,1.1259106013552995,18.449205450706827,0.06102759299654086,4.047966217374215,321.8271100588969,17.93954040824059,721.869754443569,16.429623279121625,16.429623279121625
fixed,0.0025,0.25,2,17.5,27.5,21.5,1.1018833059728106,17.920836489571066,0.06148615365214931,4.0328432032413,314.9592157285923,17.747090345422606,686.2322920924744,16.054329205827802,16.054329205827802
fixed,0.0025,0.25,2,17.5,30.0,21.5,1.0830582850572525,17.533944645017495,0.061769231452719224,4.023591676941795,309.57832485612016,17.59483801733111,659.9465004119158,15.761463066647778,15.761463066647778
fixed,0.0025,0.25,2,17.5,35.0,21.5,1.0625520071160313,17.148645232881115,0.061961279896249485,4.017351294131739,303.71686821831634,17.42747452209632,633.2238763251993,15.446217128694698,15.446217128694698
fixed,0.0025,0.25,2,17.5,40.0,22.5,1.0634023258848873,17.19609909743999,0.06183974166810876,4.021297155451245,303.95992093642764,17.434446390305247,635.4842849063504,15.46569565899027,15.46569565899027
fixed,0.0025,0.25,2,17.5,45.0,27.5,1.0800354442700941,17.56135479879765,0.061500690387739296,4.032366559486745,308.71428457305655,17.57026706037949,659.1333644652826,15.730458395770839,15.730458395770839
fixed,0.0025,0.25,2,17.5,50.0,32.5,1.105800963130076,18.136937549164788,0.06096955233663461,4.049892512820883,316.0790277985796,17.77861152617323,696.9765905086998,16.13534477165201,16.135344771652033
fixed,0.0025,0.25,2,17.5,55.0,37.5,1.1353450766455695,18.835644897842094,0.06027641117696163,4.073111572294203,324.5238338608886,18.01454506394454,743.1656800257502,16.59606415016627,16.596064150166292
fixed,0.0025,0.25,2,17.5,60.0,42.5,1.1652412862585237,19.593389444238962,0.05947114405982163,4.100594769522507,333.06928207842066,18.250185809421794,793.4191982377018,17.058750223687603,17.058750223687603
fixed,0.0025,0.25,2,22.5,25.0,16.5,0.9833034363240687,15.660737081700058,0.062787813319022,3.9908216614314393,281.0646803060836,16.764983755019973,535.1518431577632,14.18744330511087,14.18744330511087
fixed,0.0025,0.25,2,22.5,27.5,16.5,0.93092167712354,14.861563577172145,0.06263955150408713,3.9955418162366136,266.09202602694745,16.312327425200472,480.7894364675736,13.371967209604128,13.371967209604128
fixed,0.0025,0.25,2,22.5,30.0,16.5,0.8864195165016289,14.25429916887619,0.06218611704440003,4.01008224625553,253.37165397690492,15.917652275913836,439.0990010785679,12.684203941193108,12.684203941193108
fixed,0.0025,0.25,2,22.5,35.0,16.5,0.8317365421195984,13.591706757412114,0.06119441487111384,4.042444878798325,237.74122684209541,15.418859453347885,392.85930921517206,11.849498969325337,11.849498969325369
fixed,0.0025,0.25,2,22.5,40.0,17.5,0.827566677329995,13.564784348870791,0.06100846545333294,4.048600732439216,236.54932445396707,15.380160091948557,390.11545786014085,11.795623795817013,11.795623795817013
fixed,0.0025,0.25,2,22.5,45.0,22.5,0.8626263372990339,14.013227638135518,0.06155800502030578,4.0304889204349195,246.57067875501144,15.702569176889858,420.0859540929844,12.343447887931873,12.343447887931813
fixed,0.0025,0.25,2,22.5,50.0,27.5,0.9181277942842991,14.775412459139122,0.06213889438439359,4.011605694560969,262.435058648162,16.199847488422908,471.4330419161361,13.206513441381844,13.206513441381844
fixed,0.0025,0.25,2,22.5,55.0,32.5,0.9789919822011606,15.715906095335887,0.062293066417067895,4.006638363614018,279.8323064223518,16.7281889761669,534.6823280469484,14.153903026733534,14.153903026733534
fixed,0.0025,0.25,2,22.5,60.0,37.5,1.0368485793698987,16.734595356736296,0.061958389627421055,4.017444994838613,296.36987294161486,17.215396392230264,602.9868244024672,15.055005963631976,15.055005963631976
fixed,0.0025,0.25,2,25.0,27.5,14.0,0.8351111645351492,13.602506103204306,0.06139391948799967,4.035871404777308,238.70581939343066,15.450107423362164,394.76668011509815,11.887652092327686,11.887652092327686
fixed,0.0025,0.25,2,25.0,30.0,14.0,0.7708087891619626,12.89035114324079,0.059797346138715964,4.089394843081596,220.32580981596988,14.84337595750946,345.2937172298785,10.905010645946914,10.905010645946883
fixed,0.0025,0.25,2,25.0,35.0,14.0,0.6873502421242319,12.092957097803087,0.05683888866595764,4.1944711446806595,196.47025417013444,14.01678473010606,288.86030951553073,9.649244367781623,9.649244367781584
fixed,0.0025,0.25,2,25.0,40.0,15.0,0.6777569774116774,12.024486969193529,0.056364731330997814,4.212076782398406,193.7281424476273,13.918625738470997,283.21602525837403,9.516192974980992,9.516192974980992
fixed,0.0025,0.25,2,25.0,45.0,20.0,0.7274537841167978,12.504709802508266,0.05817438354074247,4.146045893277503,207.93333747981924,14.419893809588864,316.12314577114654,10.275439666636984,10.275439666636984
fixed,0.0025,0.25,2,25.0,50.0,25.0,0.806387893246812,13.348603660487225,0.06040990606633824,4.068608665917499,230.49564055770782,15.182082879424279,374.0736414937921,11.48307731125578,11.483077311255748
fixed,0.0025,0.25,2,25.0,55.0,30.0,0.890630468907442,14.398519970209893,0.06185569563747731,4.020778530704509,254.5753007333411,15.955416031346255,445.6487284458408,12.781093559102418,12.781093559102418
fixed,0.0025,0.25,2,25.0,60.0,35.0,0.9680065128164406,15.536522052153291,0.06230522568481015,4.006247383843028,276.6922508438101,16.634068980373087,522.6480750893639,13.980324687302746,13.980324687302746
fixed,0.0025,0.25,2,27.5,30.0,11.5,0.6508991709781566,11.758816432822321,0.05535413999331644,4.250352467379967,186.05118282346476,13.6400580212646,265.98344041294536,9.091899657179676,9.091899657179676
fixed,0.0025,0.25,2,27.5,35.0,11.5,0.530340214198946,10.841846400336903,0.04891604202974744,4.521414734437648,151.59095071865562,12.312227691147351,199.81821729845092,7.314137056231185,7.314137056231185
fixed,0.0025,0.25,2,27.5,40.0,12.5,0.5125533871929817,10.732381042900144,0.0477576583559763,4.575920681086539,146.5068142645211,12.103999928309694,191.16679607694516,7.065229254863983,7.065229254863983
fixed,0.0025,0.25,2,27.5,45.0,17.5,0.5803478397680015,11.233125721692453,0.05166396728270239,4.399528381332399,165.88498933808407,12.879634674092433,226.5511452290124,8.07134478811524,8.071344788115285
fixed,0.0025,0.25,2,27.5,50.0,22.5,0.6882828277682014,12.141906245160005,0.05668655430794189,4.200103286026477,196.73682181975053,14.026290379845646,290.42304834356486,9.687645780441402,9.687645780441402
fixed,0.0025,0.25,2,27.5,55.0,27.5,0.8004500259712715,13.283345091800385,0.06025967257790943,4.073677236234155,228.79837732659496,15.12608268278985,369.5038336748311,11.39188245508984,11.391882455089807
fixed,0.0025,0.25,2,27.5,60.0,32.5,0.9001218033166904,14.523493367988184,0.06197694869339667,4.016843435622718,257.2882769855001,16.040208134107864,454.3072238171446,12.924532455951923,12.924532455951894
fixed,0.0025,0.25,2,30.0,35.0,9.0,0.37363944206834865,9.863481517659483,0.03788109111365882,5.1379368266870555,106.8000440711094,10.334410678462,128.0737778155322,5.050760815244274,5.050760815244202
fixed,0.0025,0.25,2,30.0,40.0,10.0,0.34491170304813346,9.716068689686857,0.03549910092898383,5.307516133696792,98.58858819151018,9.92917862622635,116.4597295141405,4.653809491540484,4.653809491540484
fixed,0.0025,0.25,2,30.0,45.0,15.0,0.4324526211099615,10.224809342266822,0.04229444350833123,4.862485759728269,123.61103725436465,11.118050065293133,153.66360671656497,5.911176468734835,5.911176468734835
fixed,0.0025,0.25,2,30.0,50.0,20.0,0.572472706175059,11.177861560231793,0.05121486816510436,4.4187758363247776,163.6339833678999,12.791949943925667,222.3774686315462,7.957692602757343,7.957692602757298
fixed,0.0025,0.25,2,30.0,55.0,25.0,0.7147025246486955,12.388048718768522,0.05769290554741563,4.163310427165976,204.28855344519806,14.292954678623943,307.68440957116275,10.084637017731595,10.084637017731595
fixed,0.0025,0.25,2,30.0,60.0,30.0,0.8374856950127871,13.708234584239136,0.06109362149198084,4.045778154453931,239.3845484865266,15.47205702182249,398.966283845071,11.955266184324104,11.955266184324074
fixed,0.0025,0.25,2,35.0,40.0,5.0,0.08029390529567593,8.50981274719419,0.009435449131609859,10.294818900295667,22.950983377849614,4.790718461551421,23.74541998802305,1.0160282028663234,1.0160282028659648
fixed,0.0025,0.25,2,35.0,45.0,10.0,0.19871088392051273,9.003947330963271,0.022069307673221808,6.731403827470219,56.798958489606484,7.536508375209736,62.17730172508142,2.6213721149314764,2.6213721149313374
fixed,0.0025,0.25,2,35.0,50.0,15.0,0.39277326018182257,9.987160555760585,0.03932782075434557,5.042548210633406,112.26920066350628,10.595716146797548,136.32051415803085,5.338836460558668,5.338836460558668
fixed,0.0025,0.25,2,35.0,55.0,20.0,0.5851629259911602,11.264341325580968,0.051948259474548536,4.387473429978787,167.261320000588,12.93295480547999,229.06560050514875,8.137016648382074,8.137016648382074
fixed,0.0025,0.25,2,35.0,60.0,25.0,0.745361094944599,12.672447562688788,0.05881745347592911,4.123318581779539,213.05191268969864,14.596297910418883,328.2498176054877,10.53834632565621,10.538346325656246
fixed,0.0025,0.25,2,40.0,45.0,6.0,0.13151582842172993,8.711754126390556,0.01509636595726783,8.13886401683011,37.59211338539534,6.131240770463622,39.81630044333857,1.7005308602459204,1.7005308602459204
fixed,0.0025,0.25,2,40.0,50.0,11.0,0.3375870261688445,9.67245993301906,0.03490187899527165,5.3527331836736085,96.49492321549944,9.823182947268133,113.47493885582479,4.544928772046228,4.544928772046228
fixed,0.0025,0.25,2,40.0,55.0,16.0,0.5434923980859085,10.941132116502466,0.0496742377570015,4.486776062276925,155.35033385814225,12.46396140310705,206.64885644756845,7.510996676496847,7.510996676496847
fixed,0.0025,0.25,2,40.0,60.0,21.0,0.7146051927756403,12.35184295029013,0.057854135261560705,4.157505157892716,204.26073237718052,14.291981401372608,306.7433801737898,10.061401718870332,10.061401718870332
fixed,0.0025,0.25,2,45.0,50.0,11.0,0.4039819947179637,10.032610184215745,0.040266888406921914,4.983402485120611,115.47307372309152,10.74583983330719,140.84882149021627,5.479561137374415,5.479561137374549
fixed,0.0025,0.25,2,45.0,55.0,16.0,0.5858613769594438,11.241246196202368,0.05211712000021541,4.380359911875605,167.46096325500804,12.940670896634689,228.86880266904822,8.125986374821547,8.125986374821547
fixed,0.0025,0.25,2,45.0,60.0,21.0,0.7410119960195543,12.591715971128862,0.058849167001431474,4.12220741404719,211.80877852192137,14.553651724633283,324.25555702799636,10.451938224014716,10.451938224014754
fixed,0.0025,0.25,2,50.0,55.0,16.0,0.6761664536372769,11.973468598534925,0.05647206138077755,4.208072170122006,193.27351161887492,13.902284402891308,281.3525594097807,9.466783636706984,9.466783636706944
fixed,0.0025,0.25,2,50.0,60.0,21.0,0.8021741579669253,13.222038333194979,0.0606694775610356,4.059895661362337,229.29119835239703,15.142364358064993,368.5906795617544,11.378025884286313,11.378025884286345
fixed,0.0025,0.25,2,55.0,60.0,21.0,0.8756603094562729,14.092210905584572,0.06213789414046162,4.011637982170336,250.29627258715323,15.820754488555634,428.83682262843917,12.505066654478291,12.505066654478291
fixed,0.005,0.5,1,5.0,,34.0,1.3508018414819756,25.560856232944367,0.05284650205656965,4.350026241252618,386.1093877107885,19.649666351131476,1199.8979512672715,19.890967236711433,19.890967236711433
fixed,0.005,0.5,1,7.5,,31.5,1.302958633957561,23.63610404158052,0.055125778413625294,4.259147028649257,372.4340202393425,19.29854969264122,1070.246438237314,19.182968749117943,19.18296874911796
fixed,0.005,0.5,1,10.0,,29.0,1.2496190708275903,21.761086492740702,0.05742447975860266,4.173029600701245,357.1875899870125,18.899407133214854,945.0080102234767,18.363037909697567,18.363037909697567
fixed,0.005,0.5,1,12.5,,26.5,1.187016216809211,19.895543252225863,0.05966241794761803,4.094016370809805,339.2933667992017,18.41991766537521,820.7099988652134,17.382614267959365,17.382614267959347
fixed,0.005,0.5,1,15.0,,24.0,1.1117256158393427,18.044962303041196,0.06160864163467822,4.028832235099303,317.77251381534745,17.82617496310825,697.1574325733831,16.195215742897386,16.19521574289736
fixed,0.005,0.5,1,17.5,,21.5,1.020404748189773,16.239592213630093,0.06283438246271568,3.9893425063255976,291.6696146257006,17.078337583784336,575.8705384719675,14.756724349500445,14.756724349500445
fixed,0.005,0.5,1,22.5,,16.5,0.7795902907857095,12.951777206783785,0.06019176197513509,4.075974626117506,222.8358894671838,14.927688684695424,350.8916688697546,11.023030297506413,11.023030297506413
fixed,0.005,0.5,1,25.0,,14.0,0.6304648939397273,11.570760062369107,0.05448776835241365,4.284010134310198,180.2103067205979,13.424243245732622,253.51290210060688,8.774127319737103,8.774127319737143
fixed,0.005,0.5,1,27.5,,11.5,0.46977646728247446,10.420000376892698,0.04508411231195794,4.709645716239563,134.27958015246293,11.587906633748087,170.11251387238843,6.4156778937788195,6.415677893778876
fixed,0.005,0.5,1,30.0,,9.0,0.3107083215451327,9.519985168791056,0.032637479579665105,5.5353067535140354,88.81199011160717,9.4240113599044,102.79368303470825,4.1530516256896055,4.1530516256896055
fixed,0.005,0.5,1,35.0,,4.0,0.06765681809057211,8.458237854919485,0.00799892592890628,11.18109049307459,19.338834020800057,4.397594117332801,19.88697523736034,0.8430706739936886,0.8430706739932563
fixed,0.005,0.5,1,40.0,,1.0,0.0072450708527309615,8.238265980780287,0.0008794412403816008,33.72070037176208,2.0709106139507427,1.4390658824219074,2.074224294277746,0.04887200921687727,0.04887200921687727
fixed,0.005,0.5,1,45.0,,6.0,0.11766940020713723,8.651930132008328,0.01360036412820907,8.574814466282223,33.63428940578604,5.79950768650116,35.37967291634632,1.5089477374571318,1.5089477374571318
fixed,0.005,0.5,1,50.0,,11.0,0.3091709712617825,9.511243491656895,0.03250584127438039,5.546503543892016,88.37255824353234,9.40066796794421,102.19114856455369,4.130157015068161,4.130157015068073
fixed,0.005,0.5,1,55.0,,16.0,0.5052848849517486,10.647467047850142,0.047455876846669555,4.590447225464789,144.42920608858165,12.017870280901755,186.96481399835096,6.927408802859206,6.927408802859206
fixed,0.005,0.5,1,60.0,,21.0,0.6723858820991473,11.91692945259466,0.05642274587374933,4.209910771590155,192.1928837155382,13.863364804964853,278.4583366633194,9.394956010849668,9.39495601084971
fixed,0.005,0.5,2,5.0,7.5,34.0,1.4071519786427216,27.971401381773084,0.05030681013928961,4.458477813248795,402.21635195114254,20.055332257311086,1367.8311856426797,20.654474378337877,20.654474378337895
fixed,0.005,0.5,2,5.0,10.0,34.0,1.3947687687310768,27.42118799036144,0.05086463683562283,4.433962604119182,398.67677016345874,19.96689185034713,1329.1247662636779,20.49537394328993,20.49537394328993
fixed,0.005,0.5,2,5.0,12.5,34.0,1.3848441316922637,26.98777266106346,0.05131376157211536,4.414515784722883,395.8399399100266,19.89572667459087,1298.8087574309707,20.363921836148698,20.363921836148698
fixed,0.005,0.5,2,5.0,15.0,34.0,1.37679583740336,26.642573435403257,0.05167653345280236,4.398993432685136,393.5394381750011,19.83782846419943,1274.7440276869966,20.255030648634396,20.255030648634396
fixed,0.005,0.5,2,5.0,17.5,34.0,1.3702819581555647,26.368214639962638,0.051967187648678304,4.386674325502352,391.6775293066886,19.790844582955234,1255.6480744666937,20.165537680355154,20.165537680355154
fixed,0.005,0.5,2,5.0,22.5,34.0,1.3609846666125895,25.98692418608177,0.05237190276414143,4.36969196964757,389.02001772002353,19.72359038613466,1229.0948016489058,20.035851179193703,20.035851179193724
fixed,0.005,0.5,2,5.0,25.0,34.0,1.3578806356202964,25.863651647917827,0.052501504973278344,4.36429525138021,388.13277025776455,19.70108550963029,1220.4744928614025,19.992033568035513,19.99203356803553
fixed,0.005,0.5,2,5.0,27.5,34.0,1.3556338280315754,25.776815777745167,0.05259120597828006,4.360571732059139,387.49054911492595,19.684779630844893,1214.3641437061558,19.96010611705471,19.96010611705471
fixed,0.005,0.5,2,5.0,30.0,34.0,1.3541342937365188,25.721257455050296,0.052646504398276936,4.358281018906651,387.0619264622648,19.673889459440012,1210.4063779557325,19.93862464874242,19.938624648742397
fixed,0.005,0.5,2,5.0,35.0,34.0,1.3529937002550907,25.68674240374954,0.05267284107063696,4.357191302000678,386.73590243918676,19.665602010596746,1207.763985239453,19.92176315439028,19.92176315439028
fixed,0.005,0.5,2,5.0,40.0,35.0,1.3537881620517682,25.730981933347227,0.052613155827421626,4.359662036802671,386.96298915794506,19.671374866997606,1210.554488080095,19.932065041289405,19.932065041289405
fixed,0.005,0.5,2,5.0,45.0,40.0,1.3559848597875062,25.831865113371315,0.052492719896001995,4.364660435991484,387.59088704176855,19.687328082849856,1217.2726796212423,19.961883059903315,19.961883059903315
fixed,0.005,0.5,2,5.0,50.0,45.0,1.3591695073804566,25.97266411258839,0.05233076982355832,4.37140896115411,388.5011777257372,19.710433220143518,1226.7819909170803,20.00520395012581,20.00520395012581
fixed,0.005,0.5,2,5.0,55.0,50.0,1.3630270600878516,26.14082035338938,0.05214170946670859,4.3793269248851505,389.6038097093302,19.738384171692733,1238.228969775236,20.057441962890604,20.057441962890604
fixed,0.005,0.5,2,5.0,60.0,55.0,1.36732257751502,26.326984939078365,0.05193616286403688,4.387984350157183,390.8316282929097,19.769462013239252,1250.9771589011732,20.11518737379167,20.11518737379167
fixed,0.005,0.5,2,7.5,10.0,31.5,1.3705708802034526,26.33955580700482,0.05203469983495162,4.383827666461368,391.7601139697978,19.79293090903411,1254.5478115977614,20.16781691040893,20.16781691040893
fixed,0.005,0.5,2,7.5,12.5,31.5,1.356691414544764,25.746995527633892,0.05269319338983245,4.356349755806528,387.7928466603679,19.692456592826804,1213.905570645524,19.97263741893042,19.97263741893042
fixed,0.005,0.5,2,7.5,15.0,31.5,1.3448878869145016,25.25767905759314,0.053246693167961205,4.3336484623346845,384.41895962069077,19.60660499986397,1180.4749961617852,19.803225906329953,19.80322590632997
fixed,0.005,0.5,2,7.5,17.5,31.5,1.3349112269780525,24.85564434279604,0.05370656292661962,4.315054846621497,381.56725928895673,19.533746678222197,1153.067368168677,19.657990104937873,19.657990104937852
fixed,0.005,0.5,2,7.5,22.5,31.5,1.3198491063675635,24.27106086682101,0.054379539222029705,4.288271150765883,377.2619452244145,19.423232100358952,1113.2438695728204,19.435825468191048,19.435825468191048
fixed,0.005,0.5,2,7.5,25.0,31.5,1.3145263416660669,24.072006128778966,0.05460809267967502,4.279287804025768,375.7405011778408,19.384026959789363,1099.6610655720224,19.35661554628031,19.356615546280292
fixed,0.005,0.5,2,7.5,27.5,31.5,1.3105197022929025,23.925670580129697,0.05477462785855168,4.272777541022923,374.5952546822829,19.354463430492796,1089.644782069471,19.2967735408955,19.2967735408955
fixed,0.005,0.5,2,7.5,30.0,31.5,1.3077065086170563,23.825721011307426,0.05488633515000168,4.268427245923339,373.7911393380951,19.33367888783961,1082.763500608596,19.254630825514504,19.254630825514504
fixed,0.005,0.5,2,7.5,35.0,31.5,1.3051564843117525,23.742081261220875,0.05497228612571256,4.265089027430956,373.0622475843732,19.314819377472137,1076.858505454824,19.21618705183959,19.21618705183959
fixed,0.005,0.5,2,7.5,40.0,32.5,1.305887021013133,23.780017217587954,0.05491531015575906,4.267301020631889,373.2710621342267,19.32022417401586,1079.182863248403,19.226638264216366,19.226638264216383
fixed,0.005,0.5,2,7.5,45.0,37.5,1.3090022633226956,23.90593391363781,0.05475637421451829,4.273489670546185,374.16151420778647,19.34325500549963,1087.4852676450043,19.27240306104572,19.27240306104572
fixed,0.005,0.5,2,7.5,50.0,42.5,1.3137565605997195,24.093280512828667,0.05452792366320555,4.282432434031365,375.52046912941495,19.378350526539016,1099.9883992516318,19.342083393863877,19.342083393863877
fixed,0.005,0.5,2,7.5,55.0,47.5,1.3195681959995016,24.321705594420784,0.05425475573153063,4.293199733605405,377.18165059726545,19.42116501647791,1115.3293659065441,19.42677744436283,19.42677744436283
fixed,0.005,0.5,2,7.5,60.0,52.5,1.3260052123885822,24.576002466394982,0.053955284802796974,4.30509763613154,379.02158920287576,19.468476807466878,1132.4883506119156,19.519897086521528,19.519897086521528
fixed,0.005,0.5,2,10.0,12.5,29.0,1.3312995179743519,24.688118256669874,0.05392470597124918,4.306318098955791,380.5348985760942,19.50730372389004,1142.1970493446036,19.603405952418544,19.603405952418527
fixed,0.005,0.5,2,10.0,15.0,29.0,1.3148501526497933,24.04218486899487,0.05468929549516284,4.2761096747476435,375.8330583959473,19.38641427381421,1098.56931325648,19.35873534164845,19.35873534164841
fixed,0.005,0.5,2,10.0,17.5,29.0,1.3003323537017897,23.49611870417489,0.05534243208733624,4.250802032872464,371.6833316998597,19.279090530931683,1061.7634377592349,19.1400306910195,19.1400306910195
fixed,0.005,0.5,2,10.0,22.5,29.0,1.2771508210649316,22.671919215723367,0.056331835382476374,4.213306460406421,365.0571878068405,19.10646978923214,1006.2542843777032,18.786914293258622,18.786914293258604
fixed,0.005,0.5,2,10.0,25.0,29.0,1.268509843798348,22.380239592036922,0.05667990454622722,4.200349659649667,362.58727524145405,19.041724586850165,986.5880333563672,18.654414089731993,18.654414089731993
fixed,0.005,0.5,2,10.0,27.5,29.0,1.2617897246567087,22.159849285553534,0.05694035678660033,4.190732189525386,360.66641534369495,18.99121942750636,971.6974407554424,18.55115396080826,18.55115396080824
fixed,0.005,0.5,2,10.0,30.0,29.0,1.2568991397370908,22.003805678327307,0.05712189782584183,4.184067536027061,359.2685043467795,18.954379555838262,961.1153203846807,18.47593756869054,18.47593756869054
fixed,0.005,0.5,2,10.0,35.0,29.0,1.2520496587807115,21.856873377645194,0.05728402398401982,4.178142433395035,357.88234239076047,18.917778473984743,951.0138912832768,18.401401116378274,18.401401116378295
fixed,0.005,0.5,2,10.0,40.0,30.0,1.2526201911542754,21.885655207185867,0.05723475853457629,4.179940237690856,358.04542175492855,18.922088197525362,952.7001442168214,18.41029052654086,18.410290526540837
fixed,0.005,0.5,2,10.0,45.0,35.0,1.257152561569949,22.04235334388428,0.057033500096701335,4.187308779018774,359.340941728572,18.95629029447935,962.9931873121868,18.479861431457138,18.47986143145712
fixed,0.005,0.5,2,10.0,50.0,40.0,1.2643330622860847,22.2874808164605,0.05672839710768508,4.1985540046367795,361.3933957968329,19.010349702118393,979.2639058888933,18.589528539829903,18.589528539829885
fixed,0.005,0.5,2,10.0,55.0,45.0,1.273113062103493,22.590199439486213,0.056356875711250844,4.21237033416254,363.9030461759597,19.076242978531166,999.4574493429583,18.722864983043785,18.722864983043785
fixed,0.005,0.5,2,10.0,60.0,50.0,1.282723716834249,22.927447415375333,0.05594707921885992,4.22776939634382,366.65012861221163,19.148110314394255,1022.0357818408607,18.86786267496355,18.86786267496355
fixed,0.005,0.5,2,12.5,15.0,26.5,1.2856734614677208,22.95058286198895,0.056019207407454114,4.22504676259536,367.49327529691226,19.170114117993982,1025.4197292286924,18.91556513825805,18.915565138258028
fixed,0.005,0.5,2,12.5,17.5,26.5,1.2653792872919067,22.24700201091754,0.05687864309406417,4.193005058824088,361.6924458010604,19.018213528117208,978.2942152868312,18.603403950768897,18.603403950768918
fixed,0.005,0.5,2,12.5,22.5,26.5,1.2310464128621563,21.149515888906606,0.058206836474581795,4.14488992843677,351.87883382827926,18.758433672038805,904.7990334624466,18.07054471136097,18.07054471136099
fixed,0.005,0.5,2,12.5,25.0,26.5,1.2175377249256365,20.748406946784282,0.05868102202007071,4.128109089336224,348.0175485769774,18.655228451481836,877.8987973537489,17.859924226629253,17.859924226629275
fixed,0.005,0.5,2,12.5,27.5,26.5,1.2066964162199205,20.438932513685252,0.05903911152952609,4.1155709529863636,344.91869948024,18.571986955634014,857.1039621929858,17.69073414796393,17.69073414796393
fixed,0.005,0.5,2,12.5,30.0,26.5,1.198558215456628,20.21436980054058,0.05929238592560901,4.106771473378952,342.5924991322045,18.509254418593002,841.9699846744755,17.563753973492425,17.563753973492425
fixed,0.005,0.5,2,12.5,35.0,26.5,1.1899884072231603,19.98856146124117,0.05953346915587738,4.098447768095613,340.14292932247366,18.442964222772694,826.6116857688734,17.430418857087382,17.430418857087382
fixed,0.005,0.5,2,12.5,40.0,27.5,1.1902150948339725,20.004577388480612,0.05949713766606952,4.09969892062585,340.20772506965466,18.444720791317355,827.4316042996131,17.434689115995827,17.434689115995827
fixed,0.005,0.5,2,12.5,45.0,32.5,1.1969266268311292,20.19773365083671,0.05926044216260597,4.107878181800558,342.12613044225947,18.496651871143044,840.1318305327449,17.540010533967912,17.540010533967894
fixed,0.005,0.5,2,12.5,50.0,37.5,1.2078378889535177,20.51215429879402,0.058884009517446476,4.120987648851113,345.2449748262776,18.58076895142603,860.988189011152,17.710236452076504,17.710236452076504
fixed,0.005,0.5,2,12.5,55.0,42.5,1.2210891710134217,20.9034542639051,0.05841566449244369,4.1374745877554675,349.0326839079584,18.68241643653086,887.038987400996,17.915981559960485,17.915981559960485
fixed,0.005,0.5,2,12.5,60.0,47.5,1.2353471727576848,21.33847889481656,0.0578929350516062,4.156111746385222,353.1081509042256,18.79117215354661,916.0723046817808,18.13621586368924,18.13621586368924
fixed,0.005,0.5,2,15.0,17.5,24.0,1.2298804612925165,21.100898357652262,0.0582856919381586,4.14208514196425,351.54556152080283,18.749548301780575,901.8641377371595,18.050620762694845,18.050620762694845
fixed,0.005,0.5,2,15.0,22.5,24.0,1.1807384090998612,19.703833817487833,0.05992429798367031,4.085060779169959,337.4989359534724,18.37114411117262,808.5031142544988,17.28000265455734,17.28000265455734
fixed,0.005,0.5,2,15.0,25.0,24.0,1.1602826227943923,19.17867534544603,0.060498579901656295,4.065625856796529,331.6519117023934,18.211312739678966,773.3207539103071,16.958464565242704,16.958464565242704
fixed,0.005,0.5,2,15.0,27.5,24.0,1.143323034079123,18.76643085507711,0.060923840175491115,4.0514115784711295,326.80423070760344,18.077727476306404,745.6377826207021,16.691945199160497,16.691945199160497
fixed,0.005,0.5,2,15.0,30.0,24.0,1.1302009871360867,18.46162602172665,0.06121892978473317,4.041635406054896,323.05346182715135,17.973688041889215,725.1083422103372,16.485967756471403,16.485967756471403
fixed,0.005,0.5,2,15.0,35.0,24.0,1.1156986161086253,18.141569181904437,0.06149956516559188,4.032403448263056,318.9081450043489,17.85799946814729,703.3945739826676,16.25916467467544,16.25916467467544
fixed,0.005,0.5,2,15.0,40.0,25.0,1.1152467394613297,18.140638869084228,0.06147780943712868,4.033116877347301,318.77898185824546,17.854382707286337,703.0736314113292,16.253427246608435,16.253427246608435
fixed,0.005,0.5,2,15.0,45.0,30.0,1.125278093004065,18.375009049513928,0.06123959394914321,4.040953461093835,321.6463156561078,17.934500708302636,718.5627434807539,16.412086816951735,16.412086816951714
fixed,0.005,0.5,2,15.0,50.0,35.0,1.1418588252206983,18.769022636824314,0.06083741531540392,4.054288249128463,326.3857053780948,18.06614805037573,744.7857197951489,16.672961116671033,16.67296111667101
fixed,0.005,0.5,2,15.0,55.0,40.0,1.1617396509556095,19.261644839113558,0.060313626414527644,4.071854765055052,332.0683845216692,18.222743605771036,777.6415428896947,16.98474937224737,16.984749372247393
fixed,0.005,0.5,2,15.0,60.0,45.0,1.1826678802169046,19.807381170190205,0.05970844252731406,4.092438187730781,338.0504505344638,18.38614833330961,814.0800863780269,17.311864418443857,17.311864418443857
fixed,0.005,0.5,2,17.5,22.5,21.5,1.1262206329447624,18.35180509908112,0.06136838457385059,4.0367109650217134,321.91572861381917,17.94201016089945,718.2564554641257,16.419513295279863,16.419513295279863
fixed,0.005,0.5,2,17.5,25.0,21.5,1.096191499872248,17.692330465999447,0.061958570239170785,4.017439139326648,313.3322859295881,17.701194477480556,673.982690594274,15.946426393175704,15.946426393175704
fixed,0.005,0.5,2,17.5,27.5,21.5,1.0704193923476157,17.166994039228015,0.0623533386160453,4.004701440143082,305.9656594187483,17.491874096812733,638.5949721994609,15.541107431440173,15.541107431440198
fixed,0.005,0.5,2,17.5,30.0,21.5,1.0498432133569378,16.77264299044377,0.06259259282839842,3.9970403176298985,300.084222462161,17.322939198131504,611.9320757373622,15.218267426886747,15.218267426886747
fixed,0.005,0.5,2,17.5,35.0,21.5,1.0260777094734155,16.345343965671045,0.06277492303792523,3.991231380551526,293.29115787539826,17.12574546918756,582.8430033161759,14.847081092718156,14.847081092718156
fixed,0.005,0.5,2,17.5,40.0,22.5,1.0243672245846547,16.323117459169705,0.06275561191953588,3.9918454229525557,292.8022377001315,17.111465095079716,581.080163886517,14.822253415810739,14.822253415810763
fixed,0.005,0.5,2,17.5,45.0,27.5,1.0393785160321825,16.60156682839845,0.06260725428965135,3.9965722737609197,297.09302290012374,17.236386596387415,599.6531008907059,15.059177052983866,15.059177052983866
fixed,0.005,0.5,2,17.5,50.0,32.5,1.0644192060955324,17.08251709104525,0.06231044291789451,4.006079659437984,304.2505831071844,17.44278025737825,631.8905148024537,15.452991260107467,15.452991260107446
fixed,0.005,0.5,2,17.5,55.0,37.5,1.0939099683447913,17.685637483317038,0.061853013179574826,4.0208657168548205,312.68013939405876,17.68276390709492,672.3254771119115,15.916302424367421,15.916302424367421
fixed,0.005,0.5,2,17.5,60.0,42.5,1.124155911026767,18.3511571253895,0.06125803966178547,4.0403450195019435,321.32555432543086,17.925555900039218,716.9143480843196,16.390958668037324,16.3909586680373
fixed,0.005,0.5,2,22.5,25.0,16.5,0.9504426277838811,15.090456275336953,0.06298302784503836,3.9846321291249165,271.6718394944266,16.482470673246368,498.43157650851407,13.656599905581926,13.656599905581926
fixed,0.005,0.5,2,22.5,27.5,16.5,0.8964533936836112,14.330447641788655,0.06255585422673651,3.9982138618157212,256.23970912469036,16.007489157412863,446.441689008185,12.817475638631091,12.817475638631091
fixed,0.005,0.5,2,22.5,30.0,16.5,0.8503318443667927,13.747274882421422,0.06185457493500098,4.020814955464119,243.0564555784467,15.590267976479645,406.23966951345193,12.105548583083708,12.105548583083646
fixed,0.005,0.5,2,22.5,35.0,16.5,0.7922355214626056,13.08817558879333,0.06053063057474201,4.064549349764805,226.45036653123742,15.048267891396584,360.3385228556459,11.216737995077168,11.2167379950772
fixed,0.005,0.5,2,22.5,40.0,17.5,0.7846697403220457,13.012741332415274,0.060300110505339954,4.072311080434766,224.28778499334842,14.976240682940043,354.840328051274,11.104175866539618,11.104175866539618
fixed,0.005,0.5,2,22.5,45.0,22.5,0.8171977361186866,13.375802790184864,0.061095229119133294,4.045724924883516,233.5854955492662,15.283504033737362,379.8606280755836,11.604016385571446,11.604016385571478
fixed,0.005,0.5,2,22.5,50.0,27.5,0.8716147762686386,14.03229120957025,0.06211492929067658,4.012379495934541,249.13990879338797,15.78416639526421,425.0406266714505,12.442443341586142,12.442443341586142
fixed,0.005,0.5,2,22.5,55.0,32.5,0.9327283971340037,14.860354112788297,0.06276622952957295,3.991507776013076,266.6084537779191,16.32814912284669,481.6833424409443,13.389525014392007,13.389525014392007
fixed,0.005,0.5,2,22.5,60.0,37.5,0.9916796102341909,15.768848523082195,0.06288852409119067,3.9876248956001787,283.45890222707845,16.83623776937943,543.4362882957577,14.308050525668891,14.308050525668865
fixed,0.005,0.5,2,25.0,27.5,14.0,0.80003642264117,13.164771377829297,0.06077100769015298,4.05650280960034,228.68015411750798,15.122174252319274,366.0162362364982,11.33155957810605,11.331559578106019
fixed,0.005,0.5,2,25.0,30.0,14.0,0.7348989120529403,12.49396938174121,0.058820290781801315,4.123219132618755,210.06143184612444,14.493496191261942,319.0842088259834,10.34040806349764,10.34040806349764
fixed,0.005,0.5,2,25.0,35.0,14.0,0.6492271554387037,11.725584847775286,0.05536842416537394,4.249804170375841,185.57325861848082,13.622527614891474,264.5504232505228,9.054067956328668,9.054067956328668
fixed,0.005,0.5,2,25.0,40.0,15.0,0.6360643306001195,11.621155378596756,0.054733312642182716,4.274389881106841,181.81083389940116,13.483724778391213,256.8784190972674,8.860857802231992,8.86085780223195
fixed,0.005,0.5,2,25.0,45.0,20.0,0.6821066492299492,12.017578331967883,0.05675907661159002,4.197419146809083,194.97144036958844,13.963217407517096,284.8698683197369,9.552179289577431,9.552179289577431
fixed,0.005,0.5,2,25.0,50.0,25.0,0.7589347609130142,12.750052743614226,0.059524048737219636,4.098772070349662,216.93177107833222,14.728603840090623,336.2743147904812,10.714336421894089,10.714336421894089
fixed,0.005,0.5,2,25.0,55.0,30.0,0.8429672151359304,13.678298449330113,0.0616280759086094,4.028196943458052,240.9513707349692,15.522608374077123,400.70063426628144,11.999528401367327,11.999528401367327
fixed,0.005,0.5,2,25.0,60.0,35.0,0.9214519992199821,14.696167136543963,0.06270015784786973,3.9936102921808305,263.38524000928123,16.229147852221978,470.60232585215556,13.211937344643319,13.211937344643346
fixed,0.005,0.5,2,27.5,30.0,11.5,0.6166771185461288,11.456170603925933,0.053829254108244406,4.310134462689614,176.26924789787998,13.276642945333734,245.51304747510622,8.566008121454082,8.566008121454168
fixed,0.005,0.5,2,27.5,35.0,11.5,0.4966878121016125,10.593002950297276,0.04688829168009188,4.61814744858103,141.97184303773673,11.915193789348821,182.8436434208206,6.805265261635928,6.805265261636036
fixed,0.005,0.5,2,27.5,40.0,12.5,0.4757008293229481,10.460596187677679,0.045475498794544024,4.689335054803693,135.972983085283,11.660745391495476,172.928914745119,6.504089756226583,6.504089756226638
fixed,0.005,0.5,2,27.5,45.0,17.5,0.53806668052088,10.880514089043093,0.049452321472817584,4.496831951548213,153.7994620554902,12.401591109833053,203.45238496911784,7.414397929302653,7.414397929302653
fixed,0.005,0.5,2,27.5,50.0,22.5,0.641904411523079,11.673627672265077,0.054987569378125274,4.2644962665317365,183.4801461553509,13.545484345543015,260.40748790245556,8.950391739635505,8.950391739635505
fixed,0.005,0.5,2,27.5,55.0,27.5,0.7526676664224803,12.685313023352423,0.05933378743093628,4.105338426554194,215.14040246884696,14.66766520168929,331.80407713897654,10.617715891561776,10.61771589156181
fixed,0.005,0.5,2,27.5,60.0,32.5,0.8530167577990317,13.796262238990899,0.06182955521012364,4.021628397422489,243.82390365968485,15.614861627939097,408.9745414016947,12.15182547519959,12.15182547519956
fixed,0.005,0.5,2,30.0,35.0,9.0,0.34736355968734567,9.709613561377417,0.0357752198366655,5.286994327241605,99.28941997649075,9.964407658084385,117.20967785798426,4.66708795146805,4.6670879514679715
fixed,0.005,0.5,2,30.0,40.0,10.0,0.3166384866061054,9.551917098601226,0.033149207990139866,5.492415975780604,90.50705176343615,9.513519420458243,105.10696982939373,4.238065147281565,4.238065147281565
fixed,0.005,0.5,2,30.0,45.0,15.0,0.39644504463274166,9.984582239978536,0.039705721792281407,5.0184944981725685,113.31873317272687,10.645127203219642,137.55936500453288,5.367625345255085,5.367625345255085
fixed,0.005,0.5,2,30.0,50.0,20.0,0.5293842133449376,10.820292559792678,0.04892512937331159,4.5209948116117475,151.31769013145714,12.301125563600152,199.06149422507877,7.287223642274675,7.287223642274675
fixed,0.005,0.5,2,30.0,55.0,25.0,0.6682333933816924,11.895066613209783,0.05617735613515621,4.219095461724451,191.00594805485426,13.820490152482083,276.23094126080275,9.342448093732237,9.342448093732237
fixed,0.005,0.5,2,30.0,60.0,30.0,0.7907778491682114,13.079012058654637,0.0604615888128139,4.06686936473588,226.03370959475143,15.034417501012516,359.4236961241816,11.195586563336061,11.195586563336061
fixed,0.005,0.5,2,35.0,40.0,5.0,0.07260097114630581,8.477319285367225,0.008564142590644544,10.80582811866918,20.75205678262529,4.555442545200772,21.388397201092616,0.9091847926138591,0.9091847926138591
fixed,0.005,0.5,2,35.0,45.0,10.0,0.1794240477575635,8.909208228103552,0.020139168730121417,7.0465936761475225,51.28606364961674,7.1614288832339,55.5516585349725,2.34452942887909,2.3445294288789347
fixed,0.005,0.5,2,35.0,50.0,15.0,0.3599464228124203,9.780351320962303,0.03680301565864452,5.212646774779088,102.88607007547276,10.143277087582334,122.3403130348919,4.847866145064398,4.847866145064398
fixed,0.005,0.5,2,35.0,55.0,20.0,0.5442177361077203,10.920389983303812,0.04983500927528916,4.479532875914209,155.55766243209342,12.472275751926487,206.53236085951792,7.500922600686596,7.500922600686596
fixed,0.005,0.5,2,35.0,60.0,25.0,0.7016664373361765,12.186960672917703,0.05757517860014471,4.16756472167597,200.56235502303798,14.162003919750834,297.1689182294426,9.840413218035925,9.840413218035925
fixed,0.005,0.5,2,40.0,45.0,6.0,0.12030479374366188,8.662594908616635,0.013887847118880668,8.485599621761173,34.3875828597305,5.864092671482137,36.21664439376822,1.5444573454495887,1.5444573454495887
fixed,0.005,0.5,2,40.0,50.0,11.0,0.31152621611250053,9.523968031140566,0.032709708295313646,5.529191916760335,89.04577478743491,9.436406879073989,103.10739133796046,4.1640030546361695,4.1640030546361695
fixed,0.005,0.5,2,40.0,55.0,16.0,0.5075986138703625,10.664833659920044,0.047595549078087364,4.583706793943128,145.09055583556946,12.045354118313394,188.12728318537972,6.96273696101026,6.962736961010314
fixed,0.005,0.5,2,40.0,60.0,21.0,0.6746847145989705,11.940444101661651,0.05650415586343897,4.20687690332528,192.84997551220215,13.887043440279221,279.96169937941477,9.431618257216984,9.431618257216984
fixed,0.005,0.5,2,45.0,50.0,11.0,0.37712505822679665,9.869383724898908,0.03821161166075337,5.115667654841409,107.7963627607972,10.382502721444247,129.34590838996925,5.085797694543635,5.085797694543708
fixed,0.005,0.5,2,45.0,55.0,16.0,0.5517556353664741,10.966596147554442,0.050312387539639264,4.458230683206659,157.71227429154274,12.55835476053861,210.2789976861566,7.60554867978343,7.605548679783479
fixed,0.005,0.5,2,45.0,60.0,21.0,0.7037994127988356,12.196901595150187,0.057703131185274543,4.162941518320862,201.17203871208736,14.183512918599797,298.315411413248,9.866751770192373,9.866751770192373
fixed,0.005,0.5,2,50.0,55.0,16.0,0.6418355080570493,11.655634137504656,0.055066545542279625,4.261437109674843,183.46045098300002,13.544757324625643,259.9781905083517,8.936689369836198,8.936689369836198
fixed,0.005,0.5,2,50.0,60.0,21.0,0.7666221109800961,12.803776980375503,0.059874684802391255,4.086752904101248,219.1291015352282,14.803009880940706,341.1117756267279,10.81642959089774,10.816429590897707
fixed,0.005,0.5,2,55.0,60.0,21.0,0.8413922549165549,13.626702023107299,0.06174584675659416,4.024353522205256,240.5011885488798,15.508100739577358,398.44331009877465,11.959429477798945,11.959429477798945
fixed,0.01,1.0,1,5.0,,34.0,1.327387042651488,24.512605246607897,0.05415120217934299,4.297302724182005,379.41656766703414,19.4786182176004,1130.7440611528398,19.55121586798146,19.55121586798146
fixed,0.01,1.0,1,7.5,,31.5,1.2760540782922771,22.59535090304314,0.05647418726833838,4.207992966038649,364.743697946654,19.09826426528479,1001.9947367350244,18.77188662724697,18.77188662724697
fixed,0.01,1.0,1,10.0,,29.0,1.2182037112451236,20.735325712859193,0.05875016038400805,4.125679353609309,348.20791222776927,18.660329906723764,877.8252120724219,17.869923990148497,17.869923990148497
fixed,0.01,1.0,1,12.5,,26.5,1.150234278793491,18.905641368226213,0.06084079647922622,4.054175591142321,328.77972139989953,18.132283954314733,755.7096909985187,16.798344999878342,16.798344999878342
fixed,0.01,1.0,1,15.0,,24.0,1.069021665660937,17.119086162993543,0.06244618757582102,4.001723110350539,305.56613716566306,17.480450141963253,635.9813130410823,15.515710284857008,15.515710284857008
fixed,0.01,1.0,1,17.5,,21.5,0.9718028190452941,15.407919456744139,0.06307164453796064,3.9818319085096174,277.77737630675523,16.666654622531638,520.3546312944593,13.988060837315434,13.988060837315434
fixed,0.01,1.0,1,22.5,,16.5,0.7237199153309166,12.379929971330599,0.05845912836396529,4.135936212936865,206.86605895943512,14.38283904378531,311.36226789271205,10.167513649069658,10.167513649069658
fixed,0.01,1.0,1,25.0,,14.0,0.5763523799748076,11.143195746994849,0.05172235982036312,4.3970442315761336,164.7429383821269,12.835222568468648,223.19019962425355,7.966436299411646,7.966436299411646
fixed,0.01,1.0,1,27.5,,11.5,0.4227056604352135,10.128143109971475,0.04173575114860359,4.894923207418381,120.82499351160571,10.992042281196234,148.7802084692492,5.73412164820674,5.73412164820674
fixed,0.01,1.0,1,30.0,,9.0,0.2755144183317797,9.34328701420357,0.02948795406937039,5.8234141754583995,78.75226410031287,8.874247241333366,89.45843404338609,3.6596714206323155,3.6596714206323155
fixed,0.01,1.0,1,35.0,,4.0,0.05908584239456616,8.425713761441486,0.007012562266826596,11.941575663605827,16.88893050687072,4.1096143988056495,17.300848496270632,0.7290846506596215,0.7290846506596215
fixed,0.01,1.0,1,40.0,,1.0,0.006728221679207058,8.23642472400319,0.0008168861981581868,34.98800829270234,1.9231759042399517,1.3867861782697257,1.9258226744973568,0.04209158722644814,0.04209158722644814
fixed,0.01,1.0,1,45.0,,6.0,0.10285743917941748,8.592614183769681,0.011970447756597946,9.139970672590755,29.40048025067374,5.422220970291947,30.714135064482143,1.3097828029208634,1.3097828029208634
fixed,0.01,1.0,1,50.0,,11.0,0.2741645228027594,9.335905329000443,0.029366677696603533,5.835426342956992,78.36641377039938,8.8524806563132,88.94979778748642,3.639681553274087,3.639681553274087
fixed,0.01,1.0,1,55.0,,16.0,0.45629776068916605,10.328201029786769,0.04417979078575183,4.757602706308422,130.4268646837262,11.420458164352523,163.77601140472476,6.213458279220958,6.213458279220958
fixed,0.01,1.0,1,60.0,,21.0,0.6173888579600433,11.452071822246573,0.05391066940051106,4.306878674489966,176.47268948411192,13.284302370998333,245.70846607556626,8.568429218857306,8.568429218857176
fixed,0.01,1.0,2,5.0,7.5,34.0,1.3820280278386816,26.770027819383248,0.051625946643133594,4.401148129806418,395.03499272884443,19.87548723248928,1285.7097678799194,20.329690735477953,20.329690735477932
fixed,0.01,1.0,2,5.0,10.0,34.0,1.3691493130167158,26.215647422248658,0.05222641619198571,4.375774039128217,391.35377721543085,19.782663552096086,1247.3509740431239,20.152519766852166,20.152519766852166
fixed,0.01,1.0,2,5.0,12.5,34.0,1.3588209165347656,25.77960195173712,0.0527091504003305,4.3556902917457885,388.40153750179167,19.707905456993437,1217.3506751009077,20.007143840278406,20.00714384027842
fixed,0.01,1.0,2,5.0,15.0,34.0,1.3504930450805335,25.434658221814182,0.05309656742005187,4.339770637688678,386.02112221852553,19.64742024334303,1193.700919144776,19.888117113174605,19.888117113174605
fixed,0.01,1.0,2,5.0,17.5,34.0,1.3438310666460422,25.16356762238869,0.053403837119280345,4.327267756436169,384.11688109648065,19.598899997103935,1175.152317147267,19.79189595644694,19.79189595644694
fixed,0.01,1.0,2,5.0,22.5,34.0,1.3345956362620455,24.79610385868812,0.053822795866150824,4.310393043244611,381.47705172898554,19.531437523361806,1150.0333040942717,19.657248605370427,19.65724860537041
fixed,0.01,1.0,2,5.0,25.0,34.0,1.331667633343274,24.682191095148625,0.05395256961627763,4.305205962723653,380.6401196346808,19.510000503195297,1142.23858005698,19.614299854776014,19.614299854775993
fixed,0.01,1.0,2,5.0,27.5,34.0,1.329667494902688,24.605568751044366,0.054039291200950246,4.301750105105794,380.068405705283,19.495343179982317,1136.9823693445212,19.584900976037208,19.584900976037208
fixed,0.01,1.0,2,5.0,30.0,34.0,1.3284663019566796,24.560586324377923,0.05408935619090223,4.299758798961117,379.7250601022025,19.486535353987442,1133.8785586647025,19.567224155306164,19.567224155306164
fixed,0.01,1.0,2,5.0,35.0,34.0,1.3280114769745484,24.546800867126112,0.0541012038254266,4.299287970620483,379.595054212387,19.48319928072356,1132.8541447090993,19.560511319280952,19.560511319280952
fixed,0.01,1.0,2,5.0,40.0,35.0,1.3295251921938716,24.60953287169046,0.05402480409220968,4.3023268378240305,380.0277303004357,19.49429994384091,1137.0438438552885,19.582702308627805,19.582702308627805
fixed,0.01,1.0,2,5.0,45.0,40.0,1.3324053802279516,24.725597160908382,0.053887692643254284,4.307796765010614,380.85099512298774,19.5154040471364,1144.8812347871808,19.62479958997195,19.62479958997195
fixed,0.01,1.0,2,5.0,50.0,45.0,1.336199157502627,24.87793007984707,0.0537102224025079,4.314907843803015,381.93539771680486,19.54316754563612,1155.2147000063574,19.679995943182902,19.679995943182885
fixed,0.01,1.0,2,5.0,55.0,50.0,1.3405742030215613,25.054073546144608,0.05350723508304911,4.323084704947125,383.18594838578326,19.575135973621826,1167.2032173782918,19.743293472865194,19.743293472865194
fixed,0.01,1.0,2,5.0,60.0,55.0,1.3452916659138494,25.245004513042744,0.053289420693856844,4.331910751491026,384.53437467078993,19.609548048611163,1180.236861598546,19.811111516396828,19.811111516396828
fixed,0.01,1.0,2,7.5,10.0,31.5,1.3430896662054863,25.11609388645509,0.05347526061486033,4.324376963051538,383.90496128606827,19.5934928301737,1172.2881517113296,19.779754823881106,19.779754823881106
fixed,0.01,1.0,2,7.5,12.5,31.5,1.328158534890727,24.51520766128808,0.054176923697367645,4.296282490247762,379.6370888322921,19.48427799104427,1131.5213790671114,19.560035100001073,19.560035100001073
fixed,0.01,1.0,2,7.5,15.0,31.5,1.315510006702249,24.023240951259673,0.05475988894967435,4.273352522483108,376.0216692168302,19.391278173880913,1098.2545808162652,19.37124458699591,19.37124458699587
fixed,0.01,1.0,2,7.5,17.5,31.5,1.304931924478761,23.624411941901265,0.055236588647706315,4.254872742102731,372.99806003520195,19.313157691977818,1071.3370714731589,19.211862773582546,19.211862773582546
fixed,0.01,1.0,2,7.5,22.5,31.5,1.289407541351144,23.060795772882834,0.055913401863926876,4.229042424391732,368.5606141568223,19.197932549022624,1033.3364898852926,18.976051536094722,18.976051536094722
fixed,0.01,1.0,2,7.5,25.0,31.5,1.2841830505375305,22.87732910149446,0.05613343432007722,4.220745762457868,367.0672604411271,19.158999463466955,1020.961871637758,18.89630865805493,18.89630865805493
fixed,0.01,1.0,2,7.5,27.5,31.5,1.2804498223950278,22.74851218167757,0.056287189780540724,4.21497707425665,366.000165040439,19.131130783109477,1012.2617629798777,18.839252472831042,18.839252472831063
fixed,0.01,1.0,2,7.5,30.0,31.5,1.2780471016480108,22.667050035156297,0.056383477323505994,4.211376522963995,365.31337812026953,19.113172895159757,1006.7441929350545,18.802524144669828,18.80252414466981
fixed,0.01,1.0,2,7.5,35.0,31.5,1.2765842737457658,22.620284139839274,0.05643537746271813,4.209439605800133,364.89524751937955,19.10223148010147,1003.5171897006749,18.78025120274498,18.78025120274498
fixed,0.01,1.0,2,7.5,40.0,32.5,1.2785570130601749,22.6916007739865,0.05634494568254101,4.212816257382597,365.45912975984487,19.116985373218363,1008.2367029352916,18.810542535362092,18.810542535362092
fixed,0.01,1.0,2,7.5,45.0,37.5,1.2829004612243542,22.845276121062103,0.05615604969823892,4.21989577946969,366.7006487300773,19.149429462260155,1018.5131557045222,18.87690332541044,18.87690332541044
fixed,0.01,1.0,2,7.5,50.0,42.5,1.2887730134427595,23.05414368518139,0.05590201184835807,4.22947323541369,368.3792424895147,19.193208238580507,1032.5300483788308,18.96624729103812,18.96624729103812
fixed,0.01,1.0,2,7.5,55.0,47.5,1.2955498251603674,23.298109154718883,0.0556075094573914,4.240658281785773,370.31630723325696,19.243604320221745,1048.94342692155,19.068858645890476,19.068858645890476
fixed,0.01,1.0,2,7.5,60.0,52.5,1.3027885511214212,23.56264356115169,0.05529042391785618,4.252800791908909,372.38540424126984,19.297290075066755,1066.7808650019804,19.17787736633227,19.17787736633227
fixed,0.01,1.0,2,10.0,12.5,29.0,1.299993531474741,23.43077105602032,0.05548231973956827,4.245439874207597,371.58648371030927,19.27657863082319,1058.5345604507133,19.135669571133196,19.135669571133196
fixed,0.01,1.0,2,10.0,15.0,29.0,1.2819256269909036,22.77904804444608,0.05627652325459927,4.215376503979227,366.4220048628287,19.142152566073353,1014.7888116414601,18.859230098162115,18.859230098162133
fixed,0.01,1.0,2,10.0,17.5,29.0,1.2661288975938834,22.23601725785219,0.056940453090662,4.190728645606432,361.906712295101,19.0238458860216,978.3904245466125,18.615580364888757,18.615580364888757
fixed,0.01,1.0,2,10.0,22.5,29.0,1.241576695962273,21.440498882873648,0.057908013369690106,4.1555706187314625,354.88878024332604,18.838491984320985,925.0936693163957,18.2344058555509,18.234405855550925
fixed,0.01,1.0,2,10.0,25.0,29.0,1.232834214618376,21.171275867544114,0.058231455786201786,4.144013639811038,352.38985403882685,18.772049809193103,907.045305810956,18.09820330056936,18.09820330056936
fixed,0.01,1.0,2,10.0,27.5,29.0,1.2263484322121527,20.97645525321337,0.05846309194802059,4.135796009877643,350.5359762924471,18.722606022999233,893.9706286598029,17.997083339921673,17.997083339921673
fixed,0.01,1.0,2,10.0,30.0,29.0,1.2219673384793024,20.84753976931441,0.05861446252175625,4.130452256024795,349.28369681906514,18.689133121123223,885.3024764873687,17.928790820909693,17.928790820909693
fixed,0.01,1.0,2,10.0,35.0,29.0,1.2187000332713251,20.754618359129886,0.05871946244365525,4.126757644391883,348.3497795155972,18.66413082668457,878.9999391528555,17.878044314978187,17.878044314978208
fixed,0.01,1.0,2,10.0,40.0,30.0,1.221212670255131,20.831640139889085,0.05862297265382931,4.1301524420747056,349.067984582813,18.68336116930819,884.0809575993178,17.91753525614835,17.91753525614835
fixed,0.01,1.0,2,10.0,45.0,35.0,1.2277047246840163,21.027542976028613,0.05838555299036121,4.138541371481281,350.9236551064569,18.732956389914992,897.1389794530234,18.018922517970783,18.018922517970783
fixed,0.01,1.0,2,10.0,50.0,40.0,1.236669831884563,21.302164379107474,0.05805371744748397,4.1503524862692815,353.48621605778567,18.80122911029451,915.4924524502438,18.158453613405545,18.158453613405545
fixed,0.01,1.0,2,10.0,55.0,45.0,1.2469786959392017,21.625411688330406,0.05766265696629959,4.164402275240013,356.4328726775038,18.879429882215824,937.1318275461906,18.31832394243436,18.31832394243436
fixed,0.01,1.0,2,10.0,60.0,50.0,1.2578489708784375,21.975570309697705,0.05723851318313024,4.179803140629139,359.54000140071577,18.961540058779924,960.6073905652737,18.486216148233517,18.486216148233538
fixed,0.01,1.0,2,12.5,15.0,26.5,1.2490143990249998,21.667065777229467,0.057645756553599624,4.165012684085389,357.01475230475995,18.89483401104016,940.4697193993411,18.34875160391443,18.34875160391443
fixed,0.01,1.0,2,12.5,17.5,26.5,1.2265360926168623,20.967582833573793,0.05849678059470467,4.1346049235045905,350.5896166131328,18.724038469655333,893.7292464001061,17.9974748723302,17.997474872330223
fixed,0.01,1.0,2,12.5,22.5,26.5,1.1894661973858094,19.90920311711976,0.05974454077285481,4.091201655000317,339.99366233573716,18.438917059733665,822.9685752355185,17.415469962495745,17.415469962495745
fixed,0.01,1.0,2,12.5,25.0,26.5,1.1754908280130474,19.538836777564406,0.06016176097866851,4.076990787025589,335.9989821792242,18.330275016464544,798.169668280866,17.195644698130625,17.195644698130625
fixed,0.01,1.0,2,12.5,27.5,26.5,1.1647472642257581,19.264295269240556,0.06046145202547423,4.066873965154063,332.92807221422805,18.24631667526978,779.7620509873569,17.026649210976032,17.026649210976053
fixed,0.01,1.0,2,12.5,30.0,26.5,1.1571899914223518,19.076575391506257,0.06066025833638801,4.060204163742248,330.76792267542874,18.18702621858309,767.153643741573,16.90784660127341,16.90784660127339
fixed,0.01,1.0,2,12.5,35.0,26.5,1.1508088015436801,18.922937812323973,0.060815546346835794,4.055017134572578,328.9439413620652,18.1368117750079,756.7788863805321,16.807832113124043,16.807832113124043
fixed,0.01,1.0,2,12.5,40.0,27.5,1.1538997913148188,19.001300314803878,0.06072741192432066,4.057958615250497,329.8274611584591,18.161152528362816,761.9538836346582,16.85689743414153,16.85689743414153
fixed,0.01,1.0,2,12.5,45.0,32.5,1.1635229830196545,19.242766802059286,0.06046547229866855,4.066738762239523,332.5781271280148,18.236724682025958,778.0719396891702,17.0085382926049,17.0085382926049
fixed,0.01,1.0,2,12.5,50.0,37.5,1.1770498150913156,19.59124270190774,0.060080405975303335,4.079750184090316,336.4445986477202,18.342426193056365,801.3718788135332,17.221199729665088,17.22119972966511
fixed,0.01,1.0,2,12.5,55.0,42.5,1.1924950350834378,20.00414431535745,0.05961239912511246,4.095733588566438,340.859416758772,18.46237841554473,828.9986602694061,17.46348866440806,17.46348866440806
fixed,0.01,1.0,2,12.5,60.0,47.5,1.2085227451044327,20.45079418532663,0.05909417180343751,4.1136531896465325,345.4407321764524,18.586035945743042,858.8993551657945,17.714266889455626,17.7142668894556
fixed,0.01,1.0,2,15.0,17.5,24.0,1.1862948911613955,19.817587012615604,0.05986071313355236,4.08722980642873,339.08718511091456,18.41432010992843,816.9974555209328,17.36423611277774,17.36423611277774
fixed,0.01,1.0,2,15.0,22.5,24.0,1.1325734429843626,18.474541301035405,0.06130455011193634,4.038812067044114,323.73159791404305,17.99254284180096,727.1387818201354,16.516770241446213,16.516770241446213
fixed,0.01,1.0,2,15.0,25.0,24.0,1.111089853513933,17.9904968879718,0.06175982022246381,4.0238982314712315,317.59078930575976,17.821077108462323,694.6557105561748,16.17793497786182,16.17793497786182
fixed,0.01,1.0,2,15.0,27.5,24.0,1.093969437564979,17.624335831372136,0.062071527008561805,4.013782039127501,312.69713790819253,17.68324455263209,670.0314976765574,15.908190831437116,15.908190831437116
fixed,0.01,1.0,2,15.0,30.0,24.0,1.0814634660244218,17.367419554934962,0.06226966893980075,4.0073910288137835,309.12246628281514,17.581878917874935,652.716240607231,15.711414104027673,15.711414104027673
fixed,0.01,1.0,2,15.0,35.0,24.0,1.0698967516848898,17.138560578524835,0.062426289931577145,4.002360810580993,305.816269286102,17.487603303085933,637.2259933848034,15.529937336663046,15.529937336663046
fixed,0.01,1.0,2,15.0,40.0,25.0,1.0734980495814415,17.212438958032713,0.062367573369401005,4.004244398227637,306.8456541174672,17.517010421800496,642.1270170604519,15.587168269647659,15.587168269647659
fixed,0.01,1.0,2,15.0,45.0,30.0,1.0876227990501057,17.50059325501947,0.06214776740429396,4.0113193099550495,310.8830326591865,17.631875471973665,661.4672461341517,15.809817071193445,15.809817071193445
fixed,0.01,1.0,2,15.0,50.0,35.0,1.1077808639755302,17.92846257669898,0.061788949232896066,4.022949631498776,316.6449570708759,17.79452042261538,690.1987651386169,16.127281379782147,16.127281379782147
fixed,0.01,1.0,2,15.0,55.0,40.0,1.1305643747954794,18.43867229448823,0.06131484722646938,4.0384729170786535,323.1573315305831,17.976577302995782,724.4396502394868,16.485904987019985,16.485904987019985
fixed,0.01,1.0,2,15.0,60.0,45.0,1.1537642058914934,18.989906895138432,0.060756706826554596,4.056980189655348,329.78870580354686,18.160085512010863,761.4075291134506,16.850769941553185,16.850769941553185
fixed,0.01,1.0,2,17.5,22.5,21.5,1.0713315574423392,17.15654753859148,0.06244447229447036,4.001778071451441,306.22639011617497,17.499325418889008,638.7502247051499,15.54943466970963,15.54943466970963
fixed,0.01,1.0,2,17.5,25.0,21.5,1.0395285691786096,16.55102287676838,0.06280751207453951,3.9901957778175747,297.1359136681934,17.237630744049294,597.9137468733921,15.048872489047675,15.048872489047675
fixed,0.01,1.0,2,17.5,27.5,21.5,1.0132236803883983,16.084941447699983,0.06299206519855136,3.984346285021059,289.61699846339474,17.01813733824577,566.3724055253191,14.635913947702091,14.635913947702118
fixed,0.01,1.0,2,17.5,30.0,21.5,0.9932803043740395,15.750915494680129,0.06306175058265787,3.982144257290298,283.91644012439957,16.84982018077343,543.6944447850681,14.323630561259732,14.323630561259732
fixed,0.01,1.0,2,17.5,35.0,21.5,0.9733993844560402,15.43429487510841,0.06306730513655572,3.9819688928767993,278.23373405979703,16.680339746533853,522.101728112164,14.013414705106651,14.013414705106651
fixed,0.01,1.0,2,17.5,40.0,22.5,0.9772277620914629,15.496758538102963,0.06306013994402021,3.982195111557776,279.32802672312135,16.713109427126998,526.2764453566496,14.073937583830304,14.073937583830304
fixed,0.01,1.0,2,17.5,45.0,27.5,0.9976891383394779,15.829731408480459,0.06302628342796683,3.983264547546481,285.17664878760837,16.887174091232918,548.8403850144306,14.39441932059981,14.39441932059981
fixed,0.01,1.0,2,17.5,50.0,32.5,1.027281245605163,16.338608760289237,0.06287446261042469,3.988070774370039,293.63517324808015,17.135786332937283,583.2862020874607,14.8583381082514,14.8583381082514
fixed,0.01,1.0,2,17.5,55.0,37.5,1.0602959177192788,16.949540827814978,0.06255602605937763,3.9982083705452345,303.07199398965435,17.408963036024126,624.5429307243216,15.376736145929902,15.376736145929902
fixed,0.01,1.0,2,17.5,60.0,42.5,1.093198450700371,17.609243287812276,0.06208094424233416,4.013477596614645,312.47676119779334,17.6770122248584,668.9859107374413,15.894023355062629,15.894023355062629
fixed,0.01,1.0,2,22.5,25.0,16.5,0.8807712707338631,14.111567207934254,0.06241484434405328,4.002727768726219,251.75717534054218,15.866857765182814,431.9322770873768,12.569018756979503,12.569018756979474
fixed,0.01,1.0,2,22.5,27.5,16.5,0.8255898314046684,13.441852526673602,0.061419348989761126,4.035035830761135,235.98426839142198,15.361779466957008,385.6565676590581,11.718645988455446,11.718645988455446
fixed,0.01,1.0,2,22.5,30.0,16.5,0.7804943607660639,12.946422990197924,0.060286486959138956,4.072771185070117,223.09430627995582,14.936341797105335,351.1533630086164,11.02884714601204,11.02884714601204
fixed,0.01,1.0,2,22.5,35.0,16.5,0.7294235090315224,12.43466345295668,0.058660494656015964,4.128831311221873,208.49635809278243,14.439402968709699,315.203522317164,10.253931144716898,10.253931144716898
fixed,0.01,1.0,2,22.5,40.0,17.5,0.731160381406641,12.452816067305475,0.05871446084603164,4.126933409794354,208.99282079270967,14.456583994592556,316.41531386972554,10.2810990355631,10.281099035563138
fixed,0.01,1.0,2,22.5,45.0,22.5,0.7714549143384282,12.856072799253347,0.060007043082645935,4.082243315194043,220.51049641366944,14.849595833344067,344.664173947476,10.893252829026345,10.893252829026345
fixed,0.01,1.0,2,22.5,50.0,27.5,0.8311831692155207,13.511515744179121,0.0615166488314682,4.031843494024122,237.58305229227784,15.41372934407108,390.28160498171957,11.806681101406529,11.806681101406529
fixed,0.01,1.0,2,22.5,55.0,32.5,0.8957667515096379,14.311971730764146,0.062588633373566,3.997166745141253,256.04344126272304,16.00135748187394,445.52458919889534,12.802433947089245,12.802433947089245
fixed,0.01,1.0,2,22.5,60.0,37.5,0.9571230789472802,15.178777277445402,0.06305666533295129,3.982304825483625,273.5813608091903,16.540295064151373,504.8726527415641,13.755456270291562,13.755456270291536
fixed,0.01,1.0,2,25.0,27.5,14.0,0.7255612271918974,12.394983594045591,0.058536683141754926,4.133195470629814,207.39237434737382,14.401124065411485,312.5340163737116,10.193642960192363,10.193642960192363
fixed,0.01,1.0,2,25.0,30.0,14.0,0.6622649816509809,11.824949075494398,0.05600573646642041,4.225554852814089,189.2999540828423,13.758631984424989,272.15000139299417,9.241593003133524,9.241593003133524
fixed,0.01,1.0,2,25.0,35.0,14.0,0.5863839460751028,11.218140103386887,0.052271048558046325,4.373905482230427,167.61033293684255,12.946440937062299,228.60209257091543,8.114424188051453,8.114424188051453
fixed,0.01,1.0,2,25.0,40.0,15.0,0.584546736726959,11.205480965753924,0.05216614427470313,4.378301158579129,167.08519019959985,12.926143670855582,227.6286971805799,8.08821155449018,8.08821155449018
fixed,0.01,1.0,2,25.0,45.0,20.0,0.6383645116396426,11.628299831216673,0.0548974932625942,4.267993437298045,182.46831115884868,13.508083178558262,257.9658558745846,8.886833332807539,8.886833332807539
fixed,0.01,1.0,2,25.0,50.0,25.0,0.7192721257989096,12.339201417966947,0.05829162694042639,4.141874271966498,205.59471534697337,14.338574383353924,308.4306675733853,10.10059857773786,10.10059857773786
fixed,0.01,1.0,2,25.0,55.0,30.0,0.8054109860513368,13.217150213800142,0.060936811114577494,4.050980366133297,230.21640416084193,15.172883844570944,369.94115247308224,11.40974412427695,11.40974412427695
fixed,0.01,1.0,2,25.0,60.0,35.0,0.885327986835651,14.171700258196918,0.062471543336769124,4.000910924297584,253.0596542164245,15.907848824288735,436.0169990943698,12.638638988321311,12.638638988321281
fixed,0.01,1.0,2,27.5,30.0,11.5,0.5453977918092883,10.918001141821426,0.04995399659010301,4.47419471078988,155.89496622485194,12.485790572681088,206.93491871469587,7.510235774335451,7.510235774335451
fixed,0.01,1.0,2,27.5,35.0,11.5,0.4390985416752893,10.225649995377498,0.04294089293822726,4.825746056095717,125.5106884403876,11.203155289488206,156.0379329191669,5.968929450887963,5.968929450887963
fixed,0.01,1.0,2,27.5,40.0,12.5,0.43119460254564146,10.179158672246789,0.042360534542140726,4.85869104654266,123.251448776853,11.101866905023362,152.53252876367264,5.85641706838979,5.85641706838979
fixed,0.01,1.0,2,27.5,45.0,17.5,0.49978287651233333,10.60934562054319,0.04710779480542032,4.607375543249592,142.8565275176141,11.952260351816895,184.2668620341604,6.846597320659068,6.846597320659068
fixed,0.01,1.0,2,27.5,50.0,22.5,0.6047299270950834,11.359250104814247,0.053236782491371364,4.334051824330397,172.85429639695084,13.147406451348147,238.7197734460205,8.386110277336252,8.386110277336252
fixed,0.01,1.0,2,27.5,55.0,27.5,0.715034755456349,12.297546587117134,0.058144504710022145,4.147111024828822,204.3835173620232,14.296276346028822,305.57857304704555,10.03500407518754,10.035004075187432
fixed,0.01,1.0,2,27.5,60.0,32.5,0.8152259989096045,13.323660672199445,0.06118633752138544,4.042711696235135,233.02189974776059,15.265054855707548,377.4668833316945,11.5580283713425,11.5580283713425
fixed,0.01,1.0,2,30.0,35.0,9.0,0.30022250090363767,9.46431815829012,0.03172151399418695,5.61465462360119,85.81475272030264,9.263625247186042,98.74380080782501,4.003127158490131,4.003127158490131
fixed,0.01,1.0,2,30.0,40.0,10.0,0.28366909984772426,9.383301434400611,0.030231267942405663,5.751376767323246,81.08317526019364,9.004619662161954,92.50068924168244,3.7734145370190886,3.7734145370190886
fixed,0.01,1.0,2,30.0,45.0,15.0,0.3663099330562778,9.809600167762234,0.03734198405558872,5.174892177720083,104.70499789189589,10.232546012205168,124.87550908438227,4.932443710511002,4.932443710511002
fixed,0.01,1.0,2,30.0,50.0,20.0,0.4956559155228033,10.581546411066952,0.04684153868137933,4.620451582888247,141.67688863066562,11.90281011487059,182.26643744232607,6.785800644147663,6.785800644147663
fixed,0.01,1.0,2,30.0,55.0,25.0,0.6304731299070132,11.561514446198306,0.05453205398314642,4.282270252802873,180.21266086625297,13.42433092806688,253.31364168365917,8.766809974247087,8.766809974247087
fixed,0.01,1.0,2,30.0,60.0,30.0,0.7508778392616333,12.64099296767759,0.05940022600926935,4.10304189354831,214.6288033223544,14.650215128876244,329.8585510973393,10.575635903299847,10.575635903299847
fixed,0.01,1.0,2,35.0,40.0,5.0,0.06483679315502289,8.447289008100597,0.0076754557696377046,11.414264005316756,18.53276604860993,4.304969924239881,19.03339013225575,0.8052202111842549,0.8052202111842549
fixed,0.01,1.0,2,35.0,45.0,10.0,0.16432798542888105,8.842390898553562,0.018584112296569224,7.3354893257154306,46.97104778009681,6.853542717463488,50.4961783626338,2.136268775613008,2.1362687756131784
fixed,0.01,1.0,2,35.0,50.0,15.0,0.3301307458096465,9.616455687065148,0.03432977352078865,5.3971505281629835,94.36364107204943,9.714094969272713,110.32610295212206,4.421474693070116,4.421474693070033
fixed,0.01,1.0,2,35.0,55.0,20.0,0.5030808709277907,10.628561180189534,0.04733292328085555,4.596405507327835,143.79921693757285,11.991631120809748,185.81875716673738,6.891707630300279,6.891707630300279
fixed,0.01,1.0,2,35.0,60.0,25.0,0.6550413328971887,11.761379223071767,0.05569426174204328,4.2373542594820774,187.23516670121973,13.683390175728372,267.73443248750056,9.130769997075209,9.130769997075209
fixed,0.01,1.0,2,40.0,45.0,6.0,0.10368962052454123,8.595908118622823,0.012062672040421211,9.104964142947436,29.638348618751742,5.444111370898995,30.974501092907698,1.3209370274433163,1.3209370274433163
fixed,0.01,1.0,2,40.0,50.0,11.0,0.27447550305760227,9.337610032327177,0.029394620476477083,5.832652080172699,78.45530348915769,8.857499844152281,89.06695240430852,3.644237535740316,3.644237535740316
fixed,0.01,1.0,2,40.0,55.0,16.0,0.45678567813313364,10.331706031619088,0.044212028171842055,4.755867877010486,130.56632962947802,11.426562459002183,164.006775296254,6.22094035775657,6.22094035775657
fixed,0.01,1.0,2,40.0,60.0,21.0,0.618217653198275,11.459506891959787,0.053948015305268375,4.30538768241257,176.70958997694825,13.293215938099713,246.19804640499297,8.581351715077608,8.581351715077608
fixed,0.01,1.0,2,45.0,50.0,11.0,0.32493299848961543,9.588348650690904,0.03388831699045506,5.432190598730822,92.87793164111558,9.63731973326171,108.27168754200872,4.347122090975112,4.347122090975112
fixed,0.01,1.0,2,45.0,55.0,16.0,0.48872919392435055,10.532867900914347,0.04640039147191094,4.642363870900191,139.69697406948356,11.819347446855243,178.89252323212986,6.681775188836781,6.681775188836726
fixed,0.01,1.0,2,45.0,60.0,21.0,0.6376599744758198,11.614876984040098,0.054900277923909384,4.267885194977798,182.26692824346512,13.500626957421833,257.3837013504421,8.869805699767378,8.869805699767419
fixed,0.01,1.0,2,50.0,55.0,16.0,0.5699127527020256,11.090967383442445,0.05138530598808185,4.411441520991013,162.90225348888475,12.763316711924245,219.66207074877715,7.86691405158722,7.86691405158722
fixed,0.01,1.0,2,50.0,60.0,21.0,0.6943702461927665,12.100234237769309,0.05738485987530556,4.174469931985306,198.47683232941165,14.088180589750106,291.986082075792,9.718145830549643,9.718145830549643
fixed,0.01,1.0,2,55.0,60.0,21.0,0.7675088392682572,12.801974785871156,0.05995237860609716,4.084103982398123,219.38256144762516,14.81156850058849,341.4582604644174,10.824149215410724,10.824149215410724
fixed,0.02,2.0,1,5.0,,34.0,1.2639264559877077,22.170953114446057,0.057008214733184556,4.1882372933348275,361.2771725995552,19.00729261624483,973.830647420336,18.585187507153826,18.585187507153808
fixed,0.02,2.0,1,7.5,,31.5,1.1979097091132558,20.144364445535352,0.059466244882138815,4.100763681555413,342.4071319084737,18.50424632100626,838.6001292519728,17.55089220976335,17.55089220976337
fixed,0.02,2.0,1,10.0,,29.0,1.1236355473335295,18.271093005842708,0.061497992866338905,4.032454995509643,321.17681503531975,17.921406614306807,713.4561214410516,16.377500185700363,16.377500185700363
fixed,0.02,2.0,1,12.5,,26.5,1.0382793936956243,16.528269844863438,0.06281839559984524,3.989850104568033,296.77885287210387,17.227270615860885,596.3742722737652,15.030235603236425,15.030235603236425
fixed,0.02,2.0,1,15.0,,24.0,0.9401096501890884,14.923978703312995,0.06299323182365518,3.984309390105643,268.718290328416,16.3926291463089,487.5738459525724,13.491597062711092,13.491597062711065
fixed,0.02,2.0,1,17.5,,21.5,0.8285926071466916,13.475828234488059,0.06148732328200156,4.032804846097257,236.84257333858835,15.38969048871966,388.0375831924881,11.764866900974228,11.764866900974228
fixed,0.02,2.0,1,22.5,,16.5,0.5726171132736466,11.113643283045878,0.05152379815421891,4.405508716987751,163.6752602855828,12.793563236471018,221.1556537547002,7.909840874303357,7.909840874303357
fixed,0.02,2.0,1,25.0,,14.0,0.43779832487647385,10.216660623222191,0.04285141114322327,4.830781960566924,125.13903813857048,11.186556133974856,155.4391214345166,5.949144251408276,5.949144251408276
fixed,0.02,2.0,1,27.5,,11.5,0.3087395414448584,9.506391908078577,0.03247704748869969,5.548961733047457,88.24923956174109,9.394106639896158,101.99649298441457,4.121316032200947,4.121316032200947
fixed,0.02,2.0,1,30.0,,9.0,0.19455478379686508,8.971195146095834,0.021686607038253224,6.790538172996179,55.61099055476433,7.4572776906029405,60.65540233627383,2.545834996037218,2.545834996037361
fixed,0.02,2.0,1,35.0,,4.0,0.04069181239991271,8.357867169830428,0.00486868378894544,14.331584727300955,11.631232863389764,3.410459333196888,11.81897376023198,0.4866130885908179,0.48661308859006885
fixed,0.02,2.0,1,40.0,,1.0,0.005635914061105973,8.232586929851376,0.0006845860370657172,38.219586274705165,1.610953776119269,1.2692335388411657,1.612419187531588,0.027844232087750897,0.027844232087750897
fixed,0.02,2.0,1,45.0,,6.0,0.07060956041734445,8.468633740305698,0.008337774732337828,10.95153313115334,20.182837557697077,4.492531308482677,20.78041078593386,0.8810355921027954,0.8810355921027954
fixed,0.02,2.0,1,50.0,,11.0,0.1935390302983877,8.966203333539518,0.021585393850530245,6.8064398570391935,55.320650440235084,7.437785318240577,60.30515171094469,2.5311121395193017,2.5311121395193017
fixed,0.02,2.0,1,55.0,,16.0,0.3359747097389565,9.644468212189999,0.034836001565571616,5.35779199834837,96.0340632355803,9.799697099175072,112.60615864656229,4.500732896215727,4.500732896215727
fixed,0.02,2.0,1,60.0,,21.0,0.47398145366022204,10.436490396949075,0.045415789756179166,4.692416623126883,135.4815215962672,11.639652984357705,171.9068160045694,6.466348796453402,6.466348796453345
fixed,0.02,2.0,2,5.0,7.5,34.0,1.3159844397064047,24.031691246885906,0.054760375630114405,4.273333532824224,376.1572798083463,19.394774549046613,1099.0371174756647,19.37934739851804,19.37934739851804
fixed,0.02,2.0,2,5.0,10.0,34.0,1.3003320706440102,23.441988710847347,0.05547021145191089,4.245903205795495,371.68325079142255,19.279088432584736,1059.3171330493285,19.14272673924454,19.14272673924454
fixed,0.02,2.0,2,5.0,12.5,34.0,1.288336744539264,23.007076859534408,0.0559974112489376,4.225868950867302,368.25454061686906,19.18995936985978,1030.0732448086733,18.95979683534149,18.959796835341507
fixed,0.02,2.0,2,5.0,15.0,34.0,1.2793136066794222,22.689893238401808,0.056382530902094816,4.211411868310527,365.67539234559393,19.12264083084745,1008.7574185434102,18.821516684109277,18.821516684109277
fixed,0.02,2.0,2,5.0,17.5,34.0,1.2727686003313459,22.46538283659939,0.05665465884061499,4.201285407765095,363.8045861947476,19.07366210759611,993.6662669075523,18.720960850301122,18.720960850301122
fixed,0.02,2.0,2,5.0,22.5,34.0,1.265554341473872,22.224232040063768,0.05694479517638445,4.190568869371835,361.7424827945994,19.019528984562143,977.4281238803192,18.6100836493018,18.6100836493018
fixed,0.02,2.0,2,5.0,25.0,34.0,1.2642359244688532,22.181601153367524,0.05699480013763217,4.188730147101394,361.3656301971846,19.00961941221298,974.536902793034,18.58993574932715,18.58993574932715
fixed,0.02,2.0,2,5.0,27.5,34.0,1.2640807650855193,22.177742424917263,0.05699772054640206,4.188622836134946,361.32127987676233,19.008452853316662,974.2477877188289,18.587741573929712,18.58774157392973
fixed,0.02,2.0,2,5.0,30.0,34.0,1.2648640768753894,22.205038080965643,0.05696293211762794,4.189901679767948,361.54517950902937,19.014341416652574,976.051315013988,18.60001647706498,18.600016477064962
fixed,0.02,2.0,2,5.0,35.0,34.0,1.268513599599858,22.329293368776774,0.05680939287463662,4.195559901174458,362.5883487891624,19.041752776180097,984.3450855909143,18.656574915034636,18.656574915034636
fixed,0.02,2.0,2,5.0,40.0,35.0,1.2740042442449802,22.516844786294826,0.05658005179395382,4.204054424639968,364.1577791652269,19.08291851801571,996.9093726004448,18.741216911371822,18.74121691137184
fixed,0.02,2.0,2,5.0,45.0,40.0,1.2805323976188332,22.742515816105758,0.05630566151841424,4.214285631014872,366.023768109464,19.13174764911622,1012.0601998833259,18.84141123952337,18.84141123952337
fixed,0.02,2.0,2,5.0,50.0,45.0,1.2875676208239677,22.98946278613688,0.05600685987322842,4.225512473711738,368.03469646381325,19.18423041103847,1028.6701549287395,18.948902416953736,18.948902416953718
fixed,0.02,2.0,2,5.0,55.0,50.0,1.2947692278904737,23.246478603607425,0.055697434866094055,4.237233555160125,370.09318351172226,19.237806099233932,1045.988269988502,19.058410598772095,19.058410598772095
fixed,0.02,2.0,2,5.0,60.0,55.0,1.3019245707379699,23.506170724436185,0.05538650195306099,4.249110559795842,372.13844652578246,19.290890247103228,1063.5183302874827,19.166663847829643,19.166663847829643
fixed,0.02,2.0,2,7.5,10.0,31.5,1.2642877009738371,22.165786700404453,0.057037799653227195,4.1871509546445,361.3804298473059,19.01000867562416,973.8819866646726,18.587545257148633,18.587545257148633
fixed,0.02,2.0,2,7.5,12.5,31.5,1.2451221343798968,21.540330815476153,0.057804225248263584,4.159299631959033,355.90219835881607,18.86537034777786,932.0551117258227,18.289366576782488,18.289366576782488
fixed,0.02,2.0,2,7.5,15.0,31.5,1.2297304705981382,21.062869851394925,0.058383804261920046,4.138603350405925,351.5026886038507,18.748404961592083,900.1289891421396,18.048925271504434,18.048925271504455
fixed,0.02,2.0,2,7.5,17.5,31.5,1.2178080868361154,20.707771878746982,0.058809228436884076,4.12360691467812,348.09482806276844,18.657299591922953,876.374022786735,17.862300829131907,17.862300829131907
fixed,0.02,2.0,2,7.5,22.5,31.5,1.203073409668457,20.28663374119784,0.059303747729485094,4.106378053326099,343.8831095081956,18.544085566783703,848.1631243956773,17.6315163722303,17.63151637223028
fixed,0.02,2.0,2,7.5,25.0,31.5,1.19954639702158,20.189128131147214,0.05941546307643439,4.1025157482454855,342.87495816303624,18.516883057443447,841.6119339187661,17.576376486570048,17.57637648657007
fixed,0.02,2.0,2,7.5,27.5,31.5,1.1980888531383709,20.149796862228882,0.05945910330164209,4.101009943716963,342.4583379312411,18.505629898256398,838.9517222349593,17.55373166624806,17.55373166624806
fixed,0.02,2.0,2,7.5,30.0,31.5,1.1983487129133654,20.15807969786939,0.059447563005717505,4.10140797998061,342.5326155162522,18.507636681009604,839.4786236719992,17.558040845121553,17.558040845121553
fixed,0.02,2.0,2,7.5,35.0,31.5,1.2027637227642447,20.283031339962605,0.05929901219422275,4.106542014825099,343.794589477133,18.541698667520542,847.7942221713182,17.627696923218494,17.627696923218494
fixed,0.02,2.0,2,7.5,40.0,32.5,1.210651523822701,20.50799366286933,0.059033152814682285,4.115778657418101,346.0492162799242,18.6023981324969,862.8187966599894,17.75157070123269,17.75157070123267
fixed,0.02,2.0,2,7.5,45.0,37.5,1.2204678155956357,20.793920434668898,0.05869349262108346,4.127670516558651,348.85507742820346,18.677662525814185,881.9419069644823,17.905281642192445,17.905281642192445
fixed,0.02,2.0,2,7.5,50.0,42.5,1.2311747670445703,21.114115625670898,0.058310506055374973,4.141203713125009,351.9155222256889,18.759411563950746,903.3787524587508,18.072454042730133,18.072454042730133
fixed,0.02,2.0,2,7.5,55.0,47.5,1.2421126572500563,21.450649442758284,0.0579055967776021,4.155657330680433,355.04197790586085,18.842557626443945,925.9311673462491,18.24269339922808,18.24269339922808
fixed,0.02,2.0,2,7.5,60.0,52.5,1.252883359427348,21.791695752307852,0.05749361470846808,4.17051985265841,358.1206450316969,18.924075803898507,948.8093111906893,18.409745718490107,18.409745718490107
fixed,0.02,2.0,2,10.0,12.5,29.0,1.204966877545587,20.33022817782438,0.05926971733942119,4.1075567462604035,344.4243330246565,18.558672717213817,851.3235203108231,17.658912448070566,17.658912448070566
fixed,0.02,2.0,2,10.0,15.0,29.0,1.18139601880444,19.683506808020446,0.06001959052962331,4.081816584451425,337.6869052562896,18.376259283550873,808.1188700359563,17.287621440659464,17.287621440659464
fixed,0.02,2.0,2,10.0,17.5,29.0,1.1620497606107452,19.184181004031668,0.06057333176571539,4.063116444460441,332.1570253906632,18.225175592862286,774.7208764281756,16.98256307717839,16.98256307717839
fixed,0.02,2.0,2,10.0,22.5,29.0,1.1359049215361914,18.55142269389599,0.061230070613934116,4.04126770095785,324.6838583450823,18.018986052080795,732.3125421934335,16.570399742234965,16.570399742234965
fixed,0.02,2.0,2,10.0,25.0,29.0,1.1286464833630923,18.38413370501862,0.06139242139296382,4.0359206460508705,322.6091268539872,17.96132308194436,721.0715700313324,16.456144406403816,16.456144406403816
fixed,0.02,2.0,2,10.0,27.5,29.0,1.1247501149705117,18.29614331124168,0.061474710589932514,4.033218527727675,321.4953999044411,17.930292800298638,715.1429633538353,16.394955666248357,16.394955666248357
fixed,0.02,2.0,2,10.0,30.0,29.0,1.123744899427924,18.274277762973806,0.061493259214040474,4.032610198476362,321.2080719294954,17.922278647803,713.6499265453723,16.379363604639646,16.379363604639668
fixed,0.02,2.0,2,10.0,35.0,29.0,1.1284864299258894,18.38390319715816,0.06138448499339,4.036181539692433,322.5633776310134,17.960049488545778,720.9602750102537,16.454554490773823,16.454554490773823
fixed,0.02,2.0,2,10.0,40.0,30.0,1.1393439375336505,18.63747012075163,0.06113189881201011,4.044511337970542,325.6668569762137,18.046242184350007,737.936642868833,16.625964852478088,16.625964852478088
fixed,0.02,2.0,2,10.0,45.0,35.0,1.1535751356700379,18.980107918180167,0.060778112571482364,4.056265702752269,329.73466250481965,18.15859748176658,760.8899260421524,16.850290285964228,16.85029028596425
fixed,0.02,2.0,2,10.0,50.0,40.0,1.1692918968493002,19.373387535470755,0.06035557254550566,4.070439583059777,334.22709718277656,18.281878929223236,787.237504805621,17.097699082257282,17.09769908225726
fixed,0.02,2.0,2,10.0,55.0,45.0,1.185304160590964,19.791179823266045,0.05989052553590304,4.086212405881118,338.8039974795474,18.406629172109362,815.2273921636108,17.349364573834077,17.349364573834077
fixed,0.02,2.0,2,10.0,60.0,50.0,1.2009181892257428,20.21618980564101,0.05940378482648819,4.1029189872815905,343.26706737680115,18.5274679159566,843.703788667738,17.59429748342107,17.594297483421045
fixed,0.02,2.0,2,12.5,15.0,26.5,1.134475317709227,18.51200101767512,0.06128323548740292,4.0395143657895956,324.27522442014435,18.00764349991815,729.8366815502254,16.54600492088422,16.54600492088422
fixed,0.02,2.0,2,12.5,17.5,26.5,1.1055489728573504,17.861848976928442,0.06189443065414736,4.019520184059904,316.0069996098969,17.776585712951093,686.2489115435156,16.089148407283233,16.089148407283254
fixed,0.02,2.0,2,12.5,22.5,26.5,1.0632146198171795,16.99538240759322,0.06255902893612768,3.998112411007171,303.9062675635593,17.43290760497397,627.9559081471292,15.421798858887124,15.4217988588871
fixed,0.02,2.0,2,12.5,25.0,26.5,1.0501140122631432,16.745973981634357,0.06270844642508247,3.9933463529268063,300.16162685757774,17.32517321291703,611.1166774122133,15.215808141473495,15.215808141473495
fixed,0.02,2.0,2,12.5,27.5,26.5,1.042089952831438,16.597511918737915,0.06278591381247697,3.9908820295464453,297.86805234576656,17.25885431729947,601.0705752205679,15.089874414770739,15.089874414770739
fixed,0.02,2.0,2,12.5,30.0,26.5,1.0386270787412428,16.53478676004731,0.06281466424779408,3.9899686064693562,296.87823418471197,17.230154792825047,596.8092006371966,15.035716278790819,15.035716278790819
fixed,0.02,2.0,2,12.5,35.0,26.5,1.0427601526587391,16.611980233677986,0.0627715743692446,3.9913378390354075,298.0596203737456,17.264403273028165,601.9814417874596,15.101160106737462,15.101160106737462
fixed,0.02,2.0,2,12.5,40.0,27.5,1.0571472531393544,16.882874618131446,0.06261654351232497,3.996275815152014,302.17198858861974,17.383094908232533,620.2391145710897,15.327692140717303,15.327692140717303
fixed,0.02,2.0,2,12.5,45.0,32.5,1.077194894426027,17.275745810581924,0.06235301828568305,4.004711726941145,307.9023498189172,17.54714648650649,646.708191313879,15.643298348818709,15.643298348818684
fixed,0.02,2.0,2,12.5,50.0,37.5,1.0996380744905627,17.739032270888238,0.06198974429372866,4.016428846271038,314.3174450955818,17.729000115505155,677.886464930273,15.996718598017292,15.996718598017292
fixed,0.02,2.0,2,12.5,55.0,42.5,1.1224320325996908,18.237138562542597,0.0615464991259683,4.030865645456875,320.83280577895573,17.911806323733956,711.3675007382833,16.35570740081006,16.35570740081006
fixed,0.02,2.0,2,12.5,60.0,47.5,1.1444266576328335,18.74633481668036,0.0610480218572929,4.047288863259922,327.11968735083605,18.086450380072815,745.5582925083899,16.702009655585652,16.702009655585652
fixed,0.02,2.0,2,15.0,17.5,24.0,1.0495913552181544,16.73183605608078,0.062730195998825,3.9926540140197604,300.01223204227165,17.320861180734394,610.2968322731315,15.205914906491076,15.205914906491053
fixed,0.02,2.0,2,15.0,22.5,24.0,0.9857661772635216,15.621479531890522,0.0631032531362427,3.9808345281541,281.76862322873995,16.785965066946254,535.1473106041658,14.203749417854747,14.203749417854747
fixed,0.02,2.0,2,15.0,25.0,24.0,0.9641323693974078,15.281615821047861,0.06309099644223991,3.9812211879309967,275.58487661800547,16.600749278812852,512.0156215077835,13.865643476432457,13.865643476432481
fixed,0.02,2.0,2,15.0,27.5,24.0,0.9496561577707425,15.063575584788543,0.06304320992219946,3.982729777579434,271.44703712453,16.47564982404427,497.13201203667705,13.639981471241464,13.639981471241464
fixed,0.02,2.0,2,15.0,30.0,24.0,0.9419614633204365,14.95082274813149,0.06300398842185191,3.9839692573165264,269.24760736985206,16.408766174513307,489.41299709162854,13.520336405395867,13.520336405395867
fixed,0.02,2.0,2,15.0,35.0,24.0,0.9437968461686856,14.978813010706755,0.06300878751167172,3.9838175341114477,269.7722280255175,16.42474438234938,491.2846456687133,13.549442841086353,13.549442841086353
fixed,0.02,2.0,2,15.0,40.0,25.0,0.9621135692770466,15.253697643638706,0.06307412089541972,3.9817537422522666,275.007828486706,16.58335998785246,510.0100610503649,13.835390086120139,13.835390086120112
fixed,0.02,2.0,2,15.0,45.0,30.0,0.9896075350225364,15.687123955280562,0.06308406422003296,3.9814399274186667,282.8666260939745,16.818639246204626,539.4902394997298,14.265170410332832,14.265170410332832
fixed,0.02,2.0,2,15.0,50.0,35.0,1.020868323934373,16.21380611078751,0.06296290438894296,3.9852688386652275,291.80212180877396,17.0822165367605,575.217345965294,14.754898217837335,14.754898217837335
fixed,0.02,2.0,2,15.0,55.0,40.0,1.0525181942084947,16.787846786707185,0.06269524660195797,3.993766709287308,300.8488314425571,17.34499442036685,614.0473749282775,15.251759597995946,15.251759597995946
fixed,0.02,2.0,2,15.0,60.0,45.0,1.0827241837242438,17.378306852972862,0.06230320323403801,4.006312407565254,309.4828262736043,17.59212398414712,653.8867977010211,15.726712798499129,15.726712798499129
fixed,0.02,2.0,2,17.5,22.5,21.5,0.9057034290037367,14.43749127202058,0.06273274296338191,3.992572961837113,258.8837131259275,16.089863676424592,454.41746730607474,12.954541113623987,12.954541113623987
fixed,0.02,2.0,2,17.5,25.0,21.5,0.8724503917606576,14.003715802841548,0.06230134944495413,4.006372011434414,249.3787587683267,15.791730708453924,424.58172832406154,12.439746409053775,12.439746409053775
fixed,0.02,2.0,2,17.5,27.5,21.5,0.8486106139071099,13.710748965815501,0.06189381893162212,4.01954004731123,242.56446391950126,15.574481176575393,404.34018809686876,12.072219668917104,12.072219668917104
fixed,0.02,2.0,2,17.5,30.0,21.5,0.8342703516371961,13.541410335449518,0.061608822934284255,4.028826307163988,238.4654838066418,15.44232766802472,392.5979055811379,11.851872393757336,11.851872393757336
fixed,0.02,2.0,2,17.5,35.0,21.5,0.831108318453547,13.505522792085072,0.06153840404761073,4.031130757143952,237.56165716163184,15.413035300083882,390.07336736155924,11.803817282820853,11.803817282820853
fixed,0.02,2.0,2,17.5,40.0,22.5,0.8533592681984505,13.770021938958303,0.06197225189482936,4.016995648479819,243.92180586602112,15.61799621801789,408.36058001110297,12.146439696113166,12.146439696113136
fixed,0.02,2.0,2,17.5,45.0,27.5,0.890010041876518,14.231512972917063,0.06253797776597823,3.998785265055706,254.39795962106774,15.949857667736968,440.17284828303724,12.712482929795655,12.712482929795627
fixed,0.02,2.0,2,17.5,50.0,32.5,0.9324601459751005,14.811452675015161,0.06295534721911712,3.9855080276378647,266.53177762340397,16.32580097953555,479.9601763447161,13.371044001695397,13.371044001695424
fixed,0.02,2.0,2,17.5,55.0,37.5,0.9753296022074602,15.45344271678453,0.06311406591284156,3.9804935129022123,278.7854620566523,16.696869828104077,523.7860437054967,14.039118366553657,14.03911836655363
fixed,0.02,2.0,2,17.5,60.0,42.5,1.0157954325465133,16.11887380755068,0.06301900769709338,3.9834944807480883,290.3521008452691,17.03972126665425,569.0078017829059,14.672175112354338,14.672175112354338
fixed,0.02,2.0,2,22.5,25.0,16.5,0.687014494158372,12.038170728901296,0.057069675254645166,4.185981449156162,196.3742849187296,14.013360942997565,287.4111868400381,9.61119298950509,9.61119298950509
fixed,0.02,2.0,2,22.5,27.5,16.5,0.6350152417216877,11.595925121649104,0.05476193016598054,4.273272878484891,181.510965293906,13.47260053938756,255.89795890575348,8.833376238187842,8.833376238187842
fixed,0.02,2.0,2,22.5,30.0,16.5,0.5984285448153874,11.30711466614682,0.05292495587818398,4.346800893735313,171.05312706253852,13.078728036874937,235.14804238234936,8.290466131850216,8.290466131850216
fixed,0.02,2.0,2,22.5,35.0,16.5,0.5728375803925683,11.115409560198646,0.0515354452114611,4.405010864379513,163.73827798491004,12.7960258668428,221.2759638807352,7.913205192867757,7.913205192867757
fixed,0.02,2.0,2,22.5,40.0,17.5,0.5998411884981438,11.31888064121171,0.05299474457872979,4.343937802999416,171.45691314770121,13.094155686706234,235.94839853460385,8.31215867636435,8.31215867636435
fixed,0.02,2.0,2,22.5,45.0,22.5,0.658603291765187,11.79290586678663,0.05584741362347916,4.2315401647869075,188.25330697563996,13.720543246374756,269.9118793369203,9.186215853064445,9.186215853064445
fixed,0.02,2.0,2,22.5,50.0,27.5,0.730254806694798,12.438226003831009,0.058710527246399725,4.1270716595478305,208.73397387173387,14.447628659116827,315.65315763207326,10.263528857111321,10.263528857111357
fixed,0.02,2.0,2,22.5,55.0,32.5,0.8026500526929241,13.179964743647277,0.06089925643236642,4.052229230589652,229.42722675836117,15.146855342227349,367.63576722416605,11.36430302887167,11.36430302887167
fixed,0.02,2.0,2,22.5,60.0,37.5,0.8697021663243574,13.964520766511699,0.06227941372753651,4.0070775006324375,248.59321376245302,15.766839054244608,422.0596730743812,12.394056477336132,12.394056477336132
fixed,0.02,2.0,2,25.0,27.5,14.0,0.5341508520147618,10.837975276466608,0.0492851144599497,4.504453575148876,152.68017268198818,12.356381860479555,201.18210669104718,7.34442008477168,7.34442008477168
fixed,0.02,2.0,2,25.0,30.0,14.0,0.4823124859562382,10.492585961459529,0.04596697970622564,4.664198398268705,137.86284036563205,11.741500771435994,175.86860185626458,6.590332104649345,6.5903321046494
fixed,0.02,2.0,2,25.0,35.0,14.0,0.4381068125177443,10.218552434182826,0.04287366682703523,4.829527970415717,125.22721537569699,11.190496654559036,155.57745196467886,5.953603612650756,5.953603612650756
fixed,0.02,2.0,2,25.0,40.0,15.0,0.46379745503994396,10.37618589541217,0.04469826000756327,4.72992975793531,132.57055616005704,11.51392878908225,167.24123854694543,6.32350447062142,6.32350447062142
fixed,0.02,2.0,2,25.0,45.0,20.0,0.5336380767741642,10.835219871201733,0.0492503228469307,4.506044321454297,152.53360245377235,12.350449483875975,200.93787680959832,7.337621777144645,7.337621777144645
fixed,0.02,2.0,2,25.0,50.0,25.0,0.6219238188394054,11.490414035246147,0.054125448998764696,4.298324942509808,177.7689499085883,13.333002284128968,248.34197927921088,8.638351329370956,8.638351329370956
fixed,0.02,2.0,2,25.0,55.0,30.0,0.7115996838481347,12.260334732372868,0.05804080389169044,4.150814168602969,203.4016461839863,14.26189490158956,303.19032885513195,9.980152105951241,9.980152105951241
fixed,0.02,2.0,2,25.0,60.0,35.0,0.7941580423707246,13.085010631618346,0.06069219695181124,4.059135703786517,226.99989448411662,15.066515671651379,361.12560988393795,11.232656147486521,11.232656147486521
fixed,0.02,2.0,2,27.5,30.0,11.5,0.3779984484333756,9.871512452896166,0.0382918473979614,5.110305226080085,108.04601015358193,10.394518274243493,129.6734259725912,5.0956140632209745,5.0956140632209745
fixed,0.02,2.0,2,27.5,35.0,11.5,0.31100041663285083,9.517774865686178,0.03267574837834005,5.532064416174829,88.89548174747024,9.428440048463491,102.86643021315912,4.152873888439164,4.152873888439164
fixed,0.02,2.0,2,27.5,40.0,12.5,0.33167460398583537,9.623874335434206,0.034463729723136605,5.386651291753469,94.80493313785429,9.736782483852368,110.9275530373277,4.4427270510472265,4.4427270510472265
fixed,0.02,2.0,2,27.5,45.0,17.5,0.4106407625675321,10.056494499718092,0.04083339006241622,4.94871315547196,117.37639714059921,10.83403881941537,143.5112503591051,5.560354898777745,5.560354898777745
fixed,0.02,2.0,2,27.5,50.0,22.5,0.5150424204864652,10.707374558466528,0.04810165346081138,4.559529158536718,147.21827251948196,12.133353721023795,191.6475473480729,7.065274527745082,7.065274527745082
fixed,0.02,2.0,2,27.5,55.0,27.5,0.622156019805528,11.490810023913271,0.0541437913002454,4.297596808697466,177.8353215776979,13.335491051239842,248.44326172335604,8.64043128316502,8.64043128316502
fixed,0.02,2.0,2,27.5,60.0,32.5,0.7205254144605961,12.341743527129452,0.058381168987732324,4.138696755794157,205.95295184245947,14.35106100058318,309.0317428427676,10.113242884547928,10.113242884547928
fixed,0.02,2.0,2,30.0,35.0,9.0,0.20121905472525525,9.000322681997263,0.0223568711739347,6.687972641223152,57.51588695679805,7.583922926612456,62.93677060904109,2.6366124934255506,2.6366124934255506
fixed,0.02,2.0,2,30.0,40.0,10.0,0.21296447688112874,9.052489343549123,0.023525515336053827,6.519742256401975,60.87316529159335,7.802125690579033,66.99655324511623,2.7972879482962956,2.7972879482962956
fixed,0.02,2.0,2,30.0,45.0,15.0,0.29756115157495344,9.450461920206394,0.031486413477708065,5.635577192685641,85.05404013594946,9.222474729482833,97.72519313886673,3.9652436383502563,3.965243638350165
fixed,0.02,2.0,2,30.0,50.0,20.0,0.41570605450156184,10.085228638375916,0.041219298977490056,4.925492921793046,118.82424589765962,10.900653461956288,145.69658362614751,5.631849103611714,5.631849103611714
fixed,0.02,2.0,2,30.0,55.0,25.0,0.5387909943155134,10.868961172273663,0.049571526273361824,4.491421924453316,154.00649786723412,12.409935449760974,203.5099443339007,7.410772951583983,7.410772951583933
fixed,0.02,2.0,2,30.0,60.0,30.0,0.6520248067147778,11.732989920080996,0.05557192251557621,4.242015872996478,186.37293136696343,13.651847177835073,265.8582163780735,9.08383746383761,9.08383746383761
fixed,0.02,2.0,2,35.0,40.0,5.0,0.04883390495407025,8.38769613129109,0.005822087995282849,13.105711921935107,13.958545629947233,3.7361137067743577,14.23447363097281,0.5937633280164311,0.5937633280164311
fixed,0.02,2.0,2,35.0,45.0,10.0,0.1309207763652418,8.704039029146346,0.01504138204422573,8.153726293770482,37.42202538423108,6.117354443240237,39.601047333880096,1.6851268945566196,1.6851268945566196
fixed,0.02,2.0,2,35.0,50.0,15.0,0.263219676506119,9.283174959579064,0.028354488378408677,5.9386686220909635,75.23796978075525,8.673982348423085,84.91651393827269,3.4876635927178077,3.487663592717912
fixed,0.02,2.0,2,35.0,55.0,20.0,0.4076068866092575,10.037312184907861,0.04060916698617152,4.96235648160624,116.50920259535432,10.793942866040858,142.17924870372175,5.514996319622652,5.514996319622652
fixed,0.02,2.0,2,35.0,60.0,25.0,0.5426785598296306,10.894612116516962,0.04981164579571342,4.480583284950258,155.11770862683346,12.454625993053082,205.46209235392206,7.466084721142139,7.466084721142139
fixed,0.02,2.0,2,40.0,45.0,6.0,0.07079319140103668,8.469337386606611,0.00835876387602516,10.937774650472623,20.23532612004635,4.498369273419685,20.836184533089565,0.8834837381637781,0.8834837381637781
fixed,0.02,2.0,2,40.0,50.0,11.0,0.19633653278063634,8.978455573571903,0.02186751732208301,6.762390726278127,56.120280657910385,7.491347052293759,61.26042782516724,2.569289614078233,2.569289614078375
fixed,0.02,2.0,2,40.0,55.0,16.0,0.3424956546042712,9.678760030843101,0.035386315345441725,5.315967636400433,97.8979917200723,9.894341399005409,115.19988837881677,4.5925347331626485,4.5925347331626485
fixed,0.02,2.0,2,40.0,60.0,21.0,0.4837067840348339,10.498653943269122,0.046073219162057165,4.658817746640204,138.26138259505504,11.758460043519944,176.47901427061342,6.607190975720235,6.607190975720235
fixed,0.02,2.0,2,45.0,50.0,11.0,0.2142330060046287,9.05734289669154,0.02365296405890557,6.5021534423383684,61.23575807769033,7.825327985310924,67.431754786071,2.8134315483577255,2.8134315483577255
fixed,0.02,2.0,2,45.0,55.0,16.0,0.3451907946317152,9.692802666923104,0.035613104536800916,5.299014193047651,98.66836294243424,9.933195001732033,116.27486580330515,4.630266283845547,4.630266283845468
fixed,0.02,2.0,2,45.0,60.0,21.0,0.4773263623309827,10.45770929015177,0.04564349123574225,4.68069747017355,136.43762085461512,11.680651559507078,173.4719481396732,6.514700187382875,6.514700187382875
fixed,0.02,2.0,2,50.0,55.0,16.0,0.39892097184621766,9.986928353965501,0.03994431097403622,5.003484202642332,114.0264452227511,10.678316591239984,138.450992317478,5.390464370169938,5.390464370169938
fixed,0.02,2.0,2,50.0,60.0,21.0,0.5125628400553159,10.687370759789651,0.047959676105164356,4.566273068816875,146.50951624402387,12.10411154294374,190.36857694294835,7.025664559435992,7.025664559435939
fixed,0.02,2.0,2,55.0,60.0,21.0,0.5733783217682167,11.113826901619845,0.0515914389205258,4.40261977136887,163.89284197427537,12.802063973214452,221.4533057682676,7.915666453069374,7.915666453069374
nuisance,0.0025,0.25,1,5.0,,34.0,1.2658809366233952,21.862293808372435,0.0579024757291758,4.155769327903667,361.83583583080303,19.021982962635704,961.7581082140006,18.350705613337237,18.350705613337237
nuisance,0.0025,0.25,1,7.5,,31.5,1.2206731588619595,20.645457057699456,0.059125509086597104,4.1125629005105075,348.91377216816903,18.679233714694213,875.7923898956371,17.743466748095056,17.743466748095038
nuisance,0.0025,0.25,1,10.0,,29.0,1.1728722309153463,19.436410895060135,0.06034407469814491,4.070827351569825,335.2504897719697,18.309846798156713,792.216796105863,17.056623336014404,17.056623336014404
nuisance,0.0025,0.25,1,12.5,,26.5,1.1185702532216073,18.18918177625524,0.06149645800350547,4.032505317323962,319.72896565573666,17.880966574985163,707.0558160517471,16.2446836742748,16.244683674274825
nuisance,0.0025,0.25,1,15.0,,24.0,1.0542896604063015,16.890037078874368,0.062420802007887854,4.00253674686543,301.3551823431712,17.359584739940388,618.8249571991306,15.262224756073495,15.262224756073518
nuisance,0.0025,0.25,1,17.5,,21.5,0.9764862023697625,15.54714230612681,0.06280808287095624,3.99017764643605,279.116061384236,16.706766933917404,527.5868411887449,14.061865260174534,14.061865260174509
nuisance,0.0025,0.25,1,22.5,,16.5,0.7670056694264309,12.85705967864613,0.059656382454250055,4.094223463351297,219.23873679949696,14.806712558819292,342.70268261855307,10.845641938524592,10.845641938524556
nuisance,0.0025,0.25,1,25.0,,14.0,0.6320701495308512,11.611105552148484,0.05443668965819494,4.286019535857968,180.66914845028356,13.4413224219302,255.04459476065776,8.814854412884609,8.814854412884609
nuisance,0.0025,0.25,1,27.5,,11.5,0.48102737358268155,10.509760645637481,0.045769584084900373,4.674245483039108,137.49550747012077,11.725847835876124,175.68710507544571,6.5938566650740595,6.5938566650740595
nuisance,0.0025,0.25,1,30.0,,9.0,0.3250256879282081,9.603759418927988,0.03384358913527311,5.435779018516726,92.9044257287628,9.638694192096915,108.47664093018415,4.365151401578242,4.365151401578242
nuisance,0.0025,0.25,1,35.0,,4.0,0.0729535646204369,8.48007888697769,0.008602934665203054,10.781437947550696,20.852841106592606,4.566491115352422,21.49926830065371,0.9159702150884612,0.9159702150884612
nuisance,0.0025,0.25,1,40.0,,1.0,0.0075879882952318845,8.239576261417351,0.0009209197238410677,32.952556451833885,2.1689291683333156,1.4727284774639606,2.172745204984123,0.053510492135469545,0.05351049214228063
nuisance,0.0025,0.25,1,45.0,,6.0,0.12619541230678188,8.68953428571469,0.014522689957532364,8.298058020396395,36.07134065217531,6.005942111956734,38.10810368440596,1.628059649865998,1.6280596498657742
nuisance,0.0025,0.25,1,50.0,,11.0,0.3234613276960603,9.594857004612939,0.03371194875968961,5.446381650974495,92.45727341311967,9.615470524790748,107.85446817207838,4.341865223500906,4.341865223500906
nuisance,0.0025,0.25,1,55.0,,16.0,0.5152616406227197,10.734886701414544,0.04799879635011176,4.564411874921022,147.28093378480142,12.135935636975066,192.22175907965277,7.088767951830993,7.088767951830993
nuisance,0.0025,0.25,1,60.0,,21.0,0.6714893033172582,11.939891002209748,0.056239148514252255,4.21677697357839,191.93660816580257,13.85411881592628,278.6228505895158,9.397852692778267,9.397852692778228
nuisance,0.0025,0.25,2,5.0,7.5,34.0,1.3196217980073408,23.24978206862736,0.05675845881531954,4.197441990477607,377.1969720439731,19.42155946477968,1066.2170848939163,19.00442641371453,19.004426413714512
nuisance,0.0025,0.25,2,5.0,10.0,34.0,1.3067788497047421,22.91628538220418,0.057024025836208664,4.187656614916699,373.52597993155683,19.32682022298435,1040.6952897214114,18.860060386547076,18.860060386547076
nuisance,0.0025,0.25,2,5.0,12.5,34.0,1.296999124562413,22.664582994415646,0.05722581019390395,4.180267031379199,370.73057088581425,19.254364982668587,1021.5618971641792,18.74553865243689,18.74553865243687
nuisance,0.0025,0.25,2,5.0,15.0,34.0,1.289484874776685,22.47357093678939,0.05737783632176537,4.174725420147275,368.58271892501864,19.19850824738783,1007.0837946176077,18.65475936022994,18.65475936022994
nuisance,0.0025,0.25,2,5.0,17.5,34.0,1.2837615029214855,22.33041269028714,0.05748937651653307,4.1706735779109945,366.9467664597571,19.15585462619084,996.2271368328715,18.583807097210336,18.583807097210357
nuisance,0.0025,0.25,2,5.0,22.5,34.0,1.2764944130863154,22.15482631291135,0.05761699031431369,4.166052280219066,364.8695620019823,19.10155915107409,982.798620310981,18.490503062081192,18.49050306208117
nuisance,0.0025,0.25,2,5.0,25.0,34.0,1.2745305037104266,22.110761051550167,0.05764299567703349,4.165112426891041,364.3082036862341,19.086859450581024,979.3348186387756,18.463915329928863,18.463915329928863
nuisance,0.0025,0.25,2,5.0,27.5,34.0,1.2734657511071166,22.08994756719563,0.05764910700821487,4.164891651085445,364.0038578058076,19.078885130054314,977.5955693808564,18.44835297496581,18.448352974965832
nuisance,0.0025,0.25,2,5.0,30.0,34.0,1.2731711832551216,22.088868921228034,0.05763858655666917,4.165271731030241,363.9196593619794,19.07667841533162,977.3217151622396,18.442301228101524,18.442301228101524
nuisance,0.0025,0.25,2,5.0,35.0,34.0,1.2744626966312027,22.134353758004167,0.057578491360757926,4.167444830180678,364.2888219019948,19.086351717968387,980.3276343308763,18.453458440200574,18.453458440200574
nuisance,0.0025,0.25,2,5.0,40.0,35.0,1.2776779529236972,22.227909768965404,0.057480796269363595,4.170984847736292,365.20786169029293,19.110412389330925,986.9548741040849,18.488230593828852,18.488230593828852
nuisance,0.0025,0.25,2,5.0,45.0,40.0,1.2822641685026466,22.355137166188147,0.05735881461922114,4.175417587542274,366.5187726135081,19.144680008125185,996.1669194059375,18.539457521335667,18.539457521335667
nuisance,0.0025,0.25,2,5.0,50.0,45.0,1.2878033947795624,22.50529976330881,0.05722222802289059,4.180397873864356,368.102089426154,19.185986798342014,1007.1905392983997,18.601672002295523,18.601672002295544
nuisance,0.0025,0.25,2,5.0,55.0,50.0,1.2939830483122163,22.670443078552037,0.05707797786874411,4.185676989767043,369.8684641589128,19.231964646361867,1019.4498476159754,18.670794304250094,18.670794304250073
nuisance,0.0025,0.25,2,5.0,60.0,55.0,1.3005719886590463,22.844721302545764,0.05693096323806382,4.1910779084478325,371.7518282800235,19.28086689648636,1032.5177596331584,18.743841654400562,18.743841654400544
nuisance,0.0025,0.25,2,7.5,10.0,31.5,1.2815401785586271,22.222940867477334,0.05766744312559127,4.1642294575708165,366.3118293703101,19.139274525705254,989.7169940758147,18.559309678152868,18.559309678152868
nuisance,0.0025,0.25,2,7.5,12.5,31.5,1.2681552532816305,21.866734020958237,0.05799472623877728,4.152462782299301,362.48592008846754,19.039063004477597,963.6817125605081,18.3901630136593,18.3901630136593
nuisance,0.0025,0.25,2,7.5,15.0,31.5,1.2572741567213237,21.581131735701305,0.058258027063587035,4.143068497143852,359.37569814361683,18.957207023810675,942.9343885800138,18.248279111025628,18.248279111025628
nuisance,0.0025,0.25,2,7.5,17.5,31.5,1.2484838003272858,21.354106386125785,0.058465747887181646,4.135702069855214,356.8630874698425,18.89082019050106,926.4918081686775,18.130898645754204,18.130898645754204
nuisance,0.0025,0.25,2,7.5,22.5,31.5,1.236171298783768,21.044782770798754,0.058740036057727825,4.126034885602676,353.34371676263345,18.797439101181666,904.0664927375336,17.962080997177033,17.962080997177058
nuisance,0.0025,0.25,2,7.5,25.0,31.5,1.232279781734413,20.95083370431579,0.05881769666667576,4.123310057525632,352.2313765073492,18.76782823097412,897.1971860772513,17.907255217259003,17.907255217259003
nuisance,0.0025,0.25,2,7.5,27.5,31.5,1.2296879690163105,20.89088366559308,0.0588624200249406,4.121743325183632,351.49054007159947,18.748080970371326,892.7482443573078,17.869845782395576,17.86984578239555
nuisance,0.0025,0.25,2,7.5,30.0,31.5,1.2282505270367923,20.860661780859118,0.05887879013329214,4.121170299861211,351.0796657112472,18.737119995112568,890.4146792750474,17.84805194777561,17.84805194777563
nuisance,0.0025,0.25,2,7.5,35.0,31.5,1.2282913692184503,20.87409204341522,0.05884286447830997,4.122428168187336,351.0913399252351,18.737431518893807,891.017562855335,17.84405998305826,17.84405998305824
nuisance,0.0025,0.25,2,7.5,40.0,32.5,1.231386320003656,20.963805862373455,0.05873868171111953,4.126082452631585,351.97599192671584,18.76102321108089,897.1017913452939,17.881334465249235,17.881334465249253
nuisance,0.0025,0.25,2,7.5,45.0,37.5,1.236669961028533,21.107625940345677,0.05858877566447343,4.131357606152744,353.4862529719337,18.80123009198956,907.1319661043874,17.947621648642247,17.947621648642247
nuisance,0.0025,0.25,2,7.5,50.0,42.5,1.2434463393717694,21.288177620998667,0.05841018247354501,4.137668742102843,355.4231938411682,18.85267073496931,919.9046272770719,18.032984059499398,18.032984059499377
nuisance,0.0025,0.25,2,7.5,55.0,47.5,1.2511827731716771,21.492290642120878,0.058215422171873685,4.144584269892175,357.6345542537882,18.911228258730002,934.5030674984492,18.12984473563161,18.12984473563159
nuisance,0.0025,0.25,2,7.5,60.0,52.5,1.259487279367879,21.710257037941854,0.058013466960190316,4.1517920205085765,360.00829087761315,18.973884443561186,950.2459362184173,18.23269654343553,18.232696543435512
nuisance,0.0025,0.25,2,10.0,12.5,29.0,1.2435285718880935,21.19643130003294,0.058666883792186326,4.1286064792380746,355.44669895165356,18.853294114070717,916.0006593337132,18.06541877107626,18.06541877107626
nuisance,0.0025,0.25,2,10.0,15.0,29.0,1.2285989404700177,20.80533060605146,0.0590521229262594,4.115117520714535,351.1792552241141,18.73977735257583,888.3048390029447,17.86046959343196,17.86046959343196
nuisance,0.0025,0.25,2,10.0,17.5,29.0,1.2158929254866595,20.480228078961158,0.05936911057820283,4.104116957606106,347.5474037453759,18.642623306428092,865.3810694378506,17.682105459505838,17.682105459505838
nuisance,0.0025,0.25,2,10.0,22.5,29.0,1.1966555744330072,20.005421724095527,0.05981656327652896,4.088737894798327,342.0486535894284,18.494557404529267,831.9441061139256,17.406085384136016,17.406085384136038
nuisance,0.0025,0.25,2,10.0,25.0,29.0,1.1899571452232265,19.846754229855655,0.059957267140093015,4.083937483080442,340.13399348060375,18.442721965062635,820.7257943454149,17.30833287168143,17.30833287168143
nuisance,0.0025,0.25,2,10.0,27.5,29.0,1.1850783019161668,19.73478644854927,0.06005022172425299,4.080775398731658,338.73943867309845,18.404875404987084,812.7495690564507,17.23641535469408,17.23641535469406
nuisance,0.0025,0.25,2,10.0,30.0,29.0,1.1818934567877784,19.66501506263425,0.060101324764988834,4.079040126002343,337.8290915261574,18.380127625404494,807.6996261278607,17.1888068305974,17.1888068305974
nuisance,0.0025,0.25,2,10.0,35.0,29.0,1.1799925821367987,19.633655615613,0.06010050319913167,4.079068005874113,337.2857508783541,18.365341022653354,805.1146260761163,17.158031240897206,17.15803124089718
nuisance,0.0025,0.25,2,10.0,40.0,30.0,1.1829128625387548,19.716667090507755,0.05999557922790346,4.082633310670977,338.1204755902379,18.388052523044355,810.5196120670181,17.196537776437033,17.196537776437033
nuisance,0.0025,0.25,2,10.0,45.0,35.0,1.1893063644263977,19.88161052936384,0.05981941768097056,4.0886403424375,339.9479761335132,18.437678165471734,821.7175735356712,17.284167326269944,17.284167326269944
nuisance,0.0025,0.25,2,10.0,50.0,40.0,1.198004414951478,20.10165643695678,0.059597298297714096,4.096252446387297,342.43420235810265,18.504977772429307,836.8883740858281,17.40335536760251,17.40335536760251
nuisance,0.0025,0.25,2,10.0,55.0,45.0,1.208093706241061,20.356037557870863,0.05934817632392998,4.10484072923765,345.3180969180796,18.582736529318808,854.6162284446266,17.540449128070183,17.540449128070183
nuisance,0.0025,0.25,2,10.0,60.0,50.0,1.2189120844737007,20.629476678370168,0.05908594306474675,4.113939628323254,348.4103916330805,18.665754515504602,873.8519585473043,17.685670388391316,17.685670388391337
nuisance,0.0025,0.25,2,12.5,15.0,26.5,1.201916505849113,20.109520831490386,0.05976853033549059,4.090380520633093,343.5524233841398,18.53516720680285,839.949724295157,17.48298211995754,17.48298211995754
nuisance,0.0025,0.25,2,12.5,17.5,26.5,1.1842925099027748,19.672571063210214,0.06020018970054844,4.075689308102358,338.51483010073673,18.39877251614185,809.6501030876085,17.227006392186983,17.227006392186983
nuisance,0.0025,0.25,2,12.5,22.5,26.5,1.1556360602425397,18.998199375181034,0.06082871525983907,4.0545781720025955,330.3237513706845,18.174810903299228,762.9758578748165,16.802911277307107,16.802911277307107
nuisance,0.0025,0.25,2,12.5,25.0,26.5,1.1448534916128654,18.757723687658896,0.0610337112688193,4.047763319830516,327.2416923715751,18.08982289497537,746.2894759322531,16.641463512144433,16.641463512144455
nuisance,0.0025,0.25,2,12.5,27.5,26.5,1.1365315738272004,18.578404569297433,0.061174874817045706,4.04309043210077,324.8629788681367,18.02395569424583,733.782232010609,16.516300965011187,16.516300965011187
nuisance,0.0025,0.25,2,12.5,30.0,26.5,1.1306454605014298,18.45639883740237,0.06126035043250948,4.040268816876883,323.1805088400264,17.977221944450328,725.1881187426821,16.427443719808508,16.427443719808508
nuisance,0.0025,0.25,2,12.5,35.0,26.5,1.1256705884307354,18.36445820646921,0.061296150192669326,4.039088793502391,321.7585054416242,17.937628200005268,718.4006379298689,16.35151124578197,16.351511245781992
nuisance,0.0025,0.25,2,12.5,40.0,27.5,1.1283114096665592,18.437378983736387,0.061196952704711594,4.042361057967877,322.5133503338246,17.95865669625166,722.9452901862994,16.389291053096752,16.389291053096752
nuisance,0.0025,0.25,2,12.5,45.0,32.5,1.1364772000445986,18.629522246896652,0.06100409795715054,4.048745656570241,324.8474368195081,18.023524539321052,735.7660000262329,16.508496345845376,16.508496345845376
nuisance,0.0025,0.25,2,12.5,50.0,37.5,1.148183401797372,18.90084726583589,0.06074772128722313,4.0572802240134545,328.19350450492334,18.116111738033727,754.1709629507949,16.67847564757758,16.67847564757758
nuisance,0.0025,0.25,2,12.5,55.0,42.5,1.1618523610142353,19.219758275635844,0.060450935144541924,4.067227714596206,332.1006012468678,18.223627554547637,776.0257573263132,16.875015629939124,16.875015629939124
nuisance,0.0025,0.25,2,12.5,60.0,47.5,1.176369932130881,19.56315410335,0.060131915636724396,4.078002430246226,336.2502628202828,18.337127987236244,799.7607043509832,17.08120020289185,17.08120020289183
nuisance,0.0025,0.25,2,15.0,17.5,24.0,1.153136166292625,18.922010385708646,0.06094152485845594,4.050823694198932,329.6091887363276,18.15514221195548,758.2722103526205,16.765176461092707,16.765176461092707
nuisance,0.0025,0.25,2,15.0,22.5,24.0,1.111966082696102,18.015259177130954,0.061723568435121993,4.025079725786721,317.84124818331827,17.82810276454896,696.160415561534,16.14327010442979,16.14327010442979
nuisance,0.0025,0.25,2,15.0,25.0,24.0,1.0953298434769727,17.674907973360334,0.061970893717119016,4.017039667241955,313.08599249632493,17.694236137689725,672.7897279146422,15.889895972927057,15.889895972927036
nuisance,0.0025,0.25,2,15.0,27.5,24.0,1.081867598913462,17.41130229498914,0.062135937943298844,4.0117011299503025,309.2379824877456,17.585163703751682,654.6100071351071,15.684512933079723,15.684512933079723
nuisance,0.0025,0.25,2,15.0,30.0,24.0,1.0718125683471167,17.222569627261347,0.06223302280343583,4.008570738385786,306.36388091624826,17.503253438039692,641.4961654514789,15.531141304126159,15.53114130412618
nuisance,0.0025,0.25,2,15.0,35.0,24.0,1.0619302344294839,17.05134345870819,0.062278390966733585,4.0071104034171166,303.5391424676357,17.422374765445603,629.2625100892667,15.38098231686553,15.38098231686553
nuisance,0.0025,0.25,2,15.0,40.0,25.0,1.0640769465082218,17.10982657663672,0.06219098374504901,4.009925340458988,304.15275259227366,17.439975705036794,632.6971991950985,15.414377806215077,15.41437780621505
nuisance,0.0025,0.25,2,15.0,45.0,30.0,1.0750410126111025,17.33607771607749,0.06201177857054187,4.015715215974489,307.28669031711377,17.529594699168424,647.66905619919,15.580894905948846,15.580894905948846
nuisance,0.0025,0.25,2,15.0,50.0,35.0,1.0914237124769193,17.67220722183162,0.06175933197119899,4.023914137322666,311.9694750305995,17.66265764347482,670.2880096168828,15.82746576414089,15.82746576414089
nuisance,0.0025,0.25,2,15.0,55.0,40.0,1.1104906634758627,18.071721778432686,0.061449079235004284,4.034059598733971,317.4195185156134,17.816271173161162,697.4156898159102,16.111663742245113,16.111663742245113
nuisance,0.0025,0.25,2,15.0,60.0,45.0,1.1303854316296027,18.500943743480292,0.06109879838037716,4.045606751855087,323.1061829208537,17.97515460074972,726.7711922573188,16.404913284522056,16.404913284522056
nuisance,0.0025,0.25,2,17.5,22.5,21.5,1.0652786634535554,17.065104276203044,0.06242438640935032,4.0024218326039795,304.49624797384297,17.44982085792983,631.756101623203,15.42718587982047,15.427185879820492
nuisance,0.0025,0.25,2,17.5,25.0,21.5,1.040473308168686,16.60785545231562,0.06264946796749811,3.995225586797529,297.4059551959757,17.24546187250361,600.5121100691922,15.045630775248076,15.045630775248076
nuisance,0.0025,0.25,2,17.5,27.5,21.5,1.0194880267677366,16.243090449049273,0.06276441234909262,3.9915655574631597,291.4075815605284,17.07066435615581,575.4771212656426,14.722900862665439,14.722900862665439
nuisance,0.0025,0.25,2,17.5,30.0,21.5,1.0030823686074635,15.972560919235976,0.06280034702509336,3.9904233970583425,286.7182345129214,16.93275625859303,556.7861454301741,14.47114792943701,14.47114792943701
nuisance,0.0025,0.25,2,17.5,35.0,21.5,0.9853924925498698,15.701638033668551,0.06275730534845615,3.99179156506263,281.66181024436713,16.782783149536524,537.6894072773022,14.201808359649295,14.201808359649295
nuisance,0.0025,0.25,2,17.5,40.0,22.5,0.98662536477817,15.740278184326776,0.06268157101318529,3.9942023567318623,282.0142109641296,16.793278743715582,539.6869915381817,14.223978163498694,14.223978163498721
nuisance,0.0025,0.25,2,17.5,45.0,27.5,1.0019384920926921,16.00743058592745,0.06259208726311906,3.9970564599316867,286.39127207685414,16.923098772885954,557.3653405669214,14.461144576327367,14.461144576327367
nuisance,0.0025,0.25,2,17.5,50.0,32.5,1.025491138717273,16.42217537261547,0.06244551135578018,4.001744777544709,293.1234941451987,17.120849691098826,585.2479050531539,14.822203288001202,14.822203288001202
nuisance,0.0025,0.25,2,17.5,55.0,37.5,1.0525582375526887,16.918459442713896,0.06221359817758014,4.009196477068279,300.8602773190979,17.345324364770406,618.8483242031307,15.23382430744216,15.23382430744216
nuisance,0.0025,0.25,2,17.5,60.0,42.5,1.080101648160264,17.44897077514814,0.061900593569599476,4.019320084365879,308.7332081062593,17.570805562246125,654.9553804042346,15.649016931826852,15.649016931826877
nuisance,0.0025,0.25,2,22.5,25.0,16.5,0.9156063938556569,14.617258869959155,0.06263872057006373,3.995568317581121,261.7143486625962,16.1775878505603,465.10608908692717,13.113545228713232,13.113545228713232
nuisance,0.0025,0.25,2,22.5,27.5,16.5,0.869533806122901,14.01239106662665,0.062054634500879155,4.014328317667247,248.54509015741866,15.765312878513342,423.4245073320954,12.405132946538641,12.405132946538641
nuisance,0.0025,0.25,2,22.5,30.0,16.5,0.8302493841826923,13.541622740663882,0.06131092263333789,4.03860216900282,237.31614181273383,15.405068705226013,390.7118136091592,11.804754037377545,11.804754037377545
nuisance,0.0025,0.25,2,22.5,35.0,16.5,0.781826437921626,13.016876030866651,0.06006252468470138,4.080357432705136,223.47506345626624,14.949082361679135,353.66688002531345,11.072764706041461,11.07276470604143
nuisance,0.0025,0.25,2,22.5,40.0,17.5,0.7783643943935699,12.997207674470623,0.05988704757887718,4.086331058122211,222.48548270075045,14.915947261262037,351.5687701605284,11.028106475119591,11.028106475119559
nuisance,0.0025,0.25,2,22.5,45.0,22.5,0.8100161523217326,13.35897927052817,0.06063458411891878,4.061063669367499,231.53273189623957,15.21619965353503,376.04881563711893,11.515949337092035,11.515949337092035
nuisance,0.0025,0.25,2,22.5,50.0,27.5,0.8599234111277745,13.961843523914915,0.06159096466414566,4.029410342942374,245.79808196326627,15.6779489080449,417.2341130957528,12.28115499333412,12.28115499333412
nuisance,0.0025,0.25,2,22.5,55.0,32.5,0.9145974582828915,14.687677133717848,0.062269714261575834,4.007389570463524,261.42595736471884,16.16867209651797,466.8317414512614,13.119006747182848,13.119006747182848
nuisance,0.0025,0.25,2,22.5,60.0,37.5,0.9666368128802356,15.453494578430796,0.06255134124998615,3.9983580915028396,276.3007396780159,16.622296462222536,519.119454539735,13.915433081777747,13.915433081777723
nuisance,0.0025,0.25,2,25.0,27.5,14.0,0.7847620408423992,13.025628146324234,0.06024753908423641,4.074087422686174,224.31416791370333,14.977121482905297,355.23351562594706,11.106533822572645,11.106533822572645
nuisance,0.0025,0.25,2,25.0,30.0,14.0,0.7274164183154848,12.447244668830209,0.058439954999602924,4.136614629858615,207.92265694458212,14.419523464545634,314.654245328096,10.238373614805534,10.2383736148055
nuisance,0.0025,0.25,2,25.0,35.0,14.0,0.6523974617331381,11.781359710389403,0.055375396199627176,4.24953662634933,186.47945002613892,13.655747875020941,267.10680279023484,9.118506497005983,9.118506497005983
nuisance,0.0025,0.25,2,25.0,40.0,15.0,0.6438730826105983,11.724278298573493,0.054917928951664266,4.267199274955389,184.04286554531862,13.566239919200848,262.33948307980603,9.000817693300908,9.000817693300908
nuisance,0.0025,0.25,2,25.0,45.0,20.0,0.6890917695739858,12.131921676476217,0.056799886114508466,4.195910997941421,196.9680474634633,14.034530539475245,290.5252815790808,9.685206958185587,9.685206958185624
nuisance,0.0025,0.25,2,25.0,50.0,25.0,0.7604792089258972,12.832014530512627,0.05926421039483632,4.107747582869708,217.37323174139377,14.743582730849166,339.12472769670865,10.765967544387827,10.765967544387827
nuisance,0.0025,0.25,2,25.0,55.0,30.0,0.8362944410776689,13.677142161677224,0.06114540824331933,4.044064517285368,239.04404382228068,15.461049247133284,397.4951565652308,11.919755325009252,11.919755325009252
nuisance,0.0025,0.25,2,25.0,60.0,35.0,0.9057625348278544,14.563963794573159,0.06219203422940125,4.00989147453336,258.9006077679537,16.090388676721073,458.4280823072281,12.980907683422588,12.980907683422588
nuisance,0.0025,0.25,2,27.5,30.0,11.5,0.6193721286388316,11.496216089087651,0.05387617315463887,4.308257274365791,177.03958198006205,13.305622194398204,247.44794250249143,8.617604068505644,8.617604068505686
nuisance,0.0025,0.25,2,27.5,35.0,11.5,0.5090782536611624,10.693934809721636,0.047604390967333175,4.583281092562717,145.513491899257,12.062897326067937,189.19051007096678,7.0005998777365255,7.0005998777365255
nuisance,0.0025,0.25,2,27.5,40.0,12.5,0.49273028040774447,10.596658027670227,0.04649864883070835,4.637456334312535,140.84063334269442,11.867629642969755,181.4493603899931,6.772766729119823,6.772766729119823
nuisance,0.0025,0.25,2,27.5,45.0,17.5,0.5553981552153704,11.042307619572512,0.05029729059811068,4.458899711273431,158.75344188947759,12.59973975483135,213.12850800282715,7.697309276001048,7.697309276001048
nuisance,0.0025,0.25,2,27.5,50.0,22.5,0.6541856418314347,11.830184512265744,0.05529800834071214,4.252509134518704,186.99057838091852,13.674449838326899,268.94891484651293,9.165542011711278,9.16554201171132
nuisance,0.0025,0.25,2,27.5,55.0,27.5,0.7558178316239959,12.785272196385241,0.05911628786735467,4.1128836358509195,216.04083680332388,14.698327687302521,335.8183183037657,10.694737164097234,10.694737164097234
nuisance,0.0025,0.25,2,27.5,60.0,32.5,0.8455063150346862,13.784057338853412,0.061339436876212045,4.03766336784045,241.67713988714146,15.545968605627039,405.0150829360979,12.057246508902844,12.057246508902844
nuisance,0.0025,0.25,2,30.0,35.0,9.0,0.3629269004113358,9.803844736257165,0.037018833954921566,5.197429804439357,103.73800138431703,10.185185387822699,123.64963948693283,4.8977613520474765,4.8977613520474765
nuisance,0.0025,0.25,2,30.0,40.0,10.0,0.33579902364807324,9.666683937549683,0.03473776796856687,5.365362197145305,95.98384561897875,9.797134561644988,112.80652430281752,4.523827116939162,4.523827116939162
nuisance,0.0025,0.25,2,30.0,45.0,15.0,0.4183791100046197,10.138145948564375,0.041267812884846544,4.922596897507184,119.58830454187225,10.935643764400533,147.40282295718472,5.706073900025361,5.706073900025361
nuisance,0.0025,0.25,2,30.0,50.0,20.0,0.5485234592922117,10.996153735859552,0.04988321120897229,4.477368076097192,156.78839820055538,12.521517408068217,209.61061848555295,7.5986168959829605,7.5986168959829605
nuisance,0.0025,0.25,2,30.0,55.0,25.0,0.6786257210954731,12.042884175445067,0.0563507637546795,4.21259877052038,193.9764616914477,13.927543275518754,284.0129192243845,9.52951518614327,9.52951518614323
nuisance,0.0025,0.25,2,30.0,60.0,30.0,0.7896193604841915,13.136460444382752,0.06010898931468549,4.078780056728133,225.7025704574476,15.02340076205942,360.4735642578338,11.203327199219908,11.203327199219942
nuisance,0.0025,0.25,2,35.0,40.0,5.0,0.07982151959003203,8.507961588705337,0.009381979309356348,10.32411336186362,22.815957980364672,4.776605277847927,23.60058575019252,1.0096715932097604,1.0096715932097604
nuisance,0.0025,0.25,2,35.0,45.0,10.0,0.1957300890702467,8.990428775835104,0.02177094040234646,6.777373271149949,55.94693649853116,7.479768478939115,61.152648185246015,2.5800414056589647,2.5800414056589647
nuisance,0.0025,0.25,2,35.0,50.0,15.0,0.3813108259500222,9.9204504064396,0.038436846143850914,5.100657088053826,108.99281079860938,10.439962202930113,131.45823475030312,5.173223470826728,5.173223470826658
nuisance,0.0025,0.25,2,35.0,55.0,20.0,0.560522440150824,11.07476572084148,0.05061257766346993,4.444989832565709,160.2181530396437,12.657730959364072,215.72715790737828,7.767457829478131,7.767457829478131
nuisance,0.0025,0.25,2,35.0,60.0,25.0,0.7067580192095197,12.285797984561764,0.05752642360696686,4.1693304020632125,202.01771842218696,14.213293721800973,301.7528530294874,9.942688680841007,9.942688680841007
nuisance,0.0025,0.25,2,40.0,45.0,6.0,0.13022337731393363,8.706420943953976,0.014957165309628753,8.176648963532822,37.222682806791845,6.101039485759115,39.40087671846681,1.6829950491877665,1.682995049187983
nuisance,0.0025,0.25,2,40.0,50.0,11.0,0.32906204612183343,9.62691373539954,0.034181468242706396,5.4088463331549965,94.05816696812349,9.698358983257089,110.08854813122045,4.4237434021078945,4.4237434021078945
nuisance,0.0025,0.25,2,40.0,55.0,16.0,0.5220405041994298,10.787874610501442,0.04839141379074338,4.545857783237567,149.2185850261611,12.215505925918954,195.7119573955588,7.193013564434298,7.193013564434298
nuisance,0.0025,0.25,2,40.0,60.0,21.0,0.6787768715479354,12.014977841721038,0.056494225831273504,4.207246610023907,194.0196661103789,13.929094231513364,283.41790289540455,9.51336232453478,9.51336232453478
nuisance,0.0025,0.25,2,45.0,50.0,11.0,0.3917855618327606,9.962020647043177,0.03932792108286247,5.042541778667362,111.9868797537414,10.582385352733164,135.6354257318726,5.304428785595566,5.304428785595566
nuisance,0.0025,0.25,2,45.0,55.0,16.0,0.560954694647094,11.05314418981709,0.050750690031157265,4.438937438896808,160.34170744545276,12.662610609406448,215.47202473608792,7.755081374648049,7.755081374648049
nuisance,0.0025,0.25,2,45.0,60.0,21.0,0.7024552514558307,12.215683791403563,0.05750437416775337,4.170129668099511,200.78782742572818,14.169962153292019,298.20417260478047,9.861298881662687,9.861298881662652
nuisance,0.0025,0.25,2,50.0,55.0,16.0,0.6433891809974388,11.688957121907201,0.05504247934930073,4.262368620767033,183.9045484733162,13.56114111988059,261.3525786007561,8.97146696523323,8.97146696523323
nuisance,0.0025,0.25,2,50.0,60.0,21.0,0.757354430717398,12.737460000869618,0.059458827008343235,4.101019471993139,216.4800539533831,14.713261159694785,335.24265685133224,10.685778931279211,10.685778931279211
nuisance,0.0025,0.25,2,55.0,60.0,21.0,0.8230356184788155,13.440711298595499,0.061234528455708995,4.041120597188753,235.25417937421864,15.337997893278596,384.4307805515991,11.68350410957419,11.68350410957419
nuisance,0.005,0.5,1,5.0,,34.0,1.2343946614930572,20.901732963106625,0.059057048698874445,4.114945902285208,352.8358877714115,18.783926314043384,896.6306901247945,17.95687838305851,17.95687838305851
nuisance,0.005,0.5,1,7.5,,31.5,1.1915671643511057,19.80855406262787,0.06015417180798649,4.077247959572309,340.59419680619743,18.455194304211414,820.2544066839866,17.34789448986677,17.34789448986677
nuisance,0.005,0.5,1,10.0,,29.0,1.144876464473054,18.692992499093567,0.06124629133235728,4.040732512582513,327.2482588691242,18.090004391075315,743.7290227349001,16.650778024686947,16.650778024686947
nuisance,0.005,0.5,1,12.5,,26.5,1.0906304242331866,17.5232222221623,0.06223914816613031,4.008373478666292,311.7427237569043,17.656237531164567,664.1540836004584,15.81983769368241,15.81983769368241
nuisance,0.005,0.5,1,15.0,,24.0,1.0255503182083512,16.295053212873224,0.06293629758742722,3.9861111511034046,293.14040984398116,17.121343692712355,580.7510810285787,14.811389516066937,14.811389516066912
nuisance,0.005,0.5,1,17.5,,21.5,0.9463726229217864,15.023529180320068,0.06299269709286939,3.9843263010212566,270.50848078626905,16.447142024870736,494.0960743069021,13.582129745404318,13.582129745404318
nuisance,0.005,0.5,1,22.5,,16.5,0.7345578333186327,12.491577881868196,0.058804247170796554,4.123781564888692,209.96393886290474,14.490132465333254,318.8750682623163,10.33352756529143,10.333527565291464
nuisance,0.005,0.5,1,25.0,,14.0,0.6004165130374948,11.331265728937801,0.052987594448884054,4.344230877934499,171.621362291019,13.100433668051567,236.43312497741024,8.325533111021382,8.325533111021382
nuisance,0.005,0.5,1,27.5,,11.5,0.4528114087639037,10.31358440097529,0.04390436837081434,4.772502155519584,129.4303356845278,11.376745390687434,162.29467017938518,6.1699054691087545,6.1699054691087545
nuisance,0.005,0.5,1,30.0,,9.0,0.30321726975431584,9.482055383226832,0.03197801083198569,5.592091608960119,86.67076900023464,9.309713690561845,99.91568973010166,4.048006029639368,4.048006029639368
nuisance,0.005,0.5,1,35.0,,4.0,0.06732394903008476,8.456980195757835,0.00796075519531849,11.207864337916572,19.243687667585412,4.386762777673921,19.786189594612694,0.8386521956977447,0.8386521956977447
nuisance,0.005,0.5,1,40.0,,1.0,0.0072439377205739675,8.23826197907239,0.0008793041225170674,33.723329456550225,2.070586722651592,1.438953342763966,2.073898877328342,0.048857186361783704,0.048857186361783704
nuisance,0.005,0.5,1,45.0,,6.0,0.11663493831188276,8.647793130863015,0.013487248890774873,8.610697135209945,33.33860173589906,5.7739589309155175,35.051872734022275,1.4950566656869904,1.4950566656872342
nuisance,0.005,0.5,1,50.0,,11.0,0.30195512990480533,9.47481092406425,0.031869251252064114,5.601625493524907,86.31000250619044,9.290317675203063,99.4237717300394,4.029041889166211,4.029041889166302
nuisance,0.005,0.5,1,55.0,,16.0,0.48644792020072725,10.523303369316029,0.046225781309233924,4.651123483500592,139.04490122387466,11.79173020484588,177.89580688992675,6.652769615507888,6.652769615507833
nuisance,0.005,0.5,1,60.0,,21.0,0.6399552440075575,11.640877063390402,0.054974830549509364,4.264990324811225,182.9230016113828,13.524903016708947,258.88839024248165,8.90752189986502,8.907521899864978
nuisance,0.005,0.5,2,5.0,7.5,34.0,1.2889594036345255,22.319903232410333,0.05774932759398574,4.161276118641997,368.4325197361159,19.194596107657905,999.7900649699197,18.672911083892576,18.672911083892593
nuisance,0.005,0.5,2,5.0,10.0,34.0,1.2768375180928906,22.007006955842982,0.058019589881298385,4.151572941351255,364.9676341691507,19.104126103257137,976.5036842985198,18.523947707683863,18.523947707683863
nuisance,0.005,0.5,2,5.0,12.5,34.0,1.2672155576272601,21.757093058258484,0.05824378993250915,4.143574832713396,362.2173201335361,19.032007779883237,958.1392593189315,18.4013365649908,18.4013365649908
nuisance,0.005,0.5,2,5.0,15.0,34.0,1.2594618972967393,21.555576999473622,0.058428586593970315,4.1370170392658405,360.00103573800226,18.973693255083532,943.4566629500646,18.299896010996168,18.29989601099615
nuisance,0.005,0.5,2,5.0,17.5,34.0,1.2532155062963841,21.393678204278842,0.058578777072833356,4.1317101740721425,358.2155849557444,18.92658408048701,931.7265884634729,18.21653624975886,18.216536249758843
nuisance,0.005,0.5,2,5.0,22.5,34.0,1.2443561823576563,21.16585256844784,0.05879074222659149,4.124255178930263,355.6832607935558,18.859566824122865,915.2879540024269,18.095759060832826,18.09575906083285
nuisance,0.005,0.5,2,5.0,25.0,34.0,1.2414277810146441,21.091475496291217,0.05885921927239942,4.121855393447842,354.84621481479,18.837362204268146,909.9252000070569,18.0550599763647,18.0550599763647
nuisance,0.005,0.5,2,5.0,27.5,34.0,1.2393345070439088,21.038946902390038,0.058906679730396566,4.120194592289129,354.24787928819285,18.821473887243602,906.1285405880153,18.025584553050397,18.025584553050397
nuisance,0.005,0.5,2,5.0,30.0,34.0,1.2379721170688032,21.00543826762692,0.05893579087929511,4.119176888008101,353.8584575810576,18.811125898814712,903.6908408124168,18.00604101294963,18.00604101294963
nuisance,0.005,0.5,2,5.0,35.0,34.0,1.2370777533460964,20.985775011478896,0.058948394932731046,4.1187364934800215,353.6028151775899,18.80432969232325,902.1926394441373,17.99203461397506,17.99203461397506
nuisance,0.005,0.5,2,5.0,40.0,35.0,1.2381097479230885,21.015709756063032,0.058913534793460585,4.119954876445201,353.8977975961851,18.812171527928005,904.2332547311462,18.004515921462314,18.004515921462314
nuisance,0.005,0.5,2,5.0,45.0,40.0,1.2405597245629192,21.082090793415627,0.058844245417554675,4.122379795944644,354.59809200744604,18.830775130287282,908.8843532431424,18.03642389489208,18.03642389489208
nuisance,0.005,0.5,2,5.0,50.0,45.0,1.2440276895314721,21.174718301076275,0.058750613436413,4.125663446094074,355.58936533080885,18.85707732738053,915.4296157474987,18.08210967101059,18.08210967101059
nuisance,0.005,0.5,2,5.0,55.0,50.0,1.2482052084316335,21.28578224996722,0.05864032591207945,4.129541284957133,356.7834555483066,18.88871238460437,923.3213452803177,18.137188233521915,18.137188233521915
nuisance,0.005,0.5,2,5.0,60.0,55.0,1.2528587239165496,21.409372012465905,0.05851917203302624,4.133813827136919,358.1136032867879,18.923889750439468,932.1446260717191,18.198338187793883,18.198338187793883
nuisance,0.005,0.5,2,7.5,10.0,31.5,1.2540715220669587,21.409263181669893,0.05857611779655571,4.131803960025918,358.4602660887556,18.93304693092888,933.0422220830386,18.231798497243513,18.231798497243513
nuisance,0.005,0.5,2,7.5,12.5,31.5,1.2411339817608402,21.070160248324385,0.05890481928629575,4.120259657688629,354.7622360649005,18.835133024879344,908.7904934153892,18.056973904706354,18.056973904706354
nuisance,0.005,0.5,2,7.5,15.0,31.5,1.2302137080110207,20.786031620348012,0.05918463564765922,4.110508123456236,351.6408158227197,18.752088305645312,888.6472795914601,17.905578575514514,17.905578575514514
nuisance,0.005,0.5,2,7.5,17.5,31.5,1.2210281263961764,20.549532909867324,0.059418777631187525,4.102401321432491,349.015235086774,18.681949445568414,871.9767254196072,17.775865127733656,17.775865127733656
nuisance,0.005,0.5,2,7.5,22.5,31.5,1.2072257950809693,20.200298471375806,0.059762770178452086,4.090577638892281,345.0700156404862,18.576060283076337,847.4684970361029,17.5773775861332,17.5773775861332
nuisance,0.005,0.5,2,7.5,25.0,31.5,1.2023733396512748,20.079866326925256,0.05987954900073227,4.086586911030593,343.68300346940583,18.538689367628063,839.0298763030975,17.506613629860276,17.506613629860276
nuisance,0.005,0.5,2,7.5,27.5,31.5,1.1987410393492943,19.99088477757828,0.059964381401157334,4.083695213765266,342.6447569979317,18.510666033342282,832.7883861120537,17.45324584763465,17.453245847634673
nuisance,0.005,0.5,2,7.5,30.0,31.5,1.196217718936252,19.930018190561583,0.06002090452194139,4.08177190414351,341.92349820944133,18.491173521695192,828.5051194534489,17.415859586838227,17.415859586838227
nuisance,0.005,0.5,2,7.5,35.0,31.5,1.1940447094578972,19.87995600604941,0.060062744057107216,4.080349981175422,341.3023713102828,18.474370660736533,824.9227441583564,17.382812665867835,17.382812665867835
nuisance,0.005,0.5,2,7.5,40.0,32.5,1.194963492483088,19.906105954688222,0.06002999758984273,4.0814627484196,341.5649936582849,18.48147704211665,826.643430750574,17.39478071749939,17.39478071749939
nuisance,0.005,0.5,2,7.5,45.0,37.5,1.1981615298220787,19.988304809512677,0.0599431288065939,4.0844190784442285,342.4791116294887,18.506191170240534,832.2783643331885,17.43980063479288,17.439800634792856
nuisance,0.005,0.5,2,7.5,50.0,42.5,1.202955200429127,20.110164484620416,0.059818267590456914,4.088679647185524,343.84932091269786,18.543174510118213,840.7025155097193,17.507680117525723,17.507680117525723
nuisance,0.005,0.5,2,7.5,55.0,47.5,1.2088045364329774,20.25890211474433,0.05966782057519372,4.093831020094555,345.52127861486053,18.588202673062842,851.0385977003996,17.59034121490888,17.59034121490888
nuisance,0.005,0.5,2,7.5,60.0,52.5,1.2153030042031396,20.42486108286239,0.05950116376668273,4.099560216787841,347.3787823098828,18.63810028704328,862.6228401693589,17.68171342672176,17.68171342672176
nuisance,0.005,0.5,2,10.0,12.5,29.0,1.21815423619964,20.469879178437846,0.059509595810550514,4.099269768703842,348.19377042033904,18.65995097582893,866.5523996907579,17.736417463724127,17.736417463724127
nuisance,0.005,0.5,2,10.0,15.0,29.0,1.2033337196672094,20.0916408349914,0.05989225716057474,4.086153334494462,343.95751578389553,18.546091657917998,840.1924269587158,17.522940862785436,17.522940862785436
nuisance,0.005,0.5,2,10.0,17.5,29.0,1.19031534355988,19.766469388979907,0.06021891518085157,4.075055577209413,340.2363798826629,18.445497550423056,817.6518170419206,17.33225125924136,17.33225125924138
nuisance,0.005,0.5,2,10.0,22.5,29.0,1.1696041141233582,19.26551124361538,0.06070973665497545,4.058549297203809,334.3163404876176,18.28431952487206,783.062985173538,17.02415073943014,17.02415073943016
nuisance,0.005,0.5,2,10.0,25.0,29.0,1.161904079005781,19.08512563811857,0.06088008541505849,4.052867199815611,332.11538417167304,18.224033147787924,770.6240698961396,16.908409142095497,16.90840914209552
nuisance,0.005,0.5,2,10.0,27.5,29.0,1.1559292966206653,18.94774242014231,0.06100617535268266,4.048676721600198,330.407569229778,18.177116636853548,761.1425716611099,16.81819778293851,16.81819778293851
nuisance,0.005,0.5,2,10.0,30.0,29.0,1.1516001639794715,18.849979956287534,0.06109291185720056,4.045801651586964,329.1701421682512,18.143046661689738,754.379504946106,16.752579160828386,16.752579160828386
nuisance,0.005,0.5,2,10.0,35.0,29.0,1.1473961703760533,18.758234459874416,0.06116759937244835,4.0433308731685145,327.96848449626054,18.109900179080515,747.9673248067786,16.68833070735059,16.68833070735059
nuisance,0.005,0.5,2,10.0,40.0,30.0,1.148123164365448,18.77883017619727,0.06113922718257117,4.04426893577295,328.1762864073141,18.1156365167585,749.2629949244949,16.698379478511495,16.698379478511495
nuisance,0.005,0.5,2,10.0,45.0,35.0,1.1524971834615718,18.882236485957144,0.061036052817085115,4.0476856761785385,329.4265436864919,18.150111395980243,756.2590336207403,16.763172238991643,16.763172238991643
nuisance,0.005,0.5,2,10.0,50.0,40.0,1.159349188581709,19.043195277524852,0.06087997164793009,4.052870986634455,331.38510150029003,18.20398586849292,767.240206275317,16.864764357315668,16.864764357315668
nuisance,0.005,0.5,2,10.0,55.0,45.0,1.1677359791830852,19.241660550575098,0.06068790040827239,4.059279389302856,333.78235806636286,18.269711493791107,780.8443648556668,16.988663513104395,16.988663513104395
nuisance,0.005,0.5,2,10.0,60.0,50.0,1.1769578936470764,19.462566221318788,0.06047290374061091,4.06648887626025,336.41832408141244,18.34170995521989,796.0462473779663,17.124146498538895,17.124146498538895
nuisance,0.005,0.5,2,12.5,15.0,26.5,1.1775781988727356,19.44977013362248,0.060544581801359014,4.064081027791074,336.5956303772125,18.346542736363507,795.9421427265661,17.14380120503323,17.14380120503323
nuisance,0.005,0.5,2,12.5,17.5,26.5,1.159681493957393,19.022463545504976,0.060963791108509004,4.050083870699152,331.4800867314306,18.206594594581123,766.6246112077026,16.875334740329336,16.875334740329336
nuisance,0.005,0.5,2,12.5,22.5,26.5,1.1294842388445285,18.337668273975183,0.0615936673065186,4.029321939579906,322.84858851746395,17.967987881715192,719.7829538149774,16.416492024359496,16.416492024359496
nuisance,0.005,0.5,2,12.5,25.0,26.5,1.1176138526637942,18.081499913290173,0.06180979775036977,4.022271101455722,319.4555908183302,17.873320643303252,702.2690032244838,16.23476478568682,16.23476478568682
nuisance,0.005,0.5,2,12.5,27.5,26.5,1.1080919435094019,17.881613135958624,0.06196823156190028,4.017125952327018,316.73387516727166,17.797018715708305,688.5884950848099,16.088621648268298,16.08862164826832
nuisance,0.005,0.5,2,12.5,30.0,26.5,1.1009537703165717,17.73536763399124,0.062076738020727946,4.0136135677591005,314.693519878865,17.739603148854965,678.5573336039847,15.97889697014121,15.97889697014121
nuisance,0.005,0.5,2,12.5,35.0,26.5,1.0934997401595163,17.58773712931584,0.062173987029680675,4.010473406503751,312.5628809268476,17.679447981394883,668.3530284042121,15.864149299143865,15.86414929914389
nuisance,0.005,0.5,2,12.5,40.0,27.5,1.0938809906837317,17.600163811781723,0.062151750539473784,4.0111907706707886,312.67185650116846,17.682529697449073,669.0584428255171,15.869734100085829,15.869734100085829
nuisance,0.005,0.5,2,12.5,45.0,32.5,1.100093421051536,17.73104735624371,0.06204334120534371,4.0146936504521635,314.44760007202206,17.732670415705076,677.8619042807393,15.964570522842632,15.964570522842632
nuisance,0.005,0.5,2,12.5,50.0,37.5,1.1101336187168251,17.942797358606832,0.0618707103764015,4.020290621298898,317.31746184892563,17.813406800747735,692.2176638039602,16.1174999851488,16.1174999851488
nuisance,0.005,0.5,2,12.5,55.0,42.5,1.1223565522101728,18.205096090272868,0.061650679932958835,4.027458413002762,320.81123067734865,17.911204054371908,710.0698816590688,16.302950509534792,16.302950509534792
nuisance,0.005,0.5,2,12.5,60.0,47.5,1.1355721367395635,18.49533845847889,0.061397748372589454,4.035745560367999,324.58873607761154,18.016346357616783,729.8847355381471,16.502457618494507,16.502457618494507
nuisance,0.005,0.5,2,15.0,17.5,24.0,1.1287803863773147,18.316411280935654,0.06162672201798547,4.028241191374712,322.6474013138275,17.96238851917605,718.5005607196535,16.405443921833577,16.405443921833577
nuisance,0.005,0.5,2,15.0,22.5,24.0,1.0859406140028478,17.417542249998547,0.062347522883312564,4.004888213643243,310.4022016307801,17.618234918140356,657.3099687052309,15.746204329584078,15.746204329584078
nuisance,0.005,0.5,2,15.0,25.0,24.0,1.0680981259824376,17.06925948177615,0.06257436809855656,3.997622342498326,305.302155189298,17.472897733040675,633.5823985544712,15.470311047888096,15.470311047888073
nuisance,0.005,0.5,2,15.0,27.5,24.0,1.0532940712194734,16.791677876199692,0.06272714847111252,3.9927510021362735,301.07060593859956,17.351386282905455,614.6402603369925,15.241186320919804,15.241186320919804
nuisance,0.005,0.5,2,15.0,30.0,24.0,1.0418353662663875,16.58403149036469,0.0628215984075822,3.9897483968275003,297.79528204021,17.25674598643122,600.4356636868765,15.06384701962824,15.063847019628264
nuisance,0.005,0.5,2,15.0,35.0,24.0,1.0292033877137068,16.364027154539215,0.06289426056276227,3.9874430394318616,294.18459292595736,17.15181019385293,585.2867179806526,14.868644733769141,14.868644733769115
nuisance,0.005,0.5,2,15.0,40.0,25.0,1.0289526416206605,16.36475513330919,0.062876140415099,3.9880175646120883,294.11292037008434,17.14972070822392,585.1701548854477,14.865198217032697,14.865198217032724
nuisance,0.005,0.5,2,15.0,45.0,30.0,1.0380092919309394,16.529770024509624,0.0627963541169553,3.990550260639892,296.7016477456527,17.22502968780178,596.2732448220856,15.00545470853765,15.005454708537675
nuisance,0.005,0.5,2,15.0,50.0,35.0,1.0529394581544582,16.805022871609776,0.06265623475784034,3.9950098414372164,300.9692443404713,17.34846518688242,614.9216429941599,15.235894689845887,15.235894689845887
nuisance,0.005,0.5,2,15.0,55.0,40.0,1.0708871779714892,17.146270796106304,0.06245598186951963,4.001409324649114,306.099369941837,17.49569575472313,638.102824810903,15.512051723686362,15.51205172368634
nuisance,0.005,0.5,2,15.0,60.0,45.0,1.0898609751488564,17.520858533966145,0.062203628494347976,4.009517751071288,311.52278660128167,17.65000811901461,663.5959934085645,15.802917469166688,15.802917469166688
nuisance,0.005,0.5,2,17.5,22.5,21.5,1.0387948441364208,16.518915754345926,0.06288517113256216,3.987731201767773,296.9261877719977,17.23154629660373,596.3326577949815,15.014825255561721,15.014825255561721
nuisance,0.005,0.5,2,17.5,25.0,21.5,1.0126668085031614,16.06366186723674,0.06304084441472121,3.982804499680503,289.45782377467333,17.013460076500408,565.3122541134654,14.609216062958197,14.609216062958197
nuisance,0.005,0.5,2,17.5,27.5,21.5,0.9901985499540609,15.693794876170895,0.0630949083868527,3.9810977662588702,283.03556013472803,16.823660723360064,540.0419889435723,14.26068108014521,14.260681080145185
nuisance,0.005,0.5,2,17.5,30.0,21.5,0.9722286248831649,15.411814676335219,0.06308333219033695,3.9814630280040624,277.8990874462393,16.670305559474286,520.7142368472869,13.98235600287039,13.98235600287039
nuisance,0.005,0.5,2,17.5,35.0,21.5,0.9514592277067031,15.1021155640662,0.06300171811495035,3.9840410391003296,271.96242154850273,16.491283198966137,499.3502157533509,13.661735459350005,13.661735459349979
nuisance,0.005,0.5,2,17.5,40.0,22.5,0.950069701950317,15.086813166345774,0.06297351809656145,3.9849329811338783,271.56524342619724,16.479236736760512,498.1157233844285,13.641387552235683,13.641387552235683
nuisance,0.005,0.5,2,17.5,45.0,27.5,0.9634637871269134,15.292172348979037,0.06300372276351161,3.98397765661024,275.3937709479009,16.59499234552101,512.0140164952275,13.849374986909968,13.849374986909968
nuisance,0.005,0.5,2,17.5,50.0,32.5,0.985777745911981,15.643270822891644,0.06301608896711289,3.9835867318726197,281.77192997858003,16.78606356411711,535.9001071341662,14.194890130409338,14.194890130409338
nuisance,0.005,0.5,2,17.5,55.0,37.5,1.0121008934769429,16.077937279194526,0.06294967295255223,3.9856876499002514,289.2960642200448,17.00870554216413,565.4984365049323,14.601920517077973,14.601920517077973
nuisance,0.005,0.5,2,17.5,60.0,42.5,1.0391763472357816,16.550791053373302,0.06278711053052546,3.9908439963954416,297.03523554168567,17.234710196045818,597.7027847388749,15.019860989772068,15.019860989772068
nuisance,0.005,0.5,2,22.5,25.0,16.5,0.8858112855688793,14.17888104012543,0.0624739909349746,4.0008325499359705,253.19779896292815,15.91219026290624,436.47606972664425,12.642161662143351,12.642161662143382
nuisance,0.005,0.5,2,22.5,27.5,16.5,0.8383372798040725,13.594450791345345,0.061667609282000886,4.026905554459121,239.62796308091762,15.479921287943219,396.05702075634565,11.91223259683671,11.912232596836677
nuisance,0.005,0.5,2,22.5,30.0,16.5,0.7975609355500133,13.134946503364727,0.06072053170111544,4.058188511707274,227.9725678708059,15.098760474648437,364.05705583316603,11.289019131370958,11.289019131370958
nuisance,0.005,0.5,2,22.5,35.0,16.5,0.7458926587979011,12.603539665127725,0.05918120453587212,4.110627277912205,213.20385340196663,14.601501751599615,326.6977439607005,10.505601633314049,10.505601633314049
nuisance,0.005,0.5,2,22.5,40.0,17.5,0.7391867238052272,12.542229016884866,0.058935833719038586,4.119175390917944,211.28704786133378,14.535716283050306,322.1856215177591,10.406477790633708,10.406477790633673
nuisance,0.005,0.5,2,22.5,45.0,22.5,0.7683690657210789,12.839004153853619,0.0598464691274715,4.087716176496524,219.62844615017133,14.819866603656436,342.82973382747554,10.850587028822236,10.850587028822236
nuisance,0.005,0.5,2,22.5,50.0,27.5,0.817029847990719,13.366813138083636,0.061123757738701684,4.044780673235705,233.5375068803861,15.281934003272822,379.5273426117183,11.59270624079135,11.59270624079135
nuisance,0.005,0.5,2,22.5,55.0,32.5,0.8715135699713701,14.017494996017547,0.06217327491245563,4.010496373920375,249.1109802708832,15.783249990761826,424.543145757668,12.427660751433509,12.427660751433509
nuisance,0.005,0.5,2,22.5,60.0,37.5,0.9239675995374541,14.713452419928608,0.06279747085639724,3.990514778122661,264.1042921074325,16.251285860122962,472.4421111780504,13.235002945582492,13.235002945582492
nuisance,0.005,0.5,2,25.0,27.5,14.0,0.7530312923657505,12.66794516740607,0.0594438389505552,4.1015364510771715,215.24434028267004,14.671207867202687,331.50987432772877,10.610167901077531,10.610167901077531
nuisance,0.005,0.5,2,25.0,30.0,14.0,0.6948053649162231,12.115587263920272,0.05734805501218462,4.175809263819728,198.60120543783958,14.092593992513926,292.53976172931914,9.731433804072994,9.731433804073031
nuisance,0.005,0.5,2,25.0,35.0,14.0,0.6174870565321184,11.464932763876599,0.05385875951036364,4.308953692155656,176.50075828693235,13.28535879406094,246.0235273324395,8.578623129302958,8.578623129303
nuisance,0.005,0.5,2,25.0,40.0,15.0,0.6055585572716489,11.375155035735915,0.05323519155292746,4.334116585609063,173.0911497090261,13.156410973705029,239.38158613271273,8.404521988950702,8.404521988950702
nuisance,0.005,0.5,2,25.0,45.0,20.0,0.647437156462515,11.715813097027848,0.05526182016566665,4.253901283374283,185.06161036077566,13.603735162108077,263.60116472340275,9.028970217534413,9.028970217534372
nuisance,0.005,0.5,2,25.0,50.0,25.0,0.716885784143835,12.332767854532399,0.05812853956221784,4.147680492903042,204.91261018023866,14.314768953086134,307.2471019648624,10.071249228607265,10.071249228607265
nuisance,0.005,0.5,2,25.0,55.0,30.0,0.7923236955358004,13.092993972517576,0.060515089000949804,4.065071248016914,226.47556995957734,15.049105287676651,360.5113003592278,11.214435307618125,11.214435307618125
nuisance,0.005,0.5,2,25.0,60.0,35.0,0.8623962575025472,13.901144471200475,0.06203778827629668,4.014873321671643,246.50491339504669,15.70047494170309,416.61479639035326,12.285527604712959,12.285527604712959
nuisance,0.005,0.5,2,27.5,30.0,11.5,0.5880142860593347,11.233102428852149,0.05234656140489059,4.370749541840563,168.07634471869028,12.964426123770009,229.54342991567952,8.13950140172899,8.13950140172899
nuisance,0.005,0.5,2,27.5,35.0,11.5,0.4778001850632705,10.469935310840132,0.04563544767736781,4.681109954398021,136.57305700774205,11.686447578616098,173.84715270728097,6.530238891768398,6.5302388917683425
nuisance,0.005,0.5,2,27.5,40.0,12.5,0.4583422159567567,10.350509094061243,0.04428209393291943,4.752103879097669,131.01124600993575,11.446014415941287,164.86514220519356,6.252071341764679,6.252071341764737
nuisance,0.005,0.5,2,27.5,45.0,17.5,0.5161440354097468,10.727996069217687,0.048111877752336406,4.559044658300195,147.5331550214592,12.146322695427584,192.42734547719613,7.092017950483003,7.092017950483003
nuisance,0.005,0.5,2,27.5,50.0,22.5,0.6114113659734899,11.424592767120991,0.05351712559357739,4.322685211420489,174.76410003738584,13.219837368038453,242.7456781698458,8.49324110260672,8.49324110260672
nuisance,0.005,0.5,2,27.5,55.0,27.5,0.711847663676209,12.284471861716256,0.057946948935968114,4.154174283925825,203.47252803848343,14.264379693435092,303.89308925050665,9.994024732028164,9.994024732028164
nuisance,0.005,0.5,2,27.5,60.0,32.5,0.8019655453726682,13.195135755788895,0.06077736222007677,4.0562907418060075,229.23156911695787,15.14039527611343,367.7450562983969,11.359306551497324,11.359306551497324
nuisance,0.005,0.5,2,30.0,35.0,9.0,0.3380293879416554,9.660087851425164,0.03499237203021767,5.345807407954247,96.62136665672193,9.829616811286284,113.47829585701518,4.535222739762694,4.535222739762694
nuisance,0.005,0.5,2,30.0,40.0,10.0,0.30887118214329345,9.512190089975675,0.0324710901718411,5.549470730544074,88.28686736761884,9.396109161116575,102.10221905031634,4.128895035377941,4.128895035377941
nuisance,0.005,0.5,2,30.0,45.0,15.0,0.3844170394874866,9.91607505320718,0.03876705626216027,5.078887437359108,109.88068211342306,10.482398681285838,132.4706615367492,5.195582423793943,5.195582423793943
nuisance,0.005,0.5,2,30.0,50.0,20.0,0.5084353454144668,10.676295135549669,0.047622825985906954,4.58239390192671,145.32972481968778,12.055277882308967,188.6399077135205,6.979585109894913,6.979585109895017
nuisance,0.005,0.5,2,30.0,55.0,25.0,0.635779069608623,11.618625539260515,0.05472067822999037,4.274883307801074,181.72929570232284,13.480700860946468,256.7073192765302,8.853706415919442,8.853706415919442
nuisance,0.005,0.5,2,30.0,60.0,30.0,0.7465918972768375,12.615349718778326,0.05918122873482557,4.110626437503089,213.40372175621002,14.608344251016609,327.3104240637666,10.51649482753133,10.516494827531366
nuisance,0.005,0.5,2,35.0,40.0,5.0,0.07221555122541834,8.475850813792285,0.008520153647337204,10.83368706500963,20.641889439721655,4.543334616745905,21.271166384318462,0.9040558563117712,0.9040558563117712
nuisance,0.005,0.5,2,35.0,45.0,10.0,0.1769755401742561,8.8986280795106,0.019887957850688066,7.090957861525047,50.586189149328206,7.112396863879869,54.72850343657413,2.3111085302337155,2.3111085302337155
nuisance,0.005,0.5,2,35.0,50.0,15.0,0.3501839305543655,9.727451181958301,0.03599955671881023,5.270495215816493,100.09558682875655,10.004778199878125,118.37842108835589,4.709331345131826,4.709331345131826
nuisance,0.005,0.5,2,35.0,55.0,20.0,0.5224694511032182,10.76791297261292,0.04852095781532276,4.539785332005089,149.341193999066,12.220523474837975,195.51033022781036,7.180918447719485,7.180918447719485
nuisance,0.005,0.5,2,35.0,60.0,25.0,0.6665427035435632,11.871680455972658,0.05614560685115346,4.220288202669834,190.52268604101752,13.80299554593196,274.9903458603516,9.308919792291384,9.308919792291384
nuisance,0.005,0.5,2,40.0,45.0,6.0,0.11922233610300692,8.658250251140714,0.013769795587428248,8.521896462473942,34.0781762213759,5.837651601575406,35.87277979888567,1.5299089703897868,1.529908970390025
nuisance,0.005,0.5,2,40.0,50.0,11.0,0.304203499394077,9.486840226764627,0.03206583985001104,5.58442792863007,86.95267009827626,9.324841558883254,100.29125414826912,4.061287188015925,4.061287188015925
nuisance,0.005,0.5,2,40.0,55.0,16.0,0.48860676999614405,10.539024021404837,0.04636167153654646,4.644302050734909,139.66198075920713,11.817867013941523,178.9522423568542,6.685542178063922,6.685542178063922
nuisance,0.005,0.5,2,40.0,60.0,21.0,0.6420769417981906,11.661265910327462,0.055060655226938426,4.261665045003543,183.529461722475,13.547304592518579,260.2016478602232,8.940965546889595,8.940965546889595
nuisance,0.005,0.5,2,45.0,50.0,11.0,0.3664155602937711,9.810363121978543,0.03734984686477872,5.174347445480683,104.7351900834829,10.234021207887098,124.92123269349365,4.933656103499856,4.933656103499782
nuisance,0.005,0.5,2,45.0,55.0,16.0,0.5293825687970146,10.808839370327323,0.04897681894045793,4.518608479052084,151.31722005851816,12.301106456677715,198.85017155708874,7.276567999612381,7.276567999612381
nuisance,0.005,0.5,2,45.0,60.0,21.0,0.668390482949742,11.879618079036678,0.05626363394032125,4.21585932207447,191.0508500938305,13.822114530484491,275.9370431447809,9.331739329640719,9.331739329640719
nuisance,0.005,0.5,2,50.0,55.0,16.0,0.6119132602971225,11.413610393019788,0.05361259401944802,4.318834774413149,174.90756009499185,13.225262193808932,242.71140170478682,8.489657413558108,8.489657413558108
nuisance,0.005,0.5,2,50.0,60.0,21.0,0.7249771827335494,12.389060210488612,0.05851752840136992,4.133871881704016,207.22543272700912,14.395326766941038,312.1332051504976,10.180950641366794,10.180950641366794
nuisance,0.005,0.5,2,55.0,60.0,21.0,0.7919166095346215,13.063339848108985,0.06062129736671111,4.061508689457338,226.35920964540398,15.045238769969853,359.5099770776121,11.195730914621857,11.19573091462189
nuisance,0.01,1.0,1,5.0,,34.0,1.2108699134635739,20.259568662333287,0.059767803236345826,4.09040540111198,346.11164015878666,18.604075901769125,852.520740082763,17.631618794742987,17.631618794742987
nuisance,0.01,1.0,1,7.5,,31.5,1.166023267113936,19.159600206856148,0.060858434128321814,4.053588069387123,333.2928012801368,18.256308533768177,776.3739042762029,16.972946217679528,16.972946217679528
nuisance,0.01,1.0,1,10.0,,29.0,1.1161467863766787,18.032837957312406,0.06189523740072625,4.0194939886298515,319.03624872946557,17.86158584027369,699.4596455271915,16.21369407706538,16.213694077065355
nuisance,0.01,1.0,1,12.5,,26.5,1.0577409236503972,16.85879521936433,0.06274119294334012,3.992304093045075,302.3416816927313,17.387975203937096,619.7023070097349,15.309803299177545,15.309803299177545
nuisance,0.01,1.0,1,15.0,,24.0,0.9877840327845506,15.642235946183032,0.06314851893188496,3.9794075117442773,282.3454013584311,16.803136652376278,536.9552639379754,14.221564400418726,14.221564400418726
nuisance,0.01,1.0,1,17.5,,21.5,0.90347886233988,14.404877851384555,0.0627203417940153,3.992967651382061,258.2478492663097,16.070091762846587,452.277357870557,12.913627469487755,12.913627469487755
nuisance,0.01,1.0,1,22.5,,16.5,0.6843940339141659,12.01707266346218,0.056951809569651755,4.190310798527215,195.6252599549341,13.98661002369531,285.81312759958155,9.571998721480826,9.571998721480826
nuisance,0.01,1.0,1,25.0,,14.0,0.55097690346474,10.958075792341024,0.05028044283557855,4.459646683529195,157.48968376158055,12.549489382503998,209.81907303710062,7.591962040861106,7.591962040861106
nuisance,0.01,1.0,1,27.5,,11.5,0.40887291777504386,10.047227457999426,0.04069509916882656,4.95711443180532,116.87108137226528,10.810692918229861,142.7617457038768,5.535930200541264,5.53593020054133
nuisance,0.01,1.0,1,30.0,,9.0,0.2696065499975575,9.314793027225907,0.02894391203428066,5.877889064112085,77.06357568195841,8.778586200633814,87.27320367194987,3.5775879476872174,3.5775879476871157
nuisance,0.01,1.0,1,35.0,,4.0,0.058835487328246394,8.424780111503146,0.006983622901672266,11.966292372277067,16.817369720974128,4.100898647976335,17.225633378616717,0.725773643339898,0.725773643339898
nuisance,0.01,1.0,1,40.0,,1.0,0.006727378770052139,8.236421758712325,0.0008167841530135402,34.99019384248625,1.9229349694649853,1.3866993075158671,1.925580714885048,0.04208058037993818,0.04208058037993818
nuisance,0.01,1.0,1,45.0,,6.0,0.10207196922846151,8.589537197201906,0.011883290902065373,9.173427556132454,29.175963735730218,5.40147792143319,30.468672197136797,1.2992894665350658,1.2992894665350658
nuisance,0.01,1.0,1,50.0,,11.0,0.26847486412234534,9.308539881957692,0.028841780507673134,5.888286953317778,76.7400977839125,8.760142566414801,86.84852864591493,3.5606909272624194,3.5606909272624194
nuisance,0.01,1.0,1,55.0,,16.0,0.4408206837778752,10.233505549293024,0.043076214856631316,4.81816016573172,126.0029406807687,11.225103147889943,156.77025452088802,5.990367566412835,5.990367566412835
nuisance,0.01,1.0,1,60.0,,21.0,0.5897470804211222,11.23770986899326,0.05247929402843315,4.3652187095607795,168.5716417707912,12.983514230391986,230.31429014482885,8.157807591028535,8.157807591028535
nuisance,0.01,1.0,2,5.0,7.5,34.0,1.2624139331925497,21.590119430798936,0.05847183649163512,4.135486741321908,360.844837350666,18.99591633353511,947.1834346962896,18.344037691234128,18.344037691234128
nuisance,0.01,1.0,2,5.0,10.0,34.0,1.2502946230235552,21.276510156356856,0.05876408366952041,4.125190565126975,357.3806879209511,18.904515014169263,924.4640530182198,18.184136165579705,18.184136165579726
nuisance,0.01,1.0,2,5.0,12.5,34.0,1.2406120285802735,21.02510533719206,0.05900622178504431,4.116717791539654,354.61304244021517,18.831172094169155,906.4658309501605,18.052615541272036,18.052615541272036
nuisance,0.01,1.0,2,5.0,15.0,34.0,1.232807580217883,20.822863946502718,0.05920451592946886,4.10981793184019,352.38224093692656,18.771847030511584,892.0989490538365,17.944464408623386,17.944464408623386
nuisance,0.01,1.0,2,5.0,17.5,34.0,1.22655448695299,20.661547193021534,0.059364116128111676,4.104289598736264,350.5948743982805,18.724178871135592,880.6978887600881,17.856570861623922,17.856570861623922
nuisance,0.01,1.0,2,5.0,22.5,34.0,1.2178503768128541,20.438787363627306,0.05958525597169871,4.096666356796006,348.10691611041796,18.65762353866156,865.0203617272537,17.73252551518806,17.73252551518806
nuisance,0.01,1.0,2,5.0,25.0,34.0,1.215075907273386,20.368431527534554,0.05965485882557114,4.094275747746724,347.3138695641303,18.636358806487127,860.0788481811871,17.692557546949004,17.69255754694898
nuisance,0.01,1.0,2,5.0,27.5,34.0,1.2131740562674556,20.32051886231792,0.059701923188445166,4.092661624946949,346.77024983778216,18.621768171625973,856.7126457667052,17.664998544353505,17.664998544353523
nuisance,0.01,1.0,2,5.0,30.0,34.0,1.2120286854846696,20.291934716652392,0.05972957741136577,4.091714083669275,346.44286028436096,18.61297558920553,854.6998448446434,17.648275744628517,17.648275744628517
nuisance,0.01,1.0,2,5.0,35.0,34.0,1.2116005807635388,20.282098356303827,0.05973743739325494,4.091444890195639,346.3204920385711,18.609688123087153,853.9837905615858,17.64164726589811,17.64164726589813
nuisance,0.01,1.0,2,5.0,40.0,35.0,1.2130819975475429,20.320701653769667,0.0596968558574603,4.0928353227965415,346.74393603298313,18.621061624756607,856.6553421403618,17.66255030580438,17.66255030580438
nuisance,0.01,1.0,2,5.0,45.0,40.0,1.2159160118073753,20.393801264374254,0.059621842737648326,4.0954092103604305,347.554002674162,18.642800290572282,861.7455124387515,17.702875991961335,17.702875991961335
nuisance,0.01,1.0,2,5.0,50.0,45.0,1.2196772078783624,20.490888058572494,0.059522906200646715,4.09881140793263,348.6290923486296,18.67161193760811,868.526270448011,17.75637146439696,17.756371464396977
nuisance,0.01,1.0,2,5.0,55.0,50.0,1.2240483232215496,20.604148666127987,0.05940785727457953,4.102778355960019,349.8785196272596,18.705039952570527,876.4567866901156,17.81835861824409,17.818358618244115
nuisance,0.01,1.0,2,5.0,60.0,55.0,1.2287973672192571,20.72783939708215,0.05928246276320698,4.1071151707657325,351.235972966348,18.74129058966719,885.1392053684734,17.88541990493563,17.88541990493563
nuisance,0.01,1.0,2,7.5,10.0,31.5,1.2267773664267931,20.669863373663215,0.05935101477206221,4.1047425715494015,350.6585816383218,18.725879996366572,881.2124633817219,17.862906159910107,17.862906159910107
nuisance,0.01,1.0,2,7.5,12.5,31.5,1.2132889746199171,20.32360115988335,0.05969852316403561,4.092778168460631,346.8030977754612,18.622650127612374,856.9237600925178,17.671011364126773,17.671011364126773
nuisance,0.01,1.0,2,7.5,15.0,31.5,1.201883220332187,20.034629648375805,0.05999028888610491,4.082813323552215,343.54290914588125,18.53491055133208,836.7984378468092,17.505694592943783,17.505694592943783
nuisance,0.01,1.0,2,7.5,17.5,31.5,1.1923407838856717,19.796431106165667,0.06023008781185377,4.074677599976357,340.81532603155046,18.461184307393456,820.2846264633502,17.365621217299417,17.365621217299417
nuisance,0.01,1.0,2,7.5,22.5,31.5,1.1782982060050042,19.453050323210825,0.06057138528033788,4.063181728861422,336.8014351847353,18.35215069643706,796.5631231038138,17.157104743532276,17.15710474353223
nuisance,0.01,1.0,2,7.5,25.0,31.5,1.1735526733856925,19.339246612569546,0.06068244006066616,4.059462016912097,335.44498552814184,18.31515726190037,788.7137439066012,17.08608555551515,17.086085555515176
nuisance,0.01,1.0,2,7.5,27.5,31.5,1.1701513826744598,19.25854112381478,0.060760125865789015,4.056866042676689,334.4727701864011,18.288596725457126,783.1459485945114,17.035015286103068,17.035015286103047
nuisance,0.01,1.0,2,7.5,30.0,31.5,1.167955684342118,19.206986491334575,0.06080889809908769,4.055238796389887,333.84515796922494,18.271430101916625,779.5839076986344,17.00194996719504,17.00194996719504
nuisance,0.01,1.0,2,7.5,35.0,31.5,1.1666170589783664,19.176576325963076,0.060835523460926084,4.054351288478764,333.4625290715584,18.26095641174247,777.4575155272703,16.981597693690638,16.981597693690613
nuisance,0.01,1.0,2,7.5,40.0,32.5,1.1684518464269407,19.221221068132145,0.060789678360454284,4.055879813683109,333.9869795398604,18.27531065508492,780.4930910304528,17.00887175438346,17.008871754383435
nuisance,0.01,1.0,2,7.5,45.0,37.5,1.1725136069246387,19.31895566989479,0.060692390777198985,4.059129222214694,335.1479817021564,18.307047323425927,787.1886206610012,17.06943711714093,17.06943711714095
nuisance,0.01,1.0,2,7.5,50.0,42.5,1.178044283880262,19.452664543994835,0.0605595331794241,4.063579311879087,336.728854800922,18.350173154521514,796.3756710449885,17.15174038480735,17.15174038480735
nuisance,0.01,1.0,2,7.5,55.0,47.5,1.1844734098151763,19.609511277430705,0.06040300510591662,4.068841075757231,338.5665380213727,18.400177662766538,807.1780731500169,17.247075827184812,17.24707582718483
nuisance,0.01,1.0,2,7.5,60.0,52.5,1.1913912207321635,19.780145151939728,0.06023167229464595,4.07462400442807,340.543905578502,18.45383173160799,818.9570763766083,17.349201086451764,17.34920108645172
nuisance,0.01,1.0,2,10.0,12.5,29.0,1.1885641855613638,19.70191665367649,0.0603273380176223,4.071391999491036,339.735833820444,18.43192431138008,813.7825769462266,17.310754333054238,17.310754333054195
nuisance,0.01,1.0,2,10.0,15.0,29.0,1.1726348683744077,19.313446015273804,0.06071598343698186,4.0583405093078575,335.18264273287565,18.307993957090865,787.0455069024433,17.073336802487457,17.073336802487503
nuisance,0.01,1.0,2,10.0,17.5,29.0,1.1587082914935452,18.983138875686898,0.0610388144490471,4.047594108667967,331.2019092846019,18.198953521689152,764.3977671452417,16.86346723814576,16.86346723814576
nuisance,0.01,1.0,2,10.0,22.5,29.0,1.1370165714373368,18.487508923207123,0.06150188087320164,4.032327532249442,325.0016092168231,18.027801008909076,730.5037692080281,16.533499299521683,16.533499299521704
nuisance,0.01,1.0,2,10.0,25.0,29.0,1.129265937568426,18.316288991879183,0.06165364272583294,4.027361641198872,322.7861898965382,17.96625141470914,718.8048286367182,16.414930111783725,16.414930111783725
nuisance,0.01,1.0,2,10.0,27.5,29.0,1.123500992545705,18.191096432599544,0.0617610376982183,4.023858570360754,321.1383542743516,17.92033354249724,710.247324926283,16.32656754008751,16.32656754008751
nuisance,0.01,1.0,2,10.0,30.0,29.0,1.1195962049524493,18.10750967042555,0.06183049051637686,4.021597979837398,320.0222208042354,17.889164899576375,704.5266303854133,16.26664628748273,16.266646287482754
nuisance,0.01,1.0,2,10.0,35.0,29.0,1.116674381135789,18.04642469972446,0.06187787330267357,4.020057921973568,319.1870549270467,17.865806864707977,700.3175283243253,16.22175775878724,16.22175775878724
nuisance,0.01,1.0,2,10.0,40.0,30.0,1.1189397670054266,18.09627509594029,0.06183260152010228,4.021529329315098,319.8345864332925,17.883919772613957,703.6766963440075,16.25644543507183,16.256445435071853
nuisance,0.01,1.0,2,10.0,45.0,35.0,1.124823804555831,18.22438429120068,0.06172081243364322,4.025169590140472,321.5164631276279,17.930880154850957,712.384782056985,16.346475866488476,16.346475866488476
nuisance,0.01,1.0,2,10.0,50.0,40.0,1.1329986650235278,18.404328203619123,0.06156153337891078,4.030373416375347,323.85314218215206,17.995920153805752,724.6472321311883,16.471265575311755,16.471265575311755
nuisance,0.01,1.0,2,10.0,55.0,45.0,1.142458162556784,18.616101777759447,0.06136935520634467,4.03667904209934,326.55701827149034,18.070888696228813,739.1053054278051,16.615209914776912,16.615209914776912
nuisance,0.01,1.0,2,10.0,60.0,50.0,1.1524972463867804,18.84527225484785,0.061155775878499526,4.043721711049338,329.426561672856,18.15011189146932,754.7786075293732,16.767387933037163,16.767387933037163
nuisance,0.01,1.0,2,12.5,15.0,26.5,1.144148788633333,18.645373347032272,0.06136368349070595,4.036865588647249,327.04026205989686,18.08425453425982,741.3629176287159,16.642326834783496,16.642326834783496
nuisance,0.01,1.0,2,12.5,17.5,26.5,1.1245847032692793,18.209295044751315,0.061758827044401804,4.0239305866143855,321.44811909039294,17.928974289969656,711.6436440480247,16.34280840198536,16.34280840198536
nuisance,0.01,1.0,2,12.5,22.5,26.5,1.092247925176795,17.529436882091872,0.06230935611472145,4.006114596415126,312.20506566359956,17.66932555768894,665.3749760237865,15.844186552655806,15.844186552655827
nuisance,0.01,1.0,2,12.5,25.0,26.5,1.0800159040680704,17.285440319684376,0.06248124919549582,4.0006001607894826,308.70869925683365,17.570108117391698,648.7656808379031,15.654894162685684,15.654894162685684
nuisance,0.01,1.0,2,12.5,27.5,26.5,1.070589734894923,17.102339124539142,0.0625990238586017,3.9968349969583405,306.0143496519284,17.493265837228005,636.2911150574042,15.5088998123425,15.508899812342477
nuisance,0.01,1.0,2,12.5,30.0,26.5,1.0639427705963684,16.975912909003753,0.06267367041168491,3.9944541020539943,304.1144001281443,17.438876114249574,627.6661048705471,15.405933085096093,15.405933085096093
nuisance,0.01,1.0,2,12.5,35.0,26.5,1.0583114538558507,16.871323263026298,0.06272842013377532,3.9927105303844437,302.5047604371728,17.392663983334263,620.4973247101585,15.318789864273134,15.318789864273109
nuisance,0.01,1.0,2,12.5,40.0,27.5,1.0610509005673678,16.92431169667006,0.06269388791605243,3.993809984998222,303.28779615711954,17.415159952096896,624.0573515163074,15.361372531302797,15.36137253130277
nuisance,0.01,1.0,2,12.5,45.0,32.5,1.069619914178964,17.088571391574895,0.0625927053625041,3.997036724531014,305.73713883437625,17.485340683966562,635.2029513468863,15.494110853471543,15.494110853471543
nuisance,0.01,1.0,2,12.5,50.0,37.5,1.081721764145631,17.325097423178132,0.06243669156506243,4.002027410274137,309.1962974891137,17.583978431774582,651.2811721173507,15.681221198850668,15.681221198850643
nuisance,0.01,1.0,2,12.5,55.0,42.5,1.0956079512088839,17.604056595007982,0.062236107075432125,4.008471409585875,313.16548602586295,17.696482306545075,670.2629315143946,15.89544996060907,15.89544996060907
nuisance,0.01,1.0,2,12.5,60.0,47.5,1.1100925113914888,17.90413556208267,0.06200201665934879,4.016031330792567,317.30571184701665,17.813076989869455,690.7005479880379,16.11830462159566,16.11830462159566
nuisance,0.01,1.0,2,15.0,17.5,24.0,1.0899385423842132,17.48004830490635,0.062353291213633893,4.004702962376034,311.54495820101624,17.650636198194565,662.0974404107207,15.80797240508079,15.807972405080811
nuisance,0.01,1.0,2,15.0,22.5,24.0,1.0433501624046666,16.58762119299197,0.06289932415658653,3.987282535335898,298.2282670950837,17.269286814894347,601.4388349112203,15.084749427754355,15.084749427754328
nuisance,0.01,1.0,2,15.0,25.0,24.0,1.0246452956408632,16.25569205246828,0.06303301590197631,3.983051818226997,292.8817207463901,17.113787445986063,578.8370000359625,14.794000480735066,14.794000480735066
nuisance,0.01,1.0,2,15.0,27.5,24.0,1.0096997367902607,16.000735159486332,0.06310333411097312,3.980831974033064,288.6097243664691,16.98851742697017,561.4478849426234,14.561769800673222,14.561769800673222
nuisance,0.01,1.0,2,15.0,30.0,24.0,0.9987548619995055,15.819723690881982,0.06313352126214176,3.9798801473143834,285.48127223214755,16.896191056926043,549.0792988487648,14.391838565787827,14.391838565787854
nuisance,0.01,1.0,2,15.0,35.0,24.0,0.9885998111727621,15.656693421934463,0.0631423113764091,3.9796031158111473,282.5785811515786,16.81007379970649,537.8954132001301,14.23447540797295,14.23447540797295
nuisance,0.01,1.0,2,15.0,40.0,25.0,0.9917690834269606,15.709225831613024,0.06313290636074112,3.9798995288703676,283.48447699209277,16.8369972676868,541.4303779686255,14.283988105648657,14.283988105648657
nuisance,0.01,1.0,2,15.0,45.0,30.0,1.00424756516885,15.914628078798902,0.06310216991540539,3.9808686957937476,287.0512910109686,16.942588084792966,555.4110953199603,14.477863308566478,14.477863308566478
nuisance,0.01,1.0,2,15.0,50.0,35.0,1.0221117023353388,16.217718131290066,0.06302438444550973,3.983324556799935,292.15752558329285,17.092616112909482,576.0568944188902,14.755173819826478,14.755173819826478
nuisance,0.01,1.0,2,15.0,55.0,40.0,1.0423684229610868,16.57581306757554,0.06288490457219838,3.9877396534777705,297.9476494620516,17.261160142413708,600.4451719387858,15.069385559369218,15.069385559369218
nuisance,0.01,1.0,2,15.0,60.0,45.0,1.0630699088699629,16.95869949553871,0.06268581556914919,3.9940671275553803,303.86490379464146,17.431721194266544,626.5152404936734,15.390115567567406,15.390115567567385
nuisance,0.01,1.0,2,17.5,22.5,21.5,0.9905363090154573,15.681518267721497,0.06316584224209694,3.97886179561458,283.13210423200763,16.826529773901914,539.8036018662551,14.26262738182804,14.262627381828066
nuisance,0.01,1.0,2,17.5,25.0,21.5,0.962850347599685,15.248734316363892,0.06314296830304272,3.9795824142655283,275.218427123972,16.589708470132077,510.2345455800814,13.832505834570581,13.832505834570581
nuisance,0.01,1.0,2,17.5,27.5,21.5,0.9398726081135933,14.909187360015576,0.0630398280884312,3.9828366048807324,268.6505348902603,16.390562372605167,486.9677888810074,13.47621612805818,13.476216128058153
nuisance,0.01,1.0,2,17.5,30.0,21.5,0.9223981459960346,14.662244368466922,0.0629097512506184,3.9869520818528748,263.65568393463553,16.237477757787246,469.99814614441334,13.20582135868424,13.20582135868424
nuisance,0.01,1.0,2,17.5,35.0,21.5,0.9049184214548012,14.425110231124116,0.062732166822706,3.992591295959142,258.659328782673,16.082889316993793,453.6342531363695,12.936132596109438,12.936132596109466
nuisance,0.01,1.0,2,17.5,40.0,22.5,0.9082898919443922,14.471973961713644,0.06276199047533669,3.991642570433419,259.62302039638365,16.112821614986732,456.8036061445487,12.988690322385608,12.98869032238558
nuisance,0.01,1.0,2,17.5,45.0,27.5,0.9263598180023469,14.7216926058394,0.062924817329422,3.986474755634593,264.78807708490694,16.272310133625986,473.93057130397773,13.268271099805974,13.268271099806
nuisance,0.01,1.0,2,17.5,50.0,32.5,0.9525260777932412,15.099473163194428,0.06308339817544507,3.981460945702342,272.267366967618,16.500526263353482,499.82265731700534,13.67339955315061,13.67339955315061
nuisance,0.01,1.0,2,17.5,55.0,37.5,0.9817560204589151,15.546731529654213,0.06314870869071675,3.979401532775716,280.62237132050143,16.75178710826106,530.4200624155329,14.126491304388175,14.126491304388148
nuisance,0.01,1.0,2,17.5,60.0,42.5,1.0109372949187474,16.022307436204756,0.06309561209856616,3.9810755654048893,288.9634644907217,16.998925392233527,562.8939092752248,14.57917808722355,14.57917808722355
nuisance,0.01,1.0,2,22.5,25.0,16.5,0.8242590990786385,13.420931782441336,0.06141593686937745,4.035147917602797,235.60389561739123,15.34939398208904,384.4356806716495,11.692191381597448,11.69219138159748
nuisance,0.01,1.0,2,22.5,27.5,16.5,0.7754433943935326,12.889097477366876,0.06016273798496778,4.076957682964954,221.6505523009812,14.88793311044153,347.3360644369091,10.946998022806138,10.946998022806138
nuisance,0.01,1.0,2,22.5,30.0,16.5,0.7352991771720538,12.486844485462925,0.05888590812739621,4.120921213506312,210.17584249861017,14.49744261925565,319.0759368477515,10.338227452611152,10.338227452611186
nuisance,0.01,1.0,2,22.5,35.0,16.5,0.6895398873652163,12.06303717736712,0.05716138292758834,4.182622181980179,197.09613618875295,14.03909313982755,289.0635487084052,9.649364730145406,9.649364730145406
nuisance,0.01,1.0,2,22.5,40.0,17.5,0.6910994892692659,12.078180102290869,0.057218842856812925,4.180521531833208,197.5419283973159,14.054960988822272,290.08103974976603,9.673530694372193,9.673530694372193
nuisance,0.01,1.0,2,22.5,45.0,22.5,0.7273100322376758,12.413401524197418,0.058590711886659895,4.1312893419852035,207.89224784821997,14.418468984195929,313.75282985177125,10.219248947026077,10.219248947026077
nuisance,0.01,1.0,2,22.5,50.0,27.5,0.7807814698370856,12.948840871276937,0.06029740249330052,4.072402525034061,223.1763727268721,14.93908875155617,351.34814239178866,11.029877366067515,11.029877366067547
nuisance,0.01,1.0,2,22.5,55.0,32.5,0.8383522050290775,13.587627503676789,0.0616996752966786,4.025859004428516,239.63222926512847,15.480059084678214,395.8652805636266,11.90899246695806,11.90899246695809
nuisance,0.01,1.0,2,22.5,60.0,37.5,0.892860334056716,14.261898356424215,0.06260459244224881,3.99665723679664,255.21267909708337,15.97537727557892,442.52533206250706,12.746771276393819,12.74677127639379
nuisance,0.01,1.0,2,25.0,27.5,14.0,0.6862975496387351,12.031900142435365,0.057039830909020685,4.187076399283619,196.16935551976172,14.006047105438483,286.9617005378893,9.59908981850237,9.59908981850233
nuisance,0.01,1.0,2,25.0,30.0,14.0,0.6292393266982583,11.54969715749176,0.05448102388469117,4.284275295203447,179.85999403766374,13.411189135854574,252.55950904150305,8.746810667344612,8.746810667344652
nuisance,0.01,1.0,2,25.0,35.0,14.0,0.5601731636055944,11.023987621294072,0.05081402327807018,4.436170289630705,160.11831681727645,12.653786659228787,214.60423404352878,7.726907962631044,7.726907962631044
nuisance,0.01,1.0,2,25.0,40.0,15.0,0.5584898267039651,11.012865258379204,0.05071249067349069,4.44060894661991,159.63715654606597,12.6347598531221,213.74347332043476,7.70299689581489,7.70299689581489
nuisance,0.01,1.0,2,25.0,45.0,20.0,0.6076450034216814,11.381367375252509,0.053389455184702714,4.327850552149059,173.6875335906151,13.179056627491024,240.33755752921826,8.428223851638327,8.42822385163837
nuisance,0.01,1.0,2,25.0,50.0,25.0,0.6810131456430843,11.988333819039305,0.05680632153915596,4.195673319870349,194.6588763891302,13.95202051278345,283.7210725011626,9.52145431585835,9.521454315858273
nuisance,0.01,1.0,2,25.0,55.0,30.0,0.7584917327020406,12.717413418149079,0.05964198125537019,4.094717730697108,216.80513714430535,14.724304300859357,335.21767626123335,10.689602448395707,10.689602448395675
nuisance,0.01,1.0,2,25.0,60.0,35.0,0.8298843475184856,13.486420716468672,0.061534810826796245,4.031248450944429,237.21180076241797,15.401681751108155,388.9480040485959,11.777371423559451,11.777371423559451
nuisance,0.01,1.0,2,27.5,30.0,11.5,0.5227174041990839,10.76014612772795,0.04857902467068612,4.537071301811996,149.41206821250404,12.22342293355278,195.46202774425188,7.177545451217111,7.177545451217111
nuisance,0.01,1.0,2,27.5,35.0,11.5,0.42420929541678,10.136577225097177,0.041849362560616526,4.888274395460668,121.25478829293071,11.01157519580785,149.4337806662798,5.754909099073944,5.754909099074007
nuisance,0.01,1.0,2,27.5,40.0,12.5,0.41682081786491043,10.094033104040271,0.0412937835222744,4.921048685215717,119.14288671265342,10.915259351598268,146.21482077526358,5.650065840893269,5.650065840893269
nuisance,0.01,1.0,2,27.5,45.0,17.5,0.48070406972018365,10.48487166930581,0.04584739659975356,4.670277217892431,137.4030952061157,11.721906636981704,175.1532452402834,6.568957017782637,6.568957017782637
nuisance,0.01,1.0,2,27.5,50.0,22.5,0.5773772157491124,11.150637266196295,0.05177975051699151,4.394606798106202,165.03587454875725,12.846628917687209,223.73637656862408,7.98023089021532,7.98023089021532
nuisance,0.01,1.0,2,27.5,55.0,27.5,0.6777129168439444,11.95780063677789,0.05667538182226784,4.200517251313408,193.7155482992429,13.918173310432763,281.6270342681134,9.470547284194375,9.470547284194375
nuisance,0.01,1.0,2,27.5,60.0,32.5,0.7678753359881978,12.810519504751351,0.05994099893477365,4.0844916432327345,219.48731983615315,14.815104449046357,341.8493280220126,10.830326721110108,10.830326721110142
nuisance,0.01,1.0,2,30.0,35.0,9.0,0.293220148306919,9.42948149370606,0.0310961051784911,5.670834877044679,83.81322000793391,9.154956035281323,96.08572949756822,3.905328240365558,3.905328240365465
nuisance,0.01,1.0,2,30.0,40.0,10.0,0.27741123091839803,9.352787356528472,0.029660808093189276,5.80642085218832,79.29444365909835,8.904742762095845,90.16590995313585,3.6862897123860736,3.6862897123860736
nuisance,0.01,1.0,2,30.0,45.0,15.0,0.35598114273165127,9.753539827105811,0.03649763563197366,5.234408763835648,101.75264560337713,10.087251637754315,120.66089008650351,4.786089065882293,4.786089065882293
nuisance,0.01,1.0,2,30.0,50.0,20.0,0.4771333061405947,10.46144275762203,0.045608747970538134,4.682479932556256,136.38243821777274,11.678289181972364,173.4636923693245,6.5165000671372235,6.5165000671372235
nuisance,0.01,1.0,2,30.0,55.0,25.0,0.6012500772396097,11.329638678385836,0.053068777770172576,4.340906756961933,171.85962593103827,13.109524245030338,236.72737098900438,8.33127877430496,8.331278774304916
nuisance,0.01,1.0,2,30.0,60.0,30.0,0.7104707852671999,12.250312065563184,0.057996137687333055,4.152412252871905,203.0789649982736,14.250577707527285,302.46187952774517,9.961056929769441,9.961056929769441
nuisance,0.01,1.0,2,35.0,40.0,5.0,0.06453235180703842,8.446145410448118,0.007640450012524069,11.440382122242907,18.445745392541557,4.29485103263682,18.941454144881536,0.8011868999923593,0.8011868999923593
nuisance,0.01,1.0,2,35.0,45.0,10.0,0.16227302980490643,8.833730753088306,0.018369705206169564,7.378174230219029,46.38366506164034,6.810555415062735,49.81587617308736,2.108405702518406,2.108405702518406
nuisance,0.01,1.0,2,35.0,50.0,15.0,0.3218756389257178,9.573758680732197,0.03362061335152652,5.453774587213767,92.00402460828748,9.591872841540773,107.08973772351725,4.30542446786263,4.30542446786263
nuisance,0.01,1.0,2,35.0,55.0,20.0,0.48432564947790735,10.505776512438093,0.04610089020116697,4.657419360645801,138.43827734746247,11.765979659487028,176.8246868208828,6.618756859179327,6.618756859179327
nuisance,0.01,1.0,2,35.0,60.0,25.0,0.6240483851796705,11.505970805190778,0.054236917140285,4.293905694997208,178.376229957815,13.35575643525349,249.52772186388867,8.667068855647575,8.667068855647575
nuisance,0.01,1.0,2,40.0,45.0,6.0,0.10289097184612372,8.592775942646723,0.011974124838454886,9.138567187937442,29.410065133528253,5.423104750373927,30.724726605898457,1.3102646268621534,1.3102646268621534
nuisance,0.01,1.0,2,40.0,50.0,11.0,0.26877360119372473,9.310165466558079,0.028868831833242268,5.8855275188476455,76.82548794564805,8.765014999738908,86.96035020496576,3.565059638808002,3.565059638808002
nuisance,0.01,1.0,2,40.0,55.0,16.0,0.4412796190588206,10.23672413378422,0.04310750326879155,4.816411282886088,126.13412144680194,11.230944815410766,156.98282474826217,5.997369085681039,5.997369085681039
nuisance,0.01,1.0,2,40.0,60.0,21.0,0.5905136478867783,11.24425954883006,0.05251689942964896,4.3636555441821585,168.79075525266114,12.991949632470915,230.74806687790743,8.169657355118892,8.169657355118892
nuisance,0.01,1.0,2,45.0,50.0,11.0,0.31694527915775916,9.54737887117297,0.03319709874662384,5.488452814848209,90.59474448092854,9.518127151962645,105.15882254339866,4.235031413437824,4.235031413437824
nuisance,0.01,1.0,2,45.0,55.0,16.0,0.4710105788279222,10.419398933506123,0.04520515836218465,4.703335970034694,134.63233511514264,11.603117473987007,170.54955791607102,6.424768272313762,6.424768272313762
nuisance,0.01,1.0,2,45.0,60.0,21.0,0.608223239740816,11.379232888475848,0.053450284891944276,4.325387171202588,173.85281502885204,13.185325746027363,240.52114694816606,8.430946057387416,8.430946057387416
nuisance,0.01,1.0,2,50.0,55.0,16.0,0.5460416247247186,10.918864606470382,0.0500090114132509,4.471733006813704,156.07899760912377,12.493158031863832,207.1955869468734,7.51537170633021,7.51537170633021
nuisance,0.01,1.0,2,50.0,60.0,21.0,0.6597145154663364,11.796383520358543,0.05592514979932467,4.228598213452715,188.57093602357628,13.73211331236297,270.44701583569827,9.19646539953276,9.19646539953284
nuisance,0.01,1.0,2,55.0,60.0,21.0,0.7256821753791125,12.387000296832731,0.058584173568209594,4.131519872946568,207.4269458360084,14.4023243206091,312.3847857030777,10.186940561918854,10.186940561918854
nuisance,0.02,2.0,1,5.0,,34.0,1.1536550188567753,18.859876350087042,0.061169808191846975,4.0432578709100735,329.75749608956346,18.15922619743373,756.122342248838,16.78548338613054,16.78548338613054
nuisance,0.02,2.0,1,7.5,,31.5,1.0972270300474656,17.62934511106543,0.06223867211940663,4.008388808117806,313.6282789536061,17.709553324508388,672.2177061713904,15.921592487368555,15.921592487368578
nuisance,0.02,2.0,1,10.0,,29.0,1.0337247922558344,16.414399132995815,0.06297670623701764,3.984832112990684,295.4769784452415,17.189443808490182,589.6674999948968,14.935860007814982,14.935860007814982
nuisance,0.02,2.0,1,12.5,,26.5,0.96035202232018,15.210448945368086,0.06313765134543436,3.979749975341182,274.50431287393974,16.568171681689556,507.6328963462347,13.794302290556816,13.794302290556816
nuisance,0.02,2.0,1,15.0,,24.0,0.8752207321758285,14.033373808441585,0.062367093196744425,4.004259812806632,250.1706250573736,15.816783018596848,426.8319892546482,12.476138906548874,12.476138906548874
nuisance,0.02,2.0,1,17.5,,21.5,0.7773742027181625,12.908655700610424,0.06022115863555041,4.0749796712659165,222.20244910561675,14.906456624752133,348.72927910354224,10.97645020740637,10.97645020740637
nuisance,0.02,2.0,1,22.5,,16.5,0.5474163171505437,10.931070454542867,0.0500789304603779,4.468610251234196,156.47193581406702,12.508874282447122,207.94941462330414,7.538361825628134,7.538361825628134
nuisance,0.02,2.0,1,25.0,,14.0,0.4229058747181489,10.127823671012157,0.04175683626173207,4.893687205710781,120.88222219742859,10.994645160141758,148.8459834148128,5.735218311653187,5.735218311653187
nuisance,0.02,2.0,1,27.5,,11.5,0.30129443732457606,9.468978259832863,0.031819107516875236,5.606037557095494,86.12115200289419,9.280148274833447,99.14515661264392,4.017179051956684,4.017179051956593
nuisance,0.02,2.0,1,30.0,,9.0,0.19161265079397438,8.958362910354662,0.021389248539205298,6.837577101505873,54.77001955707637,7.400676966134677,59.652699415236846,2.5057001580075244,2.505700158007379
nuisance,0.02,2.0,1,35.0,,4.0,0.04057952104972862,8.35745734264551,0.0048554864698697195,14.351048292012308,11.599135820630902,3.405750404922666,11.785780692962371,0.4851352463482504,0.4851352463482504
nuisance,0.02,2.0,1,40.0,,1.0,0.005635544799950765,8.232585633660769,0.0006845412912449497,38.220835387675635,1.6108482275523626,1.2691919585123295,1.6123132890991263,0.02783941390193175,0.02783941390193175
nuisance,0.02,2.0,1,45.0,,6.0,0.07025005240604187,8.46727760262598,0.008296651616129254,10.978640722569311,20.080076801930804,4.481079870068241,20.671296730816355,0.8762715294835898,0.8762715294831739
nuisance,0.02,2.0,1,50.0,,11.0,0.19070836482225273,8.95388600399237,0.021298949387698198,6.8520560875520875,54.511541005941254,7.383193144293413,59.34150730845642,2.4925262375444,2.4925262375444
nuisance,0.02,2.0,1,55.0,,16.0,0.32749649044699614,9.600410452284315,0.034112759248649815,5.414290768785238,93.61067295051437,9.67526087247855,109.26315118690651,4.381543214707527,4.381543214707527
nuisance,0.02,2.0,1,60.0,,21.0,0.45738908639813447,10.332593957455433,0.044266627362058254,4.7529339890117175,130.73880614571038,11.434107142479922,164.23753989366367,6.226509142007209,6.226509142007209
nuisance,0.02,2.0,2,5.0,7.5,34.0,1.200531048539873,19.986464943411733,0.06006720307663071,4.080198528327872,343.1564081752893,18.524481320007027,833.8475416357944,17.483527321808896,17.483527321808896
nuisance,0.02,2.0,2,5.0,10.0,34.0,1.1866368850280302,19.643164139813784,0.06040966091724973,4.068616921341208,339.18493967297695,18.416974226864113,810.0401762442158,17.279718527181505,17.279718527181505
nuisance,0.02,2.0,2,5.0,12.5,34.0,1.1759380619659936,19.38360914485682,0.060666620605998596,4.05999125596354,336.12681827067195,18.33376170540765,792.1298180646606,17.12073851434129,17.12073851434127
nuisance,0.02,2.0,2,5.0,15.0,34.0,1.1678366475687396,19.190333952727322,0.06085546246592374,4.053687039534616,333.81113283372935,18.27049897604686,778.8286196930841,16.999411783537784,16.999411783537784
nuisance,0.02,2.0,2,5.0,17.5,34.0,1.1619115762048071,19.050964674691024,0.06098964519882778,4.049225345180394,332.1175271498928,18.224091943081632,769.2496733635746,16.910250662848593,16.910250662848593
nuisance,0.02,2.0,2,5.0,22.5,34.0,1.1552700965788836,18.897105754715675,0.061134763787337745,4.044416567334024,330.2191453494611,18.171932900752772,758.675563189662,16.80995208185192,16.809952081851947
nuisance,0.02,2.0,2,5.0,25.0,34.0,1.1540006364164366,18.868200964513555,0.06116113765095188,4.0435444580442965,329.85628643781797,18.161946108218082,756.6827120185828,16.790745824774646,16.790745824774646
nuisance,0.02,2.0,2,5.0,27.5,34.0,1.1537867631748706,18.86366737639181,0.06116449893613231,4.043433350350826,329.79515351379257,18.16026303536908,756.3606950096176,16.787510088680673,16.787510088680673
nuisance,0.02,2.0,2,5.0,30.0,34.0,1.1544329511914466,18.87893759834838,0.06114925403919138,4.0439373457326395,329.97985807353206,18.165347727845237,757.3969214320966,16.797287141595422,16.797287141595444
nuisance,0.02,2.0,2,5.0,35.0,34.0,1.157661771684089,18.954293872008023,0.061076491664706155,4.046345464563494,330.90277501453534,18.190733218167303,762.5469215583385,16.84608104070751,16.84608104070751
nuisance,0.02,2.0,2,5.0,40.0,35.0,1.1626400480076313,19.070907253303886,0.06096406597573972,4.050074740430569,332.32575147496806,18.22980393407916,770.5377185351341,16.92114271769173,16.92114271769173
nuisance,0.02,2.0,2,5.0,45.0,40.0,1.1686430497425557,19.212796596336943,0.06082628543339525,4.054659155271621,334.04163255620466,18.276805863066027,780.2786710785371,17.011383201872682,17.011383201872704
nuisance,0.02,2.0,2,5.0,50.0,45.0,1.1751840232028814,19.369144895401213,0.06067299457715883,4.05977799018484,335.9112859577932,18.327882746181928,791.0311696185363,17.109360847148718,17.10936084714874
nuisance,0.02,2.0,2,5.0,55.0,50.0,1.18194411950768,19.53270191343358,0.0605110406510018,4.0652072277947875,337.8435728150929,18.380521559931125,802.299528172657,17.210216627614415,17.210216627614415
nuisance,0.02,2.0,2,5.0,60.0,55.0,1.1887194757986954,19.69865967127627,0.06034519584761568,4.070789535575813,339.78022154380375,18.433128371055297,813.7543542089456,17.310861925459072,17.310861925459072
nuisance,0.02,2.0,2,7.5,10.0,31.5,1.1556534222067048,18.903733380956687,0.061133607786221275,4.044454805940699,330.3287140655427,18.174947429512493,759.1934686640744,16.81639108237329,16.81639108237329
nuisance,0.02,2.0,2,7.5,12.5,31.5,1.1389704502838847,18.52272451550798,0.061490438371001634,4.032702694401349,325.560100434361,18.04328408118547,733.1529637569811,16.562675834851152,16.562675834851127
nuisance,0.02,2.0,2,7.5,15.0,31.5,1.12551315990185,18.225077270860844,0.061756290147607557,4.02401323561861,321.7135065150389,17.936373839632104,712.8484764858131,16.356701553912746,16.356701553912725
nuisance,0.02,2.0,2,7.5,17.5,31.5,1.1150340236339873,17.99947861886961,0.0619481290121954,4.017777690524334,318.7181797662366,17.852679904323512,697.4696510107149,16.195726927859468,16.195726927859468
nuisance,0.02,2.0,2,7.5,22.5,31.5,1.1019611548253894,17.72594496382318,0.062166567541215884,4.010712721416767,314.98146782499913,17.747717256734713,678.8173784572799,15.994455733487806,15.994455733487806
nuisance,0.02,2.0,2,7.5,25.0,31.5,1.0987784501203814,17.660894164198606,0.062215335186582864,4.009140509685304,314.071732490639,17.722069080404776,674.372871531698,15.945445771184295,15.945445771184295
nuisance,0.02,2.0,2,7.5,27.5,31.5,1.0974197036184496,17.633575115216267,0.0622346686050902,4.008517734520593,313.6833522235974,17.711108159107308,672.4970688768809,15.924576838414962,15.924576838414962
nuisance,0.02,2.0,2,7.5,30.0,31.5,1.0975851734382331,17.63746191166102,0.062230335574109105,4.0086572864692975,313.7306496500883,17.712443356298653,672.7467228223283,15.927227487917254,15.927227487917254
nuisance,0.02,2.0,2,7.5,35.0,31.5,1.1014071502328302,17.71685076065215,0.062167208219588106,4.010692054705235,314.823112715128,17.74325541480841,678.1280183380585,15.986338611144737,15.986338611144737
nuisance,0.02,2.0,2,7.5,40.0,32.5,1.108387521488177,17.86260407522372,0.06205072434122655,4.014454798199997,316.81836234288915,17.799392190265632,688.0399729026554,16.09397497471897,16.093974974718996
nuisance,0.02,2.0,2,7.5,45.0,37.5,1.1171691586892976,18.048773036632706,0.061897235696954815,4.019429105243571,319.3284807471571,17.86976442897771,700.7189969135028,16.229057898470348,16.229057898470348
nuisance,0.02,2.0,2,7.5,50.0,42.5,1.1268287571624924,18.257503490222923,0.06171866584968315,4.025239587516735,322.08955312467583,17.946853571717686,714.951504371525,16.377249866837015,16.377249866837015
nuisance,0.02,2.0,2,7.5,55.0,47.5,1.1367712525784142,18.476833211576192,0.06152413888036825,4.031598064956419,324.9314879662416,18.02585609523835,729.9244158558042,16.529323151181824,16.529323151181824
nuisance,0.02,2.0,2,7.5,60.0,52.5,1.146631165625271,18.698936891773293,0.061320660755304124,4.038281478051873,327.74981769640164,18.10386195529566,745.1057722250716,16.67962715837748,16.67962715837748
nuisance,0.02,2.0,2,10.0,12.5,29.0,1.104646568977145,17.778195973396038,0.062134907874239864,4.011734382691982,315.74905903049137,17.76932916658621,682.4774517135785,16.03523204779915,16.03523204779915
nuisance,0.02,2.0,2,10.0,15.0,29.0,1.084275302655534,17.362842676706755,0.062448028980309274,4.001664110528302,309.9261937331645,17.604720779755766,654.2408627856305,15.720075902834497,15.72007590283452
nuisance,0.02,2.0,2,10.0,17.5,29.0,1.067483615198598,17.034901128037887,0.06266450313830221,3.9947462683666526,305.12650516040134,17.467870653299485,631.9432875106601,15.459676059860582,15.459676059860582
nuisance,0.02,2.0,2,10.0,22.5,29.0,1.0446387816871585,16.609180958385235,0.06289526162093904,3.9874113066888905,298.59660239555194,17.279947985904123,602.9643448280167,15.105054059157366,15.105054059157366
nuisance,0.02,2.0,2,10.0,25.0,29.0,1.0382378836228865,16.494174447796834,0.06294573195577947,3.985812418775157,296.7669877500138,17.226926242078527,595.1202459341323,15.005740926677635,15.005740926677635
nuisance,0.02,2.0,2,10.0,27.5,29.0,1.0347645992442893,16.432744758481356,0.06296967514877398,3.985054576613829,295.77419394149024,17.198086926791895,590.9203443618925,14.951933229261721,14.951933229261721
nuisance,0.02,2.0,2,10.0,30.0,29.0,1.0338225774278935,16.416555718777524,0.06297438970376658,3.9849054039843983,295.5049290829676,17.190256806777715,589.8007596507949,14.937457312815473,14.937457312815473
nuisance,0.02,2.0,2,10.0,35.0,29.0,1.0378907385878648,16.48992744562028,0.06294089176623566,3.985965671423577,296.66776079251133,17.224046005294788,594.7680783449168,15.000922036373819,15.000922036373819
nuisance,0.02,2.0,2,10.0,40.0,30.0,1.0474019601898337,16.66253903887694,0.0628596852944225,3.988539512947479,299.3864215437351,17.30278652540495,606.5014345305502,15.14877959161396,15.148779591613936
nuisance,0.02,2.0,2,10.0,45.0,35.0,1.059966947420802,16.895780434928824,0.06273560144221105,3.9924820021983476,302.97796204757424,17.40626215037491,622.3688535936133,15.343825655664208,15.343825655664208
nuisance,0.02,2.0,2,10.0,50.0,40.0,1.0739269241967444,17.16249358510336,0.06257406121502575,3.9976321453058414,306.96824242763535,17.520509194302413,640.5195482610869,15.560217497810335,15.560217497810335
nuisance,0.02,2.0,2,10.0,55.0,45.0,1.0882273743334085,17.444393219110417,0.06238264413469253,4.003760684580033,311.0558427526381,17.63677529347806,659.7095700306952,15.781510931345663,15.781510931345663
nuisance,0.02,2.0,2,10.0,60.0,50.0,1.1022465648070525,17.729613556732552,0.06216980202529519,4.010608388165286,315.0630486090064,17.7500154537681,679.1337190483137,15.99800363645738,15.99800363645738
nuisance,0.02,2.0,2,12.5,15.0,26.5,1.044114434124851,16.596656270824866,0.0629111320429219,3.986908328205644,298.4467243675444,17.27561068001778,602.2072355484225,15.095937989417573,15.095937989417573
nuisance,0.02,2.0,2,12.5,17.5,26.5,1.019115160525652,16.154615013629886,0.06308507876330137,3.981407912246485,291.30100252575943,17.067542369238737,572.1331935970835,14.70696503588366,14.706965035883687
nuisance,0.02,2.0,2,12.5,22.5,26.5,0.9823006912911305,15.54805972522405,0.06317834563611283,3.9784680551807963,280.7780584946467,16.756433346468654,530.759675696778,14.134588583731782,14.134588583731757
nuisance,0.02,2.0,2,12.5,25.0,26.5,0.9708303154487452,15.36932259667163,0.06316676023567802,3.9788328833920326,277.4993986221838,16.658313198585976,518.5317167701247,13.956562479753634,13.956562479753634
nuisance,0.02,2.0,2,12.5,27.5,26.5,0.9637661456544002,15.26170622797088,0.06314930527807294,3.9793827355281746,275.480196256434,16.59759609872568,511.1543092519941,13.847084864592532,13.847084864592532
nuisance,0.02,2.0,2,12.5,30.0,26.5,0.9606816921687382,15.21553235405737,0.06313822413926669,3.9797319230326065,274.59854477344163,16.571015200446883,507.97686838677106,13.799420347324345,13.799420347324345
nuisance,0.02,2.0,2,12.5,35.0,26.5,0.9642144938377668,15.26991419142339,0.06314472247521434,3.979527137110643,275.60835083636186,16.60145628661419,511.66713442073444,13.854589300062422,13.854589300062422
nuisance,0.02,2.0,2,12.5,40.0,27.5,0.9767969875653897,15.464348710501216,0.0631644439640763,3.978905835614435,279.2048953478183,16.709425344631644,524.9442897411136,14.050101926023881,14.050101926023881
nuisance,0.02,2.0,2,12.5,45.0,32.5,0.9944214187743508,15.7452081687819,0.06315708297499648,3.9791377005745727,284.2426130454616,16.85949622751112,544.1218261888538,14.32387870468489,14.32387870468489
nuisance,0.02,2.0,2,12.5,50.0,37.5,1.014224420399836,16.073737519318776,0.06309823208079984,3.9809929128868746,289.90304716514214,17.026539494716538,566.5369047813243,14.63151094279902,14.631510942799045
nuisance,0.02,2.0,2,12.5,55.0,42.5,1.0344060759771903,16.42358927166478,0.06298294842052742,3.9846346415299903,295.6717146622291,17.195107288476834,590.3864868166878,14.944976888093406,14.944976888093406
nuisance,0.02,2.0,2,12.5,60.0,47.5,1.0539489835308276,16.777715830269106,0.06281838327654658,3.9898504959193346,301.2578042261469,17.356779776967468,614.5110459420799,15.248350456099246,15.248350456099246
nuisance,0.02,2.0,2,15.0,17.5,24.0,0.9709472253919602,15.368473714782503,0.06317785639689343,3.978483459461256,277.53281583054536,16.659316187363313,518.5655166154884,13.95724467675119,13.957244676751161
nuisance,0.02,2.0,2,15.0,22.5,24.0,0.915394770775436,14.560309308670895,0.06286918439502544,3.988238181144772,261.6538589183418,16.175718188641326,463.18693220469146,13.095728426626215,13.095728426626243
nuisance,0.02,2.0,2,15.0,25.0,24.0,0.8964355276563105,14.305874751362564,0.06266205619973916,3.9948242645565437,256.2346023498474,16.007329644567434,445.6672785618918,12.802821850954356,12.802821850954356
nuisance,0.02,2.0,2,15.0,27.5,24.0,0.8836962648282713,14.140643101313035,0.062493357515417056,4.000212576451234,252.59324740097898,15.893182418917206,434.25962264391035,12.606445615514678,12.606445615514678
nuisance,0.02,2.0,2,15.0,30.0,24.0,0.8768890413481549,14.054336391679836,0.06239277450817764,4.003435637025304,250.64748984483387,15.831850487066692,428.28440120508094,12.501747891620916,12.501747891620916
nuisance,0.02,2.0,2,15.0,35.0,24.0,0.8784255494592292,14.0746363921863,0.06241195331674057,4.002820474215186,251.08668098876117,15.845714909361496,429.65454783905835,12.525832087944044,12.525832087944044
nuisance,0.02,2.0,2,15.0,40.0,25.0,0.8945157812148938,14.282805659202893,0.06262885616164127,3.9958829677944725,255.68586744270357,15.990180344283287,443.99574077395675,12.77419207936647,12.77419207936647
nuisance,0.02,2.0,2,15.0,45.0,30.0,0.9187342280065407,14.608706584766779,0.06288949830538389,3.9875940095546536,262.60839995255714,16.20519669589225,466.4218993186098,13.148405769034582,13.148405769034582
nuisance,0.02,2.0,2,15.0,50.0,35.0,0.9463083360511473,15.0000355080374,0.06308707306353317,3.9813449818782796,270.490105208521,16.446583390130638,493.28989955584814,13.575235377716812,13.575235377716812
nuisance,0.02,2.0,2,15.0,55.0,40.0,0.9742622784431019,15.420717939630894,0.06317878857892018,3.9784541087524325,278.48038124280515,16.687731458853392,522.1048788543133,14.008672799564462,14.008672799564462
nuisance,0.02,2.0,2,15.0,60.0,45.0,1.000984809763132,15.847357735397985,0.06316414549835324,3.978915236245086,286.1186742101433,16.91504283796359,551.2665219315237,14.423513067114028,14.423513067114028
nuisance,0.02,2.0,2,17.5,22.5,21.5,0.8456184797256181,13.66784782843163,0.061869175772251185,4.0203404806702165,241.709200725977,15.546999733902906,401.65379092958113,12.01911346563091,12.01911346563091
nuisance,0.02,2.0,2,17.5,25.0,21.5,0.8163124576228491,13.329283829839817,0.06124203430910504,4.040872948751407,233.33245004141705,15.27522340397734,378.1294562633067,11.56997908859961,11.56997908859961
nuisance,0.02,2.0,2,17.5,27.5,21.5,0.7952071643402465,13.097240695423217,0.0607156257438354,4.058352463713584,227.29977254827563,15.07646419251794,361.94065096113496,11.247725770865012,11.247725770865012
nuisance,0.02,2.0,2,17.5,30.0,21.5,0.7824600322450728,12.961712830510049,0.06036702421020098,4.070053482198162,223.6561682702889,14.955138523941827,352.45350084066445,11.053673169952086,11.053673169952086
nuisance,0.02,2.0,2,17.5,35.0,21.5,0.7795871468042168,12.93225317103547,0.06028239135855057,4.072909535261418,222.8349908003832,14.927658583997129,350.3613075311599,11.01038638564477,11.01038638564477
nuisance,0.02,2.0,2,17.5,40.0,22.5,0.7993167379696118,13.14329778105104,0.06081553893741973,4.055017381592573,228.47444148124495,15.115371033528914,365.0904938994581,11.311334314568215,11.311334314568215
nuisance,0.02,2.0,2,17.5,45.0,27.5,0.8318279193811768,13.508052752868757,0.06158015034435799,4.02976413729674,237.7673458607666,15.419706412923905,390.4842405972663,11.808530840443465,11.808530840443495
nuisance,0.02,2.0,2,17.5,50.0,32.5,0.8694426873276684,13.959496798110914,0.06228323985470069,4.00695441917765,248.5190450180386,15.764486830152087,421.7819522645723,12.386050587056198,12.386050587056198
nuisance,0.02,2.0,2,17.5,55.0,37.5,0.9073898803835556,14.450509608218859,0.06279293291272367,3.990658969541116,259.36576363079763,16.10483665334106,455.6741212648032,12.970973115817424,12.970973115817424
nuisance,0.02,2.0,2,17.5,60.0,42.5,0.9431928420053644,14.95028439219713,0.06308862207983393,3.981296104553584,269.5995811793902,16.419487847658043,490.0351359640323,13.524677007813397,13.524677007813342
nuisance,0.02,2.0,2,22.5,25.0,16.5,0.6514043916166905,11.729622703744273,0.05553498250278352,4.243426462000901,186.19559366553847,13.645350624499851,265.5290215127797,9.075615957245821,9.075615957245821
nuisance,0.02,2.0,2,22.5,27.5,16.5,0.604365120649766,11.351577471424058,0.05324062864136435,4.333895273638912,172.75002115175283,13.14344023274549,238.41461792605784,8.376523537598116,8.376523537598116
nuisance,0.02,2.0,2,22.5,30.0,16.5,0.5710507211756994,11.10088115198246,0.0514419272990521,4.409013050812923,163.2275271871515,12.77605287978848,220.29741825487952,7.885026167243214,7.885026167243262
nuisance,0.02,2.0,2,22.5,35.0,16.5,0.5476169063077334,10.932615360599248,0.05009020149755977,4.4681074712056414,156.52927165288924,12.511165879041378,208.05501389788415,7.541405758168966,7.541405758168966
nuisance,0.02,2.0,2,22.5,40.0,17.5,0.5723032857015782,11.110893045747446,0.05150830660912716,4.406171163597422,163.58555669770112,12.790056946616819,220.9797492781631,7.9041764283118265,7.9041764283118265
nuisance,0.02,2.0,2,22.5,45.0,22.5,0.625812599969729,11.521364225462625,0.05431757799885025,4.290716314969823,178.8805081364948,13.374621794147854,250.56792656874276,8.695347161230762,8.695347161230762
nuisance,0.02,2.0,2,22.5,50.0,27.5,0.69062208480825,12.069037887220563,0.057222629613212415,4.180383204752815,197.40546845295353,14.050105638498009,289.66123829257583,9.6630473090739,9.663047309073939
nuisance,0.02,2.0,2,22.5,55.0,32.5,0.7556612713866644,12.683584211143604,0.05957789681585052,4.096919362330475,215.99608606674687,14.696805301382572,333.07837062363944,10.644119970761713,10.644119970761713
nuisance,0.02,2.0,2,22.5,60.0,37.5,0.8155610498969301,13.317406893320024,0.061240229154972604,4.040932503923309,233.1176697767874,15.26819143765192,377.44477309820934,11.555841783054834,11.555841783054834
nuisance,0.02,2.0,2,25.0,27.5,14.0,0.5122590769736166,10.68825625172548,0.04792728251541677,4.567815958201198,146.422689461677,12.100524346559409,190.27152117146852,7.024076401728803,7.024076401728803
nuisance,0.02,2.0,2,25.0,30.0,14.0,0.46435714108836756,10.378626392304728,0.04474167616561156,4.7276343005721175,132.73053524124487,11.520873892255086,167.4824392565381,6.3301705771628916,6.330170577162948
nuisance,0.02,2.0,2,25.0,35.0,14.0,0.4231960597254576,10.129564839187946,0.0417783060224119,4.892429617683109,120.96516786129584,10.998416607007385,148.97372400512205,5.739398196027114,5.739398196027114
nuisance,0.02,2.0,2,25.0,40.0,15.0,0.4471369070271476,10.273117735315434,0.043524947201767694,4.793258747572279,127.80835211605786,11.305235606393078,159.6320363915483,6.082927695493456,6.082927695493396
nuisance,0.02,2.0,2,25.0,45.0,20.0,0.5118544343736873,10.686270308387607,0.04789832369970418,4.569196575964198,146.30702756242388,12.095744192170397,190.0858966112693,7.018832988913483,7.018832988913431
nuisance,0.02,2.0,2,25.0,50.0,25.0,0.5928693717950011,11.263427613749517,0.05263667438775673,4.358687959017749,169.46410872900944,13.017838097357389,232.0635103149657,8.206280630621423,8.206280630621468
nuisance,0.02,2.0,2,25.0,55.0,30.0,0.674328881492734,11.923981300048148,0.05655232631822486,4.205084843137578,192.74826518093292,13.883380898791653,279.42825415097496,9.41732480053984,9.41732480053984
nuisance,0.02,2.0,2,25.0,60.0,35.0,0.7486725410150414,12.611939732884391,0.05936220413922146,4.104355695447472,213.99844709277073,14.628685760955108,328.1338708747794,10.536607228466686,10.536607228466652
nuisance,0.02,2.0,2,27.5,30.0,11.5,0.36690457039947333,9.810509282188999,0.0373991359516462,5.170936632103808,104.87496735258252,10.240847980151962,125.08981343816107,4.9381945088123915,4.9381945088123915
nuisance,0.02,2.0,2,27.5,35.0,11.5,0.3034497228818889,9.479721285754085,0.03201040555252467,5.589261277740131,86.73721274646185,9.313281524063463,99.96767328245592,4.04720985473051,4.04720985473051
nuisance,0.02,2.0,2,27.5,40.0,12.5,0.3230970402924431,9.579468443553262,0.03372807606145195,5.445079383650935,92.35314652933702,9.610054449863279,107.56021483227602,4.322155298577316,4.322155298577316
nuisance,0.02,2.0,2,27.5,45.0,17.5,0.39763657086105453,9.981747509888647,0.03983636837809479,5.010258461032077,113.65931566849139,10.661112309158524,137.93363141014055,5.374567747055224,5.374567747055224
nuisance,0.02,2.0,2,27.5,50.0,22.5,0.49495260005218666,10.573733322709103,0.0468096352486195,4.62202586516352,141.47585492062166,11.894362316686912,181.87341985566118,6.772359258789707,6.772359258789707
nuisance,0.02,2.0,2,27.5,55.0,27.5,0.5934522337749115,11.266587280233395,0.05267364633264686,4.35715799602815,169.63071235307336,13.024235576534746,232.35682017034677,8.213653122275982,8.213653122275982
nuisance,0.02,2.0,2,27.5,60.0,32.5,0.6828408967661594,11.996707209849212,0.05691902659802782,4.191517346442268,195.18131561400125,13.970730675737803,284.6812432629406,9.543456156860037,9.543456156860037
nuisance,0.02,2.0,2,30.0,35.0,9.0,0.19807252169174205,8.986489496127547,0.02204114540801448,6.735702856863203,56.61649083097647,7.524393053992891,61.85738720027704,2.5936266567994655,2.5936266567994655
nuisance,0.02,2.0,2,30.0,40.0,10.0,0.20943695082587355,9.036754489874584,0.023176124908620838,6.568702434788245,59.86486719523145,7.737238990443002,65.77230470497003,2.7489642329254367,2.7489642329254367
nuisance,0.02,2.0,2,30.0,45.0,15.0,0.29071593721466327,9.416549421151124,0.03087287330130369,5.691299946635203,83.09742337378908,9.115778813342779,95.13446953265876,3.869726652295346,3.869726652295346
nuisance,0.02,2.0,2,30.0,50.0,20.0,0.40255465523901424,10.009148244510174,0.04021867249891196,4.986388751072173,115.06508703300233,10.726839564056244,140.02295706447947,5.443805509014939,5.4438055090150055
nuisance,0.02,2.0,2,30.0,55.0,25.0,0.5171463241810834,10.719973496175058,0.04824138085468251,4.55292121007227,147.819646416367,12.158110314369047,192.65683612381326,7.093844300046123,7.093844300046174
nuisance,0.02,2.0,2,30.0,60.0,30.0,0.6210037855679404,11.479115016261073,0.05409857682305993,4.299392355090737,177.50597019371824,13.323136649967914,247.73075435512243,8.62028449781327,8.62028449781327
nuisance,0.02,2.0,2,35.0,40.0,5.0,0.04866731257146362,8.387082422411144,0.005802651043635814,13.127643460130196,13.91092733326579,3.729735558087971,14.18487607979686,0.5915662966823116,0.5915662966823116
nuisance,0.02,2.0,2,35.0,45.0,10.0,0.12962546341080583,8.698800142087306,0.014901533693553945,8.191897609980055,37.05177678345746,6.087017067781021,39.185640068400225,1.6677132126684242,1.6677132126684242
nuisance,0.02,2.0,2,35.0,50.0,15.0,0.2579524501090238,9.258202426881276,0.02786204472696087,5.990919823560147,73.73240064643625,8.586757283540525,82.9934082008646,3.4147320232504144,3.4147320232504144
nuisance,0.02,2.0,2,35.0,55.0,20.0,0.39515490966408096,9.966121098091637,0.03964982020334343,5.022030995967257,112.94996463279998,10.627792086449563,136.85819642496742,5.337303080182205,5.337303080182137
nuisance,0.02,2.0,2,35.0,60.0,25.0,0.5210404360716261,10.744923581947166,0.048491776800259435,4.541151085426175,148.93272837373624,12.203799751460044,194.5593156143933,7.149120501618642,7.149120501618642
nuisance,0.02,2.0,2,40.0,45.0,6.0,0.07043174812840336,8.46797355801186,0.008317426553814082,10.96492114379111,20.132012194640733,4.486871091823425,20.726464704220085,0.8786936389531032,0.8786936389535179
nuisance,0.02,2.0,2,40.0,50.0,11.0,0.1934233340539373,8.965734766801129,0.02157361767717656,6.808297284979016,55.28758015210446,7.4355618585352685,60.26595210781601,2.5295513976960677,2.5295513976960677
nuisance,0.02,2.0,2,40.0,55.0,16.0,0.33369074926275655,9.6326073032169,0.03464178895274983,5.372789729061089,95.38122241619432,9.76633106218473,111.70311721499571,4.468574821655852,4.468574821655933
nuisance,0.02,2.0,2,40.0,60.0,21.0,0.46644950066952107,10.389074511686124,0.04489808020385613,4.719392676804611,133.32860940130348,11.546800829723507,168.40646655572183,6.357250192758548,6.357250192758548
nuisance,0.02,2.0,2,45.0,50.0,11.0,0.21075613593430398,9.041832110391368,0.02330900788260506,6.549951823043193,60.24193934515867,7.761568098339321,66.22377543811395,2.7658186631966926,2.7658186631966926
nuisance,0.02,2.0,2,45.0,55.0,16.0,0.33623835895368703,9.645719975610113,0.03485881404435227,5.3560385749622785,96.1094239833554,9.803541400093916,112.70915071842924,4.504167429030723,4.504167429030723
nuisance,0.02,2.0,2,45.0,60.0,21.0,0.46049617052176894,10.351822084370593,0.044484552262256914,4.7412776468050515,131.62692630641897,11.472877856336611,165.66092893928328,6.271261634551145,6.271261634551145
nuisance,0.02,2.0,2,50.0,55.0,16.0,0.3870032749599821,9.919630630696444,0.03901387958563646,5.062796024391479,110.61992436502203,10.517600694313415,133.40970115167667,5.220738074260065,5.220738074259995
nuisance,0.02,2.0,2,50.0,60.0,21.0,0.4932055719626043,10.55930288914061,0.046708156508118194,4.627044077352024,140.97648933992173,11.873352068389185,180.98412903068623,6.743778992880613,6.743778992880613
nuisance,0.02,2.0,2,55.0,60.0,21.0,0.5493381798081889,10.939855720812545,0.05021438982628442,4.462578873651282,157.0212756144877,12.530813046825322,208.84719597013734,7.561600286315287,7.561600286315287
expanded_nuisance,0.0025,0.25,1,5.0,,34.0,0.011849269955401365,17.39583804837446,0.0006811554535315192,38.31571030117274,3.386961896854144,1.840370043457061,7.16331781356787,0.20608942887178616,0.20608942887178616
expanded_nuisance,0.0025,0.25,1,7.5,,31.5,0.009746320237941752,17.007413187041813,0.0005730630596643357,41.77330076482527,2.785860682108916,1.6690897765275887,5.760447329170092,0.20616815498042698,0.2061681549821948
expanded_nuisance,0.0025,0.25,1,10.0,,29.0,0.008260103600756796,16.58757459797865,0.0004979693415674746,44.812450913143714,2.36104471120418,1.536569136486927,4.761520446171106,0.20500465316773714,0.20500465316773714
expanded_nuisance,0.0025,0.25,1,12.5,,26.5,0.007147426814788638,16.10950961254249,0.0004436774915372854,47.47514519020576,2.0430003176024956,1.4293356210500372,4.001375490235437,0.2020685790472531,0.2020685790472531
expanded_nuisance,0.0025,0.25,1,15.0,,24.0,0.0062885751788810396,15.551622663754122,0.0004043677830184052,49.729229058315404,1.7975085888446498,1.340711970873927,3.3986405718388437,0.19691753439706922,0.19691753439706922
expanded_nuisance,0.0025,0.25,1,17.5,,21.5,0.005614175142987232,14.895347634481745,0.00037690796353022257,51.508908044196225,1.6047399850904431,1.2667833220762117,2.9061221901014793,0.18902430062856768,0.18902430062856768
expanded_nuisance,0.0025,0.25,1,22.5,,16.5,0.004653947222922117,13.243818091796609,0.0003514052511643022,53.34526495150232,1.3302711452549942,1.1533738098530737,2.141962834442152,0.16214333618423332,0.16214333618198554
expanded_nuisance,0.0025,0.25,1,25.0,,14.0,0.0043147172883504226,12.260666343796702,0.0003519153989973358,53.30658542637881,1.2333066177363254,1.1105433884978675,1.8384155674623484,0.1414504331703685,0.1414504331703685
expanded_nuisance,0.0025,0.25,1,27.5,,11.5,0.004045241212601525,11.220998035878374,0.0003605063649122068,52.667600372985,1.1562803364455314,1.0753047644484477,1.5774411999815783,0.11509262478957918,0.1150926247927459
expanded_nuisance,0.0025,0.25,1,30.0,,9.0,0.003833829377950959,10.201527300968056,0.0003758093533295896,51.58414155728694,1.0958509740290652,1.0468290089737986,1.359174591711172,0.08368303073558077,0.08368303073122546
expanded_nuisance,0.0025,0.25,1,35.0,,4.0,0.0035646784567158196,8.640978362925562,0.00041253181144512577,49.23469797149353,1.018917633987212,1.0094145005829924,1.0704356124667094,0.02081805311945505,0.0208180531019479
expanded_nuisance,0.0025,0.25,1,40.0,,1.0,0.003502357743780493,8.249462841234578,0.0004245558542641239,48.53249104671537,1.0011040572106513,1.0005518763215886,1.004068737680187,0.0012756869720340958,0.0012756869720340958
expanded_nuisance,0.0025,0.25,1,45.0,,6.0,0.003618726762895763,8.964067199041708,0.000403692507267529,49.77080390861572,1.0343666493535577,1.017038174973564,1.12729651923728,0.035509806287100855,0.035509806287100855
expanded_nuisance,0.0025,0.25,1,50.0,,11.0,0.003841456298486534,10.194596463122213,0.00037681298248366796,51.515399409888765,1.098031031479149,1.0478697588341546,1.3609532487247085,0.0828710336805231,0.0828710336805231
expanded_nuisance,0.0025,0.25,1,55.0,,16.0,0.0041251737736307525,11.45809677180462,0.00036002259849835856,52.70297351757001,1.1791280341976242,1.0858766201542531,1.642600701633541,0.1204440717465929,0.1204440717465929
expanded_nuisance,0.0025,0.25,1,60.0,,21.0,0.0044525164070639,12.551988361947316,0.0003547259827424773,53.094984666918485,1.272694729093336,1.128137726119172,1.9422061568744016,0.14637372741148058,0.14637372741397053
expanded_nuisance,0.0025,0.25,2,5.0,7.5,34.0,0.015015247343222793,17.799759374437322,0.0008435646250806381,34.430301071407314,4.291915942058001,2.071693978863191,9.288036044866844,0.20972215558839233,0.20972215558839233
expanded_nuisance,0.0025,0.25,2,5.0,10.0,34.0,0.01401172786707594,17.704149418807827,0.0007914375062939042,35.54607772364182,4.005072765959116,2.001267789667119,8.620729744010069,0.2089622358800357,0.20896223587829155
expanded_nuisance,0.0025,0.25,2,5.0,12.5,34.0,0.0133359761117533,17.631761011018973,0.0007563609842158693,36.36096836660161,3.811917790536619,1.9524133247180575,8.171424447765276,0.20837220286037048,0.20837220286037048
expanded_nuisance,0.0025,0.25,2,5.0,15.0,34.0,0.01287908094823731,17.57681328842895,0.0007327312827926424,36.94261494476739,3.6813201659141668,1.9186766704982283,7.8668755954673095,0.20784124419144864,0.20784124419144864
expanded_nuisance,0.0025,0.25,2,5.0,17.5,34.0,0.012578672423129156,17.535830411617358,0.000717312618100816,37.33754549195331,3.595452240560026,1.8961677775344739,7.665463396765428,0.20733626859194756,0.20733626859194756
expanded_nuisance,0.0025,0.25,2,5.0,22.5,34.0,0.012302309545237033,17.48681270868884,0.0007035192604953255,37.70179295612118,3.5164574551725187,1.875221974906576,7.476091000802193,0.2063883248213576,0.20638832482312355
expanded_nuisance,0.0025,0.25,2,5.0,25.0,34.0,0.012280702251711073,17.475530322873045,0.0007027370285660136,37.72277046455433,3.5102812873459754,1.8735744680545727,7.458145231212653,0.20595332211021752,0.20595332211021752
expanded_nuisance,0.0025,0.25,2,5.0,27.5,34.0,0.012316500974166367,17.471363030720923,0.0007049536405665397,37.663417214749295,3.5205138931831703,1.876303251924691,7.478102326611432,0.20555106660779954,0.20555106660779954
expanded_nuisance,0.0025,0.25,2,5.0,30.0,34.0,0.012399086790253477,17.473259965660702,0.0007096035207294325,37.539814235560065,3.5441199898760845,1.882583328800105,7.5290626066179875,0.2051856791483302,0.20518567915188274
expanded_nuisance,0.0025,0.25,2,5.0,35.0,34.0,0.012673341387034132,17.49169282689234,0.0007245348699212059,37.150986817379625,3.6225121501382236,1.9032898229482087,7.703715680622036,0.20457680532512693,0.20457680532512693
expanded_nuisance,0.0025,0.25,2,5.0,40.0,35.0,0.013055600685436541,17.524774760426464,0.0007449796567381865,36.637665497002885,3.73177606962695,1.9317805438576479,7.951088243404401,0.20414092602701384,0.20414092602701384
expanded_nuisance,0.0025,0.25,2,5.0,45.0,40.0,0.013514292931973593,17.56788514575794,0.0007692612297864916,36.05479889971964,3.862887367390509,1.9654229487289774,8.25068643053711,0.20388274077108814,0.20388274077108814
expanded_nuisance,0.0025,0.25,2,5.0,50.0,45.0,0.014027676269002143,17.617551891745784,0.0007962330041766145,35.43887381735908,4.009631412174712,2.0024064053470045,8.588326849047055,0.20380168851430955,0.20380168851430955
expanded_nuisance,0.0025,0.25,2,5.0,55.0,50.0,0.014580293302927316,17.671214416516747,0.0008250872271290851,34.81369081657011,4.167589906200238,2.0414675863702167,8.953852321234912,0.20389442810872951,0.20389442811051706
expanded_nuisance,0.0025,0.25,2,5.0,60.0,55.0,0.015160884508759409,17.727019170923313,0.0008552416152190438,34.19444722432719,4.3335444586075385,2.0817167094990467,9.339798870468698,0.2041561016896395,0.2041561016896395
expanded_nuisance,0.0025,0.25,2,7.5,10.0,31.5,0.0122007475190693,17.49793246768852,0.0006972679510335897,37.87042229988977,3.4874272521227,1.867465462096341,7.419086697843794,0.20874053694375652,0.20874053694375652
expanded_nuisance,0.0025,0.25,2,7.5,12.5,31.5,0.011432437829534958,17.39066630692819,0.0006573892930704122,39.002162442016946,3.2678157778942434,1.8077100923251614,6.909272800567823,0.20841271093036964,0.20841271092862088
expanded_nuisance,0.0025,0.25,2,7.5,15.0,31.5,0.010898177777411089,17.303514940244593,0.0006298245076244051,39.84650383865447,3.115104391761125,1.764965833029389,6.553382098988743,0.2080363183599454,0.2080363183599454
expanded_nuisance,0.0025,0.25,2,7.5,17.5,31.5,0.010532288336160711,17.233565945402734,0.0006111496813560126,40.45071524557751,3.0105195860608056,1.735084893041492,6.307759996271115,0.20761603328916614,0.20761603328916614
expanded_nuisance,0.0025,0.25,2,7.5,22.5,31.5,0.010152161463067966,17.137916558959702,0.0005923801430670647,41.08655741466588,2.9018651930069486,1.7034861880881067,6.046357340306304,0.2067305444183796,0.2067305444183796
expanded_nuisance,0.0025,0.25,2,7.5,25.0,31.5,0.010089353499302511,17.109319462754932,0.0005896992876464725,41.17984412889593,2.8839123418276555,1.698208568411918,5.998923783201367,0.20630573033937563,0.20630573033937563
expanded_nuisance,0.0025,0.25,2,7.5,27.5,31.5,0.010089655816698961,17.09178562391756,0.0005903219264919811,41.15812129091445,2.8839987553794093,1.6982340107827925,5.992955580636306,0.20591165244571905,0.20591165244571905
expanded_nuisance,0.0025,0.25,2,7.5,30.0,31.5,0.010141645785498365,17.084050257776028,0.000593632401712367,41.043198798278794,2.898859421395542,1.7026037182490652,6.021109820715169,0.20555629367825762,0.20555629367825762
expanded_nuisance,0.0025,0.25,2,7.5,35.0,31.5,0.010366879037509769,17.09312134744642,0.0006064942047029052,40.60566920575262,2.9632394587597366,1.7214062445453533,6.15809914971921,0.20497599010736878,0.20497599010736878
expanded_nuisance,0.0025,0.25,2,7.5,40.0,32.5,0.010713094318643979,17.12746571613724,0.0006254920895010324,39.9842624285099,3.0622006580339325,1.7499144716339516,6.3765431881213095,0.20457199855503547,0.20457199855503547
expanded_nuisance,0.0025,0.25,2,7.5,45.0,37.5,0.011145778575202048,17.179356003759903,0.0006487890799144429,39.259813688435514,3.1858779053113326,1.7849027719490305,6.654180246133713,0.20433376006766765,0.20433376006766765
expanded_nuisance,0.0025,0.25,2,7.5,50.0,42.5,0.011641017751049976,17.242627565973702,0.0006751301509302536,38.48630773314446,3.3274356742489686,1.8241260028432709,6.975440994145675,0.20424750784348703,0.20424750784348703
expanded_nuisance,0.0025,0.25,2,7.5,55.0,47.5,0.012181717437337092,17.31262411487011,0.0007036320638922672,37.69877073683952,3.48198774724488,1.866008506745047,7.3290669947932825,0.20430204057144297,0.20430204057144297
expanded_nuisance,0.0025,0.25,2,7.5,60.0,52.5,0.012755364053349538,17.38598167066614,0.0007336579719781115,36.91927631811599,3.645957277689059,1.9094389955400668,7.706715838097876,0.20448982118595377,0.20448982118417144
expanded_nuisance,0.0025,0.25,2,10.0,12.5,29.0,0.010148217593552555,17.180644370631114,0.0005906773561357274,41.14573634204524,2.9007378884704553,1.7031552743277565,6.05907724261403,0.20835535714480505,0.20835535714480505
expanded_nuisance,0.0025,0.25,2,10.0,15.0,29.0,0.009548881344837223,17.0548999258875,0.0005598907871832804,42.26183394980175,2.7294253058858207,1.6520972446819893,5.659511442932172,0.2079394890500715,0.2079394890483188
expanded_nuisance,0.0025,0.25,2,10.0,17.5,29.0,0.009126892356858374,16.9480754958701,0.0005385208697637918,43.09220633986521,2.6088051640073844,1.6151796073525027,5.375521318244246,0.20741601466465823,0.20741601466465823
expanded_nuisance,0.0025,0.25,2,10.0,22.5,29.0,0.008655569498093207,16.78845411440313,0.0005155667960320082,44.04103636060654,2.4740835676759323,1.5729219839762976,5.049909858374282,0.2062655778591346,0.2062655778591346
expanded_nuisance,0.0025,0.25,2,10.0,25.0,29.0,0.008555588387310742,16.73449035107768,0.0005112547922177846,44.22637093053828,2.4455052490200218,1.563811129586953,4.975533365502089,0.20572666407092083,0.20572666407092083
expanded_nuisance,0.0025,0.25,2,10.0,27.5,29.0,0.008523305422106997,16.696643932875126,0.0005104801573521549,44.25991415592993,2.436277577317538,1.5608579619291236,4.945548974379477,0.20524978657259277,0.20524978657259277
expanded_nuisance,0.0025,0.25,2,10.0,30.0,29.0,0.008546700394834073,16.673740552121004,0.0005125844658622135,44.16897080408855,2.442964730323823,1.5629986341401017,4.952321029178171,0.2048486636101908,0.2048486636101908
expanded_nuisance,0.0025,0.25,2,10.0,35.0,29.0,0.008724788535894756,16.667008399287305,0.0005234765788122982,43.70703766645004,2.4938689421718423,1.579198829207976,5.053471655461815,0.2042857518472314,0.2042857518472314
expanded_nuisance,0.0025,0.25,2,10.0,40.0,30.0,0.009034716875766957,16.701812924789856,0.0005409422867117063,42.99565146493783,2.5824579845224136,1.6070027954308024,5.243912452491187,0.204011186133287,0.204011186133287
expanded_nuisance,0.0025,0.25,2,10.0,45.0,35.0,0.009439623769493366,16.76580619901857,0.0005630283242833822,42.14391508848854,2.698195428768907,1.6426184671946518,5.499920311500731,0.20396048636048036,0.20396048636226732
expanded_nuisance,0.0025,0.25,2,10.0,50.0,40.0,0.009913827933462738,16.848430480942067,0.0005884125494464701,41.22484549900662,2.8337406092516684,1.6833717976881009,5.804677519194131,0.2040715319994348,0.20407153199764883
expanded_nuisance,0.0025,0.25,2,10.0,55.0,45.0,0.010438888362217735,16.941537962787777,0.0006161712345801684,40.28554933779377,2.983822400993482,1.7273744240880382,6.145883965794148,0.20429991539814019,0.20429991539992418
expanded_nuisance,0.0025,0.25,2,10.0,60.0,50.0,0.011001253183737791,17.03930094284931,0.0006456399367929799,39.355443135241714,3.144567175126286,1.7732927494145703,6.5143517213617494,0.20461999402059583,0.20461999402059583
expanded_nuisance,0.0025,0.25,2,12.5,15.0,26.5,0.008582756976203143,16.820923712995445,0.000510242904768203,44.27020294046995,2.4532710418255026,1.566292131700055,5.017113509669436,0.2073511446204008,0.2073511446204008
expanded_nuisance,0.0025,0.25,2,12.5,17.5,26.5,0.008111358880072306,16.668412764904858,0.0004866305505195236,45.331523477136344,2.3185279398576943,1.522671317079853,4.698563855049935,0.20651653049732455,0.20651653049732455
expanded_nuisance,0.0025,0.25,2,12.5,22.5,26.5,0.007557948669173253,16.42313847051888,0.00046020123880344195,46.61504505315683,2.160342726363534,1.4698104389218136,4.3135750922052765,0.20466373152995662,0.20466373153173742
expanded_nuisance,0.0025,0.25,2,12.5,25.0,26.5,0.0074237896360380695,16.33282130454496,0.0004545319818059994,46.904852733931364,2.121995086799416,1.4567069323647142,4.213705098516839,0.20381089236977057,0.2038108923733471
expanded_nuisance,0.0025,0.25,2,12.5,27.5,26.5,0.007361153065511772,16.26476052037868,0.0004525829357455789,47.00574198311786,2.1040912261800977,1.4505485949047339,4.160742047115132,0.20308308841347167,0.20308308841526634
expanded_nuisance,0.0025,0.25,2,12.5,30.0,26.5,0.007357570030043892,16.21852454125682,0.0004536522426147732,46.95031051802444,2.103067061429825,1.4501955252412777,4.1468947880020455,0.20250970015081193,0.20250970015081193
expanded_nuisance,0.0025,0.25,2,12.5,35.0,26.5,0.007490333439460706,16.186175116370933,0.00046276117647367314,46.485931910254756,2.141015779847386,1.4632210290476917,4.213302645012846,0.20185067739322654,0.20185067739322654
expanded_nuisance,0.0025,0.25,2,12.5,40.0,27.5,0.007764395510466482,16.220163156300345,0.00047868787974864377,45.70605988315305,2.219352909085156,1.489749277256128,4.376633077799041,0.2017597015145883,0.20175970151278186
expanded_nuisance,0.0025,0.25,2,12.5,45.0,32.5,0.008140922425221575,16.301358066586907,0.0004994014849540741,44.74815001070212,2.326978300203385,1.5254436404546006,4.6118446909602415,0.20206435959169683,0.20206435959169683
expanded_nuisance,0.0025,0.25,2,12.5,50.0,37.5,0.008592710878572163,16.412015784803216,0.0005235621870732433,43.70346422613834,2.456116237198363,1.5672001267222904,4.900827262106606,0.2025962782836424,0.2025962782836424
expanded_nuisance,0.0025,0.25,2,12.5,55.0,42.5,0.009100151520436306,16.53818273784419,0.0005502509958130106,42.63041705684222,2.601161638761319,1.6128117183234125,5.23014440550072,0.2032351236522064,0.2032351236522064
expanded_nuisance,0.0025,0.25,2,12.5,60.0,47.5,0.009648793646190867,16.67006487489971,0.0005788096038377846,41.56541641496633,2.7579839562487103,1.6607179038743185,5.589688142481749,0.20391248941785223,0.20391248941785223
expanded_nuisance,0.0025,0.25,2,15.0,17.5,24.0,0.0073617517372635,16.392457198945934,0.00044909385139263165,47.1879863852954,2.104262348824738,1.4506075791973299,4.193749599488557,0.2049569338465385,0.20495693384831676
expanded_nuisance,0.0025,0.25,2,15.0,22.5,24.0,0.0067334164779824235,16.03618894912704,0.00041988882142405593,48.80146321443935,1.9246607708671963,1.3873214374712144,3.752441344262764,0.20186200091035267,0.20186200090854717
expanded_nuisance,0.0025,0.25,2,15.0,25.0,24.0,0.00656744727892189,15.89523235620688,0.0004131708887135197,49.1966060418547,1.8772206032125478,1.3701170034754506,3.627778361611593,0.2004071201597057,0.2004071201597057
expanded_nuisance,0.0025,0.25,2,15.0,27.5,24.0,0.006476241620005929,15.783354564192464,0.0004103209868134441,49.36715897054964,1.8511506349623081,1.360569966948524,3.5522181281328518,0.1991622336991198,0.1991622336991198
expanded_nuisance,0.0025,0.25,2,15.0,30.0,24.0,0.006447010886458937,15.702063913121325,0.0004105836609843076,49.35136492726639,1.8427954045461399,1.3574960053518168,3.5179722911628857,0.19819608166345143,0.19819608166345143
expanded_nuisance,0.0025,0.25,2,15.0,35.0,24.0,0.006536119125386541,15.629322925776577,0.0004181959229089113,48.900140030176495,1.8682658521838018,1.3668452188100164,3.5500738991514456,0.19719382096710616,0.19719382096525792
expanded_nuisance,0.0025,0.25,2,15.0,40.0,25.0,0.006775044678109854,15.660257849470526,0.000432626636370417,48.07766560775227,1.9365596581570377,1.3916032689516928,3.6871290835901833,0.1973038721468674,0.1973038721468674
expanded_nuisance,0.0025,0.25,2,15.0,45.0,30.0,0.007123221680898073,15.766048680419203,0.0004518076675574919,47.04605386743219,2.036081590414731,1.4269133086542893,3.902802670755274,0.19816914417481177,0.19816914417481177
expanded_nuisance,0.0025,0.25,2,15.0,50.0,35.0,0.007552049016101847,15.917264051891163,0.0004744564764071105,45.909420453458004,2.1586563861727273,1.4692366678560427,4.1774425987072386,0.19941452382317906,0.19941452382317906
expanded_nuisance,0.0025,0.25,2,15.0,55.0,40.0,0.008040842242044377,16.090401954338642,0.0004997291096184351,44.73347906095922,2.2983716629736506,1.5160381469388067,4.496200866879726,0.20076904438307341,0.20076904438307341
expanded_nuisance,0.0025,0.25,2,15.0,60.0,45.0,0.008574340306863881,16.26943395352177,0.0005270214275038028,43.559798638266095,2.4508652448052817,1.5655239521659454,4.847864019838348,0.2020819926744006,0.2020819926744006
expanded_nuisance,0.0025,0.25,2,17.5,22.5,21.5,0.006108943649881127,15.628442450508285,0.000390886274766456,50.57952999201699,1.7461632193420316,1.3214246930272007,3.3178678726602953,0.19791612899670347,0.19791612899670347
expanded_nuisance,0.0025,0.25,2,17.5,25.0,21.5,0.005913069782714331,15.4193999076005,0.0003834824842826518,51.06545829658331,1.6901751857179859,1.3000673773762597,3.1685294397442436,0.19546895229316513,0.19546895229316513
expanded_nuisance,0.0025,0.25,2,17.5,27.5,21.5,0.00579470740404231,15.24594846233385,0.00038008179145813904,51.29339768838797,1.6563428173027135,1.286989827971734,3.0701756945664904,0.19331171550431991,0.19331171550243456
expanded_nuisance,0.0025,0.25,2,17.5,30.0,21.5,0.005740879417008404,15.113456505226022,0.00037985218106945215,51.30889808342337,1.6409567773395433,1.2809983518098464,3.0152234050393756,0.19159730107796147,0.19159730107796147
expanded_nuisance,0.0025,0.25,2,17.5,35.0,21.5,0.0057877480371471,14.978755426247421,0.00038639712529154273,50.87249721124217,1.654353571502,1.2862167669183915,3.0127466773388494,0.18980117015474351,0.18980117015666376
expanded_nuisance,0.0025,0.25,2,17.5,40.0,22.5,0.005992412315304563,15.002807184942544,0.00039941940474438696,50.03632675415224,1.7128542314055664,1.3087605706948717,3.12429105785372,0.19008288141564816,0.19008288141756557
expanded_nuisance,0.0025,0.25,2,17.5,45.0,27.5,0.006312707858322497,15.143510831788168,0.00041685893901639474,48.978495506544036,1.804406605857078,1.3432820276684558,3.3221522676172475,0.19179440347944185,0.19179440347944185
expanded_nuisance,0.0025,0.25,2,17.5,50.0,32.5,0.006718623596532858,15.35267038330445,0.0004376192172951978,47.80263178790704,1.9204324153648793,1.3857966717252856,3.584606656373241,0.19417372028506524,0.19417372028506524
expanded_nuisance,0.0025,0.25,2,17.5,55.0,37.5,0.007188398580859623,15.591375441076032,0.00046104967506083725,46.572134160399976,2.0547115716334656,1.4334265142076401,3.8948779164926273,0.19666657946673907,0.19666657946117944
expanded_nuisance,0.0025,0.25,2,17.5,60.0,42.5,0.007706004458305937,15.834126247143466,0.0004866706465534294,45.32965604198861,2.202662575458751,1.484136980018607,4.240339498907671,0.19897834483076576,0.19897834483076576
expanded_nuisance,0.0025,0.25,2,22.5,25.0,16.5,0.005036591613074126,14.381634510531573,0.00035020995766412116,53.43622315029323,1.4396451382830693,1.1998521318408653,2.517226271317364,0.18132969568899546,0.1813296956910054
expanded_nuisance,0.0025,0.25,2,22.5,27.5,16.5,0.004866773123891832,14.018262750901584,0.00034717376970115827,53.669376190513205,1.3911047003989967,1.1794510165322665,2.370896344794377,0.17550878928318392,0.17550878928318392
expanded_nuisance,0.0025,0.25,2,22.5,30.0,16.5,0.00476558975566288,13.716587703437199,0.000347432601948711,53.64938101250346,1.3621827318661923,1.167125842343572,2.271642620760379,0.17041162923468497,0.1704116292368237
expanded_nuisance,0.0025,0.25,2,22.5,35.0,16.5,0.004730417510391494,13.359064241967157,0.00035409796859356424,53.14204739119476,1.3521291964999318,1.1628109031566276,2.196103388632574,0.1642228904131552,0.1642228904131552
expanded_nuisance,0.0025,0.25,2,22.5,40.0,17.5,0.004869194388813725,13.347479360321959,0.00036480254116656475,52.35655618106403,1.391796787933799,1.1797443739784474,2.258570445996919,0.1644007446423546,0.1644007446423546
expanded_nuisance,0.0025,0.25,2,22.5,45.0,22.5,0.005136659353790929,13.602433892831943,0.00037762795939760363,51.45978046470033,1.4682482189950243,1.2117129276338618,2.4281452354998114,0.16931089739005556,0.16931089739005556
expanded_nuisance,0.0025,0.25,2,22.5,50.0,27.5,0.0054990231013238855,14.001557269304554,0.00039274367811781394,50.459785318032395,1.5718252503492591,1.2537245512269668,2.6757107001736213,0.17616011915511462,0.17616011915511462
expanded_nuisance,0.0025,0.25,2,22.5,55.0,32.5,0.0059317677523833545,14.445467003084548,0.00041063177473713665,49.348473591185595,1.6955197606205645,1.3021212541927747,2.97778265152538,0.1829536186088967,0.18295361861088882
expanded_nuisance,0.0025,0.25,2,22.5,60.0,37.5,0.006417287792719328,14.876136523732267,0.00043138134571981583,48.14700973030092,1.834299439281479,1.354363112049896,3.31756118982174,0.18881644433516398,0.18881644433516398
expanded_nuisance,0.0025,0.25,2,25.0,27.5,14.0,0.004564527468159163,13.364098715995386,0.00034155146300258283,54.109301175618285,1.304711654809753,1.1422397536462094,2.119887285087833,0.1638468500041577,0.1638468500041577
expanded_nuisance,0.0025,0.25,2,25.0,30.0,14.0,0.004439850224308373,12.939654702537645,0.00034311968335891196,53.98550692657418,1.2690742631462328,1.1265319627716885,1.9964952307677553,0.15560215293100668,0.15560215293100668
expanded_nuisance,0.0025,0.25,2,25.0,35.0,14.0,0.004363445222872908,12.406258170228831,0.00035171323722279314,53.321903311293696,1.2472348730770546,1.1167967017667337,1.881254764994823,0.1446402395525513,0.1446402395500315
expanded_nuisance,0.0025,0.25,2,25.0,40.0,15.0,0.004470282011501681,12.359126371718256,0.0003616988674645447,52.58070750950174,1.2777727993484504,1.1303861284306573,1.919994412702463,0.14418289642093193,0.14418289642093193
expanded_nuisance,0.0025,0.25,2,25.0,45.0,20.0,0.0047136413596193805,12.698283386519048,0.00037120303714622963,51.90321257383003,1.347333948889329,1.1607471511441796,2.080074169697121,0.15199985375177583,0.15199985375177583
expanded_nuisance,0.0025,0.25,2,25.0,50.0,25.0,0.005056507916263442,13.237083331082093,0.000381995624700059,51.164744022417075,1.4453379582021275,1.202222091879087,2.3260565265505893,0.1629158103700406,0.1629158103700406
expanded_nuisance,0.0025,0.25,2,25.0,55.0,30.0,0.005472193834427319,13.824680086251739,0.0003958278817510768,50.26281511645337,1.5641564483858286,1.2506624038427911,2.6290196537026236,0.1733555965004152,0.1733555965004152
expanded_nuisance,0.0025,0.25,2,25.0,60.0,35.0,0.005942245545948133,14.379259953365823,0.000413251138460516,49.19182903520357,1.6985147035749049,1.3032707713959155,2.969370564575818,0.18199271288908275,0.18199271288908275
expanded_nuisance,0.0025,0.25,2,27.5,30.0,11.5,0.004196971381313919,12.161294361035564,0.0003451089379729919,53.82969218449585,1.1996504598342617,1.0952855608626737,1.7737527367673143,0.13850140354990376,0.13850140355253526
expanded_nuisance,0.0025,0.25,2,27.5,35.0,11.5,0.00407799530849795,11.408782784617138,0.00035744350519114574,52.89276795420396,1.1656426748161355,1.079649329558508,1.6168260710802527,0.12005673890704802,0.12005673891008378
expanded_nuisance,0.0025,0.25,2,27.5,40.0,12.5,0.004153082908991745,11.310387719578308,0.00036719191348345636,52.18593221560284,1.1871055027165802,1.0895437130820316,1.6323954066044895,0.1181466739054425,0.1181466739054425
expanded_nuisance,0.0025,0.25,2,27.5,45.0,17.5,0.004374499058473091,11.74988893878584,0.0003723013112092551,51.82659982441108,1.2503944702617609,1.1182103872982763,1.7862381437959163,0.13023882789995617,0.13023882789995617
expanded_nuisance,0.0025,0.25,2,27.5,50.0,22.5,0.004700154860864725,12.455174867685178,0.0003773656259984938,51.47766401433788,1.3434790061311748,1.1590854179615817,2.034413676580761,0.14701034000830143,0.14701034000830143
expanded_nuisance,0.0025,0.25,2,27.5,55.0,27.5,0.005100226488379267,13.208109429261455,0.0003861435670028705,50.88919699287634,1.4578343515241203,1.207408113076983,2.3410322200500024,0.16234606644629915,0.16234606644405417
expanded_nuisance,0.0025,0.25,2,27.5,60.0,32.5,0.005555454046988206,13.899420415536735,0.0003996896187684441,50.0194101237119,1.5879553126643116,1.2601409892009352,2.6834500825008276,0.1744504670314268,0.17445046702933759
expanded_nuisance,0.0025,0.25,2,30.0,35.0,9.0,0.003861297606237102,10.442615736468651,0.0003697634485153301,52.00415101257068,1.1037024149135601,1.050572422498116,1.4012636082192917,0.09142139204909235,0.09142139205706563
expanded_nuisance,0.0025,0.25,2,30.0,40.0,10.0,0.0039043149318649384,10.277622027248476,0.0003798850474860478,51.30667849606878,1.115998365917667,1.0564082382855915,1.394487911261109,0.08681395057897948,0.08681395057058303
expanded_nuisance,0.0025,0.25,2,30.0,45.0,15.0,0.00410621837472025,10.824507800589085,0.00037934458086831286,51.34321477283038,1.1737098764468779,1.0833789163754655,1.544640685777164,0.10478173563604283,0.10478173563952116
expanded_nuisance,0.0025,0.25,2,30.0,50.0,20.0,0.004417187631021502,11.709474511836047,0.0003772319267236601,51.48678561320023,1.2625964514130683,1.1236531722079852,1.7974653332532837,0.12934951109530268,0.12934951109530268
expanded_nuisance,0.0025,0.25,2,30.0,55.0,25.0,0.0048030694442537936,12.635335305937044,0.00038012995523727377,51.29014806006617,1.3728958203215293,1.171706371204633,2.1090307280334,0.15071119009040423,0.15071119009040423
expanded_nuisance,0.0025,0.25,2,30.0,60.0,30.0,0.005244027118812333,13.464343949661036,0.0003894751306426892,50.67107687960599,1.4989379180605875,1.2243112014764006,2.453733523151652,0.16677370047994305,0.16677370047994305
expanded_nuisance,0.0025,0.25,2,35.0,40.0,5.0,0.0035864819257791503,8.684290652829745,0.0004129850173324759,49.20767570791111,1.0251498760759388,1.0124968523782871,1.082381266480268,0.023124449972112174,0.023124449956351163
expanded_nuisance,0.0025,0.25,2,35.0,45.0,10.0,0.003753426571186269,9.398354057422786,0.0003993706289689977,50.03938216927944,1.0728688625625273,1.035793832073993,1.2259055074031193,0.05473421114803421,0.05473421114803421
expanded_nuisance,0.0025,0.25,2,35.0,50.0,15.0,0.004038634002867969,10.581439578905574,0.0003816715081867604,51.186464034155506,1.1543917502544576,1.0744262423519158,1.4851028243226458,0.09690513915359496,0.09690513915359496
expanded_nuisance,0.0025,0.25,2,35.0,55.0,20.0,0.004397291469796727,11.788060241004917,0.00037302926689335137,51.77600608382164,1.2569093888163332,1.1211197031612339,1.801378064651246,0.1305446851032439,0.13054468510603576
expanded_nuisance,0.0025,0.25,2,35.0,60.0,25.0,0.0048095424467580195,12.833026693465975,0.00037477849626907047,51.65503591379734,1.3747460450967748,1.172495648220826,2.1449152141578023,0.15396379126644336,0.1539637912640761
expanded_nuisance,0.0025,0.25,2,40.0,45.0,6.0,0.003627823225641924,8.989208635093703,0.00040357537275071906,49.778026173034135,1.0369667566034864,1.0183156468421206,1.133299891833439,0.036705548705071075,0.036705548715000494
expanded_nuisance,0.0025,0.25,2,40.0,50.0,11.0,0.0038763564781274518,10.233599921474042,0.0003787871822107644,51.38097755855551,1.1080068003731027,1.0526190195759826,1.378571873250817,0.084560888068661,0.08456088807297107
expanded_nuisance,0.0025,0.25,2,40.0,55.0,16.0,0.004200561650510082,11.51085201222612,0.0003649218707745094,52.34799517300251,1.20067669225302,1.095753937822274,1.6803204145938988,0.12245362515829958,0.12245362515829958
expanded_nuisance,0.0025,0.25,2,40.0,60.0,21.0,0.004579921371542728,12.614750010396849,0.000363060811174858,52.48199229828697,1.3091118047261807,1.1441642385279225,2.007769907033453,0.14850305314962134,0.14850305314962134
expanded_nuisance,0.0025,0.25,2,45.0,50.0,11.0,0.003890150479595178,10.630875153960812,0.00036592946707174903,52.27587470983144,1.1119496388392853,1.0544902270003669,1.4371850443954777,0.09653949042197359,0.09653949042197359
expanded_nuisance,0.0025,0.25,2,45.0,55.0,16.0,0.004170042913390848,11.76677849946125,0.000354391213668361,53.12005634272694,1.1919533025292646,1.0917661391201252,1.7052001912476398,0.12811620803872212,0.1281162080358773
expanded_nuisance,0.0025,0.25,2,45.0,60.0,21.0,0.0045114265465646675,12.774358822292193,0.00035316266039841447,53.212370973832286,1.2895334371807072,1.1355762577566983,2.0027662854673003,0.15105264129935872,0.15105264130177154
expanded_nuisance,0.0025,0.25,2,50.0,55.0,16.0,0.004266223486808496,12.338003570818643,0.00034577907700552126,53.77750442177244,1.219445286306262,1.1042849660781686,1.829219254044022,0.14111679006749625,0.14111679006749625
expanded_nuisance,0.0025,0.25,2,50.0,60.0,21.0,0.00456825174650044,13.171445365133184,0.0003468299506896408,53.6959713288646,1.3057761920245063,1.1427056453980204,2.0910322637131555,0.15845309116415682,0.15845309116415682
expanded_nuisance,0.0025,0.25,2,55.0,60.0,21.0,0.004722218921839438,13.665325185205377,0.0003455621331976717,53.79438252407683,1.3497857350767124,1.1618027952611891,2.2425563158765525,0.16725967441637615,0.16725967441201806
expanded_nuisance,0.005,0.5,1,5.0,,34.0,0.00902857881619612,17.048720947003336,0.0005295751419864186,43.454644800304365,2.5807034988903625,1.606456815133965,5.349195444468016,0.21143816914158925,0.21143816914158925
expanded_nuisance,0.005,0.5,1,7.5,,31.5,0.0075469610885012806,16.685522463091225,0.0004523059499752159,47.020132606280676,2.1572020673006,1.4687416611850432,4.376119681868625,0.21011573221489693,0.21011573221489693
expanded_nuisance,0.005,0.5,1,10.0,,29.0,0.0065403982264715665,16.279553022500146,0.0004017553932489431,49.89064770861841,1.8694889783664541,1.3672925723364602,3.7001892647849393,0.20710181673000697,0.2071018167317668
expanded_nuisance,0.005,0.5,1,12.5,,26.5,0.005809346678926186,15.808227020797336,0.00036748881903602456,52.16484664363141,1.6605272663376232,1.2886144754493576,3.1914476760097994,0.20225560672549445,0.20225560672549445
expanded_nuisance,0.005,0.5,1,15.0,,24.0,0.005258226423164647,15.253171879395497,0.0003447300315462673,53.85926723294273,1.5029966071599272,1.2259676207632595,2.7872550915617795,0.19527764009900164,0.19527764009900164
expanded_nuisance,0.005,0.5,1,17.5,,21.5,0.0048330771762947755,14.599203800779243,0.0003310507368927069,54.96075886109702,1.3814731457952802,1.175360857692343,2.4520547984043493,0.18570566941096156,0.185705669408999
expanded_nuisance,0.005,0.5,1,22.5,,16.5,0.00423623532227646,12.96765800422873,0.00032667697751552607,55.32746035105502,1.2108735539540676,1.1003969983392665,1.9090569999567808,0.15614819988187503,0.15614819988187503
expanded_nuisance,0.005,0.5,1,25.0,,14.0,0.0040254336868925655,12.011615553917167,0.00033512841539286623,54.62536771567288,1.1506186091745934,1.0726689187137817,1.6803175773696986,0.13468389321025648,0.13468389321025648
expanded_nuisance,0.005,0.5,1,27.5,,11.5,0.0038560743634130645,11.01470811166949,0.00035008411701148586,53.44582633519598,1.1022094179196849,1.0498616184620166,1.4760316282637966,0.10821255785503127,0.10821255785503127
expanded_nuisance,0.005,0.5,1,30.0,,9.0,0.0037206764787454105,10.051611057045681,0.0003701572272971506,51.976482256081546,1.0635076685283686,1.0312650816004432,1.2996752669570797,0.07760937315263848,0.07760937315263848
expanded_nuisance,0.005,0.5,1,35.0,,4.0,0.0035431102691707572,8.605042542089443,0.00041174814091162333,49.28152931903802,1.0127526441039296,1.006356121909103,1.0595341537537166,0.01882135477741147,0.01882135477741147
expanded_nuisance,0.005,0.5,1,40.0,,1.0,0.0035010946522664455,8.247297790053308,0.0004245141549864923,48.53487461873428,1.0007430186955004,1.0003714403637782,1.0034432096516073,0.0011436596760799856,0.0011436603134454986
expanded_nuisance,0.005,0.5,1,45.0,,6.0,0.003577914899979495,8.90211040516071,0.00040191760572923414,49.880578850819724,1.0227011015892395,1.0112868542551314,1.1068792677930257,0.032203420262703696,0.032203420262703696
expanded_nuisance,0.005,0.5,1,50.0,,11.0,0.003718666956332939,10.046347862341205,0.00037015112429785395,51.976910744753205,1.0629332723109197,1.0309865529243918,1.298293153021383,0.07645450651953319,0.07645450651953319
expanded_nuisance,0.005,0.5,1,55.0,,16.0,0.0038889742507541847,11.243180984660118,0.0003458962597916188,53.76839427466831,1.1116134289055577,1.0543307967168358,1.5195029217087914,0.11273232098375556,0.11273232099022158
expanded_nuisance,0.005,0.5,1,60.0,,21.0,0.004077523305623831,12.297130518039326,0.00033158331528174736,54.916603027537704,1.1655077588461338,1.0795868463658371,1.7425189294916603,0.13847185443726773,0.13847185443726773
expanded_nuisance,0.005,0.5,2,5.0,7.5,34.0,0.011723938478420237,17.487983701237702,0.0006703996686359264,38.62185282106152,3.3511375010382625,1.8306112370020737,7.125093056831419,0.21326202913719514,0.21326202913719514
expanded_nuisance,0.005,0.5,2,5.0,10.0,34.0,0.010930110570206875,17.395353081352418,0.000628335080011903,39.89370266309935,3.1242319711703663,1.7675497082601004,6.607468079326789,0.21286860676751712,0.21286860676751712
expanded_nuisance,0.005,0.5,2,5.0,12.5,34.0,0.010380741707985308,17.31993524998439,0.0005993522237904824,40.846884701082644,2.967201925381395,1.7225567988839714,6.248156793699445,0.2125390440519423,0.2125390440536571
expanded_nuisance,0.005,0.5,2,5.0,15.0,34.0,0.009990057692848886,17.258125178367262,0.0005788611213326484,41.563566753887216,2.855529908627834,1.6898313254960786,5.991545768479253,0.21225121848271444,0.21225121848271444
expanded_nuisance,0.005,0.5,2,5.0,17.5,34.0,0.009710258079962841,17.20780308117969,0.0005642938865672531,42.09662972107183,2.775552776604811,1.6659990325942002,5.80675457053817,0.2119969065727821,0.21199690657622053
expanded_nuisance,0.005,0.5,2,5.0,22.5,34.0,0.009375432856997268,17.136057791032087,0.0005471172524817095,42.75233062691372,2.679847279425793,1.6370239092407273,5.583152830932447,0.21157254477814194,0.21157254477814194
expanded_nuisance,0.005,0.5,2,5.0,25.0,34.0,0.009287389132976998,17.11248903847944,0.0005427257900410171,42.92494726088305,2.65468110972621,1.6293192166442432,5.523115121385548,0.2113961558108311,0.21139615580910703
expanded_nuisance,0.005,0.5,2,5.0,27.5,34.0,0.009237951505255193,17.095905594559,0.0005403604655020612,43.01879254701768,2.6405499976834563,1.6249769222002681,5.488391198065398,0.21123975543501244,0.21123975543501244
expanded_nuisance,0.005,0.5,2,5.0,30.0,34.0,0.009219819094121284,17.08549423696379,0.0005396284688197413,43.047959783086945,2.6353670804370948,1.6233813724559902,5.4742826348239255,0.21110073412598337,0.21110073412598337
expanded_nuisance,0.005,0.5,2,5.0,35.0,34.0,0.009256374539656331,17.080249506986522,0.0005419343866065946,42.956278136322574,2.645815985864665,1.6265964422267327,5.494300388340073,0.2108661498080812,0.2108661498080812
expanded_nuisance,0.005,0.5,2,5.0,40.0,35.0,0.00936526212977773,17.091474608908143,0.0005479493340437997,42.719857787731165,2.676940107449331,1.6361357240306595,5.56258604462774,0.21067904057468148,0.21067904057468148
expanded_nuisance,0.005,0.5,2,5.0,45.0,40.0,0.009525991996653271,17.114821706325714,0.0005565931191168894,42.38684419401869,2.7228826791725576,1.6501159593109078,5.665782017553795,0.2105321003973974,0.21053210039566622
expanded_nuisance,0.005,0.5,2,5.0,50.0,45.0,0.009724692180019368,17.14681789138083,0.000567142675779374,41.99076976208114,2.7796785790458762,1.6672368095282315,5.794776215167184,0.21042274893537022,0.21042274893537022
expanded_nuisance,0.005,0.5,2,5.0,55.0,50.0,0.009951613398803794,17.184763940984233,0.0005790951468975389,41.55516751227855,2.8445411000706593,1.686576740047917,5.943117779763467,0.2103514629371435,0.2103514629371435
expanded_nuisance,0.005,0.5,2,5.0,60.0,55.0,0.010199700502380615,17.22660888759019,0.000592089863358327,41.09662778845867,2.9154536178948125,1.7074699464104228,6.106108026372439,0.21032033930249094,0.21032033930249094
expanded_nuisance,0.005,0.5,2,7.5,10.0,31.5,0.00959334441748938,17.21494460323739,0.0005572683873571853,42.36115534605887,2.7421345051408568,1.655939161062645,5.739220839890338,0.21257528845874368,0.21257528845874368
expanded_nuisance,0.005,0.5,2,7.5,12.5,31.5,0.009004139858824534,17.10871316075177,0.0005262897199936974,43.59006900068503,2.573717936258407,1.604281127564121,5.353488171297149,0.21216973424273486,0.21216973424273486
expanded_nuisance,0.005,0.5,2,7.5,15.0,31.5,0.008581036481853932,17.017528694507934,0.0005042469230343234,44.53263279262555,2.452779260574298,1.5661351348380823,5.074736653756199,0.21175553121166046,0.21175553120993929
expanded_nuisance,0.005,0.5,2,7.5,17.5,31.5,0.008274353221386033,16.94003205554311,0.0004884496790948221,45.24703085034641,2.3651177825661716,1.5378939438615953,4.871083276514824,0.21135732831911247,0.21135732831911247
expanded_nuisance,0.005,0.5,2,7.5,22.5,31.5,0.007897810431133578,16.82286729218049,0.0004694687471501718,46.15265152921505,2.2574878536405625,1.50249387807091,4.6172564262645635,0.21066920920930657,0.21066920920930657
expanded_nuisance,0.005,0.5,2,7.5,25.0,31.5,0.007793439702038274,16.781749775394005,0.0004643997083942517,46.40385176808266,2.2276548188693743,1.492533021031486,4.545102596661454,0.21039287161343526,0.21039287161343526
expanded_nuisance,0.005,0.5,2,7.5,27.5,31.5,0.007730006374258469,16.751209928765974,0.0004614595845392717,46.551444807327606,2.209523215404393,1.486446506068884,4.499904567475602,0.21016277234338424,0.21016277234338424
expanded_nuisance,0.005,0.5,2,7.5,30.0,31.5,0.007699835919320108,16.730348476158376,0.0004602316520957575,46.61350480662291,2.200899377676702,1.4835428465928115,4.476759127271796,0.20997597187364667,0.20997597187364667
expanded_nuisance,0.005,0.5,2,7.5,35.0,31.5,0.007717056159454394,16.71382063531687,0.000461717062055099,46.53846324045887,2.205821562537797,1.485200849224709,4.482338679227966,0.20971357712563127,0.20971357712563127
expanded_nuisance,0.005,0.5,2,7.5,40.0,32.5,0.007811535366925693,16.72445416323515,0.00046707266441601116,46.270881642543415,2.2328272326723018,1.4942647799745203,4.540102168175947,0.2095650302255512,0.20956503022381204
expanded_nuisance,0.005,0.5,2,7.5,45.0,37.5,0.007961574918038394,16.75508479394212,0.0004751736571883503,45.87476176974018,2.275714114695626,1.5085470210423095,4.635780734995538,0.20949390755986785,0.20949390755812813
expanded_nuisance,0.005,0.5,2,7.5,50.0,42.5,0.008152448179814531,16.799639304921087,0.000485275191439762,45.3947841305439,2.3302727893816853,1.5265231047651016,4.759543215154787,0.20947410097495617,0.20947410097669605
expanded_nuisance,0.005,0.5,2,7.5,55.0,47.5,0.008373784562431652,16.853302277813885,0.0004968631324826538,44.86230808323618,2.393538956591421,1.547106640342359,4.904379447180273,0.20948988074711927,0.20948988074711927
expanded_nuisance,0.005,0.5,2,7.5,60.0,52.5,0.008618066670140756,16.912440510752713,0.000509569666463069,44.29943796026924,2.46336386513077,1.5695107088295925,5.065162718412901,0.20953358603927597,0.20953358604101538
expanded_nuisance,0.005,0.5,2,10.0,12.5,29.0,0.0080901938703839,16.915307874910912,0.0004782764777449555,45.72571328828091,2.31247819319558,1.5206834625245256,4.755718126958341,0.211385919618883,0.211385919618883
expanded_nuisance,0.005,0.5,2,10.0,15.0,29.0,0.007641347440643376,16.788228258024798,0.0004551610404147799,46.8724289316426,2.184181195929753,1.4778975593490074,4.4581233680054035,0.21064897574308303,0.21064897574481323
expanded_nuisance,0.005,0.5,2,10.0,17.5,29.0,0.00731296743777099,16.675713502391147,0.00043854000230469155,47.75242077471047,2.090317982279984,1.445793201768491,4.237945183157096,0.2099065131395575,0.2099065131395575
expanded_nuisance,0.005,0.5,2,10.0,22.5,29.0,0.0069020097704655115,16.49610521327262,0.0004184023853650142,48.888073549249356,1.9728510019830898,1.4045821449751843,3.9567103389295184,0.20857881048167154,0.2085788104834189
expanded_nuisance,0.005,0.5,2,10.0,25.0,29.0,0.0067838765003118695,16.42951883016878,0.00041290780152702613,49.21227653245373,1.939084121300388,1.392510007612293,3.873290294951367,0.20804510433503415,0.20804510433503415
expanded_nuisance,0.005,0.5,2,10.0,27.5,29.0,0.006708486769731792,16.378160737519543,0.00040959951958242815,49.4106174168592,1.9175349333883995,1.3847508560706505,3.818272914696396,0.20761294983645623,0.20761294983645623
expanded_nuisance,0.005,0.5,2,10.0,30.0,29.0,0.0066678941523674595,16.34135388411909,0.0004080380487229687,49.50506886361544,1.9059320541541473,1.3805549804894217,3.7866398613586005,0.2072822213202739,0.2072822213185156
expanded_nuisance,0.005,0.5,2,10.0,35.0,29.0,0.006668028006387772,16.307117631982535,0.00040890291937981853,49.45268705961241,1.9059703146097067,1.380568837331086,3.778782447600114,0.2068961794242534,0.2068961794242534
expanded_nuisance,0.005,0.5,2,10.0,40.0,30.0,0.006749361131541232,16.31641488299158,0.000413654664945842,49.16782948803554,1.9292183456600303,1.3889630469022674,3.8270547563233004,0.20680108661819713,0.20680108661819713
expanded_nuisance,0.005,0.5,2,10.0,45.0,35.0,0.006889242874509538,16.357853541567152,0.0004211581218161169,48.72786798303667,1.9692017484588866,1.4032824906122383,3.916292142841595,0.20689893861750713,0.20689893861750713
expanded_nuisance,0.005,0.5,2,10.0,50.0,40.0,0.007072261670944879,16.421083466731602,0.00043068179302985536,48.18609624930712,2.02151532492965,1.4218000298669464,4.035872147440637,0.2071079223622692,0.2071079223605094
expanded_nuisance,0.005,0.5,2,10.0,55.0,45.0,0.007287546855253346,16.49774613443043,0.00044172984575416627,47.579692198889,2.0830518346854783,1.4432781556877656,4.1781424873456015,0.20737114522301864,0.20737114522301864
expanded_nuisance,0.005,0.5,2,10.0,60.0,50.0,0.007527210536928397,16.581619730922334,0.000453949050760779,46.93495911109923,2.1515566253559917,1.466818538659773,4.337487985004545,0.2076546134053236,0.20765461340356847
expanded_nuisance,0.005,0.5,2,12.5,15.0,26.5,0.006974132734294702,16.56449093603731,0.0004210291014209164,48.73533350881337,1.993466426502666,1.4119017056802028,4.014630433392691,0.20908922955584208,0.20908922955409895
expanded_nuisance,0.005,0.5,2,12.5,17.5,26.5,0.0066273784202071084,16.408217872927423,0.00040390604705108687,49.757645586438905,1.8943511515697056,1.3763542972540557,3.779030991466058,0.20780259955539862,0.20780259955539862
expanded_nuisance,0.005,0.5,2,12.5,22.5,26.5,0.006186634667853852,16.144955890383144,0.00038319303625592214,51.0847410139011,1.7683702007503237,1.329800812434074,3.471111815159036,0.20539078858892118,0.20539078858892118
expanded_nuisance,0.005,0.5,2,12.5,25.0,26.5,0.006056350434127555,16.042151480247675,0.0003775273186757149,51.46663904697331,1.7311301229183,1.3157241819311143,3.376376582948364,0.20438602194495725,0.20438602194495725
expanded_nuisance,0.005,0.5,2,12.5,27.5,26.5,0.005970289989915667,15.960245419574978,0.0003740725679940488,51.70375314968291,1.7065308483242447,1.3063425463193965,3.3114047055844376,0.20356381630516257,0.20356381630516257
expanded_nuisance,0.005,0.5,2,12.5,30.0,26.5,0.005920309175390326,15.899419989641562,0.0003723600722068726,51.82251036491847,1.6922444732979167,1.300862972529358,3.2711686779346687,0.20293779338416398,0.20293779338416398
expanded_nuisance,0.005,0.5,2,12.5,35.0,26.5,0.005904871418378477,15.837648680757498,0.0003728376312294896,51.78931060812403,1.6878317883840928,1.2991658048086445,3.249963026329745,0.20225540058510558,0.20225540058510558
expanded_nuisance,0.005,0.5,2,12.5,40.0,27.5,0.005974040102641354,15.844233341299319,0.00037704822782870273,51.49932633505749,1.7076027699665581,1.306752757780353,3.2893995864566348,0.20220606630048596,0.20220606630048596
expanded_nuisance,0.005,0.5,2,12.5,45.0,32.5,0.006104346369526059,15.901580743087024,0.000383882990512112,51.03881297513811,1.744849145694425,1.320927380931452,3.373313754043887,0.20258556300947544,0.20258556300767638
expanded_nuisance,0.005,0.5,2,12.5,50.0,37.5,0.006279765792633896,15.992352051700358,0.0003926730584927444,50.46432254161047,1.7949905387313476,1.3397725697786724,3.4900613285435753,0.20320281430467085,0.20320281430287723
expanded_nuisance,0.005,0.5,2,12.5,55.0,42.5,0.0064889775621348456,16.10231639781312,0.00040298410500840264,49.814530532408625,1.854791040731907,1.3619071336665753,3.631130843801185,0.2039171292734979,0.2039171292752852
expanded_nuisance,0.005,0.5,2,12.5,60.0,47.5,0.006723766096360606,16.22110033537727,0.0004145073982247965,49.117228907509364,1.9219023330084741,1.3863269214036327,3.790270259120034,0.2046413839338298,0.2046413839338298
expanded_nuisance,0.005,0.5,2,15.0,17.5,24.0,0.006122687428155249,16.13776035070169,0.00037940131065888747,51.33937609511971,1.750091702152236,1.3229103152338921,3.433702151613455,0.2051993356647855,0.2051993356647855
expanded_nuisance,0.005,0.5,2,15.0,22.5,24.0,0.005655334880984686,15.766257800680293,0.00035869861780013935,52.8001490379254,1.6165049684865997,1.271418486764527,3.098590753437281,0.20118127315762935,0.20118127315762935
expanded_nuisance,0.005,0.5,2,15.0,25.0,24.0,0.005513953271645278,15.613436640473708,0.00035315436304085747,53.212996082171976,1.5760928481154024,1.2554253654102272,2.9918433923275893,0.19941689166961038,0.1994168916677827
expanded_nuisance,0.005,0.5,2,15.0,27.5,24.0,0.005418042156504654,15.487816110243687,0.0003498260902595005,53.4655331429316,1.5486778855321586,1.24445887257561,2.916149826829436,0.1979312623719635,0.1979312623719635
expanded_nuisance,0.005,0.5,2,15.0,30.0,24.0,0.0053593301592722575,15.391573166087177,0.00034819898534352994,53.59030754386336,1.5318958138718124,1.2376977877785078,2.8666244035351376,0.19677557236289453,0.19677557236474671
expanded_nuisance,0.005,0.5,2,15.0,35.0,24.0,0.005329339042293935,15.287734038552923,0.00034860228656871564,53.5592990103241,1.5233232376007002,1.2342298155532867,2.8313511768152804,0.19550660580842194,0.19550660580842194
expanded_nuisance,0.005,0.5,2,15.0,40.0,25.0,0.005387133989000148,15.289235489734285,0.00035234815976359666,53.27383928322971,1.5398431821256733,1.2409041792683564,2.8623373490150548,0.1954698882506891,0.1954698882506891
expanded_nuisance,0.005,0.5,2,15.0,45.0,30.0,0.005508484587194662,15.369691203273605,0.00035839917109209093,52.82220200419067,1.5745296947793852,1.2548026517263124,2.942215985978994,0.19629257669712483,0.1962925766952681
expanded_nuisance,0.005,0.5,2,15.0,50.0,35.0,0.0056767429820863136,15.50048037505319,0.0003662301325333496,52.25441173361237,1.6226241997125002,1.273822672004428,3.0578885972303262,0.19758029327837556,0.19758029327837556
expanded_nuisance,0.005,0.5,2,15.0,55.0,40.0,0.005880125893317434,15.657800796678213,0.00037553970507562574,51.60265767894227,1.680758597308621,1.2964407419194373,3.1995924114363667,0.199032968792249,0.199032968792249
expanded_nuisance,0.005,0.5,2,15.0,60.0,45.0,0.006110095302958474,15.824807242320688,0.0003861086716189559,50.891496550067934,1.7464924046088075,1.3215492441104144,3.360188824619808,0.20046669709698037,0.2004666970951623
expanded_nuisance,0.005,0.5,2,17.5,22.5,21.5,0.005254002302431893,15.362620299963217,0.0003419990991018943,54.073878264474324,1.5017891964060666,1.2254750900797888,2.8049997420103434,0.19604393808836773,0.19604393808650866
expanded_nuisance,0.005,0.5,2,17.5,25.0,21.5,0.005102185132239256,15.143203019950851,0.0003369290582393457,54.47920557203635,1.458394204759658,1.2076399317510407,2.6850428930618264,0.19314143619555696,0.19314143619555696
expanded_nuisance,0.005,0.5,2,17.5,27.5,21.5,0.004996884052722361,14.957014150935386,0.0003340829929220776,54.710768623452765,1.4282952412485133,1.1951130663031482,2.5972960014129725,0.1906029189489205,0.19060291894700832
expanded_nuisance,0.005,0.5,2,17.5,30.0,21.5,0.004929782157160112,14.810000809089091,0.0003328684596785869,54.81048901391468,1.4091150247177533,1.1870615083969969,2.5372314206746407,0.18856013348066328,0.18856013348066328
expanded_nuisance,0.005,0.5,2,17.5,35.0,21.5,0.0048858118650834115,14.643427936739979,0.0003336521944308571,54.74607741796314,1.3965466804722544,1.1817557617681644,2.4863185163217474,0.1862267920110731,0.1862267920110731
expanded_nuisance,0.005,0.5,2,17.5,40.0,22.5,0.004932865217677218,14.635993157982375,0.0003370365894839781,54.47051410602953,1.4099962780385433,1.187432641474262,2.508988768439581,0.18612971395027678,0.18612971395027678
expanded_nuisance,0.005,0.5,2,17.5,45.0,27.5,0.005045947703965492,14.749400542041453,0.00034211205327176546,54.06495081773509,1.4423194569096034,1.2009660515225247,2.586392218866848,0.18764372815880134,0.18764372815880134
expanded_nuisance,0.005,0.5,2,17.5,50.0,32.5,0.005207672464356605,14.937139817011522,0.000348639199214412,53.55646360374169,1.488546406188692,1.220060001060887,2.703263483425951,0.19000186493032872,0.19000186493032872
expanded_nuisance,0.005,0.5,2,17.5,55.0,37.5,0.005405701887519321,15.160171981621552,0.0003565725965426099,52.95732237614239,1.545150577857714,1.243040859287302,2.8479574071152594,0.19260984116848517,0.1926098411703774
expanded_nuisance,0.005,0.5,2,17.5,60.0,42.5,0.005631142254010513,15.391931258441154,0.0003658502730722835,52.281532368010694,1.6095898162405342,1.268696108703946,3.0120826456629763,0.19511824234913389,0.19511824234913389
expanded_nuisance,0.005,0.5,2,22.5,25.0,16.5,0.0045466311313742125,14.112940885860839,0.00032216043191460477,55.7139436463829,1.2995962163893238,1.1399983405204255,2.2298955141333434,0.17701316358668223,0.17701316358668223
expanded_nuisance,0.005,0.5,2,22.5,27.5,16.5,0.004422714376436598,13.744304133535362,0.0003217852525283847,55.74641349045323,1.2641762007313806,1.1243559048323537,2.1124620704419006,0.17061988353461183,0.17061988353461183
expanded_nuisance,0.005,0.5,2,22.5,30.0,16.5,0.004338588355735862,13.434676201439785,0.00032293955512458856,55.64669539654555,1.2401298562966778,1.113611178238023,2.0255964169838387,0.1649945361660486,0.1649945361660486
expanded_nuisance,0.005,0.5,2,22.5,35.0,16.5,0.004266307994210905,13.05221746424633,0.00032686461177171733,55.31157790805708,1.2194694416637681,1.1042959031273132,1.9351461758995216,0.15777826589033805,0.15777826589264804
expanded_nuisance,0.005,0.5,2,22.5,40.0,17.5,0.004293090955632017,13.006698948279674,0.00033006768071616217,55.042544123263546,1.2271250078007243,1.107756745770805,1.940503579260113,0.15701819942791864,0.15701819942791864
expanded_nuisance,0.005,0.5,2,22.5,45.0,22.5,0.004392278428483554,13.227101653617112,0.00033206658144057066,54.87662761269001,1.2554764752293377,1.1204804662417536,2.0189791025551136,0.16129947379166956,0.16129947379166956
expanded_nuisance,0.005,0.5,2,22.5,50.0,27.5,0.004543888077570557,13.59826384483133,0.0003341520748104677,54.705112937225515,1.298812149628336,1.1396543992054504,2.1472784183030353,0.16794207376662532,0.16794207376662532
expanded_nuisance,0.005,0.5,2,22.5,55.0,32.5,0.004733652432604707,14.023138009065095,0.00033756014021574146,54.428256237753025,1.3530538575395301,1.1632084325431664,2.3068472863343152,0.17488565411267926,0.17488565411267926
expanded_nuisance,0.005,0.5,2,22.5,60.0,37.5,0.004951704825629566,14.442502113973518,0.00034285643765554,54.00622802779198,1.415381338428461,1.1896980030362583,2.4852750398513956,0.18111987221400622,0.18111987221400622
expanded_nuisance,0.005,0.5,2,25.0,27.5,14.0,0.004231389305350941,13.101245902206879,0.0003229760999019316,55.643547092967644,1.2094883821468574,1.0997674218428446,1.9265170296614647,0.15824996595020632,0.15824996595020632
expanded_nuisance,0.005,0.5,2,25.0,30.0,14.0,0.0041379950552316025,12.67703911994674,0.0003264165248745393,55.349529254879634,1.182792833161135,1.0875627950427207,1.8229932811781309,0.14949032508236398,0.14949032508236398
expanded_nuisance,0.005,0.5,2,25.0,35.0,14.0,0.004050056459926843,12.130942600234112,0.00033386164566046847,54.728901991600246,1.1576567131570223,1.0759445678830404,1.707390636923732,0.13744101825086666,0.13744101825086666
expanded_nuisance,0.005,0.5,2,25.0,40.0,15.0,0.0040668475381218094,12.051326621721293,0.00033746056892954257,54.43628545993125,1.1624562275800627,1.0781726334776183,1.7032171392757383,0.13577075362423532,0.13577075362423532
expanded_nuisance,0.005,0.5,2,25.0,45.0,20.0,0.0041609072579440465,12.349333463315457,0.0003369337519554644,54.47882610453806,1.1893419925483488,1.090569572539207,1.785701337593113,0.14264380445656394,0.14264380445911898
expanded_nuisance,0.005,0.5,2,25.0,50.0,25.0,0.0043096761290599694,12.852240686034174,0.00033532488492400074,54.60936265110735,1.231865666986026,1.1098944395689285,1.924867121784579,0.1531878666019918,0.153187866604371
expanded_nuisance,0.005,0.5,2,25.0,55.0,30.0,0.00449706794849325,13.415236978656662,0.00033522091004787935,54.61783103916261,1.2854292160140717,1.1337677081369322,2.096549248625248,0.1637691673495064,0.1637691673495064
expanded_nuisance,0.005,0.5,2,25.0,60.0,35.0,0.004712561297551154,13.955717378368561,0.0003376796168755646,54.418626575136265,1.3470252269946394,1.1606141593977903,2.2855274843277007,0.17285723472692327,0.1728572347248148
expanded_nuisance,0.005,0.5,2,27.5,30.0,11.5,0.003984342243692929,11.924017414650724,0.0003341442825131632,54.70575079943236,1.1388731469707827,1.0671799974562786,1.651035866412538,0.13205035564994883,0.13205035564718878
expanded_nuisance,0.005,0.5,2,27.5,35.0,11.5,0.003878793985246265,11.179883722547308,0.0003469440364056391,53.68714217145851,1.1087035305316528,1.0529499183397342,1.5069931223844537,0.11279759497010311,0.11279759497333425
expanded_nuisance,0.005,0.5,2,27.5,40.0,12.5,0.0038852598343619427,11.05408077296731,0.000351477423963042,53.339787679743566,1.1105517106024956,1.0538271730234021,1.4925193565618546,0.10950184036264347,0.10950184035931508
expanded_nuisance,0.005,0.5,2,27.5,45.0,17.5,0.003975828006023363,11.443271031016362,0.00034743807039500313,53.64895880788906,1.1364394612942712,1.0660391462297578,1.5810843610136425,0.1202013459772005,0.1202013459772005
expanded_nuisance,0.005,0.5,2,27.5,50.0,22.5,0.004123742544218434,12.100206259984407,0.00034079935958246615,54.16897464827361,1.1787189356199543,1.0856882313168703,1.7340498841242356,0.1363007191889153,0.1363007191889153
expanded_nuisance,0.005,0.5,2,27.5,55.0,27.5,0.004310160973500121,12.819267646025441,0.00033622521133931297,54.536198581446335,1.232004253553036,1.1099568701319147,1.9201447774526372,0.15169517130760657,0.15169517130760657
expanded_nuisance,0.005,0.5,2,27.5,60.0,32.5,0.004523873270350087,13.49123918586296,0.0003353193289383313,54.609815066988745,1.293091173594896,1.137141668216804,2.1209945003014536,0.16428733857390787,0.16428733857612632
expanded_nuisance,0.005,0.5,2,30.0,35.0,9.0,0.0037448993240358774,10.27167795930215,0.00036458496254202107,52.37217663934466,1.0704314582927168,1.0346165754967958,1.3367765294465557,0.08496186835929538,0.08496186835929538
expanded_nuisance,0.005,0.5,2,30.0,40.0,10.0,0.00374037198665933,10.089198778337284,0.0003707303294182642,51.93629218957669,1.0691373769487786,1.0339909946168673,1.3114409621095238,0.07905948641380664,0.07905948642302665
expanded_nuisance,0.005,0.5,2,30.0,45.0,15.0,0.0038292214558501847,10.574763409090986,0.0003621094210541158,52.55089149364202,1.0945338585748865,1.0461997221252195,1.4072083823899977,0.09497578424853885,0.09497578425621375
expanded_nuisance,0.005,0.5,2,30.0,50.0,20.0,0.003978306854860225,11.394767144230714,0.00034913454610386506,53.51845756225891,1.137148008452882,1.0663714214348028,1.5753643122716188,0.11832981352985092,0.11832981352985092
expanded_nuisance,0.005,0.5,2,30.0,55.0,25.0,0.004164959108976074,12.274106964068096,0.00033932889139460875,54.28621731223226,1.1905001622169324,1.091100436356311,1.7765519666377736,0.13952934826717167,0.13952934826717167
expanded_nuisance,0.005,0.5,2,30.0,60.0,30.0,0.004377424930666507,13.076356357426661,0.000334758766969544,54.65551869594233,1.2512307933155409,1.1185842808280209,1.9892195766879648,0.15603614041572034,0.15603614041572034
expanded_nuisance,0.005,0.5,2,35.0,40.0,5.0,0.003550483071492083,8.634839660813755,0.0004111811233281757,49.3154971561,1.0148600651205288,1.0074026330720647,1.0654154590728409,0.020292003938039472,0.020292003938039472
expanded_nuisance,0.005,0.5,2,35.0,45.0,10.0,0.003638205090065405,9.270950932686706,0.00039243062728744907,50.47990776458633,1.0399342794426978,1.0197716800552454,1.1721649468144288,0.04811475318874294,0.04811475318874294
expanded_nuisance,0.005,0.5,2,35.0,50.0,15.0,0.0037915782837929513,10.356182190985894,0.00036611737934594973,52.262457511076676,1.0837740404667289,1.0410446870652235,1.3645736459461797,0.0872625594494201,0.08726255944524344
expanded_nuisance,0.005,0.5,2,35.0,55.0,20.0,0.00397890519912103,11.490116921262056,0.0003462893568783627,53.73786749059744,1.1373190374884408,1.0664516104767439,1.588785655059002,0.11985753542012471,0.11985753542012471
expanded_nuisance,0.005,0.5,2,35.0,60.0,25.0,0.004188294952771621,12.49240482821585,0.0003352673092463165,54.61405150086957,1.1971704139762342,1.094152829350742,1.8182792310385798,0.1433580595074227,0.1433580595074227
expanded_nuisance,0.005,0.5,2,40.0,45.0,6.0,0.0035811497636912826,8.91791498140067,0.00040156805387359925,49.9022838346273,1.0236257459069553,1.0117439132047967,1.1098469207488553,0.03292276845582452,0.03292276845582452
expanded_nuisance,0.005,0.5,2,40.0,50.0,11.0,0.0037279927959699144,10.061387080390805,0.0003705247364188588,51.9506991323014,1.0655989440042386,1.032278520557431,1.3034974683919807,0.077075315169458,0.077075315169458
expanded_nuisance,0.005,0.5,2,40.0,55.0,16.0,0.003908318702918301,11.259383105853281,0.0003471165929940273,53.67379619219407,1.1171427925407844,1.056949758759036,1.5292617904063506,0.1133480542065962,0.1133480542065962
expanded_nuisance,0.005,0.5,2,40.0,60.0,21.0,0.004109986437612623,12.314887736424325,0.00033374128336195237,54.73876996861518,1.1747869289141988,1.0838758826148862,1.7589282172385337,0.1390924039099104,0.1390924039099104
expanded_nuisance,0.005,0.5,2,45.0,50.0,11.0,0.0037634497618945773,10.455464333939386,0.00035995051407502565,52.70825045581901,1.0757338631188247,1.0371759075098228,1.367435083207785,0.08984318255666213,0.08984318255666213
expanded_nuisance,0.005,0.5,2,45.0,55.0,16.0,0.003927246720778044,11.53053492306546,0.00034059536239919406,54.18519428209217,1.1225531237692243,1.0595060753809882,1.5736745139825994,0.12032848280752936,0.12032848280752936
expanded_nuisance,0.005,0.5,2,45.0,60.0,21.0,0.004115937693468741,12.498332485106957,0.0003293189470173963,55.10508047256835,1.1764880190994143,1.0846603242948523,1.7877143890610407,0.1429753655254334,0.14297536552288426
expanded_nuisance,0.005,0.5,2,50.0,55.0,16.0,0.004010266731428569,12.096045471969916,0.00033153535514739363,54.92057502083094,1.1462833294112673,1.070646220472135,1.6857529966297984,0.13405839287320734,0.13405839287320734
expanded_nuisance,0.005,0.5,2,50.0,60.0,21.0,0.0041840796686876125,12.904932401607782,0.00032422329218604294,55.53642173893959,1.1959655290651225,1.0936020889999811,1.8764325131906776,0.15139896841082381,0.15139896841082381
expanded_nuisance,0.005,0.5,2,55.0,60.0,21.0,0.00429768142346898,13.40090779882534,0.000320700768036453,55.840590217531265,1.228437134177374,1.108348832352601,2.00145443981655,0.16091049104184574,0.16091049104184574
expanded_nuisance,0.01,1.0,1,5.0,,34.0,0.007802288381137945,16.82355251052265,0.0004637717495313691,46.43525714444777,2.2301841003407965,1.4933800923880016,4.561597652374707,0.21256140987569372,0.2125614098739791
expanded_nuisance,0.01,1.0,1,7.5,,31.5,0.006624664526023061,16.441956306731264,0.00040291218407574483,49.81897634935196,1.8935754197121262,1.376072461650231,3.785250716574244,0.21008142347823835,0.21008142347823835
expanded_nuisance,0.01,1.0,1,10.0,,29.0,0.005837734150484053,16.010183324584766,0.00036462631514779724,52.36920676677656,1.6686414611256908,1.2917590569164557,3.248013969003366,0.20575794728213506,0.2057579472839064
expanded_nuisance,0.01,1.0,1,12.5,,26.5,0.005273083103527032,15.508729639060652,0.0003400074168709551,54.23202294036669,1.5072431987635055,1.2276983337789074,2.841960981740309,0.1995465439483041,0.19954654394465116
expanded_nuisance,0.01,1.0,1,15.0,,24.0,0.004851042943961215,14.922717953826925,0.00032507770762478066,55.4633893599785,1.386608430143007,1.1775433877963932,2.5157085170348616,0.19117066589381712,0.19117066589381712
expanded_nuisance,0.01,1.0,1,17.5,,21.5,0.004527142485996283,14.24173629899005,0.00031787855012575426,56.087926922080925,1.2940256369726348,1.1375524765797114,2.240600217513597,0.18018616849093955,0.18018616848891683
expanded_nuisance,0.01,1.0,1,22.5,,16.5,0.0040725333534412655,12.59480564635822,0.0003233502340402399,55.61134644213052,1.1640814449910957,1.0789260609472253,1.782515808418023,0.14803703851047992,0.14803703851047992
expanded_nuisance,0.01,1.0,1,25.0,,14.0,0.003910598597030024,11.665100956083194,0.00033523915581636684,54.61634470046526,1.1177944710420196,1.057257996442694,1.5852910656378214,0.12575763394067505,0.12575763394067505
expanded_nuisance,0.01,1.0,1,27.5,,11.5,0.0037792019920774855,10.722813604735148,0.00035244499544490884,53.26652017955492,1.0802364361567245,1.03934423371505,1.4082706613958715,0.09924280362604483,0.09924280363338975
expanded_nuisance,0.01,1.0,1,30.0,,9.0,0.0036731361872335277,9.837935947113461,0.00037336451538000294,51.75275571431659,1.0499188857154085,1.0246554961134051,1.2557936756396038,0.06976437939067644,0.06976437938545221
expanded_nuisance,0.01,1.0,1,35.0,,4.0,0.0035333889361848225,8.553785833769943,0.0004130789576511455,49.20208010991169,1.0099739257074445,1.0049745895829627,1.0503331855450204,0.016303269831645643,0.016303269831645643
expanded_nuisance,0.01,1.0,1,40.0,,1.0,0.0035005181292893095,8.244208842754585,0.00042460328165579365,48.52978047682525,1.000578226994107,1.000289071715825,1.00290220504603,0.000979739762837833,0.000979739390836203
expanded_nuisance,0.01,1.0,1,45.0,,6.0,0.0035602891315678065,8.813283407320386,0.00040396852875633173,49.753797436709384,1.017663001669341,1.0087928437837677,1.0904362348845933,0.02810962558114041,0.02810962558114041
expanded_nuisance,0.01,1.0,1,50.0,,11.0,0.0036692223041194794,9.833251745366603,0.00037314434727539703,51.76802142308811,1.0488001524072876,1.0241094435690394,1.2538582817112085,0.06861265516585319,0.06861265516585319
expanded_nuisance,0.01,1.0,1,55.0,,16.0,0.003798668266834948,10.936081927676316,0.0003473518479430488,53.655616981404464,1.0858006212183675,1.042017572413425,1.4436781850005347,0.10359291803519631,0.10359291803167807
expanded_nuisance,0.01,1.0,1,60.0,,21.0,0.0039386907667116056,11.938812093513297,0.0003299064208282171,55.055995013463296,1.1258242575748267,1.0610486593812871,1.6341438051800294,0.1294891549238587,0.1294891549238587
expanded_nuisance,0.01,1.0,2,5.0,7.5,34.0,0.009822729793263818,17.25474939161125,0.0005692768738814219,41.91198492520039,2.8077013738481935,1.6756196984543341,5.890038365355486,0.21371486041339352,0.21371486041339352
expanded_nuisance,0.01,1.0,2,5.0,10.0,34.0,0.00920018075026352,17.158317335618342,0.0005361936470987858,43.18562089193925,2.6297537116292347,1.6216515382871977,5.485905542303458,0.21346042976612992,0.21346042976612992
expanded_nuisance,0.01,1.0,2,5.0,12.5,34.0,0.0087725222168209,17.078948996089018,0.0005136453196756871,44.12333518921145,2.5075130028694166,1.5835128679203767,5.206703995779167,0.21321225796346016,0.21321225796175078
expanded_nuisance,0.01,1.0,2,5.0,15.0,34.0,0.00846934226687912,17.013685490916558,0.0004977958638885632,44.820258614415145,2.420852901259117,1.5559090273081897,5.007550694269517,0.21299678531253768,0.21299678531082655
expanded_nuisance,0.01,1.0,2,5.0,17.5,34.0,0.00825190376648921,16.960670946917663,0.00048653168216725916,45.336129164216246,2.358700893709148,1.5358062682868396,4.863785943295571,0.21282159806889772,0.21282159806889772
expanded_nuisance,0.01,1.0,2,5.0,22.5,34.0,0.007988049490010862,16.885965467379478,0.0004730584997015585,45.97720589027231,2.283281531662559,1.5110531200664519,4.687528419834081,0.2125849819419231,0.2125849819419231
expanded_nuisance,0.01,1.0,2,5.0,25.0,34.0,0.007915609536031099,16.861980172473817,0.0004694353483437765,46.15429330593925,2.262575499572583,1.504185992346885,4.638421461675451,0.2125130183364468,0.2125130183381618
expanded_nuisance,0.01,1.0,2,5.0,27.5,34.0,0.007871700787083213,16.84552969401239,0.00046728722278653823,46.26025761480223,2.2500247466414094,1.5000082488577886,4.608191509237392,0.21246388608870828,0.21246388608870828
expanded_nuisance,0.01,1.0,2,5.0,30.0,34.0,0.0078507177709084,16.8356723167862,0.0004663144793499426,46.30848249410964,2.2440270204918105,1.4980076837225538,4.593218436442769,0.21243202078904028,0.21243202078904028
expanded_nuisance,0.01,1.0,2,5.0,35.0,34.0,0.007861509490491247,16.832333619676053,0.00046704810325893164,46.27209827466712,2.24711169517356,1.4990369225517963,4.598620209092002,0.21240196651725446,0.21240196651725446
expanded_nuisance,0.01,1.0,2,5.0,40.0,35.0,0.007924070094210034,16.845912417536603,0.0004703853313377715,46.1076634997213,2.2649938416549245,1.5049896483547403,4.638954545483981,0.21239536735337725,0.21239536735337725
expanded_nuisance,0.01,1.0,2,5.0,45.0,40.0,0.008023234175018157,16.871552470367483,0.0004755480676191384,45.856699062113776,2.293338622767838,1.5143773052868423,4.70415675608289,0.2123970667386097,0.2123970667386097
expanded_nuisance,0.01,1.0,2,5.0,50.0,45.0,0.008148883088202385,16.905493726251457,0.0004820257379143271,45.54753580630201,2.329253753652516,1.526189291553481,4.787438588843214,0.21240078909523907,0.21240078909523907
expanded_nuisance,0.01,1.0,2,5.0,55.0,50.0,0.00829399875398229,16.944905767664622,0.0004894685675862206,45.19991271179029,2.3707332061827633,1.5397185477166804,4.884053290660034,0.21240579038948224,0.21240579038948224
expanded_nuisance,0.01,1.0,2,5.0,60.0,55.0,0.008453563274164022,16.987704299856127,0.0004976283507734248,44.8278017431344,2.416342678494514,1.5544589664878627,4.990588603978039,0.21241433050253541,0.21241433050253541
expanded_nuisance,0.01,1.0,2,7.5,10.0,31.5,0.00814673710293512,16.96840746003396,0.0004801120624975148,45.63821933962467,2.3286403512776186,1.5259883195089072,4.803989573951028,0.21284241649352337,0.21284241649352337
expanded_nuisance,0.01,1.0,2,7.5,12.5,31.5,0.007690831332057613,16.854470679555348,0.0004563080904929677,46.81347878913089,2.1983255318558403,1.482675126875689,4.50469794061936,0.21226625779862351,0.21226625780034056
expanded_nuisance,0.01,1.0,2,7.5,15.0,31.5,0.007364885743924354,16.756557805363542,0.0004395225934509626,47.69901355517562,2.105158164447536,1.4509163188990384,4.288723948214608,0.2117203768237163,0.2117203768237163
expanded_nuisance,0.01,1.0,2,7.5,17.5,31.5,0.007128703319966068,16.67380934958247,0.0004275389726790044,48.362878910257855,2.0376484466620344,1.4274622400126857,4.130690371426536,0.21124042965974307,0.21124042965974307
expanded_nuisance,0.01,1.0,2,7.5,22.5,31.5,0.0068359513992515275,16.55107233597674,0.00041302166170782505,49.2054927418545,1.95396906350822,1.3978444346593866,3.931899179888948,0.21052776697295614,0.21052776697295614
expanded_nuisance,0.01,1.0,2,7.5,25.0,31.5,0.0067522372386008556,16.509438216202,0.00040899255021133055,49.44726797761313,1.9300404439883563,1.3892589549786447,3.873978964660038,0.2102941643594779,0.2102941643594779
expanded_nuisance,0.01,1.0,2,7.5,27.5,31.5,0.0066986604813008555,16.4796047299667,0.00040648186598310433,49.59974140208093,1.914726214823598,1.383736324168589,3.8362952778017347,0.21013268290010068,0.21013268290010068
expanded_nuisance,0.01,1.0,2,7.5,30.0,31.5,0.006669343230229607,16.460410068052155,0.0004051747922838246,49.67968013206987,1.9063462544823653,1.3807049845938724,3.815056630088613,0.21003298255445502,0.21003298255445502
expanded_nuisance,0.01,1.0,2,7.5,35.0,31.5,0.006666653323526006,16.44908672598256,0.0004052901802138066,49.672607614891945,1.905577379138527,1.3804265207313742,3.810894554557388,0.2099758813873079,0.2099758813873079
expanded_nuisance,0.01,1.0,2,7.5,40.0,32.5,0.006718994596517813,16.466027192677196,0.00040805195557468154,49.50422526329902,1.9205384609539753,1.3858349327946584,3.8447702257665384,0.2100442813980248,0.2100442813980248
expanded_nuisance,0.01,1.0,2,7.5,45.0,37.5,0.00681036296837112,16.50290368846253,0.00041267664751218076,49.226057325295905,1.9466549386112073,1.3952257661795124,3.9057810515796008,0.21017867669612517,0.21017867669612517
expanded_nuisance,0.01,1.0,2,7.5,50.0,42.5,0.006930060319475295,16.55299874406903,0.00041865890444523526,48.87309399776696,1.9808688917804835,1.407433441332301,3.9864926433732206,0.210340257484841,0.21034025748657373
expanded_nuisance,0.01,1.0,2,7.5,55.0,47.5,0.007070656256774388,16.611223409064095,0.0004256553585882306,48.4697687213431,2.021056437872085,1.4216386453216883,4.081676807110275,0.21050697939243987,0.21050697939243987
expanded_nuisance,0.01,1.0,2,7.5,60.0,52.5,0.00722683187041584,16.67389619196603,0.0004334219061468032,48.0335373936398,2.0656972346985842,1.4372533648242345,4.187572263937476,0.21066848469448776,0.21066848469448776
expanded_nuisance,0.01,1.0,2,10.0,12.5,29.0,0.0069832632624104996,16.643863093497604,0.00041956985726100503,48.82000954272702,1.9960762709017519,1.4128256335803622,4.039148494352051,0.2107998651446372,0.2107998651446372
expanded_nuisance,0.01,1.0,2,10.0,15.0,29.0,0.006639621902548853,16.50542436219648,0.0004022690817787176,49.85878291769185,1.8978507940229854,1.3776250556747962,3.8084417176366983,0.20972130521522253,0.20972130521522253
expanded_nuisance,0.01,1.0,2,10.0,17.5,29.0,0.006388649734290652,16.383698939350566,0.00038993940000608263,50.64090291524801,1.8261136174491734,1.351337714063059,3.6374606776585443,0.20872156667945438,0.20872156667945438
expanded_nuisance,0.01,1.0,2,10.0,22.5,29.0,0.006072675339559908,16.19364030455879,0.0003750037190742309,51.639521881780276,1.7357963878339642,1.317496257237175,3.4174472666302766,0.2071222849904418,0.2071222849904418
expanded_nuisance,0.01,1.0,2,10.0,25.0,29.0,0.005979759649607619,16.125780180155814,0.00037081986625157133,51.930021635731926,1.7092376291363567,1.30737815077978,3.35105637334009,0.20655626858884302,0.20655626858884302
expanded_nuisance,0.01,1.0,2,10.0,27.5,29.0,0.005918229513415696,16.075400118055935,0.00036815441419516047,52.11767027503768,1.6916500285858864,1.3006344715506684,3.3062132719826876,0.2061453551013858,0.2061453551013858
expanded_nuisance,0.01,1.0,2,10.0,30.0,29.0,0.005882008979031017,16.04139104008678,0.0003666769898154167,52.22256165378529,1.681296853216742,1.2966483151636539,3.279026896326695,0.20587752906032103,0.20587752906209134
expanded_nuisance,0.01,1.0,2,10.0,35.0,29.0,0.005868048959413841,16.016379034052264,0.0003663780026020763,52.243865735767464,1.6773065605910635,1.2951087060903665,3.2661440641754274,0.20569962638839018,0.20569962638661834
expanded_nuisance,0.01,1.0,2,10.0,40.0,30.0,0.005911729638298446,16.037073496288954,0.0003686289546323053,52.08411362371874,1.689792122618743,1.2999200447022667,3.294708177979811,0.20586648838782715,0.20586648838782715
expanded_nuisance,0.01,1.0,2,10.0,45.0,35.0,0.005996369805080448,16.089816114728414,0.0003726810649869048,51.800188013903146,1.7139854291188907,1.3091926631015356,3.352870343480806,0.20623483095744477,0.20623483095744477
expanded_nuisance,0.01,1.0,2,10.0,50.0,40.0,0.006110795914466394,16.163040572266837,0.00037807217566177063,51.42954022026665,1.7466926654257824,1.3216250093826851,3.4324017350699467,0.20669766951378335,0.20669766951202007
expanded_nuisance,0.01,1.0,2,10.0,55.0,45.0,0.00624724034103652,16.247931245351324,0.00038449450866699783,50.99820955969605,1.7856935554021705,1.3362984529670647,3.5274718529503195,0.20718591151928853,0.2071859115175294
expanded_nuisance,0.01,1.0,2,10.0,60.0,50.0,0.006400141589401276,16.33824868584285,0.000391727516973531,50.52519055682784,1.8293984168950759,1.3525525560565386,3.6338948317661695,0.2076605582569936,0.2076605582569936
expanded_nuisance,0.01,1.0,2,12.5,15.0,26.5,0.006130091360574408,16.257848585675163,0.0003770542780165667,51.49891315601767,1.7522080213081805,1.323709946063782,3.4634369965981406,0.2073003319975611,0.2073003319975611
expanded_nuisance,0.01,1.0,2,12.5,17.5,26.5,0.005866727655750026,16.087121086381366,0.0003646847452846323,52.36501127665346,1.6769288828792417,1.2949628886108056,3.2798314714989036,0.2055625643444852,0.2055625643444852
expanded_nuisance,0.01,1.0,2,12.5,22.5,26.5,0.005530867720978883,15.806104279364831,0.0003499197286835274,53.45837898323814,1.580927626596677,1.2573494449025207,3.0380532709836956,0.202582724142693,0.202582724142693
expanded_nuisance,0.01,1.0,2,12.5,25.0,26.5,0.005429937442211319,15.70048487352091,0.00034584520707185197,53.77236269957833,1.5520780004415418,1.245824225339009,2.9626828336159488,0.20145002946022053,0.20145002946022053
expanded_nuisance,0.01,1.0,2,12.5,27.5,26.5,0.005361434129821152,15.619450977936697,0.00034325368653446666,53.974968167882864,1.532497206878135,1.2379407121821848,2.910207859048685,0.20058822040651644,0.20058822040651644
expanded_nuisance,0.01,1.0,2,12.5,30.0,26.5,0.0053191403295977935,15.562571825517715,0.00034179057222894735,54.09037102104716,1.5204080663345543,1.2330482822398132,2.876736521878688,0.1999953645358807,0.1999953645358807
expanded_nuisance,0.01,1.0,2,12.5,35.0,26.5,0.005295260813907188,15.5149426738073,0.0003413007012166906,54.12917522448393,1.513582412934486,1.230277372357342,2.855057118481796,0.19953264215098634,0.19953264214915975
expanded_nuisance,0.01,1.0,2,12.5,40.0,27.5,0.005331340520623229,15.53936663721456,0.0003430860887119705,53.988149965318584,1.5238953345201065,1.2344615565177015,2.879035408469002,0.19981256203665537,0.19981256203665537
expanded_nuisance,0.01,1.0,2,12.5,45.0,32.5,0.005410081210881934,15.614244965532166,0.00034648368991420825,53.72279534153676,1.5464023512934615,1.2435442699371266,2.9356349063139042,0.20054994700952258,0.20054994700952258
expanded_nuisance,0.01,1.0,2,12.5,50.0,37.5,0.00551985682644851,15.72019705785721,0.00035113152883090585,53.366053380659295,1.5777803035662274,1.2560972508393717,3.015525942795716,0.20150940960393557,0.2015094096021269
expanded_nuisance,0.01,1.0,2,12.5,55.0,42.5,0.005652580023441267,15.842371573990032,0.0003568013789502109,52.9403414349101,1.6157175277779368,1.2711087788926394,3.1120329362938426,0.20253101469936843,0.20253101470116797
expanded_nuisance,0.01,1.0,2,12.5,60.0,47.5,0.005802467263896105,15.970536404418732,0.00036332325458340127,52.463033917599034,1.658560873752491,1.287851262278564,3.220397435905944,0.2035216885467441,0.2035216885467441
expanded_nuisance,0.01,1.0,2,15.0,17.5,24.0,0.005485341500947705,15.787184807021344,0.0003474553296233095,53.6476263328219,1.5679145402939965,1.2521639430577756,3.009439615960898,0.20197168463080506,0.20197168463080506
expanded_nuisance,0.01,1.0,2,15.0,22.5,24.0,0.005131692567752033,15.38843050854674,0.00033347732017907145,54.76042985510961,1.4668285268851406,1.2111269656337194,2.7443040614628225,0.19702697322470428,0.19702697322285445
expanded_nuisance,0.01,1.0,2,15.0,25.0,24.0,0.005023423052199938,15.230466824545992,0.00032982725415244663,55.06260201537124,1.435881073991754,1.1982825518181235,2.658827973457194,0.1950088078490294,0.1950088078490294
expanded_nuisance,0.01,1.0,2,15.0,27.5,24.0,0.004948481274708705,15.105249126845138,0.0003276001099455046,55.24945273987729,1.41445992772699,1.1893106943633316,2.597628818223326,0.19340118124280084,0.19340118124280084
expanded_nuisance,0.01,1.0,2,15.0,30.0,24.0,0.004900568269203376,15.014187192850603,0.00032639584189658364,55.3512829153301,1.4007646093975819,1.1835390189586408,2.5569694548891024,0.19223900304100577,0.19223900304100577
expanded_nuisance,0.01,1.0,2,15.0,35.0,24.0,0.0048675837586760196,14.930564842185355,0.00032601470943168697,55.38362809513943,1.3913364099588803,1.1795492401586634,2.525613797453082,0.19121378014287568,0.19121378014287568
expanded_nuisance,0.01,1.0,2,15.0,40.0,25.0,0.004896846202124827,14.957859833182033,0.00032737612577849015,55.268349790879824,1.3997007042439287,1.1830894743187976,2.545441928251566,0.19160932907640355,0.19160932907450143
expanded_nuisance,0.01,1.0,2,15.0,45.0,30.0,0.004970428198456389,15.063087398049522,0.00032997406621301263,55.0503514262235,1.4207331744980018,1.1919451222678006,2.60186686610639,0.19291234365458443,0.1929123436564737
expanded_nuisance,0.01,1.0,2,15.0,50.0,35.0,0.005076198186375169,15.214539179629782,0.0003336412707899504,54.74697362243221,1.4509661694639349,1.2045605711062997,2.6839513699443596,0.19465401210195318,0.19465401210195318
expanded_nuisance,0.01,1.0,2,15.0,55.0,40.0,0.005205713033525239,15.387811814775738,0.0003383010590580911,54.368621448115945,1.4879863280074759,1.2198304505165773,2.783776475169802,0.19650760075228227,0.19650760075228227
expanded_nuisance,0.01,1.0,2,15.0,60.0,45.0,0.005352957992439844,15.56663457590557,0.0003438738133369744,53.92627817329119,1.530074411680537,1.2369617664586634,2.895781811337957,0.19828585686113778,0.1982858568574616
expanded_nuisance,0.01,1.0,2,17.5,22.5,21.5,0.004831538003818192,14.94678858892851,0.0003232492367890346,55.62003347652731,1.3810331930766322,1.1751736863445472,2.5096349964333515,0.19057929355741,0.19057929355932238
expanded_nuisance,0.01,1.0,2,17.5,25.0,21.5,0.004716248042380133,14.719372799024857,0.0003204109378011392,55.86584003150637,1.348079035736121,1.161068058184412,2.412477174270444,0.18725788389858025,0.18725788389858025
expanded_nuisance,0.01,1.0,2,17.5,27.5,21.5,0.004635060159564386,14.532981042029995,0.0003189338887981479,55.99505374781292,1.3248725203458753,1.1510310683669123,2.340924206427807,0.1844839953555574,0.18448399535358181
expanded_nuisance,0.01,1.0,2,17.5,30.0,21.5,0.004581672101727108,14.392706445403853,0.000318332908345408,56.04788533383689,1.3096122285032137,1.144382902923324,2.291626007463482,0.1823790938578848,0.18237909385988318
expanded_nuisance,0.01,1.0,2,17.5,35.0,21.5,0.004539945805230872,14.254014501266415,0.0003185029596277957,56.032921128640346,1.2976853016240462,1.13915991047089,2.2488740598715147,0.1803297414489612,0.1803297414489612
expanded_nuisance,0.01,1.0,2,17.5,40.0,22.5,0.004562984456727204,14.281870080028055,0.00031949488625499666,55.945871607989226,1.30427060477493,1.1420466736412003,2.264703428656611,0.18081867053046322,0.18081867053046322
expanded_nuisance,0.01,1.0,2,17.5,45.0,27.5,0.0046321534377891105,14.427735870330956,0.0003210589297877723,55.80943465284576,1.3240416711935927,1.150670096593108,2.3225142640182783,0.18298066389539322,0.18298066389539322
expanded_nuisance,0.01,1.0,2,17.5,50.0,32.5,0.004734660573424865,14.640969515680176,0.0003233843611486344,55.60841200133913,1.353342021667564,1.1633322920247524,2.40899532129883,0.18592870391568975,0.18592870391568975
expanded_nuisance,0.01,1.0,2,17.5,55.0,37.5,0.004861600745971195,14.88247738469384,0.00032666609330588996,55.32838207307234,1.3896262424856176,1.178824093105336,2.514385082433814,0.189038138306289,0.189038138304361
expanded_nuisance,0.01,1.0,2,17.5,60.0,42.5,0.005006688602372744,15.127194401307243,0.0003309727150687032,54.96723656420294,1.4310977460616072,1.1962849769438748,2.632002145522858,0.1919669212213903,0.1919669212213903
expanded_nuisance,0.01,1.0,2,22.5,25.0,16.5,0.004301802703960078,13.627426225414286,0.0003156724265318339,56.28357508812933,1.2296151493666758,1.1088801330020643,2.0372372005878803,0.1683652099476089,0.1683652099497736
expanded_nuisance,0.01,1.0,2,22.5,27.5,16.5,0.004207562641042273,13.259657904946394,0.0003173206029299353,56.13721517688348,1.2026778356367067,1.0966666930461173,1.9388320044789533,0.16140282416030655,0.16140282416030655
expanded_nuisance,0.01,1.0,2,22.5,30.0,16.5,0.004142437181153813,12.963313167930075,0.00031955080676456877,55.94097620721855,1.18406255790335,1.088146386247434,1.8661614516687643,0.15554697793259312,0.15554697793025
expanded_nuisance,0.01,1.0,2,22.5,35.0,16.5,0.004082312579138936,12.63210431566701,0.0003231696380211042,55.6268828414311,1.166876711276986,1.0802206771197198,1.7920875749654188,0.148788100844057,0.14878810084160746
expanded_nuisance,0.01,1.0,2,22.5,40.0,17.5,0.004093991420646148,12.644300481168827,0.000323781566781281,55.57429215772719,1.1702149583869943,1.0817647426252135,1.798949641959052,0.14913999158069646,0.14913999158069646
expanded_nuisance,0.01,1.0,2,22.5,45.0,22.5,0.004156978977694514,12.908119510227873,0.00032204373180777355,55.724037359779615,1.188219144003636,1.0900546518425744,1.864739094934361,0.15452353724732082,0.15452353724732082
expanded_nuisance,0.01,1.0,2,22.5,50.0,27.5,0.004255966150048529,13.305172892967313,0.000319873043686497,55.91279191583728,1.2165133581030925,1.1029566438002414,1.9678679727636186,0.16201681117419506,0.16201681117419506
expanded_nuisance,0.01,1.0,2,22.5,55.0,32.5,0.004380341680231492,13.743786972556848,0.0003187143171658596,56.014338743551924,1.2520645087829454,1.1189568842377018,2.0921444820192243,0.16959673796415825,0.16959673796200925
expanded_nuisance,0.01,1.0,2,22.5,60.0,37.5,0.004523041612231271,14.170534364246151,0.0003191863832350185,55.972901742764044,1.2928534547843498,1.1370371387005571,2.2273787962770317,0.17633766068778797,0.17633766068778797
expanded_nuisance,0.01,1.0,2,25.0,27.5,14.0,0.0040638355645650215,12.608733103688195,0.00032230324261335217,55.7015990160157,1.1615952935554714,1.0777733034156447,1.7806757680308083,0.14774196094115377,0.14774196094362066
expanded_nuisance,0.01,1.0,2,25.0,30.0,14.0,0.003991876568166131,12.204760229031749,0.0003270753782340238,55.2937537227941,1.1410267370236145,1.06818853065534,1.693103962303287,0.1386700547897378,0.1386700547897378
expanded_nuisance,0.01,1.0,2,25.0,35.0,14.0,0.003920879297522273,11.727930670023387,0.00033431978819111266,54.69138965387996,1.1207330774685147,1.058646814319353,1.5980197153316251,0.12728871182216095,0.12728871182216095
expanded_nuisance,0.01,1.0,2,25.0,40.0,15.0,0.00392697694429911,11.717331015270675,0.00033514261389229813,54.62421058668486,1.1224760116215347,1.059469684144636,1.5990583832626644,0.1271294959405563,0.1271294959405563
expanded_nuisance,0.01,1.0,2,25.0,45.0,20.0,0.0039885537851036545,12.057154606351975,0.00033080390152767853,54.981260023838594,1.1400769620867215,1.0677438653940943,1.6712351172379487,0.1352974180199382,0.1352974180199382
expanded_nuisance,0.01,1.0,2,25.0,50.0,25.0,0.004087821610448739,12.576445772298987,0.0003250379069301613,55.46678498523228,1.1684513972454134,1.0809493037351074,1.7865991701660888,0.14668363608974588,0.14668363608974588
expanded_nuisance,0.01,1.0,2,25.0,55.0,30.0,0.00421257275100384,13.142574926115667,0.0003205287224676968,55.855574580252366,1.2041099113344287,1.0973194208317052,1.9240003467055269,0.1578427175286325,0.1578427175286325
expanded_nuisance,0.01,1.0,2,25.0,60.0,35.0,0.004355210761017414,13.682190201369114,0.00031831239713226675,56.049691093860204,1.24488115772998,1.115742424455564,2.0708186621019675,0.16740426515898546,0.16740426515898546
expanded_nuisance,0.01,1.0,2,27.5,30.0,11.5,0.003875182866830862,11.474205575099038,0.00033772994927340873,54.41457137951848,1.1076713386308832,1.0524596612844044,1.5452263240044348,0.12032835895202049,0.12032835895202049
expanded_nuisance,0.01,1.0,2,27.5,35.0,11.5,0.0037914134957968137,10.822545442605453,0.000350325486356568,53.42741145049641,1.0837269379307857,1.0410220640941217,1.4259616307499414,0.10216857495533505,0.10216857495533505
expanded_nuisance,0.01,1.0,2,27.5,40.0,12.5,0.003791570084849649,10.775192057962066,0.00035187958269829265,53.30929828060155,1.083771696903905,1.0410435614823739,1.4197810588951743,0.10087156572154417,0.100871565717931
expanded_nuisance,0.01,1.0,2,27.5,45.0,17.5,0.0038530730437087435,11.196177613998792,0.00034414182916240753,53.90527533401532,1.1013515291622278,1.0494529666270078,1.4991817669365106,0.11285480802909457,0.11285480802909457
expanded_nuisance,0.01,1.0,2,27.5,50.0,22.5,0.003954277489944591,11.850691171470354,0.00033367484079445224,54.74421959043179,1.1302795225730615,1.0631460495026361,1.6285012386140139,0.12951920648482937,0.1295192064820154
expanded_nuisance,0.01,1.0,2,27.5,55.0,27.5,0.00408061328048781,12.55576807240367,0.0003249990965870573,55.47009671858158,1.1663909885443282,1.0799958280217234,1.7805164634322457,0.14526520595786227,0.14526520595786227
expanded_nuisance,0.01,1.0,2,27.5,60.0,32.5,0.004223905354893365,13.215184742239797,0.0003196251461693504,55.934470366301106,1.2073491908605454,1.0987944261146148,1.9398345370042744,0.1582257650711311,0.1582257650711311
expanded_nuisance,0.01,1.0,2,30.0,35.0,9.0,0.0036888455660633035,9.985664851266986,0.00036941411723779823,52.02873370030028,1.054409210243414,1.0268442969814917,1.2801024527372322,0.07494436467754531,0.07494436467754531
expanded_nuisance,0.01,1.0,2,30.0,40.0,10.0,0.0036823331426076855,9.887190289843558,0.0003724347397652797,51.817315287945405,1.0525477174946305,1.025937482254465,1.2652409502188022,0.0715754983099149,0.0715754983099149
expanded_nuisance,0.01,1.0,2,30.0,45.0,15.0,0.003744979989323216,10.384848143515807,0.00036061961981230734,52.65932942502416,1.07045451543089,1.0346277182788455,1.3515338330062494,0.08832216094534097,0.08832216094946752
expanded_nuisance,0.01,1.0,2,30.0,50.0,20.0,0.0038496398026004464,11.174755692045363,0.0003444943145683958,53.87769042921471,1.1003701812091233,1.0489853102923432,1.4949800709779872,0.11154023016264182,0.11154023016264182
expanded_nuisance,0.01,1.0,2,30.0,55.0,25.0,0.003978529525929808,12.017998429306795,0.00033104759909336184,54.96101933032407,1.1372116561232488,1.0664012641230545,1.661621100316177,0.13266730134976498,0.1326673013470178
expanded_nuisance,0.01,1.0,2,30.0,60.0,30.0,0.004122946609008693,12.794180387559742,0.0003222517178996153,55.70605189255998,1.1784914277449625,1.085583450382771,1.8331476677464287,0.14938147946361416,0.14938147946361416
expanded_nuisance,0.01,1.0,2,35.0,40.0,5.0,0.003537938710531874,8.587935611794212,0.0004119661430242977,49.26848832117938,1.0112744203717359,1.0056214100603347,1.0558843548280188,0.01794195751181394,0.017941957532127482
expanded_nuisance,0.01,1.0,2,35.0,45.0,10.0,0.003603077547376543,9.178098667923754,0.0003925734161007469,50.470726524366974,1.0298935217365186,1.0148366970781646,1.14922112789893,0.04391599914381695,0.04391599914381695
expanded_nuisance,0.01,1.0,2,35.0,50.0,15.0,0.003715295953142572,10.169711810363353,0.0003653295218608391,52.31878089917652,1.061969714268701,1.0305191479388924,1.3130441547956635,0.08046140470175119,0.08046140470175119
expanded_nuisance,0.01,1.0,2,35.0,55.0,20.0,0.003849168715447604,11.224503815239714,0.00034292551179157846,54.000788622900835,1.100235526986308,1.0489211252455106,1.5014517117626773,0.1119251515594346,0.1119251515594346
expanded_nuisance,0.01,1.0,2,35.0,60.0,25.0,0.003995286303321244,12.178802761407056,0.0003280524680128456,55.21134731510209,1.142001366101372,1.0686446397663594,1.6909461358142963,0.13539211130705672,0.13539211130974865
expanded_nuisance,0.01,1.0,2,40.0,45.0,6.0,0.0035611962493149463,8.81825392159353,0.0004038436952461229,49.761486626061824,1.0179222896471731,1.0089213495843832,1.0913292053414771,0.028337566423917073,0.028337566423917073
expanded_nuisance,0.01,1.0,2,40.0,50.0,11.0,0.0036713768153080473,9.83533898897829,0.0003732842171909151,51.758321753427516,1.0494159918074777,1.0244100701415804,1.254860833138124,0.06871559719191117,0.06871559719191117
expanded_nuisance,0.01,1.0,2,40.0,55.0,16.0,0.0038034356858176466,10.939570611618443,0.00034767687150153614,53.63053130751492,1.0871633268113292,1.0426712457967415,1.445951156520855,0.1037423859381956,0.10374238594170877
expanded_nuisance,0.01,1.0,2,40.0,60.0,21.0,0.003947037685856802,11.944861614750256,0.00033043812587855813,55.01168212438811,1.1282101173963441,1.0621723576691044,1.6384366942645257,0.12969789980688018,0.12969789980969032
expanded_nuisance,0.01,1.0,2,45.0,50.0,11.0,0.0037015246958929104,10.13746016006855,0.00036513334084144807,52.33283408512686,1.0580333769456478,1.0286074941131083,1.304028496113387,0.0791193254363282,0.0791193254363282
expanded_nuisance,0.01,1.0,2,45.0,55.0,16.0,0.003823145423442309,11.134633465727813,0.0003433561989453786,53.96691018438749,1.0927971026121155,1.045369361810511,1.4793604822935584,0.10920333171745142,0.10920333171745142
expanded_nuisance,0.01,1.0,2,45.0,60.0,21.0,0.003959146981665995,12.066592617432368,0.000328108116946477,55.20666504311461,1.131671404349704,1.0638004532569556,1.6602119895390277,0.1325537716456719,0.1325537716456719
expanded_nuisance,0.01,1.0,2,50.0,55.0,16.0,0.0038889168772322513,11.637419387128729,0.00033417347505182194,54.70336127012607,1.1115970294199011,1.0543230194868654,1.572760583298618,0.12243047791101509,0.12243047791101509
expanded_nuisance,0.01,1.0,2,50.0,60.0,21.0,0.0040150394129101485,12.427697872607848,0.0003230718556298172,55.63530034672989,1.1476475392220635,1.071283127479409,1.734034642755476,0.14073064584116193,0.14073064584375175
expanded_nuisance,0.01,1.0,2,55.0,60.0,21.0,0.004101724414650398,12.902433506045146,0.00031790316243277884,56.085755694863195,1.1724253355781273,1.0827859140098413,1.8391424874819333,0.15066653320771495,0.15066653321013398
expanded_nuisance,0.02,2.0,1,5.0,,34.0,0.006375164504680786,16.320352240102146,0.00039062664891605824,50.59633577354526,1.8222590374597853,1.349910751664637,3.6157483256709844,0.20998951061433352,0.20998951061433352
expanded_nuisance,0.02,2.0,1,7.5,,31.5,0.005589438462262564,15.835586331836527,0.00035296694073305777,53.22712202117292,1.5976693220551303,1.2639894469714257,3.0759523078749385,0.2046993981696806,0.2046993981714611
expanded_nuisance,0.02,2.0,1,10.0,,29.0,0.005068727694315989,15.296325178326406,0.0003313689814530058,54.93436054821103,1.4488308250882536,1.2036738865192074,2.6944078682001975,0.19746801259765662,0.19746801259581093
expanded_nuisance,0.02,2.0,1,12.5,,26.5,0.004696272586326433,14.690369418343057,0.0003196837637358837,55.929342028202036,1.3423693077291794,1.158606623375328,2.3975257706990134,0.1882161442359536,0.18821614423789002
expanded_nuisance,0.02,2.0,1,15.0,,24.0,0.00441744240347175,14.013292791339232,0.00031523229188516657,56.32285359983362,1.2626692748515254,1.1236855765077371,2.151237510849434,0.17667612649810047,0.17667612649603756
expanded_nuisance,0.02,2.0,1,17.5,,21.5,0.004202062342341328,13.268427715337285,0.0003166963284944505,56.19251701006019,1.2011056457725604,1.0959496547618237,1.9375781322087469,0.16250292768842184,0.16250292768842184
expanded_nuisance,0.02,2.0,1,22.5,,16.5,0.0038942852002525896,11.637901023995703,0.0003346209245312471,54.666774827440314,1.113131495727811,1.055050470701668,1.574996828707397,0.12510239938951637,0.12510239938660303
expanded_nuisance,0.02,2.0,1,25.0,,14.0,0.0037820198692979368,10.811844531221077,0.00034980339001145443,53.467267919107755,1.0810418902320897,1.0397316433734667,1.4210222184786752,0.10192005668214779,0.10192005668572378
expanded_nuisance,0.02,2.0,1,27.5,,11.5,0.0036900279891747267,10.035020870050095,0.00036771502889323894,52.148798866214825,1.0547471907299268,1.0270088562081277,1.2868419512021092,0.07671140660685824,0.07671140660685824
expanded_nuisance,0.02,2.0,1,30.0,,9.0,0.0036159604868917228,9.355251182571271,0.00038651666495371253,50.86462982549856,1.0335759448243225,1.0166493716244172,1.17559139576764,0.05129410184825159,0.05129410184825159
expanded_nuisance,0.02,2.0,1,35.0,,4.0,0.0035211633633862593,8.444906596135043,0.00041695705255020586,48.97273263963753,1.0064794024674644,1.0032344703345597,1.0333758196902612,0.011012271071493742,0.011012271071493742
expanded_nuisance,0.02,2.0,1,40.0,,1.0,0.0034997938251677407,8.237741859607059,0.00042484868848933333,48.51576223878417,1.0003711939472846,1.0001855797537198,1.001908149966854,0.0006466477313220087,0.0006466477313220087
expanded_nuisance,0.02,2.0,1,45.0,,6.0,0.003538896940257885,8.622090444418701,0.0004104453511675586,49.359679314660134,1.01154831805342,1.0057575841391502,1.0603707996188332,0.019336417722154234,0.019336417703305617
expanded_nuisance,0.02,2.0,1,50.0,,11.0,0.003612817956951231,9.351423206812367,0.0003863388360307925,50.87633478610902,1.0326776929313173,1.0162075048587849,1.1740891125297679,0.05039617921720233,0.05039617921720233
expanded_nuisance,0.02,2.0,1,55.0,,16.0,0.0037024273234891325,10.204149352850933,0.00036283546971553415,52.49828691951031,1.0582913814714083,1.0287329009375603,1.3129271191972798,0.08086035088491249,0.08086035088491249
expanded_nuisance,0.02,2.0,1,60.0,,21.0,0.0037989482248885764,11.044028099833179,0.0003439821223332418,53.917787672597775,1.0858806436386452,1.0420559695326568,1.458035666359114,0.10604980469607199,0.10604980469607199
expanded_nuisance,0.02,2.0,2,5.0,7.5,34.0,0.007342911633384741,16.729037336712267,0.00043893210861993526,47.73108694097386,2.098877146680614,1.4487502016153835,4.268905317148399,0.21201837359546583,0.21201837359546583
expanded_nuisance,0.02,2.0,2,5.0,10.0,34.0,0.006983228056758772,16.610134051396876,0.0004204197290130538,48.770640146358446,1.9960662078175786,1.412822072243203,4.030942776569508,0.21134793465262952,0.21134793465262952
expanded_nuisance,0.02,2.0,2,5.0,12.5,34.0,0.006749548371944858,16.517321343227664,0.00040863456196620334,49.468922613726676,1.9292718659287913,1.3889823130367036,3.874285331960741,0.21080555445468369,0.21080555445468369
expanded_nuisance,0.02,2.0,2,5.0,15.0,34.0,0.006594766309016897,16.446441427870244,0.0004009843915438974,49.93858885393841,1.885029397706982,1.3729637277462876,3.769195148116921,0.21040868133221796,0.21040868133221796
expanded_nuisance,0.02,2.0,2,5.0,17.5,34.0,0.006493332997362877,16.39428536090601,0.0003960729519108499,50.247262650563776,1.8560359860506552,1.3623641165454465,3.699452331587243,0.21014522203916078,0.21014522203916078
expanded_nuisance,0.02,2.0,2,5.0,22.5,34.0,0.006394526739727624,16.335378369889398,0.0003914526247836719,50.542927751466145,1.827793484104043,1.3519591281189098,3.630068967398231,0.20993012732171928,0.20993012732171928
expanded_nuisance,0.02,2.0,2,5.0,25.0,34.0,0.006380505010745274,16.323956838650098,0.0003908675496885783,50.580741520443986,1.8237855526475075,1.3504760466766923,3.6195765176035493,0.20993353096751652,0.2099335309657804
expanded_nuisance,0.02,2.0,2,5.0,27.5,34.0,0.006383058657823959,16.321875351504083,0.000391073851525018,50.56739841867661,1.8245154799245527,1.350746267781093,3.6205634467575236,0.2099851360296982,0.2099851360296982
expanded_nuisance,0.02,2.0,2,5.0,30.0,34.0,0.0063987079313045925,16.327436851838293,0.0003918991075800221,50.514128274318374,1.8289886241091184,1.352401058898254,3.6306766335683562,0.2100697604630088,0.2100697604630088
expanded_nuisance,0.02,2.0,2,5.0,35.0,34.0,0.006459481096137143,16.35586868270844,0.00039493353862434465,50.319694032252166,1.8463598541016681,1.3588082477309549,3.6715421367895176,0.2102930017447939,0.2102930017447939
expanded_nuisance,0.02,2.0,2,5.0,40.0,35.0,0.006548352326214868,16.400068094712243,0.00039928811809788805,50.044552094890705,1.8717625557982907,1.3681237355584073,3.732114501763138,0.21053861106681565,0.21053861106681565
expanded_nuisance,0.02,2.0,2,5.0,45.0,40.0,0.006656340147392914,16.453626397704618,0.0004045515551709327,49.717932740895606,1.9026294899664684,1.379358361690851,3.8060492946222304,0.2107729171292101,0.2107729171292101
expanded_nuisance,0.02,2.0,2,5.0,50.0,45.0,0.006777576591865397,16.51220110276811,0.0004104586995811965,49.35887670190756,1.9372833732423065,1.3918632739038366,3.8891677298308602,0.21098135525082568,0.21098135525082568
expanded_nuisance,0.02,2.0,2,5.0,55.0,50.0,0.0069080749114109885,16.57291893398984,0.00041682910167641226,48.980248457411854,1.9745846447609738,1.405199147722832,3.978627815815483,0.21116017164813702,0.21116017164813702
expanded_nuisance,0.02,2.0,2,5.0,60.0,55.0,0.007045042458593276,16.633921317765108,0.00042353467495780063,48.59096387175758,2.013735062057401,1.4190613313234213,4.072447814237862,0.21131121002755318,0.21131121002755318
expanded_nuisance,0.02,2.0,2,7.5,10.0,31.5,0.00631603100098177,16.34533538714683,0.00038641183257386003,50.8715290689196,1.8053564835801048,1.3436355471555912,3.5876937113343934,0.20900806749020484,0.20900806749020484
expanded_nuisance,0.02,2.0,2,7.5,12.5,31.5,0.006055136383416926,16.200282828013492,0.00037376732540412184,51.72486115668886,1.7307831020880524,1.315592300862259,3.4089748423400774,0.20768388457280804,0.20768388457280804
expanded_nuisance,0.02,2.0,2,7.5,15.0,31.5,0.005877856035831908,16.082965098690003,0.00036547091906023434,52.30865910237251,1.6801097876483042,1.2961904904944737,3.2852039360431817,0.2066079862765602,0.20660798627479618
expanded_nuisance,0.02,2.0,2,7.5,17.5,31.5,0.005757410224432213,15.99153309450219,0.0003600286595668293,52.702529889448954,1.645681896699589,1.282841337305432,3.1995915859308646,0.20579224270764276,0.20579224270764276
expanded_nuisance,0.02,2.0,2,7.5,22.5,31.5,0.005628084485381102,15.877399054405442,0.0003544714386843794,53.11404485907096,1.6087157922815738,1.268351604359601,3.1053977827024073,0.20486729791162264,0.20486729791162264
expanded_nuisance,0.02,2.0,2,7.5,25.0,31.5,0.005601592421804913,15.849557453093361,0.0003534226389842607,53.19279579604132,1.601143375563978,1.2653629422280304,3.0853605091330603,0.2046946068631883,0.2046946068631883
expanded_nuisance,0.02,2.0,2,7.5,27.5,31.5,0.00559309155314347,15.837614382222378,0.00035315240150193833,53.21314386428734,1.5987135112470336,1.2644024324743424,3.0783568510175923,0.20466808405654605,0.20466808405832682
expanded_nuisance,0.02,2.0,2,7.5,30.0,31.5,0.005598863426352185,15.83897774004267,0.0003534864129644961,53.187997210858576,1.60036332720236,1.2650546736020385,3.08179887601513,0.20475454520681236,0.20475454520503233
expanded_nuisance,0.02,2.0,2,7.5,35.0,31.5,0.005642699067860857,15.87230884100059,0.00035550587657952483,53.03671391948036,1.6128931833093476,1.269997316260687,3.112463483915985,0.20515400108533838,0.20515400108533838
expanded_nuisance,0.02,2.0,2,7.5,40.0,32.5,0.005717528441743447,15.933572383627357,0.0003588353135181743,52.79009116246987,1.6342822004437116,1.278390472603622,3.165911434668747,0.20571376545324063,0.20571376545324063
expanded_nuisance,0.02,2.0,2,7.5,45.0,37.5,0.00581364635931525,16.011053530057666,0.0003631020499932281,52.47901192843868,1.661756274850487,1.289091259318163,3.2347877517009893,0.2063210167207387,0.2063210167207387
expanded_nuisance,0.02,2.0,2,7.5,50.0,42.5,0.005924691782210889,16.09671202812973,0.00036806844601911394,52.123756370588396,1.693497185268022,1.301344376123408,3.3142114000379883,0.20691263539794028,0.20691263539794028
expanded_nuisance,0.02,2.0,2,7.5,55.0,47.5,0.0060463311368565975,16.185295784484552,0.0003735693939342582,51.73856225507077,1.7282662352511513,1.3146354001209428,3.400868495187616,0.20745799130782253,0.20745799130606574
expanded_nuisance,0.02,2.0,2,7.5,60.0,52.5,0.006175520226771702,16.27351980282339,0.00037948276104965775,51.33386617862475,1.7651932802656223,1.3286057655548624,3.4924670337022663,0.20794583603223946,0.20794583603223946
expanded_nuisance,0.02,2.0,2,10.0,12.5,29.0,0.005613865789184658,15.904269633978787,0.00035297853459368393,53.22624787042267,1.604651560272213,1.266748420276186,3.1027945920784883,0.20420814251718605,0.20420814251897082
expanded_nuisance,0.02,2.0,2,10.0,15.0,29.0,0.00541867234692317,15.728585620973586,0.00034451110083906955,53.87637782055035,1.5488580173835984,1.244531244036725,2.961827984058414,0.20217073451348339,0.20217073451348339
expanded_nuisance,0.02,2.0,2,10.0,17.5,29.0,0.005282912144441987,15.584410641741027,0.00033898697011309,54.31358847457212,1.510052704090574,1.228842017547648,2.8611527322047343,0.20049485819494112,0.20049485819130547
expanded_nuisance,0.02,2.0,2,10.0,22.5,29.0,0.005128771238630758,15.389370963567174,0.00033326711343645044,54.77769708095156,1.4659935024102853,1.2107821861962973,2.7429094269561607,0.19829810753455024,0.19829810753455024
expanded_nuisance,0.02,2.0,2,10.0,25.0,29.0,0.005092112123521009,15.334945633988696,0.0003320593528701363,54.87722491164526,1.455514964363938,1.2064472488940152,2.7136727189796006,0.19773804183828203,0.19773804183828203
expanded_nuisance,0.02,2.0,2,10.0,27.5,29.0,0.005074613219430368,15.305434499829577,0.00033155629913589666,54.91884036210113,1.4505131269836793,1.2043725034156498,2.699142911413091,0.1974806511280953,0.1974806511280953
expanded_nuisance,0.02,2.0,2,10.0,30.0,29.0,0.005072369307388858,15.297413270341291,0.000331583465632271,54.91659057706624,1.4498717334958868,1.204106196934426,2.6965354601872433,0.19747379133168033,0.19747379132983467
expanded_nuisance,0.02,2.0,2,10.0,35.0,29.0,0.005102530150382645,15.331990394796106,0.0003328028533147605,54.815891220727366,1.4584928237724564,1.2076807623591825,2.718700632587183,0.19800559150816485,0.19800559150816485
expanded_nuisance,0.02,2.0,2,10.0,40.0,30.0,0.0051660841197604945,15.41327873929804,0.0003351710046343956,54.62189705911881,1.476658911091489,1.215178551115633,2.7671568453842372,0.1989716625979257,0.1989716625979257
expanded_nuisance,0.02,2.0,2,10.0,45.0,35.0,0.005252687276661838,15.521394152123467,0.00033841594544799464,54.359392059050755,1.501413313149687,1.2253217182232945,2.8332803081268225,0.20011490308018967,0.20011490308018967
expanded_nuisance,0.02,2.0,2,10.0,50.0,40.0,0.005355545830727948,15.642406758005091,0.00034237351793624834,54.04430264638961,1.5308141120764278,1.237260729222595,2.911284078186946,0.20127810434028776,0.20127810434028776
expanded_nuisance,0.02,2.0,2,10.0,55.0,45.0,0.005470030323025288,15.767297315713861,0.00034692250761161176,53.68880796348612,1.563538036390012,1.2504151456176513,2.9972589172404973,0.20237732154202837,0.20237732154022745
expanded_nuisance,0.02,2.0,2,10.0,60.0,50.0,0.00559288986241091,15.890600454480209,0.00035196214758732077,53.30304514445216,1.5986558605370154,1.2643796346576512,3.088544373971243,0.20337522494628066,0.20337522494628066
expanded_nuisance,0.02,2.0,2,12.5,15.0,26.5,0.00510358207359074,15.387103757037577,0.0003316791875960752,54.908665595009985,1.4587935025347467,1.2078052419718779,2.7290359437351124,0.19748556047863006,0.1974855604804756
expanded_nuisance,0.02,2.0,2,12.5,17.5,26.5,0.004954662504270679,15.176679333207394,0.00032646551959687324,55.345375774025605,1.4162267529475236,1.1900532563492794,2.6131726569330938,0.19462658102200783,0.19462658102200783
expanded_nuisance,0.02,2.0,2,12.5,22.5,26.5,0.0047788728146866966,14.870746418947018,0.0003213606553466523,55.7832287576875,1.3659795239855939,1.168751266945022,2.4696505756252805,0.19045312851043802,0.19045312851043802
expanded_nuisance,0.02,2.0,2,12.5,25.0,26.5,0.004733300959621545,14.776395957901663,0.0003203285140102392,55.873026994181444,1.3529533934935403,1.1631652477157062,2.4305799421547563,0.18920129670827812,0.18920129671020444
expanded_nuisance,0.02,2.0,2,12.5,27.5,26.5,0.004707943049287344,14.718507914037101,0.0003198655106063679,55.9134503067046,1.345705159939149,1.1600453266744144,2.4080874621206316,0.1884753039379972,0.1884753039379972
expanded_nuisance,0.02,2.0,2,12.5,30.0,26.5,0.004698749632838339,14.693282315674011,0.00031978897103378755,55.920141180894426,1.3430773397163092,1.1589121363228143,2.399265991398711,0.18821367712089726,0.18821367711896084
expanded_nuisance,0.02,2.0,2,12.5,35.0,26.5,0.004717225571706063,14.722265412279942,0.00032041438186349995,55.86553978600425,1.3483584499610008,1.161188378326704,2.413451396695157,0.1887705861777959,0.18877058617972664
expanded_nuisance,0.02,2.0,2,12.5,40.0,27.5,0.004771328658346619,14.825957219188457,0.0003218226376757204,55.74317545159762,1.3638231236196703,1.1678283793518935,2.458325269726423,0.19024810224795033,0.19024810224795033
expanded_nuisance,0.02,2.0,2,12.5,45.0,32.5,0.004850058764545029,14.972471399987512,0.00032393174346281097,55.56140837823221,1.3863271150750887,1.1774239317574144,2.5235839869098062,0.19214335315932454,0.19214335316122136
expanded_nuisance,0.02,2.0,2,12.5,50.0,37.5,0.004946174512975965,15.138823460498491,0.0003267211963916446,55.32371617876594,1.4138005694607576,1.1890334601939332,2.6021889595834007,0.1941294023112905,0.1941294023112905
expanded_nuisance,0.02,2.0,2,12.5,55.0,42.5,0.005054753492786723,15.310212690796176,0.00033015566764956947,55.035209178190534,1.4448364787448311,1.202013510217265,2.689419039935514,0.19602601365267242,0.19602601365267242
expanded_nuisance,0.02,2.0,2,12.5,60.0,47.5,0.0051723540612891306,15.477941554537619,0.00033417583617718005,54.703168015995104,1.4784510934903137,1.21591574275947,2.7821383219578903,0.19775060374231915,0.19775060374231915
expanded_nuisance,0.02,2.0,2,15.0,17.5,24.0,0.0047193512687675465,14.778958892484347,0.0003193290747406783,55.96039466043961,1.3489660532123908,1.1614499787818633,2.4238370242752576,0.18849287429378378,0.18849287429571734
expanded_nuisance,0.02,2.0,2,15.0,22.5,24.0,0.004523749460045412,14.330598582252367,0.0003156706563288863,56.283732900090705,1.2930557840066808,1.1371261073454786,2.2528908204999967,0.18150977959014672,0.18150977959014672
expanded_nuisance,0.02,2.0,2,15.0,25.0,24.0,0.004469914311028056,14.180212134319962,0.00031522196344366737,56.32377631874418,1.2776676968823653,1.130339637844469,2.202719496265444,0.17914543487934712,0.17914543487934712
expanded_nuisance,0.02,2.0,2,15.0,27.5,24.0,0.004437287812689927,14.079890169243132,0.000315150740478287,56.330140447448905,1.2683418306378678,1.12620683297424,2.1711715331859467,0.17759341763290817,0.1775934176349604
expanded_nuisance,0.02,2.0,2,15.0,30.0,24.0,0.0044217320192769805,14.026520364728317,0.0003152408369502714,56.3220902378957,1.2638954065321388,1.124231028984763,2.155359088846346,0.1768134313270275,0.1768134313270275
expanded_nuisance,0.02,2.0,2,15.0,35.0,24.0,0.004429777710525329,14.038657588923542,0.0003155414029059595,56.29525931188267,1.266195164221395,1.125253377787152,2.161149372748659,0.17717765458642726,0.17717765458642726
expanded_nuisance,0.02,2.0,2,15.0,40.0,25.0,0.004475772263475619,14.165641537712176,0.0003159597291488769,56.25797990218415,1.2793421174844917,1.1310800667877106,2.203339897034625,0.179280090983823,0.179280090983823
expanded_nuisance,0.02,2.0,2,15.0,45.0,30.0,0.004547952435457692,14.358860318361026,0.00031673491729995544,56.189093850753906,1.2999738942211012,1.1401639769002971,2.2694109963278146,0.18221728305649604,0.18221728305849622
expanded_nuisance,0.02,2.0,2,15.0,50.0,35.0,0.0046385394440870975,14.58193117854816,0.0003181018609463037,56.068236311193196,1.325867029218666,1.1514629951581883,2.3505720530383236,0.18536705314081284,0.18536705313688048
expanded_nuisance,0.02,2.0,2,15.0,55.0,40.0,0.004742277165819431,14.81147021479697,0.00032017599178519067,55.886333525535925,1.3555191269509579,1.164267635447691,2.4409696113862385,0.18838313284220445,0.18838313284220445
expanded_nuisance,0.02,2.0,2,15.0,60.0,45.0,0.004855528785858265,15.034138173460798,0.0003229668857526897,55.64434083423507,1.387890650536146,1.1780877091864366,2.5368356997220123,0.19110987105566155,0.19110987105566155
expanded_nuisance,0.02,2.0,2,17.5,22.5,21.5,0.004333666395404556,13.785560331444847,0.0003143627310904054,56.40069731181253,1.2387229770405968,1.1129793246240456,2.0761425523349004,0.17172634181133567,0.17172634181133567
expanded_nuisance,0.02,2.0,2,17.5,25.0,21.5,0.004271805851402188,13.561601845056373,0.0003149927199019926,56.3442680837485,1.2210409336536805,1.1050072097745247,2.013259542345298,0.16770651361405625,0.16770651361622949
expanded_nuisance,0.02,2.0,2,17.5,27.5,21.5,0.004232091301709318,13.40214069074262,0.0003157772627049489,56.27423140646351,1.2096890388055799,1.099858644920146,1.9710900756052099,0.16481999880864232,0.16481999880864232
expanded_nuisance,0.02,2.0,2,17.5,30.0,21.5,0.004210384284330626,13.306548556931677,0.00031641445310304325,56.21754077487944,1.2034843661942969,1.0970343505079032,1.9469931752450846,0.1631120752234525,0.1631120752234525
expanded_nuisance,0.02,2.0,2,17.5,35.0,21.5,0.004208689864995119,13.285168317631317,0.00031679612665573727,56.18366533680896,1.2030000381514505,1.0968135840476496,1.9430825669790066,0.1628821960682413,0.1628821960682413
expanded_nuisance,0.02,2.0,2,17.5,40.0,22.5,0.004247612954551894,13.433639118594861,0.0003161922779861149,56.23728816635645,1.2141257042669857,1.1018737242837702,1.9829688135048302,0.1657122452120958,0.1657122452120958
expanded_nuisance,0.02,2.0,2,17.5,45.0,27.5,0.004314425903475083,13.681462832094892,0.0003153482896108166,56.31249374685531,1.2332233291055652,1.1105058888207506,2.051317192056423,0.17007331584917776,0.17007331584703475
expanded_nuisance,0.02,2.0,2,17.5,50.0,32.5,0.0044006251204318225,13.973274870545175,0.0003149315504920093,56.34973971447136,1.257862270109526,1.1215445912265485,2.1369277848753248,0.17484321128646502,0.17484321128646502
expanded_nuisance,0.02,2.0,2,17.5,55.0,37.5,0.004500526861795695,14.273405525939701,0.0003153085543332098,56.316041893662515,1.2864179020347295,1.134203642224239,2.232380566222571,0.17939834130261875,0.17939834130261875
expanded_nuisance,0.02,2.0,2,17.5,60.0,42.5,0.004610276463666185,14.562065824332052,0.0003165949473983822,56.20151336805376,1.3177884186259916,1.1479496585765385,2.3330670997646266,0.18347116522022203,0.1834711652182355
expanded_nuisance,0.02,2.0,2,22.5,25.0,16.5,0.004005953832346698,12.357208826609607,0.0003241795043327591,55.54017234399298,1.1450505425045419,1.0700703446524167,1.7202976494936935,0.14221011124744423,0.14221011124744423
expanded_nuisance,0.02,2.0,2,22.5,27.5,16.5,0.003951393058559294,12.02838724503722,0.0003285056407033782,55.173252216391965,1.129455044842968,1.062758225017792,1.6517142064126822,0.13454153425634383,0.13454153425363488
expanded_nuisance,0.02,2.0,2,22.5,30.0,16.5,0.003916692337432082,11.799018631635258,0.0003319506867232785,54.88620637917806,1.1195362886078928,1.0580814187045782,1.605989181558756,0.12900160379471728,0.12900160379471728
expanded_nuisance,0.02,2.0,2,22.5,35.0,16.5,0.00389538393434119,11.639366052672962,0.0003346732044265092,54.66250486371827,1.1134455547801296,1.0551992962375067,1.5756395217650565,0.12515254533518155,0.12515254533226938
expanded_nuisance,0.02,2.0,2,22.5,40.0,17.5,0.003922243612338505,11.80802145141983,0.000332167724158977,54.86827220446319,1.1211230493668076,1.0588309824361997,1.6094925397276267,0.1294514901678365,0.1294514901678365
expanded_nuisance,0.02,2.0,2,22.5,45.0,22.5,0.003981686951776808,12.179127503036964,0.00032692710958021764,55.30629076984214,1.1381141658201486,1.0668243369084474,1.6852353451444044,0.13818259570188132,0.1381825957045189
expanded_nuisance,0.02,2.0,2,22.5,50.0,27.5,0.004062616689605392,12.639550176844896,0.0003214209867252972,55.77799319875253,1.161246893775499,1.0776116618594562,1.7844925400868683,0.14809365893093415,0.14809365893093415
expanded_nuisance,0.02,2.0,2,22.5,55.0,32.5,0.004157905404245543,13.114741334049594,0.0003170405956425873,56.16199963730904,1.188483951155501,1.0901761101562908,1.8950104271763133,0.15740459644096758,0.1574045964386521
expanded_nuisance,0.02,2.0,2,22.5,60.0,37.5,0.004263125080644858,13.56509610165011,0.0003142716460465235,56.40886999916185,1.218559646629158,1.1038838918242977,2.0096860600772346,0.16545698739466985,0.1654569874012782
expanded_nuisance,0.02,2.0,2,25.0,27.5,14.0,0.003856970200983856,11.401616316691603,0.0003382827569225755,54.37009218287639,1.1024654816037314,1.0499835625397815,1.5282344160939108,0.1183913910927435,0.1183913910927435
expanded_nuisance,0.02,2.0,2,25.0,30.0,14.0,0.003814939190495359,11.083369110068073,0.00034420392866189837,53.900412458642215,1.0904514561366245,1.0442468367855489,1.4693886696829968,0.10964403859041977,0.10964403859041977
expanded_nuisance,0.02,2.0,2,25.0,35.0,14.0,0.003782612601052726,10.813792803387688,0.0003497951800840616,53.46789537173838,1.0812113150047622,1.0398131154225563,1.4215010316060988,0.10196869957178745,0.10196869957178745
expanded_nuisance,0.02,2.0,2,25.0,40.0,15.0,0.003803833040870508,10.970504550244165,0.00034673273443798427,53.703498387449855,1.0872769056586868,1.0427257096948779,1.450191377308794,0.10662484712068925,0.10662484712068925
expanded_nuisance,0.02,2.0,2,25.0,45.0,20.0,0.0038611583773384694,11.400346702576295,0.00033868780293023104,54.33757111654577,1.1036626181179447,1.0505534817980209,1.5297235236110376,0.11837680293088826,0.11837680293088826
expanded_nuisance,0.02,2.0,2,25.0,50.0,25.0,0.0039412567467884685,11.952584339493736,0.0003297409693873287,55.06980578037995,1.1265577100812794,1.061394229342368,1.6370947440149506,0.13200844249279264,0.1320084424955536
expanded_nuisance,0.02,2.0,2,25.0,55.0,30.0,0.004035780889711127,12.525603717724179,0.00032220250461862786,55.71030600739416,1.1535762244384362,1.0740466584084865,1.7567239294565455,0.14467556673320026,0.14467556673320026
expanded_nuisance,0.02,2.0,2,25.0,60.0,35.0,0.004139915946558936,13.066012345833592,0.00031684616828630554,56.1792284309449,1.1833418953192398,1.087815193550467,1.8798009208395,0.15541620317930493,0.15541620317930493
expanded_nuisance,0.02,2.0,2,27.5,30.0,11.5,0.0037362548000841045,10.451038739442286,0.00035750080860225456,52.888528722543626,1.0679605319528411,1.0334217589894463,1.3569792716658524,0.09041145595449095,0.09041145595449095
expanded_nuisance,0.02,2.0,2,27.5,35.0,11.5,0.003691538109131809,10.048600197157404,0.00036736839327890556,52.17339593166477,1.055178839158359,1.0272189830597753,1.289110641969028,0.07715402847482045,0.07715402847482045
expanded_nuisance,0.02,2.0,2,27.5,40.0,12.5,0.003706777570639197,10.172731758981643,0.00036438369343283163,52.38663865610167,1.0595348438445862,1.029337089511782,1.3104226454149774,0.0814530999754497,0.0814530999754497
expanded_nuisance,0.02,2.0,2,27.5,45.0,17.5,0.0037627464352310014,10.649799098209964,0.0003533161893977371,53.200808342387084,1.0755328262094168,1.0370789874495658,1.3925911737228982,0.09660435767196343,0.09660435767573619
expanded_nuisance,0.02,2.0,2,27.5,50.0,22.5,0.0038430803901681188,11.2893829597689,0.00034041545085886505,54.19951098546412,1.0984952572637947,1.0480912447224215,1.5077416945516369,0.11466897946370923,0.11466897946370923
expanded_nuisance,0.02,2.0,2,27.5,55.0,27.5,0.003937742149317192,11.9589547918591,0.00032927143030909,55.109056398409386,1.1255531074548897,1.0609208770944654,1.6365066280935197,0.13128765943796958,0.13128765943796958
expanded_nuisance,0.02,2.0,2,27.5,60.0,32.5,0.004041443398909106,12.58894606831138,0.00032103111547059044,55.81185228095214,1.1551947800934534,1.0747998790907327,1.768085017288532,0.14510649092182967,0.14510649092434139
expanded_nuisance,0.02,2.0,2,30.0,35.0,9.0,0.0036199365417939333,9.394832189065413,0.00038531146367969777,50.94411650201449,1.034712449140983,1.0172081641143975,1.1818633210483673,0.052828529775673976,0.052828529775673976
expanded_nuisance,0.02,2.0,2,30.0,40.0,10.0,0.0036283465978148577,9.464765902139241,0.00038335302059555143,51.07408032913091,1.037116355828947,1.0183890984436876,1.1934271489195716,0.05563436275169421,0.05563436275169421
expanded_nuisance,0.02,2.0,2,30.0,45.0,15.0,0.0036831957333700593,9.96996448719516,0.0003694291728020236,52.02767351071535,1.0527942780047492,1.0260576387341742,1.2761322388804768,0.07411795945129628,0.07411795945621363
expanded_nuisance,0.02,2.0,2,30.0,50.0,20.0,0.0037644338739446503,10.683273977047161,0.0003523670629464783,53.272410292357556,1.0760151589310036,1.037311505253366,1.3975949060794404,0.09699395639933474,0.09699395639933474
expanded_nuisance,0.02,2.0,2,30.0,55.0,25.0,0.0038598304004571204,11.439915674768558,0.0003374002492841984,54.44115123981028,1.1032830329524483,1.0503728066512614,1.5345050277397754,0.1179070127795751,0.1179070127795751
expanded_nuisance,0.02,2.0,2,30.0,60.0,30.0,0.003963516074232842,12.15247799022291,0.00032614879676569905,55.372242177814314,1.1329202534436513,1.0643872666673777,1.6738738981200747,0.13500459992312508,0.13500459992312508
expanded_nuisance,0.02,2.0,2,35.0,40.0,5.0,0.0035263218541459196,8.493076524473572,0.0004151995856842338,49.076269676442,1.0079538909139258,1.0039690687037752,1.0407927443924092,0.013357377431796349,0.013357377431796349
expanded_nuisance,0.02,2.0,2,35.0,45.0,10.0,0.003576415936033861,8.979143519758242,0.0003983025695228172,50.106428252161194,1.0222726419636483,1.0110749932441452,1.1159897473994749,0.0354050414466146,0.0354050414466146
expanded_nuisance,0.02,2.0,2,35.0,50.0,15.0,0.0036583712526740975,9.766731979421616,0.0003745747564673875,51.66908218345879,1.0456985184733287,1.0225940144912489,1.2416932371440756,0.06624031971993301,0.06624031971993301
expanded_nuisance,0.02,2.0,2,35.0,55.0,20.0,0.003754795450071846,10.637260253867701,0.0003529852011194898,53.2257452490249,1.0732601390415264,1.035982692443038,1.3880123745570698,0.09476790347635419,0.09476790348020006
expanded_nuisance,0.02,2.0,2,35.0,60.0,25.0,0.0038582346355950925,11.468147442937727,0.0003364305049959099,54.51955674316177,1.1028269040259937,1.0501556570461323,1.5376559513162658,0.11772741114914985,0.11772741114605399
expanded_nuisance,0.02,2.0,2,40.0,45.0,6.0,0.0035391136400246825,8.623193207626905,0.000410417991898229,49.36132449382134,1.011610258903444,1.00578837679874,1.0605713595146216,0.019390730466282136,0.019390730466282136
expanded_nuisance,0.02,2.0,2,40.0,50.0,11.0,0.0036150122376763516,9.368150533099394,0.0003858832354266566,50.906359997109305,1.0333048999436445,1.0165160598552512,1.1769036305978509,0.051067218435082724,0.051067218435082724
expanded_nuisance,0.02,2.0,2,40.0,55.0,16.0,0.0037078122615112896,10.243633280053158,0.00036196261230195546,52.56154749570553,1.0598305969645665,1.029480741424805,1.319924313693386,0.08218000086859174,0.08218000086859174
expanded_nuisance,0.02,2.0,2,40.0,60.0,21.0,0.003808162361958356,11.104117451187413,0.0003429504756860377,53.99882318675715,1.0885143865852738,1.0433189285090507,1.4695243045455824,0.10775547001263011,0.10775547001263011
expanded_nuisance,0.02,2.0,2,45.0,50.0,11.0,0.0036252804580252374,9.474422919256995,0.0003826386566148284,51.121734257343945,1.0362399390811674,1.0179587118744882,1.1936352809124005,0.05516895337871784,0.05516895337871784
expanded_nuisance,0.02,2.0,2,45.0,55.0,16.0,0.0037085097904103748,10.259488574782171,0.0003614712140258038,52.59726248581733,1.060029976657328,1.0295775719475089,1.3222160121370772,0.08268105844004218,0.08268105844445027
expanded_nuisance,0.02,2.0,2,45.0,60.0,21.0,0.0038018125021754834,11.064423447851013,0.0003436069235865959,53.9472171827692,1.0866993605781101,1.0424487328296341,1.4618296051374922,0.10663393641791681,0.10663393641791681
expanded_nuisance,0.02,2.0,2,50.0,55.0,16.0,0.0037445011301806552,10.584179034635572,0.0003537828600524598,53.16570849499165,1.0703176396844585,1.0345615688224932,1.377299575445941,0.092904175690318,0.092904175690318
expanded_nuisance,0.02,2.0,2,50.0,60.0,21.0,0.0038284026706598695,11.280971316435629,0.00033936817701877675,54.2830751059224,1.094299819325908,1.0460878640563172,1.5008641208482913,0.11256688167676383,0.11256688167676383
expanded_nuisance,0.02,2.0,2,55.0,60.0,21.0,0.0038783006430138656,11.658833440551302,0.00033264911646516116,54.82855659176326,1.1085625149796792,1.052882954074041,1.5713532942287778,0.12229668260022647,0.12229668260320666
