profile,Vcem_fraction,Vcem_percent,start_strategy,start_lnCn,start_Cn,result_lnCn,result_Cn,objective,success,nfev,optimality,active_bounds,start_phi_bias_sigma,start_vsh_bias_sigma,start_sw_bias_sigma,start_f_kf_shift_sigma,start_log_clay_mod_scale_sigma,start_brine_salinity_shift_sigma,start_GOR_shift_sigma,start_log_cement_mod_scale_sigma,start_phic_pack_shift_sigma,result_phi_bias_sigma,result_vsh_bias_sigma,result_sw_bias_sigma,result_f_kf_shift_sigma,result_log_clay_mod_scale_sigma,result_brine_salinity_shift_sigma,result_GOR_shift_sigma,result_log_cement_mod_scale_sigma,result_phic_pack_shift_sigma,start_logP_calibration_sigma,start_log_stress_bulk_scale_sigma,start_log_stress_shear_scale_sigma,start_stiff_cement_volume_shift_sigma,start_ln_soft_cn_offset_sigma,start_ln_stiff_cn_offset_sigma,start_soft_phic_shift_sigma,result_logP_calibration_sigma,result_log_stress_bulk_scale_sigma,result_log_stress_shear_scale_sigma,result_stiff_cement_volume_shift_sigma,result_ln_soft_cn_offset_sigma,result_ln_stiff_cn_offset_sigma,result_soft_phic_shift_sigma
static,0.001,0.1,stored_original,2.429843748564517,11.357107377024528,2.429843748564517,11.357107377024528,0.0091316369920618,True,8,1.1370314263967666e-07,0,-0.0022341098520445,-0.0163643567683478,-0.0110266513556733,-0.0027419445622395,0.0687453473513987,-0.0026642492318906,0.0019651915821048,0.0007115477967365,-0.0071871592970045,-0.0022341098520445,-0.0163643567683478,-0.0110266513556733,-0.0027419445622395,0.0687453473513987,-0.0026642492318906,0.0019651915821048,0.0007115477967365,-0.0071871592970045,,,,,,,,,,,,,,
static,0.0029666666666666,0.29666666666666003,stored_original,2.097280747918457,8.143994202372266,2.097280747918457,8.143994202372266,0.0048900603805806,True,7,6.604930050678107e-08,0,-0.0017845640211051,-0.0111875070499452,-0.0122001549551943,-0.0076885487286112,0.0469190537956822,-0.0025699600216421,0.0024352380383711,0.0004324379242882,-0.0067408283312704,-0.0017845640211051,-0.0111875070499452,-0.0122001549551943,-0.0076885487286112,0.0469190537956822,-0.0025699600216421,0.0024352380383711,0.0004324379242882,-0.0067408283312704,,,,,,,,,,,,,,
static,0.0049333333333333,0.49333333333333,stored_original,1.9475020789412565,7.011152383752865,1.9475020789412565,7.011152383752865,0.0028524533847353,True,6,4.34331587817979e-08,0,-0.0013956257648196,-0.0081300616022161,-0.0106889814364637,-0.0078692532818255,0.0340078610455138,-0.0021588717457797,0.0021914190724117,0.0003204410136264,-0.0056360176409968,-0.0013956257648196,-0.0081300616022161,-0.0106889814364637,-0.0078692532818255,0.0340078610455138,-0.0021588717457797,0.0021914190724117,0.0003204410136264,-0.0056360176409968,,,,,,,,,,,,,,
static,0.0068999999999999,0.6899999999999901,stored_original,1.8521833511907613,6.373720411868944,1.8521833511907613,6.373720411868944,0.0015115476260843,True,6,3.7096543194526994e-08,0,-0.0010266084142489,-0.0056974228157684,-0.0083944961110372,-0.0066414120717376,0.0237493383649927,-0.0016553950624549,0.0017417026961729,0.0002335730904748,-0.0043273002358025,-0.0010266084142489,-0.0056974228157684,-0.0083944961110372,-0.0066414120717376,0.0237493383649927,-0.0016553950624549,0.0017417026961729,0.0002335730904748,-0.0043273002358025,,,,,,,,,,,,,,
static,0.0088666666666666,0.8866666666666599,stored_original,1.7834474398947182,5.950334520409557,1.7834474398947182,5.950334520409557,0.0006296819994557,True,6,4.284858122683235e-08,0,-0.0006669767385521,-0.0035730148749405,-0.005699637830242,-0.0047006647008002,0.0148084367957705,-0.0011046920550087,0.0011886483919085,0.0001525177886598,-0.0028989122700678,-0.0006669767385521,-0.0035730148749405,-0.005699637830242,-0.0047006647008002,0.0148084367957705,-0.0011046920550087,0.0011886483919085,0.0001525177886598,-0.0028989122700678,,,,,,,,,,,,,,
static,0.0108333333333333,1.0833333333333302,stored_original,1.73050518657251,5.643504210949696,1.73050518657251,5.643504210949696,0.0001354460543939,True,6,1.1979473836414836e-08,0,-0.0003155301028043,-0.0015347289883651,-0.0027494554808563,-0.0023115713910722,0.0067132579284172,-0.0005254456104769,0.000572937932938,7.166011629568738e-05,-0.0013842054641912,-0.0003155301028043,-0.0015347289883651,-0.0027494554808563,-0.0023115713910722,0.0067132579284172,-0.0005254456104769,0.000572937932938,7.166011629568738e-05,-0.0013842054641912,,,,,,,,,,,,,,
static,0.012546045825196,1.2546045825196002,stored_original,1.6930438416630622,5.436001877454284,1.6930438416630622,5.436001877454284,0.0,True,0,0.0,0,0.0,0.0,0.0,0.0,0.0,0.0,0.0,0.0,0.0,0.0,0.0,0.0,0.0,0.0,0.0,0.0,0.0,0.0,,,,,,,,,,,,,,
static,0.0127999999999999,1.27999999999999,stored_original,1.688028882259698,5.408808791824222,1.688028882259698,5.408808791824222,3.4805939267175347e-06,True,21,0.0003951876786391,0,-1.0384749111437004e-05,3.851668428227653e-09,6.325106857131214e-05,0.0004371203136136,-0.0010741496782805,0.0001907925966495,-9.253354108200904e-05,-1.642180181215331e-05,0.0002450358415272,-1.0384749111437004e-05,3.851668428227653e-09,6.325106857131214e-05,0.0004371203136136,-0.0010741496782805,0.0001907925966495,-9.253354108200904e-05,-1.642180181215331e-05,0.0002450358415272,,,,,,,,,,,,,,
static,0.0147666666666666,1.47666666666666,stored_original,1.653010947160781,5.222681394739597,1.653010947160781,5.222681394739597,0.0002662769704386,True,29,0.0035030789556645,0,-9.889679485350671e-05,1.2143583228096975e-09,0.0005581316956765,0.0039181801829543,-0.0091570942656497,0.0016913132968973,-0.0008297252036999,-0.0001214867448328,0.0022236166640297,-9.889679485350671e-05,1.2143583228096975e-09,0.0005581316956765,0.0039181801829543,-0.0091570942656497,0.0016913132968973,-0.0008297252036999,-0.0001214867448328,0.0022236166640297,,,,,,,,,,,,,,
static,0.0167333333333333,1.6733333333333302,stored_original,1.6236965584555147,5.071803926968019,1.6236965584555147,5.071803926968019,0.0009510178582796,True,33,0.0064205275250242,0,-0.0002959386355587,2.500349520508409e-09,0.001047773273164,0.0082518303471793,-0.0170633922661415,0.0032453625193952,-0.0015520441567487,-0.0006853694276021,0.0036047784763108,-0.0002959386355587,2.500349520508409e-09,0.001047773273164,0.0082518303471793,-0.0170633922661415,0.0032453625193952,-0.0015520441567487,-0.0006853694276021,0.0036047784763108,,,,,,,,,,,,,,
static,0.0186999999999999,1.8699999999999901,stored_original,1.598765677160309,4.9469225548994125,1.598765677160309,4.9469225548994125,0.0020678965468175,True,37,0.0097831844305706,0,-0.0005593584831716,1.972852214319357e-09,0.0015716418037561,0.0132053719405844,-0.0248295931998197,0.004879286800439,-0.0023323998362894,-0.001252392533971,0.0051329785056186,-0.0005593584831716,1.972852214319357e-09,0.0015716418037561,0.0132053719405844,-0.0248295931998197,0.004879286800439,-0.0023323998362894,-0.001252392533971,0.0051329785056186,,,,,,,,,,,,,,
static,0.0206666666666666,2.06666666666666,stored_original,1.577003901711546,4.84043165520518,1.577003901711546,4.84043165520518,0.0036110744702818,True,33,0.012822892579649,0,-0.0006055720802729,2.005215729755556e-09,0.0020787105027532,0.0164762367106013,-0.0319408308973686,0.0064635989753095,-0.0031584886112928,-0.0010354970667301,0.0078252011525025,-0.0006055720802729,2.005215729755556e-09,0.0020787105027532,0.0164762367106013,-0.0319408308973686,0.0064635989753095,-0.0031584886112928,-0.0010354970667301,0.0078252011525025,,,,,,,,,,,,,,
static,0.0226333333333333,2.26333333333333,stored_original,1.558184426966571,4.750189096133932,1.558184426966571,4.750189096133932,0.0056072570903611,True,36,0.0162729214039008,0,-0.0007535455107607,2.516052936435251e-10,0.0026087340110382,0.0205982043917739,-0.0390482864187801,0.0081046430762202,-0.0040080538598803,-0.0010769127550228,0.0102548502057496,-0.0007535455107607,2.516052936435251e-10,0.0026087340110382,0.0205982043917739,-0.0390482864187801,0.0081046430762202,-0.0040080538598803,-0.0010769127550228,0.0102548502057496,,,,,,,,,,,,,,
static,0.0245999999999999,2.45999999999999,stored_original,1.5417166201587882,4.672604477385909,1.5417166201587882,4.672604477385909,0.0080644561676882,True,30,0.0184598582539939,0,-0.0009031905751481,4.789654869015298e-10,0.0031444886879662,0.0247556808898774,-0.0460212582817456,0.009768084571058,-0.0048769189530592,-0.0011012312404621,0.0127873715317042,-0.0009031905751481,4.789654869015298e-10,0.0031444886879662,0.0247556808898774,-0.0460212582817456,0.009768084571058,-0.0048769189530592,-0.0011012312404621,0.0127873715317042,,,,,,,,,,,,,,
static,0.0265666666666666,2.65666666666666,stored_original,1.527242401104015,4.605459285984246,1.527242401104015,4.605459285984246,0.010996591742294,True,31,0.0224909135902104,0,-0.00106164369801,1.7630135434841004e-09,0.0036855768233458,0.0289974260187487,-0.0528806008287384,0.0114541844528019,-0.0057632686025173,-0.0011304843796439,0.0153937023669067,-0.00106164369801,1.7630135434841004e-09,0.0036855768233458,0.0289974260187487,-0.0528806008287384,0.0114541844528019,-0.0057632686025173,-0.0011304843796439,0.0153937023669067,,,,,,,,,,,,,,
static,0.0285333333333333,2.85333333333333,stored_original,1.514487414943961,4.547089759125569,1.514487414943961,4.547089759125569,0.0144183094016679,True,30,0.0276022862008189,0,-0.0012207675729733,5.258838837723797e-09,0.0042319650246089,0.033364927417633,-0.0596652025498119,0.0131665575519525,-0.0066658389210462,-0.0011844250130721,0.0180528270250118,-0.0012207675729733,5.258838837723797e-09,0.0042319650246089,0.033364927417633,-0.0596652025498119,0.0131665575519525,-0.0066658389210462,-0.0011844250130721,0.0180528270250118,,,,,,,,,,,,,,
static,0.0305,3.05,stored_original,1.503218233080719,4.496135423759528,1.503218233080719,4.496135423759528,0.0183443604452614,True,34,0.0278793140671998,0,-0.001395109695963,3.620645869816464e-10,0.0047770237362387,0.0377399433187565,-0.0664143249006988,0.0149185049443944,-0.0075782231393565,-0.0012542046957796,0.0207781964039963,-0.001395109695963,3.620645869816464e-10,0.0047770237362387,0.0377399433187565,-0.0664143249006988,0.0149185049443944,-0.0075782231393565,-0.0012542046957796,0.0207781964039963,,,,,,,,,,,,,,
static,0.0324666666666666,3.2466666666666604,stored_original,1.4938032628560227,4.454003091169924,1.4938032628560227,4.454003091169924,0.022823589420365,True,31,0.0309348064632048,0,-0.0018480018332872,9.811769210097448e-10,0.0054489288497879,0.0447511424781854,-0.0736075190478281,0.0169682139514375,-0.0084770117679447,-0.0038412298146224,0.0201593054298162,-0.0018480018332872,9.811769210097448e-10,0.0054489288497879,0.0447511424781854,-0.0736075190478281,0.0169682139514375,-0.0084770117679447,-0.0038412298146224,0.0201593054298162,,,,,,,,,,,,,,
static,0.0344333333333333,3.4433333333333302,stored_original,1.4857646048400572,4.418342407570633,1.4857646048400572,4.418342407570633,0.0279285527901931,True,36,0.0335142531582933,0,-0.0024867686237281,5.565299952006678e-10,0.0061615850970441,0.0534195065742518,-0.0812125904084834,0.0191663732650855,-0.0094241114609528,-0.006817807473132,0.0191451221887881,-0.0024867686237281,5.565299952006678e-10,0.0061615850970441,0.0534195065742518,-0.0812125904084834,0.0191663732650855,-0.0094241114609528,-0.006817807473132,0.0191451221887881,,,,,,,,,,,,,,
static,0.0363999999999999,3.63999999999999,stored_original,1.478149071963324,4.3848221749260645,1.478149071963324,4.3848221749260645,0.0335008558338891,True,39,0.0439274935812978,0,-0.0028350665754713,7.992531973214772e-10,0.0067137880695249,0.0592572521221055,-0.0879577263218554,0.0210054040730293,-0.0103663246333367,-0.007343609247545,0.0214539320537309,-0.0028350665754713,7.992531973214772e-10,0.0067137880695249,0.0592572521221055,-0.0879577263218554,0.0210054040730293,-0.0103663246333367,-0.007343609247545,0.0214539320537309,,,,,,,,,,,,,,
static,0.0383666666666666,3.83666666666666,stored_original,1.4714737444298744,4.3556495275483105,1.4714737444298744,4.3556495275483105,0.0396485810138506,True,36,0.0416313184324027,0,-0.0031706549051239,9.074938231435231e-10,0.0073108517307314,0.0652505196738009,-0.0947106790440817,0.0229397000626816,-0.0113640544815665,-0.0078301660990062,0.0239958145976037,-0.0031706549051239,9.074938231435231e-10,0.0073108517307314,0.0652505196738009,-0.0947106790440817,0.0229397000626816,-0.0113640544815665,-0.0078301660990062,0.0239958145976037,,,,,,,,,,,,,,
static,0.0403333333333333,4.03333333333333,stored_original,1.4653266657627286,4.3289571314364474,1.4653266657627286,4.3289571314364474,0.0463130480470813,True,29,0.0474413947997143,0,-0.0033424884053216,2.827012772798586e-09,0.0078468138510272,0.0696174489573643,-0.1010197808273505,0.0247070495343251,-0.0123508634375647,-0.00741533001973,0.0278135891768175,-0.0033424884053216,2.827012772798586e-09,0.0078468138510272,0.0696174489573643,-0.1010197808273505,0.0247070495343251,-0.0123508634375647,-0.00741533001973,0.0278135891768175,,,,,,,,,,,,,,
static,0.0423,4.2299999999999995,stored_original,1.4600700280981909,4.3062610770601815,1.4600700280981909,4.3062610770601815,0.0536193979794935,True,60,0.0491126165268486,0,-0.0035729703596807,1.1379369962633776e-09,0.0084377138169815,0.0747705413819212,-0.107490989884318,0.0266245955759347,-0.013381100464792,-0.0074764863709863,0.031123350692872,-0.0035729703596807,1.1379369962633776e-09,0.0084377138169815,0.0747705413819212,-0.107490989884318,0.0266245955759347,-0.013381100464792,-0.0074764863709863,0.031123350692872,,,,,,,,,,,,,,
static,0.0442666666666666,4.42666666666666,stored_original,1.4549004855461205,4.284057118784069,1.4549004855461205,4.284057118784069,0.0614351123917298,True,36,0.0512641775785285,0,-0.0034147228375775,1.3228670150998043e-09,0.0088732233184447,0.0763954045056465,-0.1130176613714986,0.0282140546478902,-0.014348092472204,-0.0057826038361721,0.0368851554863302,-0.0034147228375775,1.3228670150998043e-09,0.0088732233184447,0.0763954045056465,-0.1130176613714986,0.0282140546478902,-0.014348092472204,-0.0057826038361721,0.0368851554863302,,,,,,,,,,,,,,
static,0.0462333333333333,4.62333333333333,stored_original,1.450802321152064,4.266536274609442,1.450802321152064,4.266536274609442,0.0699936428817805,True,31,0.0549994635437784,0,-0.0035482944403308,1.1159456597799732e-09,0.0094729854284042,0.0807618439618696,-0.1193218815511286,0.0301256592434013,-0.0154242530933298,-0.0054121451432641,0.0410632090239519,-0.0035482944403308,1.1159456597799732e-09,0.0094729854284042,0.0807618439618696,-0.1193218815511286,0.0301256592434013,-0.0154242530933298,-0.0054121451432641,0.0410632090239519,,,,,,,,,,,,,,
static,0.0481999999999999,4.8199999999999905,stored_original,1.447330061550233,4.251747443252774,1.447330061550233,4.251747443252774,0.0792292466783517,True,30,0.0617689755879969,0,-0.0037394240556769,9.136483761858524e-09,0.0100691453110982,0.0855353919850276,-0.1256238461215875,0.0320412170983503,-0.0164992687274392,-0.0051845121017915,0.0451334554758684,-0.0037394240556769,9.136483761858524e-09,0.0100691453110982,0.0855353919850276,-0.1256238461215875,0.0320412170983503,-0.0164992687274392,-0.0051845121017915,0.0451334554758684,,,,,,,,,,,,,,
static,0.0501666666666666,5.01666666666666,stored_original,1.4444251756164646,4.239414523446037,1.4444251756164646,4.239414523446037,0.0891581011514767,True,39,0.0629436475079944,0,-0.0039499598185098,2.802784122989722e-10,0.0106736775930938,0.0905274842923304,-0.1319828409432077,0.0339880163699729,-0.0175889536147107,-0.0050385453318802,0.0492148127199442,-0.0039499598185098,2.802784122989722e-10,0.0106736775930938,0.0905274842923304,-0.1319828409432077,0.0339880163699729,-0.0175889536147107,-0.0050385453318802,0.0492148127199442,,,,,,,,,,,,,,
static,0.0521333333333333,5.21333333333333,stored_original,1.4419851135969155,4.229082699354254,1.4419851135969155,4.229082699354254,0.0997965392644435,True,33,0.072736191979712,0,-0.0041646159467764,1.7957708214166215e-09,0.0112813701159277,0.0954745602660054,-0.1383160545661801,0.0359426622668576,-0.018692853940751,-0.0048562120232154,0.0534641568164025,-0.0041646159467764,1.7957708214166215e-09,0.0112813701159277,0.0954745602660054,-0.1383160545661801,0.0359426622668576,-0.018692853940751,-0.0048562120232154,0.0534641568164025,,,,,,,,,,,,,,
static,0.0540999999999999,5.4099999999999895,stored_original,1.4400168171041028,4.220766797474335,1.4400168171041028,4.220766797474335,0.1111712757450171,True,33,0.0887501297703196,0,-0.0043457665559144,1.0608840197384268e-10,0.0118998641236469,0.1005998692158355,-0.1446819302996115,0.0379176816971437,-0.0198161975840283,-0.0047231494742267,0.0577810498718431,-0.0043457665559144,1.0608840197384268e-10,0.0118998641236469,0.1005998692158355,-0.1446819302996115,0.0379176816971437,-0.0198161975840283,-0.0047231494742267,0.0577810498718431,,,,,,,,,,,,,,
static,0.0560666666666666,5.60666666666666,stored_original,1.4384636872021357,4.214216486410666,1.4384636872021357,4.214216486410666,0.1232990248029916,True,29,0.0775622528911628,0,-0.0045614679688137,5.662437745176061e-09,0.0125025892394895,0.1054343733209318,-0.1510927356838757,0.0399306673023171,-0.0209377967534367,-0.0045229280581203,0.0623300415290422,-0.0045614679688137,5.662437745176061e-09,0.0125025892394895,0.1054343733209318,-0.1510927356838757,0.0399306673023171,-0.0209377967534367,-0.0045229280581203,0.0623300415290422,,,,,,,,,,,,,,
static,0.0580333333333333,5.80333333333333,stored_original,1.4371256240949983,4.208581369716352,1.4371256240949983,4.208581369716352,0.1363187679403217,True,41,0.5865120363285653,0,-0.0045841134911761,-1.3246526109013971e-10,0.0125989233052712,0.1071633656580593,-0.1533458198680199,0.0404040934563102,-0.0210789098294637,-0.0050746736192791,0.0622182875356845,-0.0045841134911761,-1.3246526109013971e-10,0.0125989233052712,0.1071633656580593,-0.1533458198680199,0.0404040934563102,-0.0210789098294637,-0.0050746736192791,0.0622182875356845,,,,,,,,,,,,,,
static,0.06,6.0,stored_original,1.4362376152483112,4.204845771095831,1.4362376152483112,4.204845771095831,0.1500335606565607,True,34,0.0837913630629835,0,-0.0046915319710885,1.264259777478149e-09,0.0129855627960926,0.1103697166068322,-0.1607727942894214,0.0422642876681661,-0.0218589373231789,-0.0049907316017761,0.0657561747956451,-0.0046915319710885,1.264259777478149e-09,0.0129855627960926,0.1103697166068322,-0.1607727942894214,0.0422642876681661,-0.0218589373231789,-0.0049907316017761,0.0657561747956451,,,,,,,,,,,,,,
static,0.001,0.1,stored_refined,2.429843748564517,11.357107377024528,2.429843748564517,11.357107377024528,0.00913163699206155,True,8,2.7807381126704906e-05,0,-0.0022341098520445,-0.0163643567683478,-0.0110266513556733,-0.0027419445622395,0.0687453473513987,-0.0026642492318906,0.0019651915821048,0.0007115477967365,-0.0071871592970045,-0.0022341098520445,-0.0163643567683478,-0.0110266513556733,-0.0027419445622395,0.0687453473513987,-0.0026642492318906,0.0019651915821048,0.0007115477967365,-0.0071871592970045,,,,,,,,,,,,,,
static,0.0029666666666666,0.29666666666666003,stored_refined,2.097280747918457,8.143994202372266,2.09728074772324,8.143994200782418,0.004890060380580637,True,8,1.416496229173932e-05,0,-0.0017845640211051,-0.0111875070499452,-0.0122001549551943,-0.0076885487286112,0.0469190537956822,-0.0025699600216421,0.0024352380383711,0.0004324379242882,-0.0067408283312704,-0.0017845640216626057,-0.011187507051032912,-0.01220015495475645,-0.007688548730574979,0.04691905379632858,-0.0025699600213019338,0.002435238038459322,0.00043243792444847223,-0.006740828329739557,,,,,,,,,,,,,,
static,0.0049333333333333,0.49333333333333,stored_refined,1.9475020789412565,7.011152383752865,1.947502078808566,7.0111523828225515,0.002852453384734641,True,8,8.819701786709515e-06,0,-0.0013956257648196,-0.0081300616022161,-0.0106889814364637,-0.0078692532818255,0.0340078610455138,-0.0021588717457797,0.0021914190724117,0.0003204410136264,-0.0056360176409968,-0.0013956257652914111,-0.008130061602808466,-0.010688981435738574,-0.007869253283672757,0.03400786104548061,-0.002158871746198471,0.002191419071866324,0.0003204410137789361,-0.005636017640188097,,,,,,,,,,,,,,
static,0.0068999999999999,0.6899999999999901,stored_refined,1.8521833511907613,6.373720411868944,1.8521833508370675,6.3737204096146,0.0015115476260844005,True,7,5.17493284373992e-06,0,-0.0010266084142489,-0.0056974228157684,-0.0083944961110372,-0.0066414120717376,0.0237493383649927,-0.0016553950624549,0.0017417026961729,0.0002335730904748,-0.0043273002358025,-0.001026608422999232,-0.005697422823188879,-0.008394496109040032,-0.006641412092684139,0.023749338368381633,-0.0016553950630833003,0.0017417026955751144,0.0002335730971620216,-0.004327300228682959,,,,,,,,,,,,,,
static,0.0088666666666666,0.8866666666666599,stored_refined,1.7834474398947182,5.950334520409557,1.7834474398947182,5.950334520409557,0.0006296819994556891,True,7,3.2189963000333444e-06,0,-0.0006669767385521,-0.0035730148749405,-0.005699637830242,-0.0047006647008002,0.0148084367957705,-0.0011046920550087,0.0011886483919085,0.0001525177886598,-0.0028989122700678,-0.0006669767385521,-0.0035730148749405,-0.005699637830242,-0.0047006647008002,0.0148084367957705,-0.0011046920550087,0.0011886483919085,0.0001525177886598,-0.0028989122700678,,,,,,,,,,,,,,
static,0.0108333333333333,1.0833333333333302,stored_refined,1.73050518657251,5.643504210949696,1.73050518657251,5.643504210949696,0.00013544605439390545,True,7,1.3491710444826162e-06,0,-0.0003155301028043,-0.0015347289883651,-0.0027494554808563,-0.0023115713910722,0.0067132579284172,-0.0005254456104769,0.000572937932938,7.166011629568738e-05,-0.0013842054641912,-0.0003155301028043,-0.0015347289883651,-0.0027494554808563,-0.0023115713910722,0.0067132579284172,-0.0005254456104769,0.000572937932938,7.166011629568738e-05,-0.0013842054641912,,,,,,,,,,,,,,
static,0.012546045825196,1.2546045825196002,stored_refined,1.6930438416630622,5.436001877454284,1.6930438416630622,5.436001877454284,1.5339239396918586e-27,True,1,1.6508280371264005e-12,0,0.0,0.0,0.0,0.0,0.0,0.0,0.0,0.0,0.0,0.0,0.0,0.0,0.0,0.0,0.0,0.0,0.0,0.0,,,,,,,,,,,,,,
static,0.0127999999999999,1.27999999999999,stored_refined,1.688028882259698,5.408808791824222,1.6880288819029567,5.408808789894676,3.480593110460416e-06,True,14,0.0015388946033502563,0,-1.0384749111437004e-05,3.851668428227653e-09,6.325106857131214e-05,0.0004371203136136,-0.0010741496782805,0.0001907925966495,-9.253354108200904e-05,-1.642180181215331e-05,0.0002450358415272,-1.038455311610565e-05,4.9044514876698824e-11,6.325101703721191e-05,0.00043711978451151307,-0.001074149907783544,0.00019079262376565115,-9.253349373584754e-05,-1.6421772983585266e-05,0.00024503589709197194,,,,,,,,,,,,,,
static,0.0147666666666666,1.47666666666666,stored_refined,1.653010947160781,5.222681394739597,1.6530109470741854,5.222681394287336,0.0002662769682691728,True,14,0.0764298470440792,0,-9.889679485350671e-05,1.2143583228096975e-09,0.0005581316956765,0.0039181801829543,-0.0091570942656497,0.0016913132968973,-0.0008297252036999,-0.0001214867448328,0.0022236166640297,-9.889681089688032e-05,4.120551348686816e-11,0.0005581316800238015,0.003918180019429146,-0.009157094402446756,0.0016913133362186,-0.0008297251878311768,-0.00012148676373054153,0.0022236166481265887,,,,,,,,,,,,,,
static,0.0167333333333333,1.6733333333333302,stored_refined,1.6236965584555147,5.071803926968019,1.623696557733491,5.071803923306056,0.0009510178412860097,True,16,0.005093068848149314,0,-0.0002959386355587,2.500349520508409e-09,0.001047773273164,0.0082518303471793,-0.0170633922661415,0.0032453625193952,-0.0015520441567487,-0.0006853694276021,0.0036047784763108,-0.000295938203220596,2.3986567696248082e-11,0.001047773253217451,0.008251828232079962,-0.017063392102772596,0.0032453624480362478,-0.0015520441990582608,-0.0006853684593773405,0.0036047798847338706,,,,,,,,,,,,,,
static,0.0186999999999999,1.8699999999999901,stored_refined,1.598765677160309,4.9469225548994125,1.5987656750227808,4.946922544325226,0.0020678964544981735,True,24,0.05607962528309281,0,-0.0005593584831716,1.972852214319357e-09,0.0015716418037561,0.0132053719405844,-0.0248295931998197,0.004879286800439,-0.0023323998362894,-0.001252392533971,0.0051329785056186,-0.0005593566140838873,4.045070229419377e-11,0.0015716415258224322,0.013205361206787636,-0.024829590606163233,0.0048792860093790245,-0.002332399744496596,-0.0012523887589543602,0.005132983358763511,,,,,,,,,,,,,,
static,0.0206666666666666,2.06666666666666,stored_refined,1.577003901711546,4.84043165520518,1.5770039013634751,4.8404316535203655,0.003611074450375589,True,17,0.36674150973828706,0,-0.0006055720802729,2.005215729755556e-09,0.0020787105027532,0.0164762367106013,-0.0319408308973686,0.0064635989753095,-0.0031584886112928,-0.0010354970667301,0.0078252011525025,-0.000605571791277089,5.2980636837096866e-11,0.0020787104718969452,0.016476235280719616,-0.031940830841619944,0.00646359890390718,-0.0031584886074256485,-0.0010354965857461295,0.007825201797454467,,,,,,,,,,,,,,
static,0.0226333333333333,2.26333333333333,stored_refined,1.558184426966571,4.750189096133932,1.5581844269635357,4.750189096119514,0.005607257089492144,True,14,0.007780758647381591,0,-0.0007535455107607,2.516052936435251e-10,0.0026087340110382,0.0205982043917739,-0.0390482864187801,0.0081046430762202,-0.0040080538598803,-0.0010769127550228,0.0102548502057496,-0.0007535455084949434,1.5417636298320614e-10,0.0026087340105503103,0.02059820437491076,-0.03904828641993767,0.008104643075828245,-0.004008053859624715,-0.0010769127505465149,0.0102548502115272,,,,,,,,,,,,,,
static,0.0245999999999999,2.45999999999999,stored_refined,1.5417166201587882,4.672604477385909,1.5417166201266408,4.672604477235697,0.008064456163736838,True,15,0.01053761458390077,0,-0.0009031905751481,4.789654869015298e-10,0.0031444886879662,0.0247556808898774,-0.0460212582817456,0.009768084571058,-0.0048769189530592,-0.0011012312404621,0.0127873715317042,-0.0009031905555507319,1.0655851430716933e-10,0.00314448868470403,0.024755680825317976,-0.04602125829974012,0.009768084571070514,-0.004876918950592135,-0.0011012312296008926,0.012787371545940283,,,,,,,,,,,,,,
static,0.0265666666666666,2.65666666666666,stored_refined,1.527242401104015,4.605459285984246,1.5272424010116816,4.605459285559008,0.010996591725993005,True,17,0.054070501032879546,0,-0.00106164369801,1.7630135434841004e-09,0.0036855768233458,0.0289974260187487,-0.0528806008287384,0.0114541844528019,-0.0057632686025173,-0.0011304843796439,0.0153937023669067,-0.0010616436216193208,4.598380932621655e-10,0.0036855768025774666,0.028997425668419015,-0.05288060094409585,0.011454184463514844,-0.005763268585212135,-0.001130484334496454,0.01539370242385072,,,,,,,,,,,,,,
static,0.0285333333333333,2.85333333333333,stored_refined,1.514487414943961,4.547089759125569,1.5144874152660837,4.54708976059029,0.014418309323226465,True,17,0.12195112446099753,0,-0.0012207675729733,5.258838837723797e-09,0.0042319650246089,0.033364927417633,-0.0596652025498119,0.0131665575519525,-0.0066658389210462,-0.0011844250130721,0.0180528270250118,-0.0012207679817398081,4.0633696502741823e-11,0.00423196498292887,0.03336492610594507,-0.059665202838467817,0.013166557694363338,-0.006665838886265468,-0.0011844248294562685,0.01805282724426575,,,,,,,,,,,,,,
static,0.0305,3.05,stored_refined,1.503218233080719,4.496135423759528,1.5032182330668888,4.496135423697345,0.01834436044123769,True,13,0.15712604505419095,0,-0.001395109695963,3.620645869816464e-10,0.0047770237362387,0.0377399433187565,-0.0664143249006988,0.0149185049443944,-0.0075782231393565,-0.0012542046957796,0.0207781964039963,-0.001395109687797016,8.874787552818343e-11,0.004777023734580408,0.03773994330580503,-0.06641432491134637,0.014918504946560655,-0.007578223137776528,-0.0012542046985490718,0.020778196400860288,,,,,,,,,,,,,,
static,0.0324666666666666,3.2466666666666604,stored_refined,1.4938032628560227,4.454003091169924,1.493803261929621,4.454003087043729,0.022823589347326444,True,19,1.428002571104058,0,-0.0018480018332872,9.811769210097448e-10,0.0054489288497879,0.0447511424781854,-0.0736075190478281,0.0169682139514375,-0.0084770117679447,-0.0038412298146224,0.0201593054298162,-0.0018480012466422582,1.3777216795977213e-11,0.0054489286946815835,0.04475113997532844,-0.07360751901869236,0.01696821367480962,-0.008477011716220154,-0.0038412281444001953,0.020159307650735644,,,,,,,,,,,,,,
static,0.0344333333333333,3.4433333333333302,stored_refined,1.4857646048400572,4.418342407570633,1.4857646047288144,4.418342407079124,0.02792855277304619,True,16,0.039389889308691334,0,-0.0024867686237281,5.565299952006678e-10,0.0061615850970441,0.0534195065742518,-0.0812125904084834,0.0191663732650855,-0.0094241114609528,-0.006817807473132,0.0191451221887881,-0.0024867685661303734,5.502460105864148e-10,0.006161585077183086,0.053419506177989386,-0.08121259030951382,0.01916637321108388,-0.009424111453739493,-0.006817807229049364,0.01914512250166632,,,,,,,,,,,,,,
static,0.0363999999999999,3.63999999999999,stored_refined,1.478149071963324,4.3848221749260645,1.478149071929798,4.3848221747790594,0.03350085579181289,True,18,0.7524522412176758,0,-0.0028350665754713,7.992531973214772e-10,0.0067137880695249,0.0592572521221055,-0.0879577263218554,0.0210054040730293,-0.0103663246333367,-0.007343609247545,0.0214539320537309,-0.0028350665536063927,-7.239211152178391e-12,0.006713788044572652,0.0592572514526214,-0.08795772616513191,0.021005404006401197,-0.010366324623928924,-0.00734360889970394,0.021453932496818776,,,,,,,,,,,,,,
static,0.0383666666666666,3.83666666666666,stored_refined,1.4714737444298744,4.3556495275483105,1.4714737443237327,4.355649527085994,0.03964858097560256,True,17,0.25196936121674757,0,-0.0031706549051239,9.074938231435231e-10,0.0073108517307314,0.0652505196738009,-0.0947106790440817,0.0229397000626816,-0.0113640544815665,-0.0078301660990062,0.0239958145976037,-0.0031706548566025395,1.4729992424249873e-10,0.007310851710384764,0.06525051918333727,-0.09471067892466054,0.022939700006441847,-0.01136405447199695,-0.007830165852287112,0.023995814911642346,,,,,,,,,,,,,,
static,0.0403333333333333,4.03333333333333,stored_refined,1.4653266657627286,4.3289571314364474,1.4653266652762458,4.328957129330484,0.04631304786184598,True,20,0.15575930073131222,0,-0.0033424884053216,2.827012772798586e-09,0.0078468138510272,0.0696174489573643,-0.1010197808273505,0.0247070495343251,-0.0123508634375647,-0.00741533001973,0.0278135891768175,-0.0033424880832554457,9.893376438162806e-11,0.007846813723832944,0.0696174458591154,-0.10101978017192254,0.024707049213409597,-0.01235086337302659,-0.007415328557270817,0.02781359105012245,,,,,,,,,,,,,,
static,0.0423,4.2299999999999995,stored_refined,1.4600700280981909,4.3062610770601815,1.4600700277301817,4.306261075475438,0.05361939788661512,True,18,0.26083751030228447,0,-0.0035729703596807,1.1379369962633776e-09,0.0084377138169815,0.0747705413819212,-0.107490989884318,0.0266245955759347,-0.013381100464792,-0.0074764863709863,0.031123350692872,-0.003572970169002566,1.805059504900925e-10,0.008437713745977895,0.07477053971750865,-0.10749098955135605,0.026624595399412136,-0.013381100425437099,-0.007476485613614651,0.031123351667860854,,,,,,,,,,,,,,
static,0.0442666666666666,4.42666666666666,stored_refined,1.4549004855461205,4.284057118784069,1.4549004854357332,4.284057118311163,0.06143511236141878,True,16,0.08990395511782993,0,-0.0034147228375775,1.3228670150998043e-09,0.0088732233184447,0.0763954045056465,-0.1130176613714986,0.0282140546478902,-0.014348092472204,-0.0057826038361721,0.0368851554863302,-0.003414722777749885,5.406613803646291e-10,0.00887322330761496,0.07639540421951689,-0.11301766139150937,0.028214054623022396,-0.01434809246826154,-0.0057826036941762,0.03688515568508046,,,,,,,,,,,,,,
static,0.0462333333333333,4.62333333333333,stored_refined,1.450802321152064,4.266536274609442,1.4508023207937863,4.266536273080837,0.06999364282708938,True,16,0.17420102146744001,0,-0.0035482944403308,1.1159456597799732e-09,0.0094729854284042,0.0807618439618696,-0.1193218815511286,0.0301256592434013,-0.0154242530933298,-0.0054121451432641,0.0410632090239519,-0.003548294251729044,-1.6869163779201633e-11,0.009472985391129835,0.08076184318017796,-0.11932188164592926,0.030125659176441028,-0.015424253075180128,-0.0054121447671349856,0.041063209559074845,,,,,,,,,,,,,,
static,0.0481999999999999,4.8199999999999905,stored_refined,1.447330061550233,4.251747443252774,1.4473300607016752,4.251747439644921,0.07922924634531321,True,17,0.031587234182976834,0,-0.0037394240556769,9.136483761858524e-09,0.0100691453110982,0.0855353919850276,-0.1256238461215875,0.0320412170983503,-0.0164992687274392,-0.0051845121017915,0.0451334554758684,-0.0037394235692939344,5.688553824590941e-10,0.010069145161331226,0.08553538889973152,-0.12562384652650857,0.03204121691389248,-0.01649926864202232,-0.005184510796942687,0.04513345732587621,,,,,,,,,,,,,,
static,0.0501666666666666,5.01666666666666,stored_refined,1.4444251756164646,4.239414523446037,1.4444251755557707,4.239414523188731,0.08915810113911025,True,14,2.8374342116401645,0,-0.0039499598185098,2.802784122989722e-10,0.0106736775930938,0.0905274842923304,-0.1319828409432077,0.0339880163699729,-0.0175889536147107,-0.0050385453318802,0.0492148127199442,-0.00394995978362006,8.918445470554416e-12,0.010673677585735671,0.09052748418714668,-0.13198284097027443,0.0339880163640799,-0.017588953609703046,-0.005038545292246493,0.04921481277959541,,,,,,,,,,,,,,
static,0.0521333333333333,5.21333333333333,stored_refined,1.4419851135969155,4.229082699354254,1.4419851135206336,4.229082699031651,0.09979653919682618,True,16,0.28228761092713933,0,-0.0041646159467764,1.7957708214166215e-09,0.0112813701159277,0.0954745602660054,-0.1383160545661801,0.0359426622668576,-0.018692853940751,-0.0048562120232154,0.0534641568164025,-0.004164615856791789,1.6401502371509557e-10,0.011281370079567733,0.09547455967494888,-0.13831605464322205,0.0359426622489928,-0.018692853914499253,-0.00485621182863489,0.053464157094881976,,,,,,,,,,,,,,
static,0.0540999999999999,5.4099999999999895,stored_refined,1.4400168171041028,4.220766797474335,1.4400168171041028,4.220766797474335,0.11117127574501598,True,14,0.2811047237605556,0,-0.0043457665559144,1.0608840197384268e-10,0.0118998641236469,0.1005998692158355,-0.1446819302996115,0.0379176816971437,-0.0198161975840283,-0.0047231494742267,0.0577810498718431,-0.0043457665559144,1.0608840197384268e-10,0.0118998641236469,0.1005998692158355,-0.1446819302996115,0.0379176816971437,-0.0198161975840283,-0.0047231494742267,0.0577810498718431,,,,,,,,,,,,,,
static,0.0560666666666666,5.60666666666666,stored_refined,1.4384636872021357,4.214216486410666,1.438463686824836,4.214216484820644,0.12329902458326475,True,18,0.027466766849195117,0,-0.0045614679688137,5.662437745176061e-09,0.0125025892394895,0.1054343733209318,-0.1510927356838757,0.0399306673023171,-0.0209377967534367,-0.0045229280581203,0.0623300415290422,-0.004561467797575927,4.069934804345655e-10,0.01250258917308009,0.10543437271240894,-0.15109273582001564,0.03993066734377563,-0.02093779669703011,-0.004522927980225864,0.06233004168781422,,,,,,,,,,,,,,
static,0.0580333333333333,5.80333333333333,stored_refined,1.4371256240949983,4.208581369716352,1.4371256240841055,4.208581369670508,0.1363187679064312,True,15,0.36697859163064567,0,-0.0045841134911761,-1.3246526109013971e-10,0.0125989233052712,0.1071633656580593,-0.1533458198680199,0.0404040934563102,-0.0210789098294637,-0.0050746736192791,0.0622182875356845,-0.00458411350946534,2.6807862161867487e-10,0.01259892330954213,0.10716336567381743,-0.15334581999674277,0.04040409348304038,-0.02107890983819118,-0.005074673614475194,0.06221828758211849,,,,,,,,,,,,,,
static,0.06,6.0,stored_refined,1.4362376152483112,4.204845771095831,1.4362376151923057,4.204845770860337,0.15003356059475917,True,16,0.1489661137228873,0,-0.0046915319710885,1.264259777478149e-09,0.0129855627960926,0.1103697166068322,-0.1607727942894214,0.0422642876681661,-0.0218589373231789,-0.0049907316017761,0.0657561747956451,-0.004691531944236489,3.7191341022375205e-10,0.012985562829332015,0.11036971686279885,-0.16077279482749554,0.04226428780475246,-0.021858937388881467,-0.004990731587642871,0.06575617509323278,,,,,,,,,,,,,,
static,0.06,6.0,reverse_high_to_low,1.4362376152483112,4.204845771095831,1.4347354303105186,4.198534056980584,0.15087915463058738,True,46,1.7077416142127153,0,0.0,0.0,0.0,0.0,0.0,0.0,0.0,0.0,0.0,-0.0010430489913904725,-1.7396175872837242e-11,0.015540748320011875,0.09198999065102907,-0.15854969728443244,0.04675500752382315,-0.025299952475142804,-0.007317498138126825,0.060001933422521726,,,,,,,,,,,,,,
static,0.0580333333333333,5.80333333333333,reverse_high_to_low,1.4347354303105186,4.198534056980584,1.4368218709639475,4.207303194082772,0.1362036598248049,True,28,0.0769446525466699,0,-0.0010430489913904725,-1.7396175872837242e-11,0.015540748320011875,0.09198999065102907,-0.15854969728443244,0.04675500752382315,-0.025299952475142804,-0.007317498138126825,0.060001933422521726,-0.0042628336331744674,1.589460920789444e-10,0.013465351054135455,0.10672183562412896,-0.1569307723836175,0.04188664607603014,-0.022456163061743906,-0.003743620015170851,0.06805399964461496,,,,,,,,,,,,,,
static,0.0560666666666666,5.60666666666666,reverse_high_to_low,1.4368218709639475,4.207303194082772,1.4380081196049432,4.212297063178615,0.12328394441020275,True,29,0.11211544679303606,0,-0.0042628336331744674,1.589460920789444e-10,0.013465351054135455,0.10672183562412896,-0.1569307723836175,0.04188664607603014,-0.022456163061743906,-0.003743620015170851,0.06805399964461496,-0.00416079236899327,8.24826317771198e-10,0.012421189964832477,0.10248685217468481,-0.1508151449632549,0.03997294336696325,-0.02093793955100524,-0.003467269741958889,0.06418403382795226,,,,,,,,,,,,,,
static,0.0540999999999999,5.4099999999999895,reverse_high_to_low,1.4380081196049432,4.212297063178615,1.439478359328696,4.218494704542006,0.11114836361430208,True,31,1.3246847932646906,0,-0.00416079236899327,8.24826317771198e-10,0.012421189964832477,0.10248685217468481,-0.1508151449632549,0.03997294336696325,-0.02093793955100524,-0.003467269741958889,0.06418403382795226,-0.003987803280829837,1.1694458395246247e-11,0.011619965471395492,0.09723787987556683,-0.1439953869520019,0.03783156713226701,-0.019609701458460107,-0.0032384275632993324,0.06017052997407488,,,,,,,,,,,,,,
static,0.0521333333333333,5.21333333333333,reverse_high_to_low,1.439478359328696,4.218494704542006,1.4413338153169284,4.226329201837673,0.09976845444278841,True,28,0.05565851281225193,0,-0.003987803280829837,1.1694458395246247e-11,0.011619965471395492,0.09723787987556683,-0.1439953869520019,0.03783156713226701,-0.019609701458460107,-0.0032384275632993324,0.06017052997407488,-0.003584571703863094,5.501717158616379e-10,0.01081845301648292,0.09160659863092913,-0.13779322799006363,0.03630990859481881,-0.0184870899445414,-0.0028819905839300507,0.05660499033283195,,,,,,,,,,,,,,
static,0.0501666666666666,5.01666666666666,reverse_high_to_low,1.4413338153169284,4.226329201837673,1.4436449591547291,4.236108152456987,0.0891205854621047,True,29,0.10599072806926332,0,-0.003584571703863094,5.501717158616379e-10,0.01081845301648292,0.09160659863092913,-0.13779322799006363,0.03630990859481881,-0.0184870899445414,-0.0028819905839300507,0.05660499033283195,-0.0034253561663843725,5.480068784372179e-10,0.010582935371460496,0.0861250965176097,-0.13151919968545034,0.033876655097255425,-0.017641771371953694,-0.002555717828384138,0.05308936383291261,,,,,,,,,,,,,,
static,0.0481999999999999,4.8199999999999905,reverse_high_to_low,1.4436449591547291,4.236108152456987,1.4465232913172104,4.248318643290078,0.0791840759050297,True,41,0.06815017287314346,0,-0.0034253561663843725,5.480068784372179e-10,0.010582935371460496,0.0861250965176097,-0.13151919968545034,0.033876655097255425,-0.017641771371953694,-0.002555717828384138,0.05308936383291261,-0.003174273195113823,5.411191470667917e-10,0.01006520252761486,0.08115972127855997,-0.12483176894092494,0.03194512063793101,-0.01664271218657565,-0.0024239744441317715,0.04929279927633895,,,,,,,,,,,,,,
static,0.0462333333333333,4.62333333333333,reverse_high_to_low,1.4465232913172104,4.248318643290078,1.4498684124351184,4.262553579217863,0.06993699880931833,True,45,1.708134942028843,0,-0.003174273195113823,5.411191470667917e-10,0.01006520252761486,0.08115972127855997,-0.12483176894092494,0.03194512063793101,-0.01664271218657565,-0.0024239744441317715,0.04929279927633895,-0.002913865460012564,2.70712725336123e-11,0.009110126467060513,0.07580808465389033,-0.1183641853480964,0.030142283345670522,-0.01537886621309059,-0.0020621783086034926,0.04601858679813615,,,,,,,,,,,,,,
static,0.0442666666666666,4.42666666666666,reverse_high_to_low,1.4498684124351184,4.262553579217863,1.4536613115343089,4.278751714375881,0.06136261999700671,True,35,0.24057364561420436,0,-0.002913865460012564,2.70712725336123e-11,0.009110126467060513,0.07580808465389033,-0.1183641853480964,0.030142283345670522,-0.01537886621309059,-0.0020621783086034926,0.04601858679813615,-0.0027571912736866462,1.0494115748226834e-10,0.009203395572127957,0.06979959114561951,-0.11203114103919223,0.02811847943223802,-0.01487860779925453,-0.001441588446788203,0.04330248264773263,,,,,,,,,,,,,,
static,0.0423,4.2299999999999995,reverse_high_to_low,1.4536613115343089,4.278751714375881,1.4582005902985227,4.2982183098962805,0.05342834301149014,True,37,0.07826132610929187,0,-0.0027571912736866462,1.0494115748226834e-10,0.009203395572127957,0.06979959114561951,-0.11203114103919223,0.02811847943223802,-0.01487860779925453,-0.001441588446788203,0.04330248264773263,-0.002323828116480754,2.2331121736311999e-10,0.008284176691000036,0.06443689185556108,-0.10553220166431014,0.026067564281494503,-0.013587079597236335,-0.001067865359200529,0.040295705081786114,,,,,,,,,,,,,,
static,0.0403333333333333,4.03333333333333,reverse_high_to_low,1.4582005902985227,4.2982183098962805,1.4633805252144112,4.320540564998095,0.046126880383478425,True,36,0.10361332114769786,0,-0.002323828116480754,2.2331121736311999e-10,0.008284176691000036,0.06443689185556108,-0.10553220166431014,0.026067564281494503,-0.013587079597236335,-0.001067865359200529,0.040295705081786114,-0.0020847468578306734,9.443915126916886e-11,0.0075003968415780845,0.05896426915283653,-0.09894713016243978,0.02399958770624094,-0.012371898006582598,-0.0005987795233666825,0.03755028890257259,,,,,,,,,,,,,,
static,0.0383666666666666,3.83666666666666,reverse_high_to_low,1.4633805252144112,4.320540564998095,1.4692176770701795,4.345833965267081,0.03944157383071084,True,32,0.20904193425880627,0,-0.0020847468578306734,9.443915126916886e-11,0.0075003968415780845,0.05896426915283653,-0.09894713016243978,0.02399958770624094,-0.012371898006582598,-0.0005987795233666825,0.03755028890257259,-0.0018561561307182727,1.3716213147993215e-10,0.006847639886744291,0.053062564700133305,-0.0922452129195937,0.022170455892065864,-0.011356005483806773,0.00014552464382141777,0.03526742354922239,,,,,,,,,,,,,,
static,0.0363999999999999,3.63999999999999,reverse_high_to_low,1.4692176770701795,4.345833965267081,1.4759112941914623,4.375020887970608,0.03334733123788864,True,39,0.11765192236949368,0,-0.0018561561307182727,1.3716213147993215e-10,0.006847639886744291,0.053062564700133305,-0.0922452129195937,0.022170455892065864,-0.011356005483806773,0.00014552464382141777,0.03526742354922239,-0.0014621681186148376,7.059901114043865e-11,0.00634541614031351,0.047271026371825724,-0.08559311286912054,0.020285650291260823,-0.010456352835916612,0.0008352060581497758,0.03299311885381991,,,,,,,,,,,,,,
static,0.0344333333333333,3.4433333333333302,reverse_high_to_low,1.4759112941914623,4.375020887970608,1.4834672566638003,4.408203587357814,0.027835840042260456,True,36,0.21232892247246582,0,-0.0014621681186148376,7.059901114043865e-11,0.00634541614031351,0.047271026371825724,-0.08559311286912054,0.020285650291260823,-0.010456352835916612,0.0008352060581497758,0.03299311885381991,-0.0011701605210063795,9.443764614934165e-11,0.005707998013158493,0.04130721167615269,-0.07874723034361254,0.018197950302344338,-0.00945104407589773,0.0016946460779568226,0.031061442784667458,,,,,,,,,,,,,,
static,0.0324666666666666,3.2466666666666604,reverse_high_to_low,1.4834672566638003,4.408203587357814,1.4920476501203757,4.446190446614258,0.022885588249347374,True,44,0.07173363205984121,0,-0.0011701605210063795,9.443764614934165e-11,0.005707998013158493,0.04130721167615269,-0.07874723034361254,0.018197950302344338,-0.00945104407589773,0.0016946460779568226,0.031061442784667458,-0.0007700683759048716,3.9770589310298873e-11,0.005128112138410604,0.03535370820420132,-0.07189735194877289,0.016276266862984702,-0.00851424759976992,0.0025722363198074803,0.029235983657068115,,,,,,,,,,,,,,
static,0.0305,3.05,reverse_high_to_low,1.4920476501203757,4.446190446614258,1.5017346871974002,4.489470145905998,0.018488366834323578,True,36,0.2675781845074239,0,-0.0007700683759048716,3.9770589310298873e-11,0.005128112138410604,0.03535370820420132,-0.07189735194877289,0.016276266862984702,-0.00851424759976992,0.0025722363198074803,0.029235983657068115,-0.00039819199114654537,9.840324111943908e-11,0.004496992757386385,0.029259452302283277,-0.06491543330624534,0.014373926627784842,-0.007565241384975304,0.003595170458204031,0.027696395001556025,,,,,,,,,,,,,,
static,0.0285333333333333,2.85333333333333,reverse_high_to_low,1.5017346871974002,4.489470145905998,1.5135094301440801,4.542644948290439,0.01447363320716065,True,52,0.04375962155313272,0,-0.00039819199114654537,9.840324111943908e-11,0.004496992757386385,0.029259452302283277,-0.06491543330624534,0.014373926627784842,-0.007565241384975304,0.003595170458204031,0.027696395001556025,-0.0005419251931226553,5.420772564310768e-11,0.004068707769806428,0.027927968379281923,-0.0587481777458591,0.013004742366692428,-0.006735802726678952,0.002191128891255601,0.022983211261557588,,,,,,,,,,,,,,
static,0.0265666666666666,2.65666666666666,reverse_high_to_low,1.5135094301440801,4.542644948290439,1.5263237436826667,4.60123038938349,0.011042595152334909,True,51,0.23157074829354074,0,-0.0005419251931226553,5.420772564310768e-11,0.004068707769806428,0.027927968379281923,-0.0587481777458591,0.013004742366692428,-0.006735802726678952,0.002191128891255601,0.022983211261557588,-0.00045115505981702315,8.07231476349368e-11,0.003497667327324031,0.024037882803533764,-0.051987243510424844,0.011236353207565386,-0.00579271104723194,0.0022066296503065108,0.020167884253193328,,,,,,,,,,,,,,
static,0.0245999999999999,2.45999999999999,reverse_high_to_low,1.5263237436826667,4.60123038938349,1.540786587018647,4.66826082055666,0.008109015554855225,True,46,0.04179096269092345,0,-0.00045115505981702315,8.07231476349368e-11,0.003497667327324031,0.024037882803533764,-0.051987243510424844,0.011236353207565386,-0.00579271104723194,0.0022066296503065108,0.020167884253193328,-0.00027485428669187455,-1.637426077673549e-11,0.0030281207077934836,0.019811829029222936,-0.04509242587629091,0.009610990803830044,-0.004985041956617687,0.0023754140025133656,0.017697828755601944,,,,,,,,,,,,,,
static,0.0226333333333333,2.26333333333333,reverse_high_to_low,1.540786587018647,4.66826082055666,1.5580011288980322,4.7493184754414,0.005604325517628256,True,40,0.007691948722121375,0,-0.00027485428669187455,-1.637426077673549e-11,0.0030281207077934836,0.019811829029222936,-0.04509242587629091,0.009610990803830044,-0.004985041956617687,0.0023754140025133656,0.017697828755601944,-0.0006055885156870159,6.899170186574724e-11,0.002622805720797491,0.019470065046619533,-0.03886575126264766,0.008076769948940136,-0.004058357651368283,-0.0005323883369806133,0.010997368775881845,,,,,,,,,,,,,,
static,0.0206666666666666,2.06666666666666,reverse_high_to_low,1.5580011288980322,4.7493184754414,1.5768220190580176,4.8395513447105385,0.0036080160858808575,True,34,0.009021225021410506,0,-0.0006055885156870159,6.899170186574724e-11,0.002622805720797491,0.019470065046619533,-0.03886575126264766,0.008076769948940136,-0.004058357651368283,-0.0005323883369806133,0.010997368775881845,-0.0004667015486301104,-4.1375883659639934e-11,0.0020937307038717207,0.015452027794700923,-0.031693165644644555,0.006425913360446422,-0.0032129045598793464,-0.00044212806454077894,0.0086652759364064,,,,,,,,,,,,,,
static,0.0186999999999999,1.8699999999999901,reverse_high_to_low,1.5768220190580176,4.8395513447105385,1.598457305633936,4.9453973000249825,0.002060176230662199,True,26,0.001188125670840327,0,-0.0004667015486301104,-4.1375883659639934e-11,0.0020937307038717207,0.015452027794700923,-0.031693165644644555,0.006425913360446422,-0.0032129045598793464,-0.00044212806454077894,0.0086652759364064,-0.0003214022182746991,3.8537417444425826e-10,0.0015912700804394202,0.011391426935112416,-0.024385192433055907,0.00481505282910284,-0.002393054383975367,-0.0003245537589644802,0.0064453422542726894,,,,,,,,,,,,,,
static,0.0167333333333333,1.6733333333333302,reverse_high_to_low,1.598457305633936,4.9453973000249825,1.623563562553326,5.071129442681845,0.0009494954767386684,True,39,0.004199296940203088,0,-0.0003214022182746991,3.8537417444425826e-10,0.0015912700804394202,0.011391426935112416,-0.024385192433055907,0.00481505282910284,-0.002393054383975367,-0.0003245537589644802,0.0064453422542726894,-0.00019875175952565723,5.79528420499656e-10,0.0010682145347648295,0.007534852710374622,-0.016909670045782525,0.003237893897474653,-0.0015976523928804326,-0.0002152155306424228,0.004304399444188711,,,,,,,,,,,,,,
static,0.0147666666666666,1.47666666666666,reverse_high_to_low,1.623563562553326,5.071129442681845,1.6530040893895632,5.222645578908257,0.0002662684406603344,True,33,0.016905806732308605,0,-0.00019875175952565723,5.79528420499656e-10,0.0010682145347648295,0.007534852710374622,-0.016909670045782525,0.003237893897474653,-0.0015976523928804326,-0.0002152155306424228,0.004304399444188711,-9.276407282260912e-05,9.129396617054867e-11,0.0005601123866297286,0.003869352765350036,-0.009152849095141373,0.001692987623658221,-0.0008304410733244774,-0.00010938793911275756,0.0022413312294255034,,,,,,,,,,,,,,
static,0.0127999999999999,1.27999999999999,reverse_high_to_low,1.6530040893895632,5.222645578908257,1.6880273041626315,5.408800256205669,3.4802969368322495e-06,True,29,0.0010951882046225999,0,-9.276407282260912e-05,9.129396617054867e-11,0.0005601123866297286,0.003869352765350036,-0.009152849095141373,0.001692987623658221,-0.0008304410733244774,-0.00010938793911275756,0.0022413312294255034,-9.136829939165332e-06,1.7662881099529113e-10,6.322480157826252e-05,0.000427280462849437,-0.0010723064869599625,0.0001904878036640738,-9.273042894306254e-05,-1.2256724812293924e-05,0.00025091992727457283,,,,,,,,,,,,,,
static,0.012546045825196,1.2546045825196002,reverse_high_to_low,1.6880273041626315,5.408800256205669,1.6930438416630589,5.436001877454267,1.9354480597582322e-19,True,5,7.044353005758965e-08,0,-9.136829939165332e-06,1.7662881099529113e-10,6.322480157826252e-05,0.000427280462849437,-0.0010723064869599625,0.0001904878036640738,-9.273042894306254e-05,-1.2256724812293924e-05,0.00025091992727457283,6.313849956768336e-11,1.6235857203476488e-11,6.745270154457806e-22,-4.9283769036306025e-11,2.4694285008365787e-11,-1.4356630506181423e-11,-1.0228870521827659e-11,2.7541577081164205e-12,-3.2361240842158666e-11,,,,,,,,,,,,,,
static,0.0108333333333333,1.0833333333333302,reverse_high_to_low,1.6930438416630589,5.436001877454267,1.7305575842487617,5.643799925203568,0.00015854621993111075,True,8,1.2988450291480438e-08,0,6.313849956768336e-11,1.6235857203476488e-11,6.745270154457806e-22,-4.9283769036306025e-11,2.4694285008365787e-11,-1.4356630506181423e-11,-1.0228870521827659e-11,2.7541577081164205e-12,-3.2361240842158666e-11,7.012224941164467e-05,0.0005654498601290381,7.665539448522371e-23,-0.0028046066724874735,0.007440122293982473,-0.0011702311739482988,0.0006837347586813431,8.794735322119992e-05,-0.0016482580246861454,,,,,,,,,,,,,,
static,0.0088666666666666,0.8866666666666599,reverse_high_to_low,1.7305575842487617,5.643799925203568,1.7833346725076853,5.949663554565962,0.0006889894293987087,True,10,2.7387863355064064e-07,0,7.012224941164467e-05,0.0005654498601290381,7.665539448522371e-23,-0.0028046066724874735,0.007440122293982473,-0.0011702311739482988,0.0006837347586813431,8.794735322119992e-05,-0.0016482580246861454,0.0002672374009584787,-0.003657980127089368,-4.5114146622894555e-21,-0.005688355942897589,0.014655116427389333,-0.002398144381343605,0.0013490320758868623,0.00018876998040369826,-0.003320673119293337,,,,,,,,,,,,,,
static,0.0068999999999999,0.6899999999999901,reverse_high_to_low,1.7833346725076853,5.949663554565962,1.852015804305617,6.372652604323567,0.0016401940055278418,True,8,2.77760893431446e-08,0,0.0002672374009584787,-0.003657980127089368,-4.5114146622894555e-21,-0.005688355942897589,0.014655116427389333,-0.002398144381343605,0.0013490320758868623,0.00018876998040369826,-0.003320673119293337,0.0003492749515285843,-0.005823161678760732,2.087360339670308e-21,-0.008096730488574415,0.02352625197566589,-0.003560950680362774,0.001976427174799698,0.00028501589890053567,-0.0049423678969902395,,,,,,,,,,,,,,
static,0.0049333333333333,0.49333333333333,reverse_high_to_low,1.852015804305617,6.372652604323567,1.9472867739211877,7.009643009941885,0.0030610492749797106,True,12,2.195268266332719e-06,0,0.0003492749515285843,-0.005823161678760732,2.087360339670308e-21,-0.008096730488574415,0.02352625197566589,-0.003560950680362774,0.001976427174799698,0.00028501589890053567,-0.0049423678969902395,0.0003561852214480111,-0.008290903477299567,-1.6383358516526046e-20,-0.009722738267719825,0.03372759787301799,-0.004586188134643708,0.0024887155809498224,0.00038275329339018655,-0.0064119764904949205,,,,,,,,,,,,,,
static,0.0029666666666666,0.29666666666666003,reverse_high_to_low,1.9472867739211877,7.009643009941885,2.097032251255743,8.141970698419216,0.0051618622389625595,True,7,2.4229097466644082e-08,0,0.0003561852214480111,-0.008290903477299567,-1.6383358516526046e-20,-0.009722738267719825,0.03372759787301799,-0.004586188134643708,0.0024887155809498224,0.00038275329339018655,-0.0064119764904949205,0.00021490596985135763,-0.011372260947746564,6.038915441157602e-24,-0.00980600193063553,0.04660412569305489,-0.005341824374002209,0.00277331138424243,0.0004981982603074948,-0.007619580473932081,,,,,,,,,,,,,,
static,0.001,0.1,reverse_high_to_low,2.097032251255743,8.141970698419216,2.429615620406154,11.354516796537691,0.009353820956363699,True,8,6.645658338377546e-09,0,0.00021490596985135763,-0.011372260947746564,6.038915441157602e-24,-0.00980600193063553,0.04660412569305489,-0.005341824374002209,0.00277331138424243,0.0004981982603074948,-0.007619580473932081,-0.00042703709637181256,-0.016532806503983064,4.3518028908712917e-23,-0.004658519063679634,0.06846728826231437,-0.0051720709917652125,0.0022715601101236014,0.0007602638067122643,-0.007978886995709155,,,,,,,,,,,,,,
static,0.001,0.1,reverse_low_to_high,2.429843748564517,11.357107377024528,2.430718631359046,11.367047862610157,0.010160130637995436,True,5,2.0322602576432154e-08,0,0.0,0.0,0.0,0.0,0.0,0.0,0.0,0.0,0.0,-0.0029188804394074145,0.0030093720895103225,-0.011276822994862178,-0.0023057487688600163,0.07737420470269588,-0.0029461028262707492,0.0022613831434388763,0.0007809585052314718,-0.007748263912397303,,,,,,,,,,,,,,
static,0.0029666666666666,0.29666666666666003,reverse_low_to_high,2.430718631359046,11.367047862610157,2.097855080284842,8.148672905270985,0.0053701891248918695,True,13,5.694629420051439e-07,0,-0.0029188804394074145,0.0030093720895103225,-0.011276822994862178,-0.0023057487688600163,0.07737420470269588,-0.0029461028262707492,0.0022613831434388763,0.0007809585052314718,-0.007748263912397303,-0.0022474991254786154,0.0018000605059531043,-0.012378479162660662,-0.007367822323443862,0.05283098550411225,-0.0027626614725235117,0.002636948560294957,0.00045517790465435937,-0.0071325021780582,,,,,,,,,,,,,,
static,0.0049333333333333,0.49333333333333,reverse_low_to_high,2.097855080284842,8.148672905270985,1.947908411653581,7.014001823188497,0.003105663430133079,True,7,7.977574493046892e-09,0,-0.0022474991254786154,0.0018000605059531043,-0.012378479162660662,-0.007367822323443862,0.05283098550411225,-0.0027626614725235117,0.002636948560294957,0.00045517790465435937,-0.0071325021780582,-0.001728488108056693,0.0011898037094221958,-0.01081836273456681,-0.0076303663535922115,0.03830600648481898,-0.0022988411584576028,0.0023379762754998775,0.00032871947157791387,-0.005924711630351991,,,,,,,,,,,,,,
static,0.0068999999999999,0.6899999999999901,reverse_low_to_high,1.947908411653581,7.014001823188497,1.8524624592532555,6.375499616907666,0.0016354754158567416,True,9,2.0741422975135635e-08,0,-0.001728488108056693,0.0011898037094221958,-0.01081836273456681,-0.0076303663535922115,0.03830600648481898,-0.0022988411584576028,0.0023379762754998775,0.00032871947157791387,-0.005924711630351991,-0.0012568166569708954,0.0007720399705039063,-0.008480614829228557,-0.006475297593196531,0.02675742386380264,-0.0017533427342406444,0.0018449351082056302,0.00023549590545041935,-0.0045325261630552545,,,,,,,,,,,,,,
static,0.0088666666666666,0.8866666666666599,reverse_low_to_high,1.8524624592532555,6.375499616907666,1.783619887610065,5.951360730484399,0.0006778751130104976,True,9,1.3677283756887517e-08,0,-0.0012568166569708954,0.0007720399705039063,-0.008480614829228557,-0.006475297593196531,0.02675742386380264,-0.0017533427342406444,0.0018449351082056302,0.00023549590545041935,-0.0045325261630552545,-0.0008082196777248927,0.0004526318252815052,-0.005745218919214503,-0.004602638735991195,0.016685328946768156,-0.0011658933141087487,0.0012544624047356257,0.00015189138671464582,-0.0030300139860479536,,,,,,,,,,,,,,
static,0.0108333333333333,1.0833333333333302,reverse_low_to_high,1.783619887610065,5.951360730484399,1.7305796562968023,5.64392449680142,0.0001448463496479057,True,7,2.3249819760068022e-09,0,-0.0008082196777248927,0.0004526318252815052,-0.005745218919214503,-0.004602638735991195,0.016685328946768156,-0.0011658933141087487,0.0012544624047356257,0.00015189138671464582,-0.0030300139860479536,-0.00037272172879835853,0.0001930825049948522,-0.002755541714892473,-0.0022814381504506005,0.007503479383858199,-0.0005514146170049986,0.0006029926379233203,7.081931322393002e-05,-0.001442674675776655,,,,,,,,,,,,,,
static,0.012546045825196,1.2546045825196002,reverse_low_to_high,1.7305796562968023,5.64392449680142,1.6930438417352547,5.436001877846723,8.715185672591798e-19,True,7,2.0661934280786147e-08,0,-0.00037272172879835853,0.0001930825049948522,-0.002755541714892473,-0.0022814381504506005,0.007503479383858199,-0.0005514146170049986,0.0006029926379233203,7.081931322393002e-05,-0.001442674675776655,-8.893739254384248e-11,4.730081444835915e-10,1.74588248091069e-10,1.5922955150675507e-10,-2.930936390033898e-11,1.142295817935975e-10,-1.422131541393887e-10,-9.841196795720348e-11,-1.26850145323318e-10,,,,,,,,,,,,,,
static,0.0127999999999999,1.27999999999999,reverse_low_to_high,1.6930438417352547,5.436001877846723,1.6880277459499269,5.408802645745434,3.4803817164278972e-06,True,21,0.0005867729420151739,0,-8.893739254384248e-11,4.730081444835915e-10,1.74588248091069e-10,1.5922955150675507e-10,-2.930936390033898e-11,1.142295817935975e-10,-1.422131541393887e-10,-9.841196795720348e-11,-1.26850145323318e-10,-9.425256948676873e-06,6.728781508439086e-10,6.323192735594524e-05,0.0004307515626312191,-0.0010719013858953073,0.0001903278024342762,-9.27238885682071e-05,-1.3488121371318068e-05,0.0002490179803351144,,,,,,,,,,,,,,
static,0.0147666666666666,1.47666666666666,reverse_low_to_high,1.6880277459499269,5.408802645745434,1.6530089535104833,5.2226709825496584,0.00026627302885559313,True,34,0.007357766338602313,0,-9.425256948676873e-06,6.728781508439086e-10,6.323192735594524e-05,0.0004307515626312191,-0.0010719013858953073,0.0001903278024342762,-9.27238885682071e-05,-1.3488121371318068e-05,0.0002490179803351144,-9.758378060820347e-05,5.5853584752895096e-11,0.0005574603807761839,0.0039027750492757127,-0.009159193661444187,0.001692312830017244,-0.0008292670020794012,-0.00011850178988269073,0.002228343670877361,,,,,,,,,,,,,,
static,0.0167333333333333,1.6733333333333302,reverse_low_to_high,1.6530089535104833,5.2226709825496584,1.6238255588690385,5.072458233973939,0.0009550775083745314,True,51,0.10520303340033174,0,-9.758378060820347e-05,5.5853584752895096e-11,0.0005574603807761839,0.0039027750492757127,-0.009159193661444187,0.001692312830017244,-0.0008292670020794012,-0.00011850178988269073,0.002228343670877361,-0.0004036023556680239,3.355975611472112e-11,0.001037324192023936,0.009037129328450768,-0.017222759124312887,0.0032470277448710025,-0.001517507731272682,-0.001038567295089607,0.003054515713599459,,,,,,,,,,,,,,
static,0.0186999999999999,1.8699999999999901,reverse_low_to_high,1.6238255588690385,5.072458233973939,1.5988238213993198,4.9472101983091346,0.0020710019562297133,True,54,0.023263044084922732,0,-0.0004036023556680239,3.355975611472112e-11,0.001037324192023936,0.009037129328450768,-0.017222759124312887,0.0032470277448710025,-0.001517507731272682,-0.001038567295089607,0.003054515713599459,-0.0006145777410514866,4.665571884539389e-10,0.0015721807182063063,0.013638625689270063,-0.02488098651086823,0.004884507953097676,-0.002329694394438741,-0.0013313342569352654,0.005001834046691087,,,,,,,,,,,,,,
static,0.0206666666666666,2.06666666666666,reverse_low_to_high,1.5988238213993198,4.9472101983091346,1.577024636134159,4.840532019801246,0.0036117513264871067,True,39,0.006285166582976679,0,-0.0006145777410514866,4.665571884539389e-10,0.0015721807182063063,0.013638625689270063,-0.02488098651086823,0.004884507953097676,-0.002329694394438741,-0.0013313342569352654,0.005001834046691087,-0.0006257461132644496,2.1641262880399549e-10,0.002079983226519436,0.016629000026628638,-0.0319616878561696,0.006466375233121998,-0.0031580615815845134,-0.0010650360593831237,0.007779586263872181,,,,,,,,,,,,,,
static,0.0226333333333333,2.26333333333333,reverse_low_to_high,1.577024636134159,4.840532019801246,1.5581862962229194,4.7501979754633545,0.005607333468631421,True,34,0.05107408982187538,0,-0.0006257461132644496,2.1641262880399549e-10,0.002079983226519436,0.016629000026628638,-0.0319616878561696,0.006466375233121998,-0.0031580615815845134,-0.0010650360593831237,0.007779586263872181,-0.0007587448348863687,7.361087128681e-11,0.0026117814594113927,0.020625104227161004,-0.0390507618511176,0.008107527468275075,-0.004011877016597568,-0.001067443342274571,0.010264691707558523,,,,,,,,,,,,,,
static,0.0245999999999999,2.45999999999999,reverse_low_to_high,1.5581862962229194,4.7501979754633545,1.5417227472108574,4.672633106764548,0.008064663516461868,True,35,0.05366874252468581,0,-0.0007587448348863687,7.361087128681e-11,0.0026117814594113927,0.020625104227161004,-0.0390507618511176,0.008107527468275075,-0.004011877016597568,-0.001067443342274571,0.010264691707558523,-0.0009117032554403122,1.776224257303767e-10,0.003146727814431683,0.02481829981877399,-0.046027032293597614,0.009768090939505411,-0.004880762591189542,-0.0010945686149677854,0.012794178768876929,,,,,,,,,,,,,,
static,0.0265666666666666,2.65666666666666,reverse_low_to_high,1.5417227472108574,4.672633106764548,1.5272456591369823,4.605474290746872,0.010996669973210464,True,37,0.049075000075965956,0,-0.0009117032554403122,1.776224257303767e-10,0.003146727814431683,0.02481829981877399,-0.046027032293597614,0.009768090939505411,-0.004880762591189542,-0.0010945686149677854,0.012794178768876929,-0.001062275203638372,2.0413838645602857e-10,0.0036882220651925624,0.029024634893061164,-0.05289127904925594,0.011456571649732896,-0.005767344187148336,-0.0011260348025520525,0.015401868767249567,,,,,,,,,,,,,,
static,0.0285333333333333,2.85333333333333,reverse_low_to_high,1.5272456591369823,4.605474290746872,1.5144759575471305,4.547037661612226,0.014417925305581794,True,41,0.12843726663706045,0,-0.001062275203638372,2.0413838645602857e-10,0.0036882220651925624,0.029024634893061164,-0.05289127904925594,0.011456571649732896,-0.005767344187148336,-0.0011260348025520525,0.015401868767249567,-0.0012159810665843614,6.841574517813596e-11,0.004226227450579508,0.03324754219902156,-0.05969776716099625,0.013175601509825673,-0.00666285708959354,-0.0011591429104901264,0.0180864210258309,,,,,,,,,,,,,,
static,0.0305,3.05,reverse_low_to_high,1.5144759575471305,4.547037661612226,1.5031839882786882,4.495981457128331,0.01834397971064942,True,37,1.020407124077929,0,-0.0012159810665843614,6.841574517813596e-11,0.004226227450579508,0.03324754219902156,-0.05969776716099625,0.013175601509825673,-0.00666285708959354,-0.0011591429104901264,0.0180864210258309,-0.001360097302737755,-1.9792032057439448e-11,0.004756395909322862,0.037492093052961944,-0.06623525380305999,0.01492882697318801,-0.007563174979668098,-0.0012324921165087076,0.02079666173747685,,,,,,,,,,,,,,
static,0.0324666666666666,3.2466666666666604,reverse_low_to_high,1.5031839882786882,4.495981457128331,1.49443495402191,4.456817534411329,0.0229203338733296,True,48,0.08998563994523141,0,-0.001360097302737755,-1.9792032057439448e-11,0.004756395909322862,0.037492093052961944,-0.06623525380305999,0.01492882697318801,-0.007563174979668098,-0.0012324921165087076,0.02079666173747685,-0.002212978366725728,5.0035908665875306e-11,0.005651158963207969,0.0480583817985365,-0.07420160778154176,0.01725793787963399,-0.00851028290177407,-0.006266616480665394,0.01684660736796518,,,,,,,,,,,,,,
static,0.0344333333333333,3.4433333333333302,reverse_low_to_high,1.49443495402191,4.456817534411329,1.4865325293788088,4.421736664225699,0.028139336835253,True,54,0.05478661768794534,0,-0.002212978366725728,5.0035908665875306e-11,0.005651158963207969,0.0480583817985365,-0.07420160778154176,0.01725793787963399,-0.00851028290177407,-0.006266616480665394,0.01684660736796518,-0.0030295181529740793,7.952242122009239e-10,0.006367526828976351,0.057996872315406324,-0.08193994165704675,0.019459047490618903,-0.009510852242529006,-0.00924004254833977,0.015816474016776664,,,,,,,,,,,,,,
static,0.0363999999999999,3.63999999999999,reverse_low_to_high,1.4865325293788088,4.421736664225699,1.4787027445437175,4.387250602949191,0.03365301315640388,True,46,3.3313611016343696,0,-0.0030295181529740793,7.952242122009239e-10,0.006367526828976351,0.057996872315406324,-0.08193994165704675,0.019459047490618903,-0.009510852242529006,-0.00924004254833977,0.015816474016776664,-0.0032201135003459332,6.744192630271002e-12,0.006794795511569841,0.06256481959893087,-0.08850125162628167,0.021243322431327878,-0.010392622728399295,-0.008939749085781906,0.01919225128726378,,,,,,,,,,,,,,
static,0.0383666666666666,3.83666666666666,reverse_low_to_high,1.4787027445437175,4.387250602949191,1.47211829639201,4.358457874963359,0.039848471560837914,True,46,0.35234608510566046,0,-0.0032201135003459332,6.744192630271002e-12,0.006794795511569841,0.06256481959893087,-0.08850125162628167,0.021243322431327878,-0.010392622728399295,-0.008939749085781906,0.01919225128726378,-0.003621994335922851,3.539072876152757e-11,0.007545617080361771,0.06921402987856401,-0.09537313042737595,0.02323452116791289,-0.011531601913816455,-0.009677169219403191,0.021438417820276615,,,,,,,,,,,,,,
static,0.0403333333333333,4.03333333333333,reverse_low_to_high,1.47211829639201,4.358457874963359,1.4660969887969693,4.3322931115552334,0.046542143477560145,True,75,0.5196709168637671,0,-0.003621994335922851,3.539072876152757e-11,0.007545617080361771,0.06921402987856401,-0.09537313042737595,0.02323452116791289,-0.011531601913816455,-0.009677169219403191,0.021438417820276615,-0.0038560740737565878,4.626702296918223e-11,0.008165422385544368,0.07433444664809047,-0.10188481532174659,0.025003638294704467,-0.012587185117786857,-0.009576097800637094,0.02485930229682892,,,,,,,,,,,,,,
static,0.0423,4.2299999999999995,reverse_low_to_high,1.4660969887969693,4.3322931115552334,1.4602592401358676,4.307075950582848,0.05366953931946372,True,57,0.9461702658270672,0,-0.0038560740737565878,4.626702296918223e-11,0.008165422385544368,0.07433444664809047,-0.10188481532174659,0.025003638294704467,-0.012587185117786857,-0.009576097800637094,0.02485930229682892,-0.003641701024737977,-3.6021879770533786e-12,0.008555249417482052,0.07598298403828525,-0.10746103948739141,0.027048298478836705,-0.013490720943781925,-0.007982511538972557,0.030328055834585824,,,,,,,,,,,,,,
static,0.0442666666666666,4.42666666666666,reverse_low_to_high,1.4602592401358676,4.307075950582848,1.4555166937112998,4.286697803282874,0.061555701504873356,True,41,0.1951051363166659,0,-0.003641701024737977,-3.6021879770533786e-12,0.008555249417482052,0.07598298403828525,-0.10746103948739141,0.027048298478836705,-0.013490720943781925,-0.007982511538972557,0.030328055834585824,-0.0036816164158823285,1.9158997652723902e-10,0.008821410975411649,0.08011092989940224,-0.11392342093024432,0.0287583388049911,-0.014285278799059923,-0.0074819767677575325,0.034644975419898714,,,,,,,,,,,,,,
static,0.0462333333333333,4.62333333333333,reverse_low_to_high,1.4555166937112998,4.286697803282874,1.4510870997571226,4.267751465880182,0.07003820166224697,True,34,0.3492446465118215,0,-0.0036816164158823285,1.9158997652723902e-10,0.008821410975411649,0.08011092989940224,-0.11392342093024432,0.0287583388049911,-0.014285278799059923,-0.0074819767677575325,0.034644975419898714,-0.0037342053760220347,7.330492793011145e-11,0.0096500646000453,0.08249684807106394,-0.11986911348734594,0.030427356651813803,-0.015561758786159481,-0.006271875980398333,0.03987959255444073,,,,,,,,,,,,,,
static,0.0481999999999999,4.8199999999999905,reverse_low_to_high,1.4510870997571226,4.267751465880182,1.4475057446485826,4.2524944690349855,0.07925278001968379,True,36,1.936509823345055,0,-0.0037342053760220347,7.330492793011145e-11,0.0096500646000453,0.08249684807106394,-0.11986911348734594,0.030427356651813803,-0.015561758786159481,-0.006271875980398333,0.03987959255444073,-0.003897282441603145,2.9473313380676346e-11,0.01029293755462105,0.0864958193501149,-0.1260749465470856,0.03229904341118968,-0.016714939492395796,-0.005779173479499219,0.04435984080998524,,,,,,,,,,,,,,
static,0.0501666666666666,5.01666666666666,reverse_low_to_high,1.4475057446485826,4.2524944690349855,1.4444325166854202,4.239445645394619,0.08915932185779722,True,36,0.016281113814754593,0,-0.003897282441603145,2.9473313380676346e-11,0.01029293755462105,0.0864958193501149,-0.1260749465470856,0.03229904341118968,-0.016714939492395796,-0.005779173479499219,0.04435984080998524,-0.003923525707288558,2.082682968747916e-10,0.01087089883283795,0.09039407343993336,-0.13227889606898025,0.03422621104024989,-0.017788042932150125,-0.005246061481467885,0.049015631829066326,,,,,,,,,,,,,,
static,0.0521333333333333,5.21333333333333,reverse_low_to_high,1.4444325166854202,4.239445645394619,1.4418389299802055,4.228464521934702,0.09978387018529898,True,35,0.14539692076102864,0,-0.003923525707288558,2.082682968747916e-10,0.01087089883283795,0.09039407343993336,-0.13227889606898025,0.03422621104024989,-0.017788042932150125,-0.005246061481467885,0.049015631829066326,-0.00400820971817477,2.6731223133746067e-10,0.011226882835762432,0.09427294894978619,-0.13842136403302716,0.03599782712667155,-0.01865090156703615,-0.004680040861939567,0.053829034554207685,,,,,,,,,,,,,,
static,0.0540999999999999,5.4099999999999895,reverse_low_to_high,1.4418389299802055,4.228464521934702,1.4398306291112601,4.219981014530001,0.1111564350788515,True,34,0.5120711392590263,0,-0.00400820971817477,2.6731223133746067e-10,0.011226882835762432,0.09427294894978619,-0.13842136403302716,0.03599782712667155,-0.01865090156703615,-0.004680040861939567,0.053829034554207685,-0.004117060193837846,1.551694049364283e-10,0.011848743980438446,0.09890349653579107,-0.14477086781982385,0.03802691761183262,-0.019784010970380978,-0.004493912437831646,0.05826466233478688,,,,,,,,,,,,,,
static,0.0560666666666666,5.60666666666666,reverse_low_to_high,1.4398306291112601,4.219981014530001,1.4382265701706143,4.213217342368936,0.12328955143035017,True,41,0.1877284159251087,0,-0.004117060193837846,1.551694049364283e-10,0.011848743980438446,0.09890349653579107,-0.14477086781982385,0.03802691761183262,-0.019784010970380978,-0.004493912437831646,0.05826466233478688,-0.004128726976892083,3.7692640252713846e-10,0.013030004510941164,0.10346438954996666,-0.15061252521014254,0.04080945254299205,-0.02155389330081291,-0.00427922037353226,0.06268881108988057,,,,,,,,,,,,,,
static,0.0580333333333333,5.80333333333333,reverse_low_to_high,1.4382265701706143,4.213217342368936,1.4370367222368436,4.2082072356432425,0.1362041613014713,True,38,0.2862730187456856,0,-0.004128726976892083,3.7692640252713846e-10,0.013030004510941164,0.10346438954996666,-0.15061252521014254,0.04080945254299205,-0.02155389330081291,-0.00427922037353226,0.06268881108988057,-0.004200930708243665,2.489187966370073e-10,0.013102488040064659,0.10814954198709018,-0.15703619529144777,0.04340015661655411,-0.02230503599554427,-0.004163114722783761,0.0673965546668612,,,,,,,,,,,,,,
static,0.06,6.0,reverse_low_to_high,1.4370367222368436,4.2082072356432425,1.4363221265141477,4.205201142950845,0.1499221244904505,True,31,0.24147108660294184,0,-0.004200930708243665,2.489187966370073e-10,0.013102488040064659,0.10814954198709018,-0.15703619529144777,0.04340015661655411,-0.02230503599554427,-0.004163114722783761,0.0673965546668612,-0.004706700548585571,5.672051145325369e-10,0.0137121333381131,0.1136619480279264,-0.16370471883772472,0.04449689560854989,-0.02325227982656814,-0.004251054572459427,0.07189238918489362,,,,,,,,,,,,,,
static,0.001,0.1,zero_nuisance_local_lnCn,2.429843748564517,11.357107377024528,2.430718631359046,11.367047862610157,0.010160130637995436,True,5,2.0322602576432154e-08,0,0.0,0.0,0.0,0.0,0.0,0.0,0.0,0.0,0.0,-0.0029188804394074145,0.0030093720895103225,-0.011276822994862178,-0.0023057487688600163,0.07737420470269588,-0.0029461028262707492,0.0022613831434388763,0.0007809585052314718,-0.007748263912397303,,,,,,,,,,,,,,
static,0.001,0.1,pooled_zero,1.6930438416630622,5.436001877454284,2.4298435605016717,11.357105241174802,0.0091316369947987,True,15,4.034671523792631e-06,0,0.0,0.0,0.0,0.0,0.0,0.0,0.0,0.0,0.0,-0.002234033394569997,-0.01636443285813058,-0.011026596917838466,-0.0027428340029051045,0.06874561102783636,-0.002664388596350293,0.0019652235563452766,0.0007122009837654367,-0.007186218483946431,,,,,,,,,,,,,,
static,0.001,0.1,deterministic_plus,2.509843748564517,12.303007547726542,2.430718777020863,11.36704951835512,0.010160130632753568,True,12,4.0039224606714325e-06,0,0.17756510178503385,-0.03334462892830725,-0.18922224282111105,0.03106715355995847,0.24374800108162278,-0.053000631661944554,-0.1682836845012219,0.06712626685852865,0.1567894979327001,-0.0029190149398105173,0.0030100218169292208,-0.011276920550525739,-0.0023050660625138354,0.0773742420146547,-0.0029461038060069624,0.0022614106127889035,0.0007809700316757007,-0.007748345408578908,,,,,,,,,,,,,,
static,0.001,0.1,deterministic_minus,2.349843748564517,10.483931467399591,2.4298434438162757,11.357103915966556,0.009131636998382153,True,7,1.036292919739061e-08,0,-0.18203332148912285,0.0006159153916116544,0.16716894010976446,-0.03655104268443747,-0.10625730637882538,0.04767213319816336,0.17221406766543151,-0.06570317126505565,-0.17116381652670912,-0.0022338688996657655,-0.01636456286015254,-0.011026412461369631,-0.002743754581702782,0.06874558663709865,-0.002664371449532272,0.001965189154487684,0.0007121867990078258,-0.007186146108147638,,,,,,,,,,,,,,
static,0.0108333333333333,1.0833333333333302,zero_nuisance_local_lnCn,1.73050518657251,5.643504210949696,1.7305796564594613,5.643924497719454,0.00014484634964722048,True,5,1.2963181042039696e-08,0,0.0,0.0,0.0,0.0,0.0,0.0,0.0,0.0,0.0,-0.0003727217391661387,0.00019308230214414314,-0.002755541836867498,-0.002281437810172883,0.007503479346290312,-0.0005514143627771662,0.0006029923560844927,7.08154934168579e-05,-0.0014426746982394332,,,,,,,,,,,,,,
static,0.0108333333333333,1.0833333333333302,pooled_zero,1.6930438416630622,5.436001877454284,1.7305051597270251,5.643504059447091,0.0001354460544453854,True,10,1.743088947698184e-07,0,0.0,0.0,0.0,0.0,0.0,0.0,0.0,0.0,0.0,-0.0003155124303945634,-0.0015347348160828919,-0.0027494409461817607,-0.0023117209160864955,0.00671329636641523,-0.0005254583457610908,0.0005729395345185763,7.173383515480101e-05,-0.0013841006321070307,,,,,,,,,,,,,,
static,0.0108333333333333,1.0833333333333302,deterministic_plus,1.8105051865725101,6.1135351280909775,1.7305796564384786,5.643924497601029,0.00014484634964726913,True,7,9.399094218024255e-09,0,0.17948368153427405,-0.018515001148324554,-0.18094504694629407,0.03149752673112577,0.1817159116586413,-0.050861828040530854,-0.1696759381503887,0.06648637917808783,0.1625924517655134,-0.00037272180228660056,0.0001930836825492992,-0.0027555417185460332,-0.0022814381832221933,0.007503479333345388,-0.0005514146118533625,0.0006029928536535674,7.081814225209868e-05,-0.0014426744572930495,,,,,,,,,,,,,,
static,0.0108333333333333,1.0833333333333302,deterministic_minus,1.65050518657251,5.209610988029477,1.730505166937391,5.64350410013882,0.00013544605443717022,True,7,5.796413678742562e-07,0,-0.18011474173988265,0.015445543171594352,0.17544613598458145,-0.03612066951327017,-0.16828939580180688,0.04981093681957706,0.1708218140162647,-0.06634305894549647,-0.16536086269389583,-0.00031553118018857735,-0.0015347226521727766,-0.0027494757113323462,-0.0023116389296632253,0.006713302273916659,-0.0005254629169474037,0.0005729421908103944,7.175238941025845e-05,-0.0013840601192856778,,,,,,,,,,,,,,
static,0.012546045825196,1.2546045825196002,zero_nuisance_local_lnCn,1.6930438416630622,5.436001877454284,1.6930438416630622,5.436001877454284,1.5339239396918586e-27,True,1,1.6508280371264005e-12,0,0.0,0.0,0.0,0.0,0.0,0.0,0.0,0.0,0.0,0.0,0.0,0.0,0.0,0.0,0.0,0.0,0.0,0.0,,,,,,,,,,,,,,
static,0.012546045825196,1.2546045825196002,pooled_zero,1.6930438416630622,5.436001877454284,1.6930438416630622,5.436001877454284,1.5339239396918586e-27,True,1,1.6508280371264005e-12,0,0.0,0.0,0.0,0.0,0.0,0.0,0.0,0.0,0.0,0.0,0.0,0.0,0.0,0.0,0.0,0.0,0.0,0.0,,,,,,,,,,,,,,
static,0.012546045825196,1.2546045825196002,deterministic_plus,1.7730438416630623,5.888750533703022,1.6930438416769038,5.436001877529527,1.6202308864172921e-19,True,7,1.2251012503840834e-08,0,0.17979921163707835,-0.016980272159959453,-0.17819559146543776,0.03380909812219797,0.17500265373022408,-0.05033638243005396,-0.1702488760833267,0.06641471906179215,0.16397665722970461,-7.495056300153622e-11,-1.641297290049648e-11,-2.5797654278761853e-10,1.6339868269661638e-10,1.5950997022676395e-11,4.256425862953529e-22,2.7740397669439663e-11,-6.773818075572463e-12,3.509465312554828e-11,,,,,,,,,,,,,,
static,0.012546045825196,1.2546045825196002,deterministic_minus,1.6130438416630621,5.018062192066492,1.6930438416346623,5.436001877299902,5.516920421713344e-19,True,8,1.0924709011696498e-08,0,-0.17979921163707835,0.016980272159959453,0.17819559146543776,-0.03380909812219797,-0.17500265373022408,0.05033638243005396,0.1702488760833267,-0.06641471906179215,-0.16397665722970461,-1.2271061931149718e-10,-2.4234577192853992e-11,-3.1619741414602604e-10,-1.482651939439352e-10,2.1769187943902358e-11,-2.838082335657192e-10,-2.8406406545937603e-11,3.525186442305461e-11,1.0582725570387585e-10,,,,,,,,,,,,,,
static,0.0127999999999999,1.27999999999999,zero_nuisance_local_lnCn,1.688028882259698,5.408808791824222,1.6880273364016725,5.4088004305802055,3.4802990981628724e-06,True,27,0.0002978388885203547,0,0.0,0.0,0.0,0.0,0.0,0.0,0.0,0.0,0.0,-9.114732056198527e-06,2.7114404747968987e-10,6.319374266618859e-05,0.00042724112442661444,-0.001072065295288897,0.0001905488948422963,-9.275374137722465e-05,-1.2558885319592865e-05,0.00025036261468472436,,,,,,,,,,,,,,
static,0.0127999999999999,1.27999999999999,pooled_zero,1.6930438416630622,5.436001877454284,1.6880288987840357,5.408808881201206,3.480597828286255e-06,True,29,0.002523401264677704,0,0.0,0.0,0.0,0.0,0.0,0.0,0.0,0.0,0.0,-1.03933192670445e-05,1.2852700836084092e-10,6.326077091983548e-05,0.00043723591113509127,-0.0010742172051606486,0.00019082536944775032,-9.253793663904025e-05,-1.644543717952784e-05,0.00024502878381796317,,,,,,,,,,,,,,
static,0.0127999999999999,1.27999999999999,deterministic_plus,1.7680288822596981,5.859292615709798,1.6880274467990362,5.408801027697546,3.480311099231263e-06,True,30,0.0006809085590438664,0,0.1797888268879669,-0.016980268308291024,-0.17813234039686646,0.03424621843581157,0.17392850405194357,-0.050145589833404454,-0.17034140962440872,0.06639829725998,0.16422169307123183,-9.281401155071268e-06,2.7360073351402435e-10,6.315133742659854e-05,0.0004282938534267943,-0.0010724405015515074,0.0001904565617161385,-9.267350250070215e-05,-1.2517902922772653e-05,0.00025050368635697886,,,,,,,,,,,,,,
static,0.0127999999999999,1.27999999999999,deterministic_minus,1.608028882259698,4.99295981021269,1.6880274184607682,5.4088008744214955,3.480308026330475e-06,True,28,0.0002651660634121667,0,-0.1798095963861898,0.01698027601162788,0.17825884253400906,-0.03337197780858437,-0.1760768034085046,0.05052717502670346,0.17015634254224468,-0.0664311408636043,-0.1637316213881774,-9.251634528435051e-06,5.156935320725365e-10,6.314215698052293e-05,0.0004280852942864177,-0.0010724011364749112,0.00019046571656723246,-9.269187818418666e-05,-1.2477744466836669e-05,0.00025056914556541234,,,,,,,,,,,,,,
static,0.0147666666666666,1.47666666666666,zero_nuisance_local_lnCn,1.653010947160781,5.222681394739597,1.6529973857062281,5.222610568063476,0.0002662761106446964,True,31,0.03135885793505489,0,0.0,0.0,0.0,0.0,0.0,0.0,0.0,0.0,0.0,-8.181778967877767e-05,5.98516693163572e-11,0.0005628802518194859,0.003811794520723718,-0.009115538534194549,0.0016969772108015456,-0.0008362180018203183,-0.00011559554298661182,0.0022225760937152938,,,,,,,,,,,,,,
static,0.0147666666666666,1.47666666666666,pooled_zero,1.6930438416630622,5.436001877454284,1.6530147067720393,5.222701030028278,0.00026628391606432246,True,30,0.005243307672608828,0,0.0,0.0,0.0,0.0,0.0,0.0,0.0,0.0,0.0,-0.00010175578923775568,4.332526046039058e-10,0.000558287248938511,0.003942416938023488,-0.009161449241901539,0.0016920585340438694,-0.000829164666704847,-0.00013181893941437912,0.002209662775632827,,,,,,,,,,,,,,
static,0.0147666666666666,1.47666666666666,deterministic_plus,1.733010947160781,5.657663213508021,1.65305537811101,5.222913448591857,0.00026648916444866466,True,35,0.013101043451009684,0,0.17970031484222485,-0.01698027094560113,-0.17763745976976125,0.03772727830515227,0.16584555946457438,-0.04864506913315666,-0.1710786012870266,0.06629323231695936,0.16620027389373432,-0.0001314194670826556,2.3711373100505034e-10,0.0005565000913847205,0.004170151891758076,-0.00921965878164428,0.0017042663182020145,-0.0008183811382287778,-0.00026510920231337246,0.0020179445267013004,,,,,,,,,,,,,,
static,0.0147666666666666,1.47666666666666,deterministic_minus,1.573010947160781,4.821142567453476,1.6530062451158656,5.222656837514835,0.00026627026315300794,True,35,0.024158548776703585,0,-0.17989810843193185,0.016980273374317775,0.17875372316111426,-0.02989091793924367,-0.18415974799587378,0.052027695726951255,0.1694191508796268,-0.06653620580662495,-0.1617530405656749,-9.514140394668752e-05,9.581045644958924e-12,0.0005577140049563537,0.0038847023676126446,-0.00915498352904595,0.00169235478852696,-0.0008300912680379382,-0.00011204718333596027,0.0022368458784828953,,,,,,,,,,,,,,
static,0.0305,3.05,zero_nuisance_local_lnCn,1.503218233080719,4.496135423759528,1.5028098102188465,4.494299474209796,0.018362378803773612,True,43,0.3365508444168361,0,0.0,0.0,0.0,0.0,0.0,0.0,0.0,0.0,0.0,-0.0007244531982526935,9.033832330836868e-11,0.005051722161748197,0.033626088752413984,-0.06545405232232222,0.01534922313516541,-0.007912929379150072,-0.001548803311076674,0.019753366848331507,,,,,,,,,,,,,,
static,0.0305,3.05,pooled_zero,1.6930438416630622,5.436001877454284,1.503595927079595,4.4978339078606515,0.018361840807739727,True,44,0.3078328547873448,0,0.0,0.0,0.0,0.0,0.0,0.0,0.0,0.0,0.0,-0.001675899550307449,4.65084321327445e-11,0.004750152909799151,0.03989751878813974,-0.06679160817360183,0.014993843588485158,-0.007480229680778247,-0.002517073344636189,0.018976643170351006,,,,,,,,,,,,,,
static,0.0305,3.05,deterministic_plus,1.583218233080719,4.870605359073966,1.5032122004942388,4.496108300515569,0.018344425380620984,True,39,0.19023763773846938,0,0.17840410194111536,-0.016980271797894866,-0.17341856772919906,0.07154904144095448,0.10858832882952528,-0.035417877485659555,-0.1778270992226832,0.06516051436601256,0.18475485363370092,-0.0014103403625209188,5.602108420831883e-11,0.004857337385224814,0.037772405267957554,-0.06642076080292857,0.014870647591079169,-0.007515470149638585,-0.0011708233760494955,0.02085497528853659,,,,,,,,,,,,,,
static,0.0305,3.05,deterministic_minus,1.4232182330807188,4.150456105240424,1.5030122882996109,4.495209563475169,0.018343715894308124,True,42,0.015452660415445052,0,-0.18119432133304134,0.01698027252202404,0.18297261520167646,0.003930845196558529,-0.24141697863092287,0.06525488737444836,0.1626706529439702,-0.06766892375757175,-0.1431984608257083,-0.0011873638245994231,1.461321950577953e-10,0.004819770679959822,0.03628689861060593,-0.06623517011885464,0.01496179142913604,-0.007653988130045636,-0.000837025547788188,0.021351026338114826,,,,,,,,,,,,,,
static,0.0462333333333333,4.62333333333333,zero_nuisance_local_lnCn,1.450802321152064,4.266536274609442,1.4488418020215004,4.258179842770658,0.07046153831582645,True,70,1.2342213924415582,0,0.0,0.0,0.0,0.0,0.0,0.0,0.0,0.0,0.0,-0.00043568089612837607,1.0196157321129246e-11,0.010561186155802415,0.061013058935231804,-0.1135250164534381,0.031618178807922497,-0.0167522489453656,-0.005698054032085069,0.0360738962117235,,,,,,,,,,,,,,
static,0.0462333333333333,4.62333333333333,pooled_zero,1.6930438416630622,5.436001877454284,1.4521795713759815,4.272416410929069,0.07031908961480889,True,58,0.4206168706082672,0,0.0,0.0,0.0,0.0,0.0,0.0,0.0,0.0,0.0,-0.004706767522004125,1.3992911446267406e-10,0.009374033261595843,0.08939847141270503,-0.12105506960225274,0.030201286696171458,-0.015108834643130424,-0.00927859428121434,0.03577591395608844,,,,,,,,,,,,,,
static,0.0462333333333333,4.62333333333333,deterministic_plus,1.530802321152064,4.621883570050505,1.4503469958274968,4.2645940547999155,0.06994979227061886,True,38,0.12123156504604882,0,0.17625091719674754,-0.016980271044013794,-0.16872260603703357,0.11457094208406757,0.05568077217909548,-0.020210723186652655,-0.1856731291766565,0.06100257391852805,0.2050398662536565,-0.003376602284344276,7.156901248246177e-11,0.00937494970868573,0.07889186826513529,-0.11896800956875424,0.029790611285094887,-0.01542127987126009,-0.0032664239820917756,0.04420338583663946,,,,,,,,,,,,,,
static,0.0462333333333333,4.62333333333333,deterministic_minus,1.370802321152064,3.9385093775435163,1.4497798380894473,4.262176043043952,0.06993756840910963,True,41,0.11242576033409596,0,-0.18334750607740916,0.016980273275905112,0.18766857689384195,0.04695274583967163,-0.2943245352813527,0.08046204167345526,0.1548246229899969,-0.07182686420505625,-0.12291344820575272,-0.0028224780234290016,5.226144278187338e-10,0.009463010024313474,0.07496737765418661,-0.1184124277229378,0.029876960033393237,-0.015598995522460402,-0.0019823217476148437,0.04591790025943228,,,,,,,,,,,,,,
static,0.0540999999999999,5.4099999999999895,zero_nuisance_local_lnCn,1.4400168171041028,4.220766797474335,1.4383247059080084,4.213630829848248,0.1117356774508275,True,55,7.539530968809725,0,0.0,0.0,0.0,0.0,0.0,0.0,0.0,0.0,0.0,-0.001075002978980429,1.4123936119502107e-12,0.0133281958400381,0.08045571724007419,-0.1403989267526006,0.040065266247472954,-0.021490536374826258,-0.006485631145612597,0.04992888384149806,,,,,,,,,,,,,,
static,0.0540999999999999,5.4099999999999895,pooled_zero,1.6930438416630622,5.436001877454284,1.442352217882137,4.230635498737958,0.11177598537903517,True,46,2.386921132854232,0,0.0,0.0,0.0,0.0,0.0,0.0,0.0,0.0,0.0,-0.006189115661207062,1.6915114954024302e-11,0.01180664779669197,0.11426784481433987,-0.14728872939994467,0.03829447301241725,-0.019341573504626623,-0.012135397331676706,0.04757099664071566,,,,,,,,,,,,,,
static,0.0540999999999999,5.4099999999999895,deterministic_plus,1.5200168171041029,4.572302087375798,1.443032003475512,4.23351240152857,0.11210524441231973,True,66,0.0921003836286745,0,0.17545344508116395,-0.01698027205387105,-0.16629572734179085,0.13440896733803348,0.030320723430612595,-0.012418700732910258,-0.190065073667355,0.06169156958756545,0.2217577071015477,-0.006462954812695192,2.480239940346058e-10,0.012088986103309473,0.11765853927238216,-0.14828900661372463,0.03894758004927611,-0.0194138725038574,-0.014431685421701234,0.04380425137510934,,,,,,,,,,,,,,
static,0.0540999999999999,5.4099999999999895,deterministic_minus,1.3600168171041027,3.896258825034529,1.4393010489080613,4.217746787780175,0.1111504229222581,True,35,0.010048634639908523,0,-0.18414497819299275,0.016980272266047855,0.19009545558908467,0.06679077109363753,-0.3196845840298356,0.08825406412719766,0.1504326784992984,-0.07113786853601885,-0.10619560735786152,-0.0037608770164041763,1.314534329929252e-09,0.0119224755268054,0.09595260906543385,-0.14402984104754302,0.037890369346589216,-0.01995716237797811,-0.0026912035575925087,0.06069879959108715,,,,,,,,,,,,,,
static,0.0580333333333333,5.80333333333333,zero_nuisance_local_lnCn,1.4371256240949983,4.208581369716352,1.4355669932239146,4.202026854232057,0.13700656191576147,True,35,6.472407534391264,0,0.0,0.0,0.0,0.0,0.0,0.0,0.0,0.0,0.0,-0.0010817144647277213,1.6759980926831284e-11,0.014792352390801993,0.08829950808781342,-0.15259996493082334,0.044495899998046755,-0.024007911317791095,-0.007029700208784249,0.05661908869883452,,,,,,,,,,,,,,
static,0.0580333333333333,5.80333333333333,pooled_zero,1.6930438416630622,5.436001877454284,1.4402651438583083,4.221815056943459,0.13702996522535837,True,41,0.08648360414027789,0,0.0,0.0,0.0,0.0,0.0,0.0,0.0,0.0,0.0,-0.007015833348374659,3.332492555336793e-10,0.013086906717833927,0.12789791176979134,-0.16054333246605557,0.04253908285447952,-0.02158273186881366,-0.013812514038407987,0.05396589224273115,,,,,,,,,,,,,,
static,0.0580333333333333,5.80333333333333,deterministic_plus,1.5171256240949984,4.559101771071488,1.4398993920627194,4.220271202856651,0.13685543161131788,True,51,0.18847818730725938,0,0.17521509814590225,-0.016980272292424714,-0.16559666816016655,0.14097246378025727,0.021656833862204183,-0.009932288973743757,-0.1913277859127904,0.06134004544251305,0.22619494476538912,-0.0065802528984637626,1.5645572556075032e-10,0.013196707307247207,0.12510478676025605,-0.1599912137793187,0.04271045334803013,-0.021642068667285727,-0.012843796777892737,0.05447964452476573,,,,,,,,,,,,,,
static,0.0580333333333333,5.80333333333333,deterministic_minus,1.3571256240949983,3.8850102574834215,1.4367608228067357,4.207046353815834,0.13620396896599585,True,40,0.009605221006712693,0,-0.18438332512825445,0.016980272027494192,0.19079451477070897,0.07335426753586133,-0.328348473598244,0.09074047588636416,0.149169966253863,-0.07148939268107125,-0.1017583696940201,-0.004248197461484715,1.3960667206378166e-10,0.013188905499442717,0.10677380384540675,-0.1568201620312915,0.04203817762066683,-0.02223662205066653,-0.0030809318391854393,0.06879747824064555,,,,,,,,,,,,,,
static,0.06,6.0,zero_nuisance_local_lnCn,1.4362376152483112,4.204845771095831,1.4347354303105186,4.198534056980584,0.15087915463058738,True,46,1.7077416142127153,0,0.0,0.0,0.0,0.0,0.0,0.0,0.0,0.0,0.0,-0.0010430489913904725,-1.7396175872837242e-11,0.015540748320011875,0.09198999065102907,-0.15854969728443244,0.04675500752382315,-0.025299952475142804,-0.007317498138126825,0.060001933422521726,,,,,,,,,,,,,,
static,0.06,6.0,pooled_zero,1.6930438416630622,5.436001877454284,1.4396870358203062,4.219375097072243,0.1508099084121043,True,39,0.3103540644284723,0,0.0,0.0,0.0,0.0,0.0,0.0,0.0,0.0,0.0,-0.007373345275709667,2.1424913544371584e-10,0.013725181847870091,0.13418122447462927,-0.1670570861691485,0.04465930951746385,-0.02272987049843209,-0.01438892006764923,0.057708510183236986,,,,,,,,,,,,,,
static,0.06,6.0,deterministic_plus,1.5162376152483112,4.555055045395853,1.4407717171776822,4.223954257595879,0.15145922280979193,True,49,0.6291299021393612,0,0.17510767966598983,-0.016980270895699676,-0.16521002866934514,0.14417881472903016,0.014229859440802684,-0.008072094761887853,-0.1921078134065056,0.06142398746001605,0.22973283202534972,-0.008033265447349135,-3.3928826543431077e-11,0.014091029501911939,0.14116821787825037,-0.16897793657895058,0.04568344306862683,-0.022883623143280563,-0.016735384149192446,0.054100861721645375,,,,,,,,,,,,,,
static,0.06,6.0,deterministic_minus,1.356237615248311,3.8815618653332793,1.436063470633394,4.204113583603342,0.14992541248307326,True,37,0.09801170551370415,0,-0.18449074360816686,0.01698027342421923,0.19118115426153037,0.07656061848463423,-0.3357754480196455,0.09260067009822007,0.1483899387601478,-0.07140545066356825,-0.09822048243405951,-0.004495450501636037,4.957446027168172e-10,0.01383128960853304,0.11226296228544362,-0.16321801511972694,0.04414706693124176,-0.02340171401213115,-0.0032837603410445218,0.07304116060748639,,,,,,,,,,,,,,
shared_generic,0.001,0.1,stored_original,2.3367819104211427,10.347882510482465,2.3367819104211427,10.347882510482465,57.03174172309931,True,11,0.0002978208377481,1,0.0956783286581841,-0.0825759403725059,0.0751323154666255,-0.4972438982925572,0.1247874586210259,0.1261308564915045,-0.1768218019439027,1.331321810218968,-0.2246385910287325,0.0956783286581841,-0.0825759403725059,0.0751323154666255,-0.4972438982925572,0.1247874586210259,0.1261308564915045,-0.1768218019439027,1.331321810218968,-0.2246385910287325,-2.528596373940992,-2.912249427952524,-4.0,0.0122737448994657,0.0,0.0,0.0,-2.528596373940992,-2.912249427952524,-4.0,0.0122737448994657,0.0,0.0,0.0
shared_generic,0.0029666666666666,0.29666666666666003,stored_original,2.054514339164581,7.803047317769221,2.054514339164581,7.803047317769221,20.93542361014111,True,10,0.0001285249686595,0,0.0622288225959011,-0.051328733992192,0.042431775221232,-0.3479474348161649,0.0795039240861732,0.0617069958422483,-0.1002173266907353,0.391399684410698,-0.3010490683316957,0.0622288225959011,-0.051328733992192,0.042431775221232,-0.3479474348161649,0.0795039240861732,0.0617069958422483,-0.1002173266907353,0.391399684410698,-0.3010490683316957,-0.8336300043518355,-1.4988596732704311,-3.5204130326346506,0.4205622697286207,0.0,0.0,0.0,-0.8336300043518355,-1.4988596732704311,-3.5204130326346506,0.4205622697286207,0.0,0.0,0.0
shared_generic,0.0049333333333333,0.49333333333333,stored_original,1.914254744134817,6.7818826753403885,1.914254744134817,6.7818826753403885,10.375061366187834,True,10,8.261305078664487e-05,0,0.0538930357375358,-0.0451830373412274,0.0282064789097283,-0.3281754559488699,0.062680431730965,0.04064532998565,-0.0659730161245001,0.2351527827893477,-0.3472209692504066,0.0538930357375358,-0.0451830373412274,0.0282064789097283,-0.3281754559488699,0.062680431730965,0.04064532998565,-0.0659730161245001,0.2351527827893477,-0.3472209692504066,-0.5697028554842873,-0.8619416581532193,-2.476945046745226,0.5674596978293737,0.0,0.0,0.0,-0.5697028554842873,-0.8619416581532193,-2.476945046745226,0.5674596978293737,0.0,0.0,0.0
shared_generic,0.0068999999999999,0.6899999999999901,stored_original,1.8289733058796032,6.227489648193561,1.8289733058796032,6.227489648193561,4.753374028821539,True,9,3.403076492568165e-05,0,0.0411068391307292,-0.0347974412519588,0.017911038820994,-0.2614372721741519,0.0448062948413329,0.0256452281055147,-0.0413364535873139,0.1334232597587002,-0.3069771604658536,0.0411068391307292,-0.0347974412519588,0.017911038820994,-0.2614372721741519,0.0448062948413329,0.0256452281055147,-0.0413364535873139,0.1334232597587002,-0.3069771604658536,-0.369922879048302,-0.4695516560078627,-1.6674787307188066,0.5238337490190933,0.0,0.0,0.0,-0.369922879048302,-0.4695516560078627,-1.6674787307188066,0.5238337490190933,0.0,0.0,0.0
shared_generic,0.0088666666666666,0.8866666666666599,stored_original,1.7693384746110603,5.866970927135302,1.7693384746110603,5.866970927135302,1.7396739487447148,True,8,7.399510561682655e-06,0,0.0265624713697657,-0.0226654828648149,0.0101452465377238,-0.1733271172898062,0.0276944253648221,0.0144348708040111,-0.0231112849190587,0.0685832934421726,-0.2146346681835912,0.0265624713697657,-0.0226654828648149,0.0101452465377238,-0.1733271172898062,0.0276944253648221,0.0144348708040111,-0.0231112849190587,0.0685832934421726,-0.2146346681835912,-0.2151944963722997,-0.2298135480368595,-1.0037161356743551,0.3696188955741447,0.0,0.0,0.0,-0.2151944963722997,-0.2298135480368595,-1.0037161356743551,0.3696188955741447,0.0,0.0,0.0
shared_generic,0.0108333333333333,1.0833333333333302,stored_original,1.7243360222931283,5.608795677762274,1.7243360222931283,5.608795677762274,0.3328634628133078,True,7,3.8032123291428487e-06,0,0.0120854130216087,-0.0104019183944401,0.004165111889312,-0.0802620146534134,0.012198535197507,0.0058814919216158,-0.0093897489173157,0.0259970357585903,-0.1020794808742734,0.0120854130216087,-0.0104019183944401,0.004165111889312,-0.0802620146534134,0.012198535197507,0.0058814919216158,-0.0093897489173157,0.0259970357585903,-0.1020794808742734,-0.0911319107311011,-0.0823755172027583,-0.4376649918727137,0.1748403042317584,0.0,0.0,0.0,-0.0911319107311011,-0.0823755172027583,-0.4376649918727137,0.1748403042317584,0.0,0.0,0.0
shared_generic,0.012546045825196,1.2546045825196002,stored_original,1.6930438416630622,5.436001877454284,1.6930438416630622,5.436001877454284,0.0,True,0,0.0,0,0.0,0.0,0.0,0.0,0.0,0.0,0.0,0.0,0.0,0.0,0.0,0.0,0.0,0.0,0.0,0.0,0.0,0.0,0.0,0.0,0.0,0.0,0.0,0.0,0.0,0.0,0.0,0.0,0.0,0.0,0.0,0.0
shared_generic,0.0127999999999999,1.27999999999999,stored_original,1.6896587708662871,5.417631735904045,1.6896587708662871,5.417631735904045,0.0064565231089188,True,5,1.0049499199500699e-07,0,-0.0021668927653451,0.0097514828711902,-0.0022893104100978,0.0105337038894005,-0.0027188395753281,0.0001203799620624,0.0012713310503084,-0.0032185725138233,0.0150777599688929,-0.0021668927653451,0.0097514828711902,-0.0022893104100978,0.0105337038894005,-0.0027188395753281,0.0001203799620624,0.0012713310503084,-0.0032185725138233,0.0150777599688929,0.0122564426952737,0.0094428054635214,0.0603382871091052,-0.0249233853703854,0.0,0.0,0.0,0.0122564426952737,0.0094428054635214,0.0603382871091052,-0.0249233853703854,0.0,0.0,0.0
shared_generic,0.0147666666666666,1.47666666666666,stored_original,1.6668315469781791,5.295363079609531,1.6668315469781791,5.295363079609531,0.4503979832409541,True,6,1.3868417440943229e-05,0,-0.0183719866307967,0.0836104532570051,-0.0185104454379658,0.0911397948842327,-0.0228681544292191,0.0012900531989072,0.0099825047770114,-0.0241608823426912,0.129737602682219,-0.0183719866307967,0.0836104532570051,-0.0185104454379658,0.0911397948842327,-0.0228681544292191,0.0012900531989072,0.0099825047770114,-0.0241608823426912,0.129737602682219,0.1002699254602252,0.0663172848484739,0.5037670975778142,-0.2100947639778983,0.0,0.0,0.0,0.1002699254602252,0.0663172848484739,0.5037670975778142,-0.2100947639778983,0.0,0.0,0.0
shared_generic,0.0167333333333333,1.6733333333333302,stored_original,1.6490148995172835,5.20185295449558,1.6490148995172835,5.20185295449558,1.4787707150052398,True,8,4.246095596443124e-05,0,-0.0337817578173166,0.1551153718855293,-0.0326141493466907,0.1706507449354301,-0.0416858948624112,0.0028299056118577,0.0171123556628502,-0.0395555755397228,0.2404774871484556,-0.0337817578173166,0.1551153718855293,-0.0326141493466907,0.1706507449354301,-0.0416858948624112,0.0028299056118577,0.0171123556628502,-0.0395555755397228,0.2404774871484556,0.1785851639388362,0.1016422902374614,0.9127541752571668,-0.3787588639006664,0.0,0.0,0.0,0.1785851639388362,0.1016422902374614,0.9127541752571668,-0.3787588639006664,0.0,0.0,0.0
shared_generic,0.0186999999999999,1.8699999999999901,stored_original,1.6352273101647343,5.130624107498823,1.6352273101647343,5.130624107498823,2.978722035891661,True,10,0.0001326950354375,0,-0.0487035468903455,0.2252685832732605,-0.0452256847623785,0.2501249958761846,-0.0595086339063019,0.0047020270377433,0.023112333440927,-0.0507760225176228,0.3478205808134946,-0.0487035468903455,0.2252685832732605,-0.0452256847623785,0.2501249958761846,-0.0595086339063019,0.0047020270377433,0.023112333440927,-0.0507760225176228,0.3478205808134946,0.2497430998866486,0.1224509153589426,1.295249274877849,-0.5290918783645084,0.0,0.0,0.0,0.2497430998866486,0.1224509153589426,1.295249274877849,-0.5290918783645084,0.0,0.0,0.0
shared_generic,0.0206666666666666,2.06666666666666,stored_original,1.6248310177324514,5.077560946918678,1.6248310177324514,5.077560946918678,4.87729274003529,True,14,0.0001982594647416,0,-0.0634155767273982,0.2951008797357253,-0.0568195176984096,0.330692182540951,-0.0766107528317857,0.0068999222602251,0.0282974314611256,-0.0585977547503556,0.4526578441095681,-0.0634155767273982,0.2951008797357253,-0.0568195176984096,0.330692182540951,-0.0766107528317857,0.0068999222602251,0.0282974314611256,-0.0585977547503556,0.4526578441095681,0.3153944899397984,0.1331886650595763,1.6565012126033742,-0.6604536825530555,0.0,0.0,0.0,0.3153944899397984,0.1331886650595763,1.6565012126033742,-0.6604536825530555,0.0,0.0,0.0
shared_generic,0.0226333333333333,2.26333333333333,stored_original,1.6174028172040698,5.039983545035656,1.6174028172040698,5.039983545035656,7.126337069505402,True,20,0.0007002135002209,0,-0.078164754884005,0.365588125738651,-0.0677595192074394,0.413482634093844,-0.0932136056502796,0.0094353936685047,0.0328881119817827,-0.0634317783917001,0.555893729347534,-0.078164754884005,0.365588125738651,-0.0677595192074394,0.413482634093844,-0.0932136056502796,0.0094353936685047,0.0328881119817827,-0.0634317783917001,0.555893729347534,0.3765998147969758,0.1367525855327795,1.9998787697135776,-0.7728459032774466,0.0,0.0,0.0,0.3765998147969758,0.1367525855327795,1.9998787697135776,-0.7728459032774466,0.0,0.0,0.0
shared_generic,0.0245999999999999,2.45999999999999,stored_original,1.612656596169306,5.016119346298639,1.612656596169306,5.016119346298639,9.693539431487263,True,18,0.0001791778361167,0,-0.0931602158091614,0.4375745436696996,-0.0783242477131302,0.4995514457980911,-0.1094950801201256,0.0123351349630059,0.0370418031420637,-0.0655169369792701,0.6582064361554485,-0.0931602158091614,0.4375745436696996,-0.0783242477131302,0.4995514457980911,-0.1094950801201256,0.0123351349630059,0.0370418031420637,-0.0655169369792701,0.6582064361554485,0.4340312655425477,0.1351258671357326,2.327469909125164,-0.8663869658260006,0.0,0.0,0.0,0.4340312655425477,0.1351258671357326,2.327469909125164,-0.8663869658260006,0.0,0.0,0.0
shared_generic,0.0265666666666666,2.65666666666666,stored_original,1.6104121778975684,5.0048737010711495,1.6104121778975684,5.0048737010711495,12.556718523293982,True,21,0.0003676890711895,0,-0.1085956659114619,0.5118614026062425,-0.0887369456817341,0.5899814164242314,-0.1256065477363608,0.015641436867198,0.0408707183956411,-0.0649080376274096,0.7601032853435847,-0.1085956659114619,0.5118614026062425,-0.0887369456817341,0.5899814164242314,-0.1256065477363608,0.015641436867198,0.0408707183956411,-0.0649080376274096,0.7601032853435847,0.4880383937480342,0.1296393160536011,2.6401436884129774,-0.9418836935796826,0.0,0.0,0.0,0.4880383937480342,0.1296393160536011,2.6401436884129774,-0.9418836935796826,0.0,0.0,0.0
shared_generic,0.0285333333333333,2.85333333333333,stored_original,1.610540662698993,5.005516792587645,1.610540662698993,5.005516792587645,15.6999957062533,True,23,0.0001415880262495,0,-0.1246172477686906,0.5890306051715188,-0.0991635326774355,0.6856620436142389,-0.141657088854545,0.0193993937116615,0.044452771671795,-0.0616630386790061,0.861668237534938,-0.1246172477686906,0.5890306051715188,-0.0991635326774355,0.6856620436142389,-0.141657088854545,0.0193993937116615,0.044452771671795,-0.0616630386790061,0.861668237534938,0.5387606046501068,0.1212617705215917,2.9379983742208795,-1.0002028547404316,0.0,0.0,0.0,0.5387606046501068,0.1212617705215917,2.9379983742208795,-1.0002028547404316,0.0,0.0,0.0
shared_generic,0.0305,3.05,stored_original,1.6129804908594094,5.0177443038631875,1.6129804908594094,5.0177443038631875,19.111069115759086,True,23,0.000195688687791,0,-0.1413557094018608,0.6696137901917005,-0.109713778989358,0.7875184629025365,-0.1577578784157024,0.023667646540991,0.0478310447341348,-0.0558017123060448,0.962686648188634,-0.1413557094018608,0.6696137901917005,-0.109713778989358,0.7875184629025365,-0.1577578784157024,0.023667646540991,0.0478310447341348,-0.0558017123060448,0.962686648188634,0.5862032536156034,0.1107221867908469,3.220459578239839,-1.0421140041432786,0.0,0.0,0.0,0.5862032536156034,0.1107221867908469,3.220459578239839,-1.0421140041432786,0.0,0.0,0.0
shared_generic,0.0324666666666666,3.2466666666666604,stored_original,1.617683308509933,5.041397414881562,1.617683308509933,5.041397414881562,22.779163007216017,True,25,0.0001688615104903,0,-0.1588912427835178,0.7538915457120979,-0.1204529744915146,0.8962313269829816,-0.1739773072262216,0.0285059276150874,0.0510234808862273,-0.0473610314519876,1.0623991762542224,-0.1588912427835178,0.7538915457120979,-0.1204529744915146,0.8962313269829816,-0.1739773072262216,0.0285059276150874,0.0510234808862273,-0.0473610314519876,1.0623991762542224,0.6301296812842063,0.0984943736057393,3.486313098132104,-1.0689521128316568,0.0,0.0,0.0,0.6301296812842063,0.0984943736057393,3.486313098132104,-1.0689521128316568,0.0,0.0,0.0
shared_generic,0.0344333333333333,3.4433333333333302,stored_original,1.624641394883932,5.076598216629106,1.624641394883932,5.076598216629106,26.693388915952923,True,31,7.839265072559363e-05,0,-0.1772942416298198,0.8420874366135311,-0.1314154072698042,1.012494845443924,-0.1903819141420904,0.0339793240140662,0.0540329470683322,-0.0364323453976529,1.159804872922169,-0.1772942416298198,0.8420874366135311,-0.1314154072698042,1.012494845443924,-0.1903819141420904,0.0339793240140662,0.0540329470683322,-0.0364323453976529,1.159804872922169,0.6703031234469771,0.0849566461547737,3.733427856443685,-1.0818522832253366,0.0,0.0,0.0,0.6703031234469771,0.0849566461547737,3.733427856443685,-1.0818522832253366,0.0,0.0,0.0
shared_generic,0.001,0.1,stored_refined,2.3367819104211427,10.347882510482465,2.336784075907485,10.347904918704975,57.03174171542583,True,3,9.541234253722298e-05,1,0.0956783286581841,-0.0825759403725059,0.0751323154666255,-0.4972438982925572,0.1247874586210259,0.1261308564915045,-0.1768218019439027,1.331321810218968,-0.2246385910287325,0.09567464325177442,-0.08257307530680771,0.0751318892591553,-0.4972149899314099,0.1247835946371259,0.12613194678810669,-0.17682229852553655,1.3313456772830843,-0.22461847947743058,-2.528596373940992,-2.912249427952524,-4.0,0.0122737448994657,0.0,0.0,0.0,-2.5285902407882657,-2.912230312837966,-3.9999999999999996,0.012181447370149832,0.0,0.0,0.0
shared_generic,0.0029666666666666,0.29666666666666003,stored_refined,2.054514339164581,7.803047317769221,2.054514361257861,7.803047490164134,20.935423610138695,True,10,0.0011514074921831776,0,0.0622288225959011,-0.051328733992192,0.042431775221232,-0.3479474348161649,0.0795039240861732,0.0617069958422483,-0.1002173266907353,0.391399684410698,-0.3010490683316957,0.062228819785066926,-0.0513287273697531,0.04243177606934898,-0.34794741744415186,0.07950391804370224,0.06170699712644904,-0.10021732510458232,0.3913997023541129,-0.30104902645023424,-0.8336300043518355,-1.4988596732704311,-3.5204130326346506,0.4205622697286207,0.0,0.0,0.0,-0.8336299974114773,-1.4988595770565054,-3.5204122261944337,0.4205621926237494,0.0,0.0,0.0
shared_generic,0.0049333333333333,0.49333333333333,stored_refined,1.914254744134817,6.7818826753403885,1.9142547586577998,6.781882773833554,10.37506136618553,True,10,0.000492739269508878,0,0.0538930357375358,-0.0451830373412274,0.0282064789097283,-0.3281754559488699,0.062680431730965,0.04064532998565,-0.0659730161245001,0.2351527827893477,-0.3472209692504066,0.05389303304711559,-0.04518303410018727,0.028206479172472973,-0.32817544403597965,0.06268042918744034,0.040645330022119515,-0.06597301723042279,0.23515279450059548,-0.34722093701355283,-0.5697028554842873,-0.8619416581532193,-2.476945046745226,0.5674596978293737,0.0,0.0,0.0,-0.5697028506914655,-0.8619416272002572,-2.4769445714359124,0.5674596458517926,0.0,0.0,0.0
shared_generic,0.0068999999999999,0.6899999999999901,stored_refined,1.8289733058796032,6.227489648193561,1.8289733074842018,6.227489658186183,4.753374028821701,True,10,0.00019607503506164866,0,0.0411068391307292,-0.0347974412519588,0.017911038820994,-0.2614372721741519,0.0448062948413329,0.0256452281055147,-0.0413364535873139,0.1334232597587002,-0.3069771604658536,0.0411068402050322,-0.034797439893191597,0.01791103853996681,-0.2614372696078467,0.0448062943776374,0.025645227813191406,-0.04133645406759407,0.13342326369475374,-0.3069771481977028,-0.369922879048302,-0.4695516560078627,-1.6674787307188066,0.5238337490190933,0.0,0.0,0.0,-0.3699228784163248,-0.46955164981434944,-1.6674785521683766,0.5238337392167421,0.0,0.0,0.0
shared_generic,0.0088666666666666,0.8866666666666599,stored_refined,1.7693384746110603,5.866970927135302,1.7693384745821226,5.866970926965525,1.739673948744836,True,9,6.340546546009968e-05,0,0.0265624713697657,-0.0226654828648149,0.0101452465377238,-0.1733271172898062,0.0276944253648221,0.0144348708040111,-0.0231112849190587,0.0685832934421726,-0.2146346681835912,0.026562471365750476,-0.022665482858434723,0.010145246539252478,-0.17332711728981015,0.02769442535424703,0.014434870805773532,-0.02311128491143972,0.06858329345925102,-0.21463466817125115,-0.2151944963722997,-0.2298135480368595,-1.0037161356743551,0.3696188955741447,0.0,0.0,0.0,-0.21519449637638885,-0.22981354803419668,-1.0037161353123396,0.369618895594349,0.0,0.0,0.0
shared_generic,0.0108333333333333,1.0833333333333302,stored_refined,1.7243360222931283,5.608795677762274,1.7243360194887658,5.608795662033177,0.33286346281333756,True,8,1.0629724625390112e-05,0,0.0120854130216087,-0.0104019183944401,0.004165111889312,-0.0802620146534134,0.012198535197507,0.0058814919216158,-0.0093897489173157,0.0259970357585903,-0.1020794808742734,0.012085411871721775,-0.010401919553864335,0.004165112069532289,-0.08026201756812246,0.012198536056057923,0.005881492050775652,-0.009389748353233683,0.02599703739857107,-0.10207947866940723,-0.0911319107311011,-0.0823755172027583,-0.4376649918727137,0.1748403042317584,0.0,0.0,0.0,-0.09113191025462301,-0.08237551768520743,-0.43766497083350964,0.17484030704647988,0.0,0.0,0.0
shared_generic,0.012546045825196,1.2546045825196002,stored_refined,1.6930438416630622,5.436001877454284,1.6930438416630622,5.436001877454284,8.14331983278637e-26,True,1,1.5540262300918846e-12,0,0.0,0.0,0.0,0.0,0.0,0.0,0.0,0.0,0.0,0.0,0.0,0.0,0.0,0.0,0.0,0.0,0.0,0.0,0.0,0.0,0.0,0.0,0.0,0.0,0.0,0.0,0.0,0.0,0.0,0.0,0.0,0.0
shared_generic,0.0127999999999999,1.27999999999999,stored_refined,1.6896587708662871,5.417631735904045,1.6896587717860976,5.41763174088724,0.006456523108915904,True,5,4.4435736939265946e-07,0,-0.0021668927653451,0.0097514828711902,-0.0022893104100978,0.0105337038894005,-0.0027188395753281,0.0001203799620624,0.0012713310503084,-0.0032185725138233,0.0150777599688929,-0.0021668924200398737,0.009751483863991169,-0.0022893104347259255,0.010533705166603161,-0.0027188401025323695,0.00012038010792496277,0.0012713310059933205,-0.003218572836107104,0.015077759160181465,0.0122564426952737,0.0094428054635214,0.0603382871091052,-0.0249233853703854,0.0,0.0,0.0,0.012256442669297032,0.009442805436427648,0.06033828762718978,-0.024923384926579223,0.0,0.0,0.0
shared_generic,0.0147666666666666,1.47666666666666,stored_refined,1.6668315469781791,5.295363079609531,1.6668316884333931,5.295363828666302,0.450397983235336,True,3,3.543796411519496e-07,0,-0.0183719866307967,0.0836104532570051,-0.0185104454379658,0.0911397948842327,-0.0228681544292191,0.0012900531989072,0.0099825047770114,-0.0241608823426912,0.129737602682219,-0.01837194887282201,0.0836104316034518,-0.01851030623251988,0.09113995365129525,-0.02286824187739817,0.0012901245080677473,0.009982342383826568,-0.02416180573800955,0.12973562095657137,0.1002699254602252,0.0663172848484739,0.5037670975778142,-0.2100947639778983,0.0,0.0,0.0,0.10026981179852625,0.06631795342910447,0.5037691006922643,-0.21009076084443415,0.0,0.0,0.0
shared_generic,0.0167333333333333,1.6733333333333302,stored_refined,1.6490148995172835,5.20185295449558,1.6490148964128202,5.201852938346618,1.4787707149461466,True,3,4.1504882232165226e-05,0,-0.0337817578173166,0.1551153718855293,-0.0326141493466907,0.1706507449354301,-0.0416858948624112,0.0028299056118577,0.0171123556628502,-0.0395555755397228,0.2404774871484556,-0.03378169371070208,0.15511510132534012,-0.03261413084008479,0.17065036844854606,-0.041685820505269505,0.0028298817851017256,0.017112362041278927,-0.039556010096978934,0.24047628083098058,0.1785851639388362,0.1016422902374614,0.9127541752571668,-0.3787588639006664,0.0,0.0,0.0,0.17858517785992073,0.10164257442729382,0.9127559879762105,-0.3787554895863761,0.0,0.0,0.0
shared_generic,0.0186999999999999,1.8699999999999901,stored_refined,1.6352273101647343,5.130624107498823,1.635227214330759,5.130623615810743,2.9787220353960695,True,3,0.00010653503575352481,0,-0.0487035468903455,0.2252685832732605,-0.0452256847623785,0.2501249958761846,-0.0595086339063019,0.0047020270377433,0.023112333440927,-0.0507760225176228,0.3478205808134946,-0.04870335197830806,0.2252675835051016,-0.04522569965578064,0.2501236941913485,-0.059508507985025924,0.004702104598506568,0.02311245976950244,-0.0507770562034584,0.3478176543957603,0.2497430998866486,0.1224509153589426,1.295249274877849,-0.5290918783645084,0.0,0.0,0.0,0.24974339298511766,0.12245174094825743,1.2952532095179603,-0.5290825899277165,0.0,0.0,0.0
shared_generic,0.0206666666666666,2.06666666666666,stored_refined,1.6248310177324514,5.077560946918678,1.6248308201229738,5.07755994354461,4.87729273893266,True,12,5.0320991583781345e-05,0,-0.0634155767273982,0.2951008797357253,-0.0568195176984096,0.330692182540951,-0.0766107528317857,0.0068999222602251,0.0282974314611256,-0.0585977547503556,0.4526578441095681,-0.06341492524904747,0.29509838961757484,-0.056818955600519014,0.33068877750877884,-0.0766104039043534,0.006899839473963396,0.02829719551410447,-0.058599962057749665,0.4526495483328399,0.3153944899397984,0.1331886650595763,1.6565012126033742,-0.6604536825530555,0.0,0.0,0.0,0.31539509612146116,0.1331908173726356,1.6565144960522868,-0.6604255090864262,0.0,0.0,0.0
shared_generic,0.0226333333333333,2.26333333333333,stored_refined,1.6174028172040698,5.039983545035656,1.6174017077839846,5.0399779535797835,7.126337056812506,True,13,9.72200031944664e-05,0,-0.078164754884005,0.365588125738651,-0.0677595192074394,0.413482634093844,-0.0932136056502796,0.0094353936685047,0.0328881119817827,-0.0634317783917001,0.555893729347534,-0.07816272949319529,0.36557853065346235,-0.06775821918789048,0.41347108913444974,-0.09321255631140395,0.00943504110797248,0.03288777075143167,-0.06343974376308818,0.5558738499377863,0.3765998147969758,0.1367525855327795,1.9998787697135776,-0.7728459032774466,0.0,0.0,0.0,0.37660302926390316,0.13675929425146177,1.9999070514682438,-0.7727665600685416,0.0,0.0,0.0
shared_generic,0.0245999999999999,2.45999999999999,stored_refined,1.612656596169306,5.016119346298639,1.6126568760836588,5.016120750382636,9.693539431298296,True,3,5.845952986121226e-05,0,-0.0931602158091614,0.4375745436696996,-0.0783242477131302,0.4995514457980911,-0.1094950801201256,0.0123351349630059,0.0370418031420637,-0.0655169369792701,0.6582064361554485,-0.09316048074503838,0.4375760311880013,-0.07832430289961834,0.4995533544314376,-0.109495159344261,0.012335315556473735,0.03704179473225479,-0.06551589125037123,0.6582067377378941,0.4340312655425477,0.1351258671357326,2.327469909125164,-0.8663869658260006,0.0,0.0,0.0,0.43403014875833107,0.1351249472846696,2.327472830625069,-0.8663893984906915,0.0,0.0,0.0
shared_generic,0.0265666666666666,2.65666666666666,stored_refined,1.6104121778975684,5.0048737010711495,1.6104104071219962,5.004864838570905,12.55671851689742,True,12,0.00021457183562062027,0,-0.1085956659114619,0.5118614026062425,-0.0887369456817341,0.5899814164242314,-0.1256065477363608,0.015641436867198,0.0408707183956411,-0.0649080376274096,0.7601032853435847,-0.10859456101539734,0.511853741650834,-0.08873812911721587,0.5899712291616979,-0.12560361757519456,0.01564114115907301,0.04087177010167212,-0.06490410772880403,0.7600928052129661,0.4880383937480342,0.1296393160536011,2.6401436884129774,-0.9418836935796826,0.0,0.0,0.0,0.4880228568556481,0.12962980780120728,2.6401522533435156,-0.941936554656808,0.0,0.0,0.0
shared_generic,0.0285333333333333,2.85333333333333,stored_refined,1.610540662698993,5.005516792587645,1.610540894112495,5.005517950931949,15.69999570562746,True,11,0.0003405176024667419,0,-0.1246172477686906,0.5890306051715188,-0.0991635326774355,0.6856620436142389,-0.141657088854545,0.0193993937116615,0.044452771671795,-0.0616630386790061,0.861668237534938,-0.12461712058360248,0.5890308381544004,-0.0991634032165007,0.68566263664949,-0.14165719652531467,0.019399395566986125,0.0444528067991952,-0.06166350226305987,0.8616679517593077,0.5387606046501068,0.1212617705215917,2.9379983742208795,-1.0002028547404316,0.0,0.0,0.0,0.5387612892167927,0.12126234454107332,2.938002558433673,-1.000190740280658,0.0,0.0,0.0
shared_generic,0.0305,3.05,stored_refined,1.6129804908594094,5.0177443038631875,1.612980314747452,5.017743420178494,19.111069114429228,True,4,0.00011395971544134664,0,-0.1413557094018608,0.6696137901917005,-0.109713778989358,0.7875184629025365,-0.1577578784157024,0.023667646540991,0.0478310447341348,-0.0558017123060448,0.962686648188634,-0.14135494722213754,0.6696104071447604,-0.10971362562982465,0.7875139979471286,-0.15775636441346527,0.023667630850125437,0.04783097258585544,-0.05580232430857041,0.9626704880143219,0.5862032536156034,0.1107221867908469,3.220459578239839,-1.0421140041432786,0.0,0.0,0.0,0.5861960341409732,0.11071922410968638,3.2204875670256894,-1.042105279908206,0.0,0.0,0.0
shared_generic,0.0324666666666666,3.2466666666666604,stored_refined,1.617683308509933,5.041397414881562,1.6176832418990064,5.04139707906942,22.77916300720475,True,11,0.00040358180555756377,0,-0.1588912427835178,0.7538915457120979,-0.1204529744915146,0.8962313269829816,-0.1739773072262216,0.0285059276150874,0.0510234808862273,-0.0473610314519876,1.0623991762542224,-0.15889126041790463,0.7538916287139292,-0.12045298796732959,0.8962314216454874,-0.1739773015310058,0.02850593381699637,0.05102348340056238,-0.047361095484943105,1.0623990775384546,0.6301296812842063,0.0984943736057393,3.486313098132104,-1.0689521128316568,0.0,0.0,0.0,0.6301296919140691,0.09849436296610115,3.486313257856393,-1.0689512938065582,0.0,0.0,0.0
shared_generic,0.0344333333333333,3.4433333333333302,stored_refined,1.624641394883932,5.076598216629106,1.6246422568268022,5.07660259236863,26.693388912164504,True,5,0.00012054076277793178,0,-0.1772942416298198,0.8420874366135311,-0.1314154072698042,1.012494845443924,-0.1903819141420904,0.0339793240140662,0.0540329470683322,-0.0364323453976529,1.159804872922169,-0.17729443970542155,0.8420890406266632,-0.1314156570070085,1.0124979065035624,-0.1903830161240753,0.033979724217934125,0.05403276001892691,-0.03643319266911827,1.1598010216747925,0.6703031234469771,0.0849566461547737,3.733427856443685,-1.0818522832253366,0.0,0.0,0.0,0.6703034935358617,0.08495637911396396,3.7334419560339436,-1.0818128041603303,0.0,0.0,0.0
shared_generic,0.0344333333333333,3.4433333333333302,reverse_high_to_low,1.624641394883932,5.076598216629106,1.6246385186979595,5.076583615409525,26.693388878978666,True,49,0.0002494503989283622,0,0.0,0.0,0.0,0.0,0.0,0.0,0.0,0.0,0.0,-0.1772890265377105,0.842063672390131,-0.13140935574204995,1.012472244936645,-0.1903820110138009,0.033979779796179777,0.054029689077814344,-0.036420068888405835,1.159753067496606,0.0,0.0,0.0,0.0,0.0,0.0,0.0,0.6702537493989955,0.08494659086402352,3.7335406097649306,-1.0818372674178611,0.0,0.0,0.0
shared_generic,0.0324666666666666,3.2466666666666604,reverse_high_to_low,1.6246385186979595,5.076583615409525,1.6176855896565667,5.041408915061421,22.779163016173296,True,31,0.00037453231804900305,0,-0.1772890265377105,0.842063672390131,-0.13140935574204995,1.012472244936645,-0.1903820110138009,0.033979779796179777,0.054029689077814344,-0.036420068888405835,1.159753067496606,-0.15889286101263717,0.7538984937955432,-0.12045322072274281,0.8962422378290298,-0.17397743941440447,0.02850714589457892,0.05102338782599105,-0.04735835668515186,1.062378632425242,0.6702537493989955,0.08494659086402352,3.7335406097649306,-1.0818372674178611,0.0,0.0,0.0,0.6301119010547339,0.09848431709626193,3.486369536878186,-1.0689419963459768,0.0,0.0,0.0
shared_generic,0.0305,3.05,reverse_high_to_low,1.6176855896565667,5.041408915061421,1.6129794702662879,5.0177391827904785,19.111069114164085,True,22,0.0005267408581749196,0,-0.15889286101263717,0.7538984937955432,-0.12045322072274281,0.8962422378290298,-0.17397743941440447,0.02850714589457892,0.05102338782599105,-0.04735835668515186,1.062378632425242,-0.14135332344711696,0.6696034526618968,-0.1097109396584981,0.7875070859346853,-0.15775612795434277,0.023668054335841446,0.04782976332530525,-0.05579504411923186,0.9626467772092402,0.6301119010547339,0.09848431709626193,3.486369536878186,-1.0689419963459768,0.0,0.0,0.0,0.5861708913134183,0.11070932914478339,3.2205275128458117,-1.0421471026131544,0.0,0.0,0.0
shared_generic,0.0285333333333333,2.85333333333333,reverse_high_to_low,1.6129794702662879,5.0177391827904785,1.6105425528149242,5.00552625360362,15.699995709213765,True,22,9.16485885552601e-05,0,-0.14135332344711696,0.6696034526618968,-0.1097109396584981,0.7875070859346853,-0.15775612795434277,0.023668054335841446,0.04782976332530525,-0.05579504411923186,0.9626467772092402,-0.12461751224887173,0.5890329690909705,-0.09916298322889656,0.6856676387625353,-0.14165795852306343,0.019400428572180484,0.044452717899359825,-0.06166086997535206,0.8616438636861745,0.5861708913134183,0.11070932914478339,3.2205275128458117,-1.0421471026131544,0.0,0.0,0.0,0.5387489823229967,0.12125506255758003,2.938031049751918,-1.0001616995179021,0.0,0.0,0.0
shared_generic,0.0265666666666666,2.65666666666666,reverse_high_to_low,1.6105425528149242,5.00552625360362,1.6104099538580217,5.00486257004649,12.556718516821821,True,28,8.043656825301455e-05,0,-0.12461751224887173,0.5890329690909705,-0.09916298322889656,0.6856676387625353,-0.14165795852306343,0.019400428572180484,0.044452717899359825,-0.06166086997535206,0.8616438636861745,-0.10859409681251132,0.5118513557927151,-0.08873786917972412,0.5899685534475199,-0.1256031213943204,0.015640920137272512,0.0408717360892318,-0.06490447263263335,0.760092175284538,0.5387489823229967,0.12125506255758003,2.938031049751918,-1.0001616995179021,0.0,0.0,0.0,0.4880225972304659,0.12963077340729579,2.640149749975751,-0.9419274369174495,0.0,0.0,0.0
shared_generic,0.0245999999999999,2.45999999999999,reverse_high_to_low,1.6104099538580217,5.00486257004649,1.6126570239095122,5.016121491895022,9.693539430212757,True,19,0.00011912657255023475,0,-0.10859409681251132,0.5118513557927151,-0.08873786917972412,0.5899685534475199,-0.1256031213943204,0.015640920137272512,0.0408717360892318,-0.06490447263263335,0.760092175284538,-0.09316084008795007,0.43757763414554707,-0.07832571055144803,0.4995540796629484,-0.10949474007636523,0.012335730116995406,0.037042464818506336,-0.06550875686241862,0.6582015996754611,0.4880225972304659,0.12963077340729579,2.640149749975751,-0.9419274369174495,0.0,0.0,0.0,0.4340196296985676,0.13511245143757453,2.3274625822162482,-0.8664007981440678,0.0,0.0,0.0
shared_generic,0.0226333333333333,2.26333333333333,reverse_high_to_low,1.6126570239095122,5.016121491895022,1.6174019333980771,5.039979090669965,7.126337057077869,True,30,9.019079112778663e-05,0,-0.09316084008795007,0.43757763414554707,-0.07832571055144803,0.4995540796629484,-0.10949474007636523,0.012335730116995406,0.037042464818506336,-0.06550875686241862,0.6582015996754611,-0.07816272457228639,0.3655792782861153,-0.06775777348986194,0.41347179227364267,-0.0932127129256589,0.009435234242717574,0.032887423176688385,-0.06343817375044845,0.5558703741790189,0.4340196296985676,0.13511245143757453,2.3274625822162482,-0.8664007981440678,0.0,0.0,0.0,0.3765977028448746,0.13675671269405396,1.9999139746779742,-0.7727677849057956,0.0,0.0,0.0
shared_generic,0.0206666666666666,2.06666666666666,reverse_high_to_low,1.6174019333980771,5.039979090669965,1.6248310047079375,5.0775608807859145,4.8772927390852425,True,24,4.712504285902024e-05,0,-0.07816272457228639,0.3655792782861153,-0.06775777348986194,0.41347179227364267,-0.0932127129256589,0.009435234242717574,0.032887423176688385,-0.06343817375044845,0.5558703741790189,-0.063414952595561,0.29509922759643226,-0.05681869826970037,0.330689310145553,-0.07661054106194748,0.006899947361117716,0.02829699064621423,-0.058598702260202334,0.4526473049863047,0.3765977028448746,0.13675671269405396,1.9999139746779742,-0.7727677849057956,0.0,0.0,0.0,0.31539225351010797,0.1331892053100726,1.6565175600777613,-0.6604242335910646,0.0,0.0,0.0
shared_generic,0.0186999999999999,1.8699999999999901,reverse_high_to_low,1.6248310047079375,5.0775608807859145,1.6352274069217556,5.130624603922754,2.9787220354944783,True,12,5.2195027578569664e-06,0,-0.063414952595561,0.29509922759643226,-0.05681869826970037,0.330689310145553,-0.07661054106194748,0.006899947361117716,0.02829699064621423,-0.058598702260202334,0.4526473049863047,-0.04870311274986377,0.2252669667914668,-0.04522538125940971,0.2501229523842781,-0.05950865270918863,0.004702364073624979,0.023112585138533256,-0.05077873313125437,0.3478118032096777,0.31539225351010797,0.1331892053100726,1.6565175600777613,-0.6604242335910646,0.0,0.0,0.0,0.24974264124772053,0.12245343004202716,1.295263274621704,-0.5290660188001601,0.0,0.0,0.0
shared_generic,0.0167333333333333,1.6733333333333302,reverse_high_to_low,1.6352274069217556,5.130624603922754,1.649015036486681,5.201853666990293,1.4787707149816522,True,9,4.674881730365157e-06,0,-0.04870311274986377,0.2252669667914668,-0.04522538125940971,0.2501229523842781,-0.05950865270918863,0.004702364073624979,0.023112585138533256,-0.05077873313125437,0.3478118032096777,-0.03378163019349436,0.15511506413426238,-0.03261392554035066,0.17065023134578114,-0.04168588116862367,0.002829870145011483,0.01711233838260395,-0.03955686459590124,0.24047347522858084,0.24974264124772053,0.12245343004202716,1.295263274621704,-0.5290660188001601,0.0,0.0,0.0,0.17858452332199004,0.10164320798867783,0.9127601079986624,-0.3787485047448712,0.0,0.0,0.0
shared_generic,0.0147666666666666,1.47666666666666,reverse_high_to_low,1.649015036486681,5.201853666990293,1.6668316958884757,5.295363868143676,0.45039798323505714,True,6,1.7655570509310573e-06,0,-0.03378163019349436,0.15511506413426238,-0.03261392554035066,0.17065023134578114,-0.04168588116862367,0.002829870145011483,0.01711233838260395,-0.03955686459590124,0.24047347522858084,-0.018371955569756147,0.083610479119764,-0.018510310508233006,0.0911400043675773,-0.022868249892042915,0.0012901363932246914,0.009982341867133886,-0.024161779927833475,0.1297356764483222,0.17858452332199004,0.10164320798867783,0.9127601079986624,-0.3787485047448712,0.0,0.0,0.0,0.1002697985137812,0.06631788421722964,0.5037690828804493,-0.21009095302922062,0.0,0.0,0.0
shared_generic,0.0127999999999999,1.27999999999999,reverse_high_to_low,1.6668316958884757,5.295363868143676,1.6896587950522344,5.417631866934602,0.0064565231089484774,True,6,3.7095480729067254e-08,0,-0.018371955569756147,0.083610479119764,-0.018510310508233006,0.0911400043675773,-0.022868249892042915,0.0012901363932246914,0.009982341867133886,-0.024161779927833475,0.1297356764483222,-0.0021669042942977818,0.009751556866365531,-0.002289312174884708,0.010533793115063524,-0.0027188670379446013,0.00012039063511985344,0.0012713257047871694,-0.0032186088630491373,0.015077664781140136,0.1002697985137812,0.06631788421722964,0.5037690828804493,-0.21009095302922062,0.0,0.0,0.0,0.012256433401087322,0.00944280414033186,0.06033829188248553,-0.02492334093629732,0.0,0.0,0.0
shared_generic,0.012546045825196,1.2546045825196002,reverse_high_to_low,1.6896587950522344,5.417631866934602,1.6930438416343767,5.4360018772983505,4.682366060833174e-19,True,5,1.505175783802989e-08,0,-0.0021669042942977818,0.009751556866365531,-0.002289312174884708,0.010533793115063524,-0.0027188670379446013,0.00012039063511985344,0.0012713257047871694,-0.0032186088630491373,0.015077664781140136,5.23671754178127e-11,-1.2930050629692452e-10,-3.9528896803258337e-11,-1.0658346410690702e-10,3.258792353973736e-11,-5.876911464709743e-11,-4.0477315729152303e-10,4.268649884127495e-11,2.4574768207608397e-10,0.012256433401087322,0.00944280414033186,0.06033829188248553,-0.02492334093629732,0.0,0.0,0.0,-4.832838383117563e-11,-4.272884867731883e-11,-4.417661300214402e-12,-6.117222500833105e-11,0.0,0.0,0.0
shared_generic,0.0108333333333333,1.0833333333333302,reverse_high_to_low,1.6930438416343767,5.4360018772983505,1.7243359071433166,5.608795031910544,0.33286346281904733,True,9,2.4028380940926493e-06,0,5.23671754178127e-11,-1.2930050629692452e-10,-3.9528896803258337e-11,-1.0658346410690702e-10,3.258792353973736e-11,-5.876911464709743e-11,-4.0477315729152303e-10,4.268649884127495e-11,2.4574768207608397e-10,0.012085512309302729,-0.010402009529379015,0.0041651450927783825,-0.08026284379581732,0.012198643772394605,0.00588147924462104,-0.009389696937081077,0.025997328283105102,-0.10207951992016384,-4.832838383117563e-11,-4.272884867731883e-11,-4.417661300214402e-12,-6.117222500833105e-11,0.0,0.0,0.0,-0.09113208302974164,-0.08237544258036722,-0.43766400134745925,0.17484165282158393,0.0,0.0,0.0
shared_generic,0.0088666666666666,0.8866666666666599,reverse_high_to_low,1.7243359071433166,5.608795031910544,1.7693381685505698,5.8669691314875765,1.7396739488503832,True,8,8.48121339362778e-06,0,0.012085512309302729,-0.010402009529379015,0.0041651450927783825,-0.08026284379581732,0.012198643772394605,0.00588147924462104,-0.009389696937081077,0.025997328283105102,-0.10207951992016384,0.026562783592639833,-0.0226657598140299,0.01014536636010566,-0.1733296675785193,0.027694615377411233,0.014434871748306042,-0.023111049868670103,0.06858449058901399,-0.21463597136733317,-0.09113208302974164,-0.08237544258036722,-0.43766400134745925,0.17484165282158393,0.0,0.0,0.0,-0.21519607841589972,-0.22981288634889283,-1.003711836210077,0.3696245122863723,0.0,0.0,0.0
shared_generic,0.0068999999999999,0.6899999999999901,reverse_high_to_low,1.7693381685505698,5.8669691314875765,1.8289727891209218,6.2274864300850545,4.753374029272217,True,10,9.842253315962307e-06,0,0.026562783592639833,-0.0226657598140299,0.01014536636010566,-0.1733296675785193,0.027694615377411233,0.014434871748306042,-0.023111049868670103,0.06858449058901399,-0.21463597136733317,0.04110739073387963,-0.03479784648494866,0.01791104560726057,-0.2614412246319343,0.044806822047627676,0.025645365945856594,-0.04133677551427981,0.1334256855713843,-0.3069786398206372,-0.21519607841589972,-0.22981288634889283,-1.003711836210077,0.3696245122863723,0.0,0.0,0.0,-0.3699273884324244,-0.4695506563224218,-1.6674701799665606,0.5238401850488367,0.0,0.0,0.0
shared_generic,0.0049333333333333,0.49333333333333,reverse_high_to_low,1.8289727891209218,6.2274864300850545,1.9142538734147008,6.781876770221287,10.37506136764342,True,11,2.63987743923182e-05,0,0.04110739073387963,-0.03479784648494866,0.01791104560726057,-0.2614412246319343,0.044806822047627676,0.025645365945856594,-0.04133677551427981,0.1334256855713843,-0.3069786398206372,0.05389382150345219,-0.04518371617142654,0.02820665147615345,-0.3281809284486185,0.0626811597701689,0.040645689592736484,-0.0659736825181285,0.23515963897823894,-0.3472222032038322,-0.3699273884324244,-0.4695506563224218,-1.6674701799665606,0.5238401850488367,0.0,0.0,0.0,-0.5697131101092544,-0.8619392328227081,-2.476929724198186,0.5674633041985706,0.0,0.0,0.0
shared_generic,0.0029666666666666,0.29666666666666003,reverse_high_to_low,1.9142538734147008,6.781876770221287,2.0545131069948535,7.803037703096457,20.93542361419125,True,11,3.488875150425886e-05,0,0.05389382150345219,-0.04518371617142654,0.02820665147615345,-0.3281809284486185,0.0626811597701689,0.040645689592736484,-0.0659736825181285,0.23515963897823894,-0.3472222032038322,0.06222960104836325,-0.05132936712796588,0.04243260298709545,-0.3479518121200173,0.07950444253817802,0.06170804881715044,-0.1002178980882034,0.3914166535378902,-0.3010460345324941,-0.5697131101092544,-0.8619392328227081,-2.476929724198186,0.5674633041985706,0.0,0.0,0.0,-0.8336520179338706,-1.4988517724162513,-3.52038680840048,0.4205516516648045,0.0,0.0,0.0
shared_generic,0.001,0.1,reverse_high_to_low,2.0545131069948535,7.803037703096457,2.336784251953102,10.347906740408444,57.03174171667144,True,14,1.721527115818145e-05,1,0.06222960104836325,-0.05132936712796588,0.04243260298709545,-0.3479518121200173,0.07950444253817802,0.06170804881715044,-0.1002178980882034,0.3914166535378902,-0.3010460345324941,0.09567433685532813,-0.0825728817682224,0.07513178325216191,-0.4972130801078701,0.12478338113778807,0.12613172610970852,-0.17682213017077775,1.331346111329337,-0.2246171323501044,-0.8336520179338706,-1.4988517724162513,-3.52038680840048,0.4205516516648045,0.0,0.0,0.0,-2.5285903789411157,-2.9122235799473724,-3.9999999999999996,0.012178076019308393,0.0,0.0,0.0
shared_generic,0.001,0.1,reverse_low_to_high,2.3367819104211427,10.347882510482465,2.336783571353265,10.3478996976272,57.0317417123484,True,22,0.0007178150962437063,1,0.0,0.0,0.0,0.0,0.0,0.0,0.0,0.0,0.0,0.0956758840405629,-0.08257343386397063,0.07513261422266865,-0.4972207441944708,0.12478421995049042,0.12613348810055694,-0.17682360574925043,1.3313445741839331,-0.22462160285830202,0.0,0.0,0.0,0.0,0.0,0.0,0.0,-2.528589336954191,-2.9122673597607114,-3.9999999999999996,0.012188809169260921,0.0,0.0,0.0
shared_generic,0.0029666666666666,0.29666666666666003,reverse_low_to_high,2.336783571353265,10.3478996976272,2.0545141055340395,7.803045494739264,20.93542361309892,True,17,7.74816858679786e-05,0,0.0956758840405629,-0.08257343386397063,0.07513261422266865,-0.4972207441944708,0.12478421995049042,0.12613348810055694,-0.17682360574925043,1.3313445741839331,-0.22462160285830202,0.062227739522469655,-0.05132825681288623,0.04243240059314463,-0.34793826009644474,0.07950286030653979,0.061707802993984796,-0.10021733824976149,0.3914212771154176,-0.3010334642671171,-2.528589336954191,-2.9122673597607114,-3.9999999999999996,0.012188809169260921,0.0,0.0,0.0,-0.833651933024917,-1.4988589117698548,-3.520389801037217,0.42051169949926,0.0,0.0,0.0
shared_generic,0.0049333333333333,0.49333333333333,reverse_low_to_high,2.0545141055340395,7.803045494739264,1.9142542466250065,6.781879301288063,10.375061366848666,True,19,2.7824475753421684e-05,0,0.062227739522469655,-0.05132825681288623,0.04243240059314463,-0.34793826009644474,0.07950286030653979,0.061707802993984796,-0.10021733824976149,0.3914212771154176,-0.3010334642671171,0.053893025024494744,-0.04518308487041707,0.028206613016859176,-0.3281748272643378,0.06268051352590222,0.04064565667315749,-0.06597355673434126,0.23516220152104692,-0.3472149997630801,-0.833651933024917,-1.4988589117698548,-3.520389801037217,0.42051169949926,0.0,0.0,0.0,-0.569713805259769,-0.8619439197312275,-2.4769327232307625,0.5674440577921628,0.0,0.0,0.0
shared_generic,0.0068999999999999,0.6899999999999901,reverse_low_to_high,1.9142542466250065,6.781879301288063,1.8289729606821905,6.2274874984806186,4.753374028971006,True,20,3.616508376409271e-05,0,0.053893025024494744,-0.04518308487041707,0.028206613016859176,-0.3281748272643378,0.06268051352590222,0.04064565667315749,-0.06597355673434126,0.23516220152104692,-0.3472149997630801,0.04110680280102871,-0.03479754468784921,0.017910992365594517,-0.2614369585928307,0.04480645539250608,0.025645290984377282,-0.04133668668357164,0.13342797104567297,-0.3069726596167172,-0.569713805259769,-0.8619439197312275,-2.4769327232307625,0.5674440577921628,0.0,0.0,0.0,-0.36992847302089493,-0.46955526281931087,-1.6674738501759963,0.5238241956648834,0.0,0.0,0.0
shared_generic,0.0088666666666666,0.8866666666666599,reverse_low_to_high,1.8289729606821905,6.2274874984806186,1.769338236652191,5.8669695310377,1.739673948776421,True,17,1.650979821726178e-05,0,0.04110680280102871,-0.03479754468784921,0.017910992365594517,-0.2614369585928307,0.04480645539250608,0.025645290984377282,-0.04133668668357164,0.13342797104567297,-0.3069726596167172,0.026562529322214912,-0.022665619886090883,0.010145347662281434,-0.17332781170082862,0.027694471811193427,0.014434844898769159,-0.023111024214580222,0.06858557086831886,-0.21463332315490644,-0.36992847302089493,-0.46955526281931087,-1.6674738501759963,0.5238241956648834,0.0,0.0,0.0,-0.21519668437286385,-0.2298150475420793,-1.0037138828772783,0.3696173426624948,0.0,0.0,0.0
shared_generic,0.0108333333333333,1.0833333333333302,reverse_low_to_high,1.769338236652191,5.8669695310377,1.724335921796285,5.608795114096042,0.3328634628152577,True,14,3.4280515932493173e-06,0,0.026562529322214912,-0.022665619886090883,0.010145347662281434,-0.17332781170082862,0.027694471811193427,0.014434844898769159,-0.023111024214580222,0.06858557086831886,-0.21463332315490644,0.012085463847607931,-0.01040197252912859,0.004165138418377346,-0.0802624794990244,0.012198616107047564,0.005881475159003992,-0.009389695362804257,0.02599753827393866,-0.10207900857916911,-0.21519668437286385,-0.2298150475420793,-1.0037138828772783,0.3696173426624948,0.0,0.0,0.0,-0.09113220476899,-0.08237581476666113,-0.4376644475685308,0.1748402644591146,0.0,0.0,0.0
shared_generic,0.012546045825196,1.2546045825196002,reverse_low_to_high,1.724335921796285,5.608795114096042,1.6930438416804054,5.436001877548563,3.2934332557279045e-18,True,7,5.2554563243121775e-08,0,0.012085463847607931,-0.01040197252912859,0.004165138418377346,-0.0802624794990244,0.012198616107047564,0.005881475159003992,-0.009389695362804257,0.02599753827393866,-0.10207900857916911,-1.4626927856163507e-10,5.677975768820963e-11,3.503231230399345e-10,6.227754486737604e-11,-1.6005395827266463e-10,2.0740459480876075e-10,4.9293333121935e-10,-7.428188944391277e-11,-1.426555010360989e-10,-0.09113220476899,-0.08237581476666113,-0.4376644475685308,0.1748402644591146,0.0,0.0,0.0,-7.174556480475777e-10,5.264290399268078e-10,1.0791751913324069e-10,5.424509874923226e-10,0.0,0.0,0.0
shared_generic,0.0127999999999999,1.27999999999999,reverse_low_to_high,1.6930438416804054,5.436001877548563,1.6896587944143644,5.417631863478857,0.0064565231089473716,True,6,2.8311587250697036e-08,0,-1.4626927856163507e-10,5.677975768820963e-11,3.503231230399345e-10,6.227754486737604e-11,-1.6005395827266463e-10,2.0740459480876075e-10,4.9293333121935e-10,-7.428188944391277e-11,-1.426555010360989e-10,-0.002166908517668147,0.009751555267382896,-0.0022893059975917915,0.010533791132027298,-0.0027188668155488996,0.00012036194375183803,0.0012713332698363377,-0.0032186076253198424,0.015077662752176592,-7.174556480475777e-10,5.264290399268078e-10,1.0791751913324069e-10,5.424509874923226e-10,0.0,0.0,0.0,0.012256433819960786,0.009442805502487116,0.06033829436208587,-0.024923335117204053,0.0,0.0,0.0
shared_generic,0.0147666666666666,1.47666666666666,reverse_low_to_high,1.6896587944143644,5.417631863478857,1.6668317238109198,5.29536401600318,0.45039798323310903,True,8,1.0078295968128078e-05,0,-0.002166908517668147,0.009751555267382896,-0.0022893059975917915,0.010533791132027298,-0.0027188668155488996,0.00012036194375183803,0.0012713332698363377,-0.0032186076253198424,0.015077662752176592,-0.01837201201021043,0.08361076339113285,-0.018510356933566986,0.09114028991629146,-0.022868283266409876,0.001290154003824019,0.009982343699764678,-0.024161533128227903,0.12973617212616018,0.012256433819960786,0.009442805502487116,0.06033829436208587,-0.024923335117204053,0.0,0.0,0.0,0.1002696119626814,0.06631747490167966,0.5037683225886443,-0.21009257702859435,0.0,0.0,0.0
shared_generic,0.0167333333333333,1.6733333333333302,reverse_low_to_high,1.6668317238109198,5.29536401600318,1.6490150822582195,5.201853905087145,1.4787707149521636,True,10,2.6553243921705762e-05,0,-0.01837201201021043,0.08361076339113285,-0.018510356933566986,0.09114028991629146,-0.022868283266409876,0.001290154003824019,0.009982343699764678,-0.024161533128227903,0.12973617212616018,-0.0337817488624073,0.1551156146788645,-0.032614027502732214,0.17065078854631768,-0.041685925223262116,0.002829882138434639,0.017112361567531174,-0.03955632719079368,0.24047451257844335,0.1002696119626814,0.06631747490167966,0.5037683225886443,-0.21009257702859435,0.0,0.0,0.0,0.1785841265118793,0.10164234701000872,0.9127584542183805,-0.37875213530926294,0.0,0.0,0.0
shared_generic,0.0186999999999999,1.8699999999999901,reverse_low_to_high,1.6490150822582195,5.201853905087145,1.635227537507832,5.130625273910933,2.978722035354448,True,12,7.852227264058505e-05,0,-0.0337817488624073,0.1551156146788645,-0.032614027502732214,0.17065078854631768,-0.041685925223262116,0.002829882138434639,0.017112361567531174,-0.03955632719079368,0.24047451257844335,-0.04870344703833679,0.2252684992447616,-0.045225678374927525,0.25012454195676637,-0.05950874615027179,0.004702413071471218,0.02311264869115319,-0.050777226241726994,0.34781464615418806,0.1785841265118793,0.10164234701000872,0.9127584542183805,-0.37875213530926294,0.0,0.0,0.0,0.24974152135913216,0.12245124038842971,1.2952582808703355,-0.5290766359846997,0.0,0.0,0.0
shared_generic,0.0206666666666666,2.06666666666666,reverse_low_to_high,1.635227537507832,5.130625273910933,1.624831166653292,5.077561703073378,4.877292739265758,True,19,6.205749127382733e-05,0,-0.04870344703833679,0.2252684992447616,-0.045225678374927525,0.25012454195676637,-0.05950874615027179,0.004702413071471218,0.02311264869115319,-0.050777226241726994,0.34781464615418806,-0.06341499470034292,0.2950997286190235,-0.05681845176812373,0.3306901227503761,-0.07661076126380217,0.006900010587111263,0.028296874910492414,-0.058598929341135135,0.4526472763550745,0.24974152135913216,0.12245124038842971,1.2952582808703355,-0.5290766359846997,0.0,0.0,0.0,0.3153924580577602,0.13318999987005167,1.6565203693361763,-0.6604240516064461,0.0,0.0,0.0
shared_generic,0.0226333333333333,2.26333333333333,reverse_low_to_high,1.624831166653292,5.077561703073378,1.617401942861086,5.039979138363331,7.126337057198603,True,30,7.495007221730319e-05,0,-0.06341499470034292,0.2950997286190235,-0.05681845176812373,0.3306901227503761,-0.07661076126380217,0.006900010587111263,0.028296874910492414,-0.058598929341135135,0.4526472763550745,-0.078162676489031,0.36557912285012883,-0.06775765221825482,0.4134717080927379,-0.09321275093442108,0.0094352276110624,0.032887382568479735,-0.06343851371557084,0.5558700764341331,0.3153924580577602,0.13318999987005167,1.6565203693361763,-0.6604240516064461,0.0,0.0,0.0,0.376598022624369,0.13675730181443566,1.9999156368952562,-0.7727656182920313,0.0,0.0,0.0
shared_generic,0.0245999999999999,2.45999999999999,reverse_low_to_high,1.617401942861086,5.039979138363331,1.6126569697968025,5.016121220459103,9.693539429780255,True,29,0.00010751186681787901,0,-0.078162676489031,0.36557912285012883,-0.06775765221825482,0.4134717080927379,-0.09321275093442108,0.0094352276110624,0.032887382568479735,-0.06343851371557084,0.5558700764341331,-0.09316102575433206,0.43757774757242424,-0.07832568376446723,0.4995547524159593,-0.10949432004094148,0.012335696794647657,0.03704228836036833,-0.06550806065624407,0.6582024698644554,0.376598022624369,0.13675730181443566,1.9999156368952562,-0.7727656182920313,0.0,0.0,0.0,0.43401862903285365,0.13511395731247164,2.327462534835527,-0.8664090087753256,0.0,0.0,0.0
shared_generic,0.0265666666666666,2.65666666666666,reverse_low_to_high,1.6126569697968025,5.016121220459103,1.6104101223177347,5.004863413164274,12.556718514897169,True,31,0.00016710345652734142,0,-0.09316102575433206,0.43757774757242424,-0.07832568376446723,0.4995547524159593,-0.10949432004094148,0.012335696794647657,0.03704228836036833,-0.06550806065624407,0.6582024698644554,-0.10859486592919577,0.5118542234097397,-0.08873975570499945,0.5899706830705406,-0.12560274257861692,0.015640912359872867,0.04087242565187671,-0.06490269331207948,0.7600974646843007,0.43401862903285365,0.13511395731247164,2.327462534835527,-0.8664090087753256,0.0,0.0,0.0,0.4880230492913484,0.12962678771705471,2.640124201587941,-0.9419397175982563,0.0,0.0,0.0
shared_generic,0.0285333333333333,2.85333333333333,reverse_low_to_high,1.6104101223177347,5.004863413164274,1.6105413763946352,5.0055203650044415,15.699995709844991,True,32,0.0002375284547732359,0,-0.10859486592919577,0.5118542234097397,-0.08873975570499945,0.5899706830705406,-0.12560274257861692,0.015640912359872867,0.04087242565187671,-0.06490269331207948,0.7600974646843007,-0.12461732706208813,0.5890318948132457,-0.09916212672238478,0.6856660523172844,-0.14165736725431882,0.01939962473156977,0.04445274051660324,-0.06165848511070355,0.8616622541104471,0.4880230492913484,0.12962678771705471,2.640124201587941,-0.9419397175982563,0.0,0.0,0.0,0.5387512501248659,0.12126031951908381,2.9380484172841523,-1.0001725629137597,0.0,0.0,0.0
shared_generic,0.0305,3.05,reverse_low_to_high,1.6105413763946352,5.0055203650044415,1.612979072381495,5.017737186308761,19.11106911360424,True,23,9.637261288678405e-05,0,-0.12461732706208813,0.5890318948132457,-0.09916212672238478,0.6856660523172844,-0.14165736725431882,0.01939962473156977,0.04445274051660324,-0.06165848511070355,0.8616622541104471,-0.14135324730304666,0.6696027900461624,-0.10971226972721833,0.7875049480170658,-0.1577555649022563,0.023667485907743514,0.047830449875145564,-0.05579763324238307,0.962655098284241,0.5387512501248659,0.12126031951908381,2.9380484172841523,-1.0001725629137597,0.0,0.0,0.0,0.5861784840375145,0.11071200754837769,3.2205031362208123,-1.0421121638907564,0.0,0.0,0.0
shared_generic,0.0324666666666666,3.2466666666666604,reverse_low_to_high,1.612979072381495,5.017737186308761,1.617683355042145,5.041397649468941,22.779163010861478,True,29,0.0002366502441562914,0,-0.14135324730304666,0.6696027900461624,-0.10971226972721833,0.7875049480170658,-0.1577555649022563,0.023667485907743514,0.047830449875145564,-0.05579763324238307,0.962655098284241,-0.15889010094233988,0.7538865272609281,-0.12045095583101946,0.8962284001740055,-0.17397799691223664,0.02850634879392973,0.051022413218927386,-0.04735696363464447,1.0623744805611253,0.5861784840375145,0.11071200754837769,3.2205031362208123,-1.0421121638907564,0.0,0.0,0.0,0.6301048889727373,0.09849023412809507,3.486298819894446,-1.0689496576829907,0.0,0.0,0.0
shared_generic,0.0344333333333333,3.4433333333333302,reverse_low_to_high,1.617683355042145,5.041397649468941,1.624639958817891,5.076590926304038,26.69338887774166,True,45,5.508162549011041e-05,0,-0.15889010094233988,0.7538865272609281,-0.12045095583101946,0.8962284001740055,-0.17397799691223664,0.02850634879392973,0.051022413218927386,-0.04735696363464447,1.0623744805611253,-0.17729149234048833,0.8420740531565234,-0.13141236603730172,1.0124827833847752,-0.1903811263946434,0.033979925436998855,0.05403129682851072,-0.03642512489260568,1.1597704464831122,0.6301048889727373,0.09849023412809507,3.486298819894446,-1.0689496576829907,0.0,0.0,0.0,0.6702738305016321,0.08494839236458909,3.7335754265787977,-1.081813025219343,0.0,0.0,0.0
shared_generic,0.001,0.1,zero_nuisance_local_lnCn,2.3367819104211427,10.347882510482465,2.336783571353265,10.3478996976272,57.0317417123484,True,22,0.0007178150962437063,1,0.0,0.0,0.0,0.0,0.0,0.0,0.0,0.0,0.0,0.0956758840405629,-0.08257343386397063,0.07513261422266865,-0.4972207441944708,0.12478421995049042,0.12613348810055694,-0.17682360574925043,1.3313445741839331,-0.22462160285830202,0.0,0.0,0.0,0.0,0.0,0.0,0.0,-2.528589336954191,-2.9122673597607114,-3.9999999999999996,0.012188809169260921,0.0,0.0,0.0
shared_generic,0.001,0.1,pooled_zero,1.6930438416630622,5.436001877454284,2.3367802805768045,10.347865645058487,57.03174172184626,True,15,0.0004026046876219719,1,0.0,0.0,0.0,0.0,0.0,0.0,0.0,0.0,0.0,0.09568044104130259,-0.08257587300314477,0.07513345794184087,-0.4972525313785699,0.12478913638704836,0.12613446497272077,-0.17682525998327747,1.3313361337746634,-0.2246331989598802,0.0,0.0,0.0,0.0,0.0,0.0,0.0,-2.5285902741673483,-2.9122449581831424,-3.9999999999999996,0.012255377810536941,0.0,0.0,0.0
shared_generic,0.001,0.1,deterministic_plus,2.4167819104211428,11.209727301425538,2.3369616945382234,10.34974306264712,57.03181385021783,True,13,2.750037124601345e-06,1,0.27547754029526245,-0.09955621253246535,-0.10306327599881226,-0.46343480017035926,0.29979011235124997,0.07579447406145054,-0.3470706780272294,1.39773652928076,-0.06066193379902787,0.095465217239181,-0.07802472848249263,0.07501943048447335,-0.4968252942528044,0.12728605848572633,0.12594796679110004,-0.17675727549903678,1.3314349770927234,-0.22458465972194458,-2.6104970800785283,-3.0684913667279825,-3.903343775086541,0.15938745118691058,-0.11054967165594738,-0.13667337401445828,0.1234571314087177,-2.5286279935124263,-2.912341620322471,-3.9999999999999996,0.011830260832159949,0.0,0.0,0.0
shared_generic,0.001,0.1,deterministic_minus,2.2567819104211426,9.55229949591474,2.3367829890109886,10.347893671609485,57.03174171324861,True,19,0.0006757269686230375,1,-0.08412088297889425,-0.06559566821254645,0.25332790693206325,-0.5310529964147552,-0.05021519510919818,0.17646723892155844,-0.006572925860576007,1.2649070911571758,-0.3886152482584371,0.09567666669223254,-0.0825739383520238,0.07513274028301549,-0.49722632644439985,0.12478505277928408,0.12613360986093677,-0.176823872505429,1.3313432791502058,-0.22462373406332553,-2.4466956678034553,-2.756007489177066,-4.096656224913459,-0.13483996138797918,0.11054967165594738,0.13667337401445828,-0.1234571314087177,-2.528589910572857,-2.9122641498633115,-3.9999999999999996,0.012200102368005443,0.0,0.0,0.0
shared_generic,0.0049333333333333,0.49333333333333,zero_nuisance_local_lnCn,1.914254744134817,6.7818826753403885,1.9142538869111385,6.781876861752466,10.37506136760155,True,13,2.4102312953276792e-05,0,0.0,0.0,0.0,0.0,0.0,0.0,0.0,0.0,0.0,0.0538937927003227,-0.04518369409005675,0.028206649307357886,-0.3281807083934602,0.06268113587329674,0.040645688698769784,-0.06597367683885652,0.2351597294457345,-0.347221941116379,0.0,0.0,0.0,0.0,0.0,0.0,0.0,-0.5697131334979609,-0.8619393881730528,-2.4769298361209984,0.5674626091747006,0.0,0.0,0.0
shared_generic,0.0049333333333333,0.49333333333333,pooled_zero,1.6930438416630622,5.436001877454284,1.9142538911279403,6.781876890350296,10.375061367588636,True,13,2.3382181057797164e-05,0,0.0,0.0,0.0,0.0,0.0,0.0,0.0,0.0,0.0,0.053893782762905004,-0.04518368700689344,0.02820664747692025,-0.32818063910966033,0.06268112860431528,0.04064568449573567,-0.0659736743025524,0.23515975891339413,-0.34722185966618835,0.0,0.0,0.0,0.0,0.0,0.0,0.0,-0.5697131411413692,-0.8619394412716409,-2.4769298701529405,0.5674623907866883,0.0,0.0,0.0
shared_generic,0.0049333333333333,0.49333333333333,deterministic_plus,1.994254744134817,7.346725796685092,1.9142543486796308,6.781879993410243,10.375061366763884,True,12,4.037751558628886e-05,0,0.23369224737461414,-0.062163309501186856,-0.14998911255570946,-0.2943663578266719,0.2376830854611891,-0.009691052444403957,-0.2362218922078268,0.30156750185113984,-0.18324431202070196,0.053892815161659294,-0.04518291815042264,0.028206605071120334,-0.3281732171236812,0.06268034215196955,0.040645650192368925,-0.06597352632065133,0.23516288089987245,-0.3472131045576234,-0.6516035616218238,-1.0181835969286777,-2.3802888218317673,0.7145734041168186,-0.11054967165594738,-0.13667337401445828,0.1234571314087177,-0.569713994581702,-0.8619452041318513,-2.476933501827182,0.5674389818884727,0.0,0.0,0.0
shared_generic,0.0049333333333333,0.49333333333333,deterministic_minus,1.834254744134817,6.260466756883042,1.9142539639247553,6.781877384049352,10.375061367383648,True,11,1.1101488290884876e-05,0,-0.12590617589954256,-0.02820276518126795,0.20640207037516606,-0.36198455407106783,-0.11232222199925908,0.09098171241570396,0.1042758599588266,0.16873806372755557,-0.5111976264801112,0.053893628302528564,-0.045183564446362824,0.028206638812495063,-0.3281794573445789,0.06268100313754325,0.04064567768601013,-0.06597365057714769,0.23516025584310515,-0.3472204645426539,-0.4878021493467509,-0.705699719377761,-2.573601271658685,0.42034599154192875,0.11054967165594738,0.13667337401445828,-0.1234571314087177,-0.5697132758259827,-0.861940348071579,-2.4769304509417105,0.5674586637825708,0.0,0.0,0.0
shared_generic,0.0068999999999999,0.6899999999999901,zero_nuisance_local_lnCn,1.8289733058796032,6.227489648193561,1.8289728047041072,6.22748652712913,4.75337402923589,True,12,6.081777038919824e-06,0,0.0,0.0,0.0,0.0,0.0,0.0,0.0,0.0,0.0,0.04110735111477426,-0.03479781461008017,0.017911042674011116,-0.261440919232137,0.04480679380785282,0.02564536581776898,-0.04133677220305589,0.13342583749216505,-0.30697823654609946,0.0,0.0,0.0,0.0,0.0,0.0,0.0,-0.3699274546882433,-0.4695509494918003,-1.6674704142835635,0.5238391445672235,0.0,0.0,0.0
shared_generic,0.0068999999999999,0.6899999999999901,pooled_zero,1.6930438416630622,5.436001877454284,1.828972749556876,6.227486183700501,4.7533740293741715,True,11,1.928553795954946e-05,0,0.0,0.0,0.0,0.0,0.0,0.0,0.0,0.0,0.0,0.04110749057070905,-0.0347979252087712,0.017911045654930353,-0.2614419938607448,0.044806895912518865,0.02564536804726474,-0.04133678195297655,0.13342530868339783,-0.3069796527560036,0.0,0.0,0.0,0.0,0.0,0.0,0.0,-0.36992722243977705,-0.4695499203415551,-1.667469590705466,0.523842798034393,0.0,0.0,0.0
shared_generic,0.0068999999999999,0.6899999999999901,deterministic_plus,1.9089733058796032,6.746158999967763,1.8289729743384688,6.227487583524922,4.753374028977989,True,19,3.182073937437081e-05,0,0.22090605076780756,-0.05177771341191825,-0.16028455264444375,-0.22762817405195396,0.21980894857155697,-0.024691154324539256,-0.2115853296706406,0.19983797882049237,-0.143000503236149,0.041106834964936556,-0.034797485601431935,0.0179110194638528,-0.26143711829640853,0.04480645861750732,0.025645339163521318,-0.04133671925068314,0.1334277536717547,-0.30697314989121827,-0.45182358518583843,-0.625793594783321,-1.5708225058053475,0.6709474553065382,-0.11054967165594738,-0.13667337401445828,0.1234571314087177,-0.3699283235132901,-0.4695547274438973,-1.6674734732884833,0.5238258648395548,0.0,0.0,0.0
shared_generic,0.0068999999999999,0.6899999999999901,deterministic_minus,1.748973305879603,5.748697491201036,1.8289727820356019,6.2274863859613205,4.753374029289173,True,10,1.1512417970500291e-05,0,-0.13869237250634914,-0.017817169091999346,0.19610663028643177,-0.29524637029634987,-0.1301963588888912,0.07598161053556865,0.1289124224960128,0.06700854069690805,-0.4709538176955582,0.04110740819993117,-0.0347978602741278,0.017911046294367624,-0.26144136096022286,0.04480683575255935,0.02564536477162995,-0.041336776632202366,0.1334256196943845,-0.3069788188135758,-0.2880221729107656,-0.3133097172324044,-1.7641349556322656,0.3767200427316484,0.11054967165594738,0.13667337401445828,-0.1234571314087177,-0.3699273593112696,-0.46955052665230057,-1.667470075529396,0.5238406471950653,0.0,0.0,0.0
shared_generic,0.0088666666666666,0.8866666666666599,zero_nuisance_local_lnCn,1.7693384746110603,5.866970927135302,1.76933817249629,5.866969154636996,1.7396739488448614,True,9,7.28823053472164e-06,0,0.0,0.0,0.0,0.0,0.0,0.0,0.0,0.0,0.0,0.026562772846767807,-0.02266575141180697,0.010145368535622548,-0.17332958504030724,0.027694608079232953,0.014434871344056367,-0.0231110477738073,0.06858453378308141,-0.21463586009350624,0.0,0.0,0.0,0.0,0.0,0.0,0.0,-0.21519610236043926,-0.22981297292640568,-1.0037119169334343,0.3696242183805594,0.0,0.0,0.0
shared_generic,0.0088666666666666,0.8866666666666599,pooled_zero,1.6930438416630622,5.436001877454284,1.769338178460651,5.866969189629717,1.7396739488366746,True,9,5.436048069695778e-06,0,0.0,0.0,0.0,0.0,0.0,0.0,0.0,0.0,0.0,0.026562754783576416,-0.022665737611026658,0.010145362699168962,-0.17332945697325586,0.027694596962616436,0.014434865847666626,-0.02311104659876887,0.06858460207032353,-0.21463568606112068,0.0,0.0,0.0,0.0,0.0,0.0,0.0,-0.2151961386248438,-0.22981310474304603,-1.0037120437762796,0.3696237614268511,0.0,0.0,0.0
shared_generic,0.0088666666666666,0.8866666666666599,deterministic_plus,1.8493384746110604,6.355613731790634,1.7693382484622433,5.866969600326917,1.7396739487802424,True,9,1.3820561053833573e-05,0,0.20636168300684404,-0.039645755024774354,-0.16805034492771395,-0.13951801916760825,0.2026970790950462,-0.035901511626042854,-0.1933601610023854,0.13499801250396476,-0.050658010953886584,0.026562557897932226,-0.022665582074023596,0.010145361325746022,-0.17332794014960318,0.027694467822149287,0.014434863908585841,-0.02311103740085515,0.06858542268926622,-0.21463360764076775,-0.2970952025098361,-0.3860554868123178,-0.9070599107608961,0.5167326018615895,-0.11054967165594738,-0.13667337401445828,0.1234571314087177,-0.21519657100525932,-0.22981467257092222,-1.003713555290135,0.3696183140947339,0.0,0.0,0.0
shared_generic,0.0088666666666666,0.8866666666666599,deterministic_minus,1.6893384746110602,5.415896766613753,1.769338185625137,5.866969231663536,1.7396739488273187,True,9,3.1560414673892816e-06,0,-0.15323674026731265,-0.005685210704855448,0.18834083800316156,-0.20713621541200417,-0.14730822836540197,0.06477125323406506,0.147137591164268,0.002168574380380442,-0.3786113254132958,0.02656273461177177,-0.022665721251810263,0.010145362713724227,-0.17332930063380772,0.02769458381381316,0.014434866125676871,-0.02311104614829666,0.06858468742690961,-0.21463547090457688,-0.1332937902347633,-0.07357160926140119,-1.1003723605878142,0.2225051892866998,0.11054967165594738,0.13667337401445828,-0.1234571314087177,-0.2151961831288345,-0.22981326607868377,-1.003712200124848,0.369623198652434,0.0,0.0,0.0
shared_generic,0.0108333333333333,1.0833333333333302,zero_nuisance_local_lnCn,1.7243360222931283,5.608795677762274,1.7243359110139234,5.608795053619985,0.33286346281763707,True,7,9.140869434034875e-07,0,0.0,0.0,0.0,0.0,0.0,0.0,0.0,0.0,0.0,0.01208550017775948,-0.010402000444459677,0.004165139436531791,-0.08026275553212475,0.012198636779758385,0.0058814771874114114,-0.00938969725615377,0.025997378896567593,-0.10207939883715438,0.0,0.0,0.0,0.0,0.0,0.0,0.0,-0.09113211211770993,-0.08237553435805682,-0.4376641049546356,0.1748413201241621,0.0,0.0,0.0
shared_generic,0.0108333333333333,1.0833333333333302,pooled_zero,1.6930438416630622,5.436001877454284,1.7243359112236618,5.6087950547963645,0.3328634628175711,True,7,8.295637193551341e-07,0,0.0,0.0,0.0,0.0,0.0,0.0,0.0,0.0,0.0,0.01208549998613223,-0.010402000508988145,0.0041651419806251165,-0.08026275060669832,0.012198636524019844,0.005881478674184185,-0.009389697325679798,0.02599738125966344,-0.10207939160434322,0.0,0.0,0.0,0.0,0.0,0.0,0.0,-0.09113211363917713,-0.0823755396287402,-0.4376641107715335,0.17484130145385968,0.0,0.0,0.0
shared_generic,0.0108333333333333,1.0833333333333302,deterministic_plus,1.8043360222931284,6.075935822951076,1.724335921111283,5.608795110254005,0.3328634628153946,True,14,3.0663873577983503e-06,0,0.19188462465868705,-0.027382190554399555,-0.17403047957612575,-0.04645291653121543,0.18720118892773108,-0.04445489050843816,-0.1796386250006424,0.09241175482038246,0.06189717635543121,0.0120854664564079,-0.010401974980174132,0.004165136076200403,-0.08026250643196683,0.012198617708456778,0.0058814712679689215,-0.009389695065719489,0.025997522086995677,-0.10207904466593896,-0.17303261686863752,-0.2386174559782166,-0.34100876695925464,0.32195401051920325,-0.11054967165594738,-0.13667337401445828,0.1234571314087177,-0.09113219389332551,-0.08237578865625887,-0.4376644049384318,0.1748403666974388,0.0,0.0,0.0
shared_generic,0.0108333333333333,1.0833333333333302,deterministic_minus,1.6443360222931283,5.177570973685064,1.7243359121846515,5.608795060186359,0.3328634628172674,True,8,4.4991871283345954e-07,0,-0.16771379861546964,0.006578353765519353,0.18236070335474977,-0.11407111277561137,-0.1628041185327171,0.05621787435166976,0.160859127166011,-0.04041768330320185,-0.266056138103978,0.01208549599550891,-0.01040199733301758,0.004165138884118368,-0.08026272786504807,0.0121986349826383,0.005881474645748593,-0.00938969609941122,0.02599739460649001,-0.10207936018865592,-0.009231204593564676,0.0738664215727,-0.5343212167861727,0.027726597944313508,0.11054967165594738,0.13667337401445828,-0.1234571314087177,-0.09113212121104466,-0.0823755627940985,-0.4376641375436912,0.17484121646581519,0.0,0.0,0.0
shared_generic,0.012546045825196,1.2546045825196002,zero_nuisance_local_lnCn,1.6930438416630622,5.436001877454284,1.6930438416630622,5.436001877454284,8.14331983278637e-26,True,1,1.5540262300918846e-12,0,0.0,0.0,0.0,0.0,0.0,0.0,0.0,0.0,0.0,0.0,0.0,0.0,0.0,0.0,0.0,0.0,0.0,0.0,0.0,0.0,0.0,0.0,0.0,0.0,0.0,0.0,0.0,0.0,0.0,0.0,0.0,0.0
shared_generic,0.012546045825196,1.2546045825196002,pooled_zero,1.6930438416630622,5.436001877454284,1.6930438416630622,5.436001877454284,8.14331983278637e-26,True,1,1.5540262300918846e-12,0,0.0,0.0,0.0,0.0,0.0,0.0,0.0,0.0,0.0,0.0,0.0,0.0,0.0,0.0,0.0,0.0,0.0,0.0,0.0,0.0,0.0,0.0,0.0,0.0,0.0,0.0,0.0,0.0,0.0,0.0,0.0,0.0
shared_generic,0.012546045825196,1.2546045825196002,deterministic_plus,1.7730438416630623,5.888750533703022,1.6930438417781792,5.436001878080061,9.716296414484799e-18,True,9,1.3439094229134604e-08,0,0.17979921163707835,-0.016980272159959453,-0.17819559146543776,0.03380909812219797,0.17500265373022408,-0.05033638243005396,-0.1702488760833267,0.06641471906179215,0.16397665722970461,-3.434657705580014e-10,-2.800385116105566e-10,-1.1946947974478798e-09,1.1497108286416639e-09,-6.253272268153533e-11,5.68769260676571e-10,5.522264292221565e-10,-6.268455430431241e-10,6.201106111786541e-10,-0.08190070613753643,-0.1562419387754583,0.09665622491345903,0.14711370628744488,-0.11054967165594738,-0.13667337401445828,0.1234571314087177,-1.086102364284154e-09,-6.10732514208904e-10,4.678485283367302e-10,1.1927225528914654e-09,0.0,0.0,0.0
shared_generic,0.012546045825196,1.2546045825196002,deterministic_minus,1.6130438416630621,5.018062192066492,1.6930438413726976,5.436001875875862,1.0286902282421442e-17,True,10,3.408105680830626e-08,0,-0.17979921163707835,0.016980272159959453,0.17819559146543776,-0.03380909812219797,-0.17500265373022408,0.05033638243005396,0.1702488760833267,-0.06641471906179215,-0.16397665722970461,2.176018053715491e-10,-3.2744135762588025e-10,-3.182349601063066e-10,-1.5043098137685351e-09,4.736560602278163e-10,-3.8232167858146923e-10,-8.622879245288075e-11,1.232878690891875e-09,1.2372617403945455e-09,0.08190070613753643,0.1562419387754583,-0.09665622491345903,-0.14711370628744488,0.11054967165594738,0.13667337401445828,-0.1234571314087177,-2.2625496280625168e-10,-4.6565599947585596e-10,6.643531865004885e-10,5.803477831482861e-10,0.0,0.0,0.0
shared_generic,0.0127999999999999,1.27999999999999,zero_nuisance_local_lnCn,1.6896587708662871,5.417631735904045,1.6896587943837749,5.417631863313135,0.006456523108946413,True,5,9.165735891325688e-08,0,0.0,0.0,0.0,0.0,0.0,0.0,0.0,0.0,0.0,-0.002166908724349067,0.009751555463969266,-0.0022893050612988425,0.010533790832087648,-0.0027188673895753063,0.0001203600062956695,0.0012713348857538611,-0.003218607606448892,0.015077662984485707,0.0,0.0,0.0,0.0,0.0,0.0,0.0,0.012256433785559897,0.009442805441616539,0.06033829427310988,-0.02492333543607235,0.0,0.0,0.0
shared_generic,0.0127999999999999,1.27999999999999,pooled_zero,1.6930438416630622,5.436001877454284,1.689658794431455,5.417631863571448,0.006456523108946839,True,5,2.4638827531391375e-08,0,0.0,0.0,0.0,0.0,0.0,0.0,0.0,0.0,0.0,-0.00216690830071114,0.009751555238993738,-0.00228930642621846,0.010533791402406713,-0.0027188669551164234,0.00012036330627274832,0.0012713321078408307,-0.0032186072952397585,0.015077663241151382,0.0,0.0,0.0,0.0,0.0,0.0,0.0,0.012256433568017385,0.009442805266947286,0.060338294005563675,-0.024923336245565055,0.0,0.0,0.0
shared_generic,0.0127999999999999,1.27999999999999,deterministic_plus,1.7696587708662872,5.868850396930289,1.6896587943997239,5.41763186339954,0.006456523108946745,True,7,4.134426523023898e-08,0,0.17763231887173325,-0.007228789288769253,-0.18048490187553556,0.04434280201159847,0.172283814154896,-0.05021600246799156,-0.1689775450330183,0.06319614654796885,0.17905441719859752,-0.0021669103490165142,0.0097515557195411,-0.002289303018770809,0.010533791568155306,-0.002718867563621943,0.00012034985328303414,0.0012713349349465152,-0.0032186087917928188,0.015077664007938887,-0.06964426344226272,-0.1467991333119369,0.15699451202256423,0.12219032091705949,-0.11054967165594738,-0.13667337401445828,0.1234571314087177,0.012256433542010664,0.009442804727928933,0.060338293364467936,-0.024923337957799135,0.0,0.0,0.0
shared_generic,0.0127999999999999,1.27999999999999,deterministic_minus,1.609658770866287,5.001104414116029,1.6896587947305237,5.417631865191693,0.006456523108948164,True,7,1.5770615931978777e-08,0,-0.18196610440242345,0.026731755031149655,0.17590628105533995,-0.02327539423279747,-0.17772149330555218,0.050456762392116355,0.1715202071336351,-0.06963329157561546,-0.1488988972608117,-0.0021669059579773535,0.00975155606274949,-0.0022893102099366632,0.010533792522662915,-0.0027188667294647862,0.00012037987631530052,0.001271329450692198,-0.0032186069694773493,0.015077664588364343,0.09415714883281014,0.16568474423897972,-0.03631793780435383,-0.1720370916578303,0.11054967165594738,0.13667337401445828,-0.1234571314087177,0.012256433145490036,0.009442804125187974,0.06033829218517873,-0.02492334121516456,0.0,0.0,0.0
shared_generic,0.0147666666666666,1.47666666666666,zero_nuisance_local_lnCn,1.6668315469781791,5.295363079609531,1.6668316906185703,5.295363840237609,0.4503979832350339,True,8,8.259332292973622e-07,0,0.0,0.0,0.0,0.0,0.0,0.0,0.0,0.0,0.0,-0.018371951569114465,0.083610447247401,-0.0185103089134994,0.09113997164056006,-0.022868244418306906,0.0012901292770737777,0.009982344936880074,-0.02416179538869467,0.12973564708835306,0.0,0.0,0.0,0.0,0.0,0.0,0.0,0.10026980416641632,0.06631793451832496,0.5037690710931648,-0.2100908416223542,0.0,0.0,0.0
shared_generic,0.0147666666666666,1.47666666666666,pooled_zero,1.6930438416630622,5.436001877454284,1.6668316882171286,5.295363827521102,0.4503979832354082,True,8,2.678567586509035e-07,0,0.0,0.0,0.0,0.0,0.0,0.0,0.0,0.0,0.0,-0.018371949249682128,0.08361042880333568,-0.018510303902124197,0.0911399512234103,-0.022868241888109077,0.0012901184409301475,0.009982344137382065,-0.024161809408048275,0.12973561491902422,0.0,0.0,0.0,0.0,0.0,0.0,0.0,0.10026981307513705,0.06631795636443945,0.5037691068928064,-0.21009074553489973,0.0,0.0,0.0
shared_generic,0.0147666666666666,1.47666666666666,deterministic_plus,1.7468315469781792,5.736398342784447,1.6668317037826814,5.295363909946368,0.4503979832331792,True,14,4.044422120576952e-06,0,0.16142722500628165,0.06663018109704565,-0.19670603690340355,0.12494889300643067,0.15213449930100498,-0.049046329231146754,-0.1602663713063153,0.04225383671910095,0.2937142599119236,-0.0183719731944018,0.08361056474356411,-0.01851032510487152,0.0911400856188057,-0.022868260528852012,0.0012901396907480135,0.0099823426505176,-0.024161702014292363,0.12973581372958617,0.01836921932268877,-0.0899246539269844,0.6004233224912733,-0.06298105769045342,-0.11054967165594738,-0.13667337401445828,0.1234571314087177,0.10026973133738304,0.06631775402166666,0.5037688155928775,-0.21009144509036304,0.0,0.0,0.0
shared_generic,0.0147666666666666,1.47666666666666,deterministic_minus,1.586831546978179,4.888236218839834,1.6668316944079569,5.29536386030379,0.45039798323446073,True,8,1.7704460711079412e-06,0,-0.19817119826787505,0.10059072541696455,0.15968514602747197,0.05733069676203473,-0.1978708081594432,0.05162643562896116,0.1802313808603381,-0.09057560140448336,-0.0342390545474856,-0.018371956096429585,0.08361047861324906,-0.018510313702202897,0.09114000457057343,-0.02286824800218906,0.0012901377617325206,0.009982341537449342,-0.024161771789518463,0.12973570180751726,0.18217063159776165,0.2225592236239322,0.4071108726643552,-0.3572084702653432,0.11054967165594738,0.13667337401445828,-0.1234571314087177,0.10026978875464004,0.06631789783121485,0.5037690108646181,-0.21009100430659544,0.0,0.0,0.0
shared_generic,0.0167333333333333,1.6733333333333302,zero_nuisance_local_lnCn,1.6490148995172835,5.20185295449558,1.6490150356415552,5.201853662594073,1.4787707149820586,True,10,4.465421978101291e-06,0,0.0,0.0,0.0,0.0,0.0,0.0,0.0,0.0,0.0,-0.0337816261675131,0.1551150574470426,-0.03261392790848274,0.17065022429728582,-0.04168588001874796,0.0028298864639453624,0.017112332261410998,-0.039556865979621283,0.2404734651886705,0.0,0.0,0.0,0.0,0.0,0.0,0.0,0.17858452579089296,0.10164321320312827,0.9127601192295086,-0.3787484744317267,0.0,0.0,0.0
shared_generic,0.0167333333333333,1.6733333333333302,pooled_zero,1.6930438416630622,5.436001877454284,1.6490150474122238,5.201853723823369,1.4787707149738443,True,8,8.888476272712622e-06,0,0.0,0.0,0.0,0.0,0.0,0.0,0.0,0.0,0.0,-0.03378165166912854,0.15511516658008456,-0.03261393660016722,0.1706503403879872,-0.0416858921795968,0.002829863363967428,0.017112341628673717,-0.039556772345906446,0.24047366302785453,0.0,0.0,0.0,0.0,0.0,0.0,0.0,0.17858445990095845,0.10164307006037168,0.9127598642359056,-0.37874915103950274,0.0,0.0,0.0
shared_generic,0.0167333333333333,1.6733333333333302,deterministic_plus,1.7290148995172836,5.635100033551836,1.6490150346263033,5.201853657312881,1.4787707149828362,True,9,4.09253157887691e-06,0,0.14601745381976175,0.13813509972556984,-0.21080974081212844,0.20445984305762804,0.13331675886781288,-0.04750647681819626,-0.15313652042047649,0.026859143522069355,0.4044541443781602,-0.03378162567031245,0.1551150484274601,-0.032613925902119804,0.1706502141939148,-0.04168587916065041,0.0028298791091101697,0.01711233486701522,-0.039556875155224894,0.24047344729991985,0.09668445780129976,-0.05459964853799691,1.0094104001706259,-0.2316451576132215,-0.11054967165594738,-0.13667337401445828,0.1234571314087177,0.17858453105174468,0.10164322380576599,0.9127601403792728,-0.37874841803362574,0.0,0.0,0.0
shared_generic,0.0167333333333333,1.6733333333333302,deterministic_minus,1.5690148995172835,4.801915493794486,1.649015063156926,5.201853805725007,1.4787707149532314,True,9,2.1814310224608766e-05,0,-0.21358096945439495,0.17209564404548874,0.14558144211874707,0.13684164681323213,-0.21668854859263528,0.053166288041911654,0.18736123174617692,-0.10597029460151494,0.07650082991875098,-0.033781718543550714,0.15511546347345198,-0.03261401152913087,0.17065063503250272,-0.04168590341899409,0.002829882398684115,0.01711235735540763,-0.03955643649120049,0.24047432527059884,0.26048587007637264,0.2578842290129197,0.8160979503437078,-0.5258725701881113,0.11054967165594738,0.13667337401445828,-0.1234571314087177,0.17858421443713557,0.10164255248630123,0.9127587873338198,-0.37875137314155194,0.0,0.0,0.0
shared_generic,0.0186999999999999,1.8699999999999901,zero_nuisance_local_lnCn,1.6352273101647343,5.130624107498823,1.6352274341748116,5.130624743747955,2.978722035590986,True,12,8.818996244782603e-06,0,0.0,0.0,0.0,0.0,0.0,0.0,0.0,0.0,0.0,-0.048703084047625515,0.2252668851294176,-0.04522530618732035,0.2501229291339872,-0.059508686694116415,0.0047023627426642746,0.023112561084470257,-0.050779035972113536,0.34781135893982557,0.0,0.0,0.0,0.0,0.0,0.0,0.0,0.24974294242247927,0.12245398396739983,1.2952642405156907,-0.5290634866638944,0.0,0.0,0.0
shared_generic,0.0186999999999999,1.8699999999999901,pooled_zero,1.6930438416630622,5.436001877454284,1.6352274351770801,5.130624748890218,2.978722035582876,True,9,7.92349471958781e-06,0,0.0,0.0,0.0,0.0,0.0,0.0,0.0,0.0,0.0,-0.048703087700437075,0.22526690360939966,-0.0452253116466732,0.2501229470367786,-0.05950868733446253,0.004702366121096891,0.02311255890544279,-0.05077901326402317,0.3478113984381165,0.0,0.0,0.0,0.0,0.0,0.0,0.0,0.24974292037815232,0.12245395455299661,1.2952641566358303,-0.5290636635817111,0.0,0.0,0.0
shared_generic,0.0186999999999999,1.8699999999999901,deterministic_plus,1.7152273101647344,5.5579387447548525,1.6352275164065582,5.130625165648206,2.9787220353440427,True,11,6.689166691174163e-05,0,0.13109566474673284,0.20828831111330104,-0.22342127622781627,0.28393409399838254,0.11549401982392218,-0.04563435539231066,-0.1471365426423997,0.01563869654416935,0.5117972380431992,-0.04870339414638805,0.22526825645924942,-0.04522563427711501,0.2501242889968325,-0.059508730281336214,0.004702408495279822,0.023112637843165085,-0.0507774644893743,0.3478141960241683,0.1678423937491122,-0.0337910234165157,1.391905499791308,-0.3819781720770635,-0.11054967165594738,-0.13667337401445828,0.1234571314087177,0.249741695120984,0.12245157861768802,1.2952590551688337,-0.5290749632519446,0.0,0.0,0.0
shared_generic,0.0186999999999999,1.8699999999999901,deterministic_minus,1.5552273101647343,4.736162980797507,1.635227465351045,5.130624903701512,2.9787220353615904,True,17,4.1676252933602636e-05,0,-0.22850275852742385,0.24224885543321995,0.13296990670305925,0.21631589775398663,-0.23451128763652598,0.055038409467797256,0.1933612095242537,-0.11719074157941495,0.18384392358378998,-0.04870327829278438,0.22526771268705453,-0.04522553606800014,0.25012372199135174,-0.05950868953052463,0.004702387009536425,0.023112618960430355,-0.05077797415144408,0.3478132455682198,0.33164380602418503,0.2786928541344009,1.19859304996439,-0.6762055846519534,0.11054967165594738,0.13667337401445828,-0.1234571314087177,0.24974207465262,0.12245232861628827,1.295260722678076,-0.5290713459433631,0.0,0.0,0.0
shared_generic,0.0206666666666666,2.06666666666666,zero_nuisance_local_lnCn,1.6248310177324514,5.077560946918678,1.6248310047599606,5.077560881050065,4.877292739094661,True,25,4.5721350330268536e-05,0,0.0,0.0,0.0,0.0,0.0,0.0,0.0,0.0,0.0,-0.06341494605423124,0.29509920677769036,-0.056818687905391824,0.33068929364040806,-0.07661054192157957,0.006899951959165538,0.028296985563527687,-0.058598733207514325,0.45264725266710676,0.0,0.0,0.0,0.0,0.0,0.0,0.0,0.31539227743402665,0.1331892610959355,1.6565177176869872,-0.6604240154741152,0.0,0.0,0.0
shared_generic,0.0206666666666666,2.06666666666666,pooled_zero,1.6930438416630622,5.436001877454284,1.6248312257467836,5.077562003124237,4.87729273911214,True,11,0.0001487556745436888,0,0.0,0.0,0.0,0.0,0.0,0.0,0.0,0.0,0.0,-0.0634153322017754,0.29510108740916996,-0.056818865152479955,0.33069144046575577,-0.07661070468382186,0.006900037955826933,0.028296985980022827,-0.05859722391191854,0.4526501885957298,0.0,0.0,0.0,0.0,0.0,0.0,0.0,0.31539110188926656,0.13318764702559516,1.6565135449705135,-0.660435975518651,0.0,0.0,0.0
shared_generic,0.0206666666666666,2.06666666666666,deterministic_plus,1.7048310177324515,5.500456109128421,1.6248311180154895,5.077561456111941,4.877292739331115,True,23,4.238626850871677e-05,0,0.11638363490968015,0.27812060757576584,-0.23501510916384735,0.36450128066314896,0.09839190089843838,-0.043436460169828855,-0.1419514446222011,0.007816964311436553,0.6166345013392727,-0.0634149217150392,0.29509935168355816,-0.05681841017511782,0.3306896932926967,-0.07661071176456731,0.006899985720870091,0.028296872777098112,-0.058599207413204416,0.45264672786262816,0.233493783802262,-0.023053273715882006,1.7531574375168333,-0.5133399762656106,-0.11054967165594738,-0.13667337401445828,0.1234571314087177,0.31539264775275677,0.13319034240608787,1.656521154122078,-0.6604217868918292,0.0,0.0,0.0
shared_generic,0.0206666666666666,2.06666666666666,deterministic_minus,1.5448310177324514,4.687179509875036,1.6248311470017696,5.077561603291561,4.877292739284706,True,22,5.4965252364700575e-05,0,-0.24321478836447655,0.31208115189568475,0.12137607376702816,0.29688308441875305,-0.2516134065620098,0.05723630469027906,0.1985463075444523,-0.12501247381214775,0.2886811868798635,-0.063414970429392,0.29509959263219465,-0.056818439583766665,0.3306899670167404,-0.07661074154843724,0.006900004964334181,0.028296876151345667,-0.05859902836159392,0.45264707761605294,0.3972951960773348,0.2894306038350346,1.5598449876899152,-0.8075673888405004,0.11054967165594738,0.13667337401445828,-0.1234571314087177,0.3153925219061523,0.13319011758387853,1.656520630276562,-0.6604232507231048,0.0,0.0,0.0
shared_generic,0.0226333333333333,2.26333333333333,zero_nuisance_local_lnCn,1.6174028172040698,5.039983545035656,1.6174019270784865,5.03997905881936,7.126337056988506,True,31,0.00010524435585431226,0,0.0,0.0,0.0,0.0,0.0,0.0,0.0,0.0,0.0,-0.07816277303325253,0.36557943031851126,-0.06775789396258936,0.4134718749452034,-0.09321267478800685,0.009435237052714271,0.03288746582481937,-0.06343783928970621,0.555870668004595,0.0,0.0,0.0,0.0,0.0,0.0,0.0,0.3765973882433749,0.1367561320738231,1.999912336597025,-0.7727699184985274,0.0,0.0,0.0
shared_generic,0.0226333333333333,2.26333333333333,pooled_zero,1.6930438416630622,5.436001877454284,1.617401932439858,5.03997908584056,7.126337057067366,True,27,9.172765928478151e-05,0,0.0,0.0,0.0,0.0,0.0,0.0,0.0,0.0,0.0,-0.07816273019609747,0.3655792935324541,-0.06775778517765814,0.41347180071297046,-0.09321270862482632,0.009435230159673442,0.03288742854552876,-0.06343813717742511,0.5558704040828387,0.0,0.0,0.0,0.0,0.0,0.0,0.0,0.37659767065786165,0.13675665300401024,1.9999138072644191,-0.7727680031996039,0.0,0.0,0.0
shared_generic,0.0226333333333333,2.26333333333333,deterministic_plus,1.6974028172040698,5.459748995631719,1.6174019269582558,5.0399790582134,7.126337057014417,True,28,0.00010031639172741038,0,0.10163445675307335,0.34860785357869156,-0.24595511067287718,0.44729173221604196,0.08178904807994448,-0.04090098876154925,-0.137360764101544,0.0029829406700920547,0.7198703865772387,-0.07816275783268853,0.36557938147799307,-0.06775785206271911,0.4134718482860006,-0.09321268782203765,0.009435229976528157,0.032887452033797684,-0.06343794599233903,0.5558705720646876,0.2946991086594394,-0.01948935324267881,2.0965349946270364,-0.6257321969900017,-0.11054967165594738,-0.13667337401445828,0.1234571314087177,0.37659749049065067,0.13675632097358564,1.999912870248635,-0.7727692244342851,0.0,0.0,0.0
shared_generic,0.0226333333333333,2.26333333333333,deterministic_minus,1.5374028172040697,4.652491195942079,1.6174019245510871,5.03997904608132,7.126337056917269,True,27,0.00012440939146259324,0,-0.25796396652108333,0.38256839789861047,0.11043607225799836,0.37967353597164605,-0.2682162593805037,0.05977177609855866,0.2031369880651094,-0.12984649745349225,0.3919170721178294,-0.07816283332236297,0.36557962220748,-0.06775804302600895,0.4134719774404358,-0.09321262771839156,0.009435238915736655,0.03288751520746342,-0.0634374139571025,0.5558710426752271,0.4585005209345122,0.2929945243082378,1.9032225448001185,-0.9199596095648915,0.11054967165594738,0.13667337401445828,-0.1234571314087177,0.3765969895773679,0.1367553944923471,1.9999102574735843,-0.772772623078801,0.0,0.0,0.0
shared_generic,0.0245999999999999,2.45999999999999,zero_nuisance_local_lnCn,1.612656596169306,5.016119346298639,1.6126569759353488,5.016121251250795,9.693539429791766,True,31,0.00010556569779763841,0,0.0,0.0,0.0,0.0,0.0,0.0,0.0,0.0,0.0,-0.09316102055310004,0.43757773853314447,-0.07832565788173299,0.49955476450426173,-0.10949433202486501,0.01233569774510061,0.03704227777843982,-0.06550811550796896,0.658202432920747,0.0,0.0,0.0,0.0,0.0,0.0,0.0,0.4340186813457995,0.13511406693132122,2.3274629215262963,-0.8664086963618763,0.0,0.0,0.0
shared_generic,0.0245999999999999,2.45999999999999,pooled_zero,1.6930438416630622,5.436001877454284,1.6126569881764599,5.016121312653693,9.693539430413345,True,28,0.00011436489640950251,0,0.0,0.0,0.0,0.0,0.0,0.0,0.0,0.0,0.0,-0.09316087560262057,0.43757716171680255,-0.07832516791496864,0.49955443508868724,-0.10949440637994372,0.012335696951878144,0.037042076779480695,-0.06550937552270918,0.6582009182412334,0.0,0.0,0.0,0.0,0.0,0.0,0.0,0.43401965445570917,0.13511634223157484,2.3274714372737373,-0.8664009734555075,0.0,0.0,0.0
shared_generic,0.0245999999999999,2.45999999999999,deterministic_plus,1.692656596169306,5.433897217759483,1.6126570589110287,5.016121667466884,9.693539430336626,True,25,9.669045926418298e-05,0,0.08663899582791695,0.42059427150974016,-0.25651983917856797,0.5333605439202891,0.06550757361009849,-0.038001247467048055,-0.133207072941263,0.0008977820825220584,0.822183093385153,-0.09316081435834556,0.43757753492941626,-0.07832542802482742,0.49955429650397254,-0.10949477990078402,0.012335728883600777,0.03704231848726434,-0.06550922167807886,0.6582014498362543,0.35213055940501126,-0.021116071639725703,2.4241261340386226,-0.7192732595385557,-0.11054967165594738,-0.13667337401445828,0.1234571314087177,0.43402000055947926,0.13511396215011437,2.327466601370345,-0.8663991066564888,0.0,0.0,0.0
shared_generic,0.0245999999999999,2.45999999999999,deterministic_minus,1.532656596169306,4.63046176399452,1.6126570154213302,5.01612144931727,9.69353943055456,True,27,0.00010755423262404449,0,-0.27295942744623974,0.45455481582965906,0.09987134375230756,0.4657423476758931,-0.2844977338503497,0.06267151739305986,0.2072906792253904,-0.13193165604106225,0.4942297789257439,-0.09316085984598704,0.43757717232649107,-0.07832506098111577,0.4995545453280704,-0.10949446988136868,0.012335699358758152,0.037042033037357154,-0.06550957605227259,0.6582008619579648,0.5159319716800841,0.29136780591119094,2.230813684211705,-1.0135006721134454,0.11054967165594738,0.13667337401445828,-0.1234571314087177,0.4340198614341544,0.13511675472858206,2.3274728356133174,-0.8663999409974595,0.0,0.0,0.0
shared_generic,0.0265666666666666,2.65666666666666,zero_nuisance_local_lnCn,1.6104121778975684,5.0048737010711495,1.6104101704650147,5.004863654134839,12.556718518204752,True,24,7.053594491011874e-05,0,0.0,0.0,0.0,0.0,0.0,0.0,0.0,0.0,0.0,-0.10859424011469496,0.5118522547344365,-0.08873799281877376,0.5899694036306192,-0.12560324463479564,0.01564098953255759,0.0408718019117761,-0.06490511473968416,0.7600919277847135,0.0,0.0,0.0,0.0,0.0,0.0,0.0,0.48802389970624144,0.12963063548007045,2.6401574567339057,-0.941923925169903,0.0,0.0,0.0
shared_generic,0.0265666666666666,2.65666666666666,pooled_zero,1.6930438416630622,5.436001877454284,1.6104101289536592,5.004863446376169,12.556718514897664,True,33,0.00016593255788458159,0,0.0,0.0,0.0,0.0,0.0,0.0,0.0,0.0,0.0,-0.1085948632116385,0.5118542184740149,-0.08873974039610819,0.5899706882725635,-0.1256027497378715,0.015640912394369322,0.04087241914235599,-0.06490271605276746,0.7600973926888825,0.0,0.0,0.0,0.0,0.0,0.0,0.0,0.4880230561860839,0.12962681590274996,2.640124481804459,-0.9419395497495788,0.0,0.0,0.0
shared_generic,0.0265666666666666,2.65666666666666,deterministic_plus,1.6904121778975685,5.421714955716883,1.6104102036069452,5.004863820005685,12.556718517884637,True,21,9.311970386306068e-05,0,0.07120354572561645,0.494881130446283,-0.26693253714717186,0.6237905145464294,0.04939610599386329,-0.03469494556285596,-0.1293781576876856,0.0015066814343825535,0.9240799425732893,-0.10859427427978421,0.5118524460514492,-0.08873799599126597,0.589969657306958,-0.12560330237173056,0.01564100894186719,0.040871790409107045,-0.06490491703358003,0.760092121502536,0.4061376876104978,-0.026602622721857205,2.7367999133264362,-0.7947699872922377,-0.11054967165594738,-0.13667337401445828,0.1234571314087177,0.48802367442004946,0.12963049839981952,2.6401563309581118,-0.9419259911996924,0.0,0.0,0.0
shared_generic,0.0265666666666666,2.65666666666666,deterministic_minus,1.5304121778975683,4.620080725059359,1.6104100853628627,5.00486322821019,12.556718518115284,True,20,6.288117104204111e-05,0,-0.28839487754854026,0.5288416747662019,0.08945864578370366,0.5561723183020334,-0.3006092014665849,0.06597781929725195,0.2111195944789678,-0.13132275668920174,0.5961266281138802,-0.10859422340570453,0.5118520709522102,-0.08873804392532836,0.5899691043333533,-0.12560304502091496,0.015640932909940702,0.04087182856306123,-0.06490501413421144,0.760092465797298,0.5699390998855707,0.2858812548290594,2.5434874634995186,-1.0889973998671274,0.11054967165594738,0.13667337401445828,-0.1234571314087177,0.48802381169554887,0.12963066715321153,2.640156827951915,-0.9419234857891995,0.0,0.0,0.0
shared_generic,0.0324666666666666,3.2466666666666604,zero_nuisance_local_lnCn,1.617683308509933,5.041397414881562,1.6176872956136248,5.041417515495878,22.77916301241319,True,28,6.49862432400406e-05,0,0.0,0.0,0.0,0.0,0.0,0.0,0.0,0.0,0.0,-0.15889436135954607,0.7539067397348919,-0.12045469373448449,0.8962508331589358,-0.17397833867632645,0.028507317127118913,0.05102370908543169,-0.047362993168831045,1.062385703878742,0.0,0.0,0.0,0.0,0.0,0.0,0.0,0.6301243939285567,0.09849000428873975,3.4863258486752446,-1.0689189561039465,0.0,0.0,0.0
shared_generic,0.0324666666666666,3.2466666666666604,pooled_zero,1.6930438416630622,5.436001877454284,1.6176867342879124,5.041414685619395,22.779163010473486,True,33,9.37492107606992e-05,0,0.0,0.0,0.0,0.0,0.0,0.0,0.0,0.0,0.0,-0.15889394247959607,0.7539059837630819,-0.12045443243178507,0.8962477143202134,-0.1739782473407495,0.02850708260857684,0.05102383370027228,-0.04736178627926082,1.0623885852526265,0.0,0.0,0.0,0.0,0.0,0.0,0.0,0.6301223411060335,0.09848847216405375,3.4863154856523213,-1.068926473483996,0.0,0.0,0.0
shared_generic,0.0324666666666666,3.2466666666666604,deterministic_plus,1.697683308509933,5.461280622551164,1.6176891485260114,5.041426856809493,22.779163016362276,True,24,0.00018126818914045989,0,0.020907968853560555,0.7369112735521385,-0.2986485659569523,0.9300404251051796,0.001025346504002489,-0.021830454814966555,-0.1192253951970994,0.019053687609804554,1.226375833483927,-0.15889456703116525,0.7539105266031672,-0.12045099818343287,0.8962596547938472,-0.17398291018576909,0.028508715099450445,0.051021505704995154,-0.04735580645237891,1.0623674931643095,0.5482289751466699,-0.057747565169719,3.582969323045563,-0.9218384065442119,-0.11054967165594738,-0.13667337401445828,0.1234571314087177,0.6301076058447281,0.09848493473492874,3.486352417200397,-1.068926924192687,0.0,0.0,0.0
shared_generic,0.0324666666666666,3.2466666666666604,deterministic_minus,1.5376833085099328,4.653796362308498,1.6176862472408373,5.041412230213715,22.779163011128233,True,33,7.085157266551457e-05,0,-0.33869045442059614,0.7708718178720574,0.05774261697392316,0.8624222288607836,-0.3489799609564457,0.07884231004514136,0.221272356969554,-0.11377575051377975,0.8984225190245179,-0.15889405409522478,0.7539039034359715,-0.12045517823940509,0.8962474934266504,-0.1739777604212261,0.028506738935457694,0.0510242815126575,-0.04736292653820471,1.0623969082032603,0.7120303874217427,0.2547363123811976,3.3896568732186454,-1.2160658191191016,0.11054967165594738,0.13667337401445828,-0.1234571314087177,0.6301298632721124,0.0984913381168741,3.4863196301315114,-1.0689212676916404,2.450546044179246e-18,1.2713467056468864e-17,-5.78149351199529e-18
shared_generic,0.0344333333333333,3.4433333333333302,zero_nuisance_local_lnCn,1.624641394883932,5.076598216629106,1.6246385186979595,5.076583615409525,26.693388878978666,True,49,0.0002494503989283622,0,0.0,0.0,0.0,0.0,0.0,0.0,0.0,0.0,0.0,-0.1772890265377105,0.842063672390131,-0.13140935574204995,1.012472244936645,-0.1903820110138009,0.033979779796179777,0.054029689077814344,-0.036420068888405835,1.159753067496606,0.0,0.0,0.0,0.0,0.0,0.0,0.0,0.6702537493989955,0.08494659086402352,3.7335406097649306,-1.0818372674178611,0.0,0.0,0.0
shared_generic,0.0344333333333333,3.4433333333333302,pooled_zero,1.6930438416630622,5.436001877454284,1.6246373583536364,5.076577724827964,26.69338887831522,True,47,0.0004971698688680913,0,0.0,0.0,0.0,0.0,0.0,0.0,0.0,0.0,0.0,-0.17728956628847875,0.8420643341156788,-0.13141130552430066,1.0124693143645023,-0.19037801100153973,0.03397919769130031,0.05403099386016152,-0.036417802283695705,1.1597639942213622,0.0,0.0,0.0,0.0,0.0,0.0,0.0,0.6702566605390884,0.08494343115092583,3.733620412144072,-1.0818423944148583,0.0,0.0,0.0
shared_generic,0.0344333333333333,3.4433333333333302,deterministic_plus,1.704641394883932,5.499413195856069,1.6246409439271692,5.076595927303325,26.693388876236476,True,41,0.0004912721005987564,0,0.00250497000725855,0.8251071644535717,-0.30961099873524195,1.0463039435661219,-0.015379260411866325,-0.01635705841598776,-0.1162159290149945,0.02998237366413925,1.3237815301518736,-0.17729275184882073,0.8420813002929513,-0.13141289347947918,1.0124905244724265,-0.19038200748136128,0.033980227663669316,0.054031111447456176,-0.03642121713595993,1.1597789447764786,0.5884024173094407,-0.0712852926206846,3.830084081357144,-0.9347385769378916,-0.11054967165594738,-0.13667337401445828,0.1234571314087177,0.6702705294250546,0.08494689751317262,3.7335434945954487,-1.0818376368700333,0.0,0.0,0.0
shared_generic,0.0344333333333333,3.4433333333333302,deterministic_minus,1.544641394883932,4.686290797807572,1.6246379087313212,5.076580518863828,26.69338887628206,True,37,0.0005700401737191578,0,-0.3570934532668981,0.8590677087734906,0.04678018419563357,0.978685747321726,-0.3653845678723145,0.08431570644412015,0.2242818231516589,-0.10284706445944505,0.9958282156924645,-0.17729005666633166,0.8420691723638851,-0.13141102325903975,1.0124719480276057,-0.19037872082151108,0.03397940939096652,0.05403068839284576,-0.03641574617916767,1.1597654687982557,0.7522038295845135,0.241198584930232,3.6367716315302263,-1.2289659895127814,0.11054967165594738,0.13667337401445828,-0.1234571314087177,0.6702548772624554,0.08494333062546604,3.7336072130247917,-1.0818459597523156,3.138904068611656e-26,7.206412175235972e-26,-4.8404180544312594e-26
expanded_generic,0.001,0.1,stored_original,2.431452734478743,11.375395511550522,2.431452734478743,11.375395511550522,0.0426166146724276,True,8,1.388772330245882e-06,0,-0.0049087243694961,-0.0166776825488964,-0.0139777231679235,0.0151307367914126,0.0703241775319298,-0.0020279830613008,0.0019673739446148,0.008895684321904,-0.0010115187740926,-0.0049087243694961,-0.0166776825488964,-0.0139777231679235,0.0151307367914126,0.0703241775319298,-0.0020279830613008,0.0019673739446148,0.008895684321904,-0.0010115187740926,-0.005942324664743,-0.0063750935992582,-0.0342296478942247,-0.0192496009340527,-0.0237696008599082,0.0081166248037356,-0.0011473526779066,-0.005942324664743,-0.0063750935992582,-0.0342296478942247,-0.0192496009340527,-0.0237696008599082,0.0081166248037356,-0.0011473526779066
expanded_generic,0.0029666666666666,0.29666666666666003,stored_original,2.098504410477602,8.153965802852435,2.098504410477602,8.153965802852435,0.0209926738572921,True,7,6.91480763802017e-07,0,-0.0037300113715711,-0.0110906686595852,-0.0145014100705079,0.0050341337949449,0.047744981186366,-0.0021036721808402,0.0026705243497631,0.0044792132182666,-0.002781803667065,-0.0037300113715711,-0.0110906686595852,-0.0145014100705079,0.0050341337949449,0.047744981186366,-0.0021036721808402,0.0026705243497631,0.0044792132182666,-0.002781803667065,-0.0043726436715858,-0.0017325388371854,-0.0279342661112312,-0.0146853247879209,-0.017490298927931,0.0040602527450253,-0.0008462154076759,-0.0043726436715858,-0.0017325388371854,-0.0279342661112312,-0.0146853247879209,-0.017490298927931,0.0040602527450253,-0.0008462154076759
expanded_generic,0.0049333333333333,0.49333333333333,stored_original,1.9484413465162616,7.017740825520831,1.9484413465162616,7.017740825520831,0.0115704998489463,True,6,1.027193269306488e-06,0,-0.0028553048361981,-0.0079419874268298,-0.0124733014053106,0.0015761429261489,0.0345105222240451,-0.0018073317838475,0.0024526809805415,0.0027025353822861,-0.0029219461061131,-0.0028553048361981,-0.0079419874268298,-0.0124733014053106,0.0015761429261489,0.0345105222240451,-0.0018073317838475,0.0024526809805415,0.0027025353822861,-0.0029219461061131,-0.0032897444420616,-0.0002109125428757,-0.0220379672275853,-0.0112664618266023,-0.0131589260419395,0.0023364248891625,-0.0006265756243111,-0.0032897444420616,-0.0002109125428757,-0.0220379672275853,-0.0112664618266023,-0.0131589260419395,0.0023364248891625,-0.0006265756243111
expanded_generic,0.0068999999999999,0.6899999999999901,stored_original,1.852866657174828,6.378077101473667,1.852866657174828,6.378077101473667,0.0058793457301309,True,6,3.027524062177887e-07,0,-0.0020708919478458,-0.0055084551226183,-0.0096988298422613,6.859813668309725e-05,0.0240527595380185,-0.0014028374746977,0.0019694292567186,0.0016267645808649,-0.0025436471086214,-0.0020708919478458,-0.0055084551226183,-0.0096988298422613,6.859813668309725e-05,0.0240527595380185,-0.0014028374746977,0.0019694292567186,0.0016267645808649,-0.0025436471086214,-0.0023515292505488,0.0003925336116465,-0.0162688907229109,-0.0081850755576878,-0.0094061418229815,0.0013112292285116,-0.0004334164874007,-0.0023515292505488,0.0003925336116465,-0.0162688907229109,-0.0081850755576878,-0.0094061418229815,0.0013112292285116,-0.0004334164874007
expanded_generic,0.0088666666666666,0.8866666666666599,stored_original,1.7838877678597336,5.952955196036129,1.7838877678597336,5.952955196036129,0.0023694944203849,True,7,2.143491457516571e-07,0,-0.0013303967665876,-0.003427173337355,-0.0065414775117768,-0.0004599075287965,0.0149739481717745,-0.000943568133202,0.001353020303904,0.0008869004430066,-0.0018609465289104,-0.0013303967665876,-0.003427173337355,-0.0065414775117768,-0.0004599075287965,0.0149739481717745,-0.000943568133202,0.001353020303904,0.0008869004430066,-0.0018609465289104,-0.0014892415148124,0.000521325854589,-0.0105669855342161,-0.0052618758141378,-0.0059569920452344,0.0006488440372589,-0.0002621475080839,-0.0014892415148124,0.000521325854589,-0.0105669855342161,-0.0052618758141378,-0.0059569920452344,0.0006488440372589,-0.0002621475080839
expanded_generic,0.0108333333333333,1.0833333333333302,stored_original,1.730707510249041,5.64464614098602,1.730707510249041,5.64464614098602,0.0004951501244179,True,6,9.420601044256957e-08,0,-0.0006171316466932,-0.0014623595732187,-0.0031365114493686,-0.0003914980500288,0.0067768415563077,-0.0004521204032324,0.0006554857245379,0.0003542470745325,-0.0009476886758702,-0.0006171316466932,-0.0014623595732187,-0.0031365114493686,-0.0003914980500288,0.0067768415563077,-0.0004521204032324,0.0006554857245379,0.0003542470745325,-0.0009476886758702,-0.0006758627124476,0.0003431170389355,-0.0049013533338368,-0.0024283230795834,-0.00270342242103,0.0002325866868455,-0.0001112436682218,-0.0006758627124476,0.0003431170389355,-0.0049013533338368,-0.0024283230795834,-0.00270342242103,0.0002325866868455,-0.0001112436682218
expanded_generic,0.012546045825196,1.2546045825196002,stored_original,1.6930438416630622,5.436001877454284,1.6930438416630622,5.436001877454284,0.0,True,0,0.0,0,0.0,0.0,0.0,0.0,0.0,0.0,0.0,0.0,0.0,0.0,0.0,0.0,0.0,0.0,0.0,0.0,0.0,0.0,0.0,0.0,0.0,0.0,0.0,0.0,0.0,0.0,0.0,0.0,0.0,0.0,0.0,0.0
expanded_generic,0.0127999999999999,1.27999999999999,stored_original,1.687998484030764,5.408644376115294,1.687998484030764,5.408644376115294,1.1197685423859558e-05,True,27,0.0013497445870815,0,2.7214916791197467e-05,1.118807940633376e-09,6.262452718490585e-05,0.0001532781638862,-0.0010537015453195,0.0001940692143638,-0.0001040246935636,-4.791173301481688e-05,0.0001943567792309,2.7214916791197467e-05,1.118807940633376e-09,6.262452718490585e-05,0.0001532781638862,-0.0010537015453195,0.0001940692143638,-0.0001040246935636,-4.791173301481688e-05,0.0001943567792309,9.923229397759e-05,-6.453292420031668e-05,0.0007329617978853,0.0003598926306314,0.0003969318253475,-2.2007384916993144e-05,1.5781384651343604e-05,9.923229397759e-05,-6.453292420031668e-05,0.0007329617978853,0.0003598926306314,0.0003969318253475,-2.2007384916993144e-05,1.5781384651343604e-05
expanded_generic,0.0147666666666666,1.47666666666666,stored_original,1.6529327648726466,5.222273089519286,1.6529327648726466,5.222273089519286,0.0008452524852011,True,27,0.0144736851656142,0,4.998276151225455e-05,2.2101726143761876e-10,0.0005439177383867,0.0025954636060239,-0.0093124541352361,0.0017016933287023,-0.0008675284139912,-0.0009170395858765,0.0010215151434718,4.998276151225455e-05,2.2101726143761876e-10,0.0005439177383867,0.0025954636060239,-0.0093124541352361,0.0017016933287023,-0.0008675284139912,-0.0009170395858765,0.0010215151434718,0.0009758926291567,-0.0004601801384084,0.0069512973375206,0.0028023900916618,0.0039379525387648,0.0010918077180365,0.0002863150347844,0.0009758926291567,-0.0004601801384084,0.0069512973375206,0.0028023900916618,0.0039379525387648,0.0010918077180365,0.0002863150347844
expanded_generic,0.0167333333333333,1.6733333333333302,stored_original,1.6230884805599952,5.068720812591472,1.6230884805599952,5.068720812591472,0.0029482333899161,True,27,0.0208643686085107,0,0.0003802325471906,2.9831244245750075e-10,0.0010500226786082,0.0031520528384964,-0.0165339918859908,0.0032847214663292,-0.0018065557573818,-0.0005857499643785,0.0036200340823499,0.0003802325471906,2.9831244245750075e-10,0.0010500226786082,0.0031520528384964,-0.0165339918859908,0.0032847214663292,-0.0018065557573818,-0.0005857499643785,0.0036200340823499,0.0015812018456034,-0.0014130185793302,0.0120696159169322,0.0058800999912424,0.0063248706469459,-5.237559120669384e-05,0.0002138647575938,0.0015812018456034,-0.0014130185793302,0.0120696159169322,0.0058800999912424,0.0063248706469459,-5.237559120669384e-05,0.0002138647575938
expanded_generic,0.0186999999999999,1.8699999999999901,stored_original,1.5977555345468926,4.941927980662275,1.5977555345468926,4.941927980662275,0.0063049175863313,True,30,0.0873437979009636,0,0.0005204295149611,-4.1303285199386536e-10,0.0015606029727395,0.0050046582800045,-0.0238211919068816,0.0048903774427794,-0.0027104443165446,-0.0007413575358074,0.0056043825369498,0.0005204295149611,-4.1303285199386536e-10,0.0015606029727395,0.0050046582800045,-0.0238211919068816,0.0048903774427794,-0.0027104443165446,-0.0007413575358074,0.0056043825369498,0.0022846805577156,-0.0023063406443021,0.0177161036109795,0.0086196024791782,0.0091387700051707,0.0001039587594595,0.0002743853931855,0.0022846805577156,-0.0023063406443021,0.0177161036109795,0.0086196024791782,0.0091387700051707,0.0001039587594595,0.0002743853931855
expanded_generic,0.0206666666666666,2.06666666666666,stored_original,1.5758846003271196,4.835016784353836,1.5758846003271196,4.835016784353836,0.0109009412132557,True,33,0.0405391256920593,0,0.0006430671301681,5.997549566495437e-10,0.0020800920544534,0.007033116843803,-0.0308954179542943,0.0065303010026798,-0.0036446329409142,-0.000832932174644,0.0077726977328502,0.0006430671301681,5.997549566495437e-10,0.0020800920544534,0.007033116843803,-0.0308954179542943,0.0065303010026798,-0.0036446329409142,-0.000832932174644,0.0077726977328502,0.002965017257692,-0.0033297283386617,0.0233496627896725,0.0113547000921524,0.0118594130626265,0.0003576040249548,0.0003068359111779,0.002965017257692,-0.0033297283386617,0.0233496627896725,0.0113547000921524,0.0118594130626265,0.0003576040249548,0.0003068359111779
expanded_generic,0.0226333333333333,2.26333333333333,stored_original,1.5568448196817686,4.743829968534371,1.5568448196817686,4.743829968534371,0.0167388867797939,True,28,0.0522510121682277,0,0.0007487745705445,1.0704258458640919e-09,0.002608455093434,0.0092422709269642,-0.0378127789643726,0.0082025050992481,-0.00460612594789,-0.0008793915140655,0.0101099894350626,0.0007487745705445,1.0704258458640919e-09,0.002608455093434,0.0092422709269642,-0.0378127789643726,0.0082025050992481,-0.00460612594789,-0.0008793915140655,0.0101099894350626,0.0036226087503663,-0.0044730123335301,0.0289650613954784,0.0140935088747051,0.0144896045477705,0.0006987473736257,0.0003100810771315,0.0036226087503663,-0.0044730123335301,0.0289650613954784,0.0140935088747051,0.0144896045477705,0.0006987473736257,0.0003100810771315
expanded_generic,0.0245999999999999,2.45999999999999,stored_original,1.5401645749639508,4.665358008937309,1.5401645749639508,4.665358008937309,0.0238314846083611,True,36,0.0596249487985945,0,0.0008409989800772,2.407249333985552e-09,0.0031428374623355,0.0115690709168383,-0.0445509499482725,0.0099003624548281,-0.0055920661737271,-0.0008668263766099,0.0126398811653831,0.0008409989800772,2.407249333985552e-09,0.0031428374623355,0.0115690709168383,-0.0445509499482725,0.0099003624548281,-0.0055920661737271,-0.0008668263766099,0.0126398811653831,0.0042602837519899,-0.0057328649945026,0.0345772247584105,0.0168312778074228,0.0170399488032984,0.0011429232347662,0.0002850709081551,0.0042602837519899,-0.0057328649945026,0.0345772247584105,0.0168312778074228,0.0170399488032984,0.0011429232347662,0.0002850709081551
expanded_generic,0.0265666666666666,2.65666666666666,stored_original,1.5255676476323257,4.597752732146494,1.5255676476323257,4.597752732146494,0.0322005169918971,True,30,0.1208448847426184,0,0.0005922574127147,2.579596936449561e-10,0.0038029775093388,0.0150258522888034,-0.0523462696263691,0.0115054924790935,-0.0066189616525275,-0.0010900820252328,0.0147113812315602,0.0005922574127147,2.579596936449561e-10,0.0038029775093388,0.0150258522888034,-0.0523462696263691,0.0115054924790935,-0.0066189616525275,-0.0010900820252328,0.0147113812315602,0.0048555471869825,-0.0071297835416579,0.0400841816741391,0.0197115503297227,0.0194327106591818,0.0014741884487245,0.0002248488025431,0.0048555471869825,-0.0071297835416579,0.0400841816741391,0.0197115503297227,0.0194327106591818,0.0014741884487245,0.0002248488025431
expanded_generic,0.0285333333333333,2.85333333333333,stored_original,1.514249999813243,4.546010339356383,1.514249999813243,4.546010339356383,0.0423225462033772,True,45,0.1964369384302246,0,-0.0001412562157688,-1.3283884254407972e-10,0.0047002796804615,0.0257803112814875,-0.0607372541163528,0.0140522586436984,-0.0074934484721764,-0.0076299995454652,0.0094086067672877,-0.0001412562157688,-1.3283884254407972e-10,0.0047002796804615,0.0257803112814875,-0.0607372541163528,0.0140522586436984,-0.0074934484721764,-0.0076299995454652,0.0094086067672877,0.0071448793912239,-0.006338165007899,0.0511918954545525,0.0185060567585113,0.0275968331543054,0.0137779458327198,0.0023869490762439,0.0071448793912239,-0.006338165007899,0.0511918954545525,0.0185060567585113,0.0275968331543054,0.0137779458327198,0.0023869490762439
expanded_generic,0.0305,3.05,stored_original,1.5032653071663171,4.496347080205054,1.5032653071663171,4.496347080205054,0.0536139911979815,True,41,0.2259000727815911,0,-0.0005012225918164,-8.613142565957607e-11,0.0051354695830416,0.0315550082519532,-0.0671682761733691,0.0158284272167314,-0.0083976360303686,-0.0091335273462802,0.0102140373044738,-0.0005012225918164,-8.613142565957607e-11,0.0051354695830416,0.0315550082519532,-0.0671682761733691,0.0158284272167314,-0.0083976360303686,-0.0091335273462802,0.0102140373044738,0.0080076440019137,-0.0075177436939608,0.0582382200183293,0.0205764380347969,0.0312960826726688,0.0181626593468305,0.0026744655539849,0.0080076440019137,-0.0075177436939608,0.0582382200183293,0.0205764380347969,0.0312960826726688,0.0181626593468305,0.0026744655539849
expanded_generic,0.0324666666666666,3.2466666666666604,stored_original,1.493061836117523,4.450701998095328,1.493061836117523,4.450701998095328,0.0659337144139094,True,47,0.1181446915189361,0,-0.0004815859224237,2.0830275214778839e-10,0.0056377058671492,0.0345126107488075,-0.0733883284954113,0.017573352403729,-0.0094473781910504,-0.0087359941507461,0.0136289595548368,-0.0004815859224237,2.0830275214778839e-10,0.0056377058671492,0.0345126107488075,-0.0733883284954113,0.017573352403729,-0.0094473781910504,-0.0087359941507461,0.0136289595548368,0.0084645454433176,-0.0092812114463073,0.0636044698668512,0.023597802737448,0.0333214254617187,0.018955715600344,0.0024181772070616,0.0084645454433176,-0.0092812114463073,0.0636044698668512,0.023597802737448,0.0333214254617187,0.018955715600344,0.0024181772070616
expanded_generic,0.0344333333333333,3.4433333333333302,stored_original,1.483007672757652,4.4061781134073055,1.483007672757652,4.4061781134073055,0.0790935288920716,True,31,0.138683979005095,0,0.0002382198524886,6.747436060215666e-10,0.0061664744529333,0.0315273959290192,-0.0792286407394748,0.0190607063346212,-0.0106696825335343,-0.0051314605848459,0.0213441367659422,0.0002382198524886,6.747436060215666e-10,0.0061664744529333,0.0315273959290192,-0.0792286407394748,0.0190607063346212,-0.0106696825335343,-0.0051314605848459,0.0213441367659422,0.0080724283492547,-0.0121408079043104,0.0656443764251368,0.0284274303078492,0.0320748040393639,0.0127525542905865,0.0010056955425012,0.0080724283492547,-0.0121408079043104,0.0656443764251368,0.0284274303078492,0.0320748040393639,0.0127525542905865,0.0010056955425012
expanded_generic,0.0363999999999999,3.63999999999999,stored_original,1.4759068777482538,4.375001565981988,1.4759068777482538,4.375001565981988,0.0946915002633773,True,30,0.273506250306428,0,-0.0004162284816838,-7.239495571787329e-10,0.0070582140884849,0.03989687553413,-0.0872706462857676,0.021405367194308,-0.0119068838194053,-0.0079207224802946,0.0211265433445923,-0.0004162284816838,-7.239495571787329e-10,0.0070582140884849,0.03989687553413,-0.0872706462857676,0.021405367194308,-0.0119068838194053,-0.0079207224802946,0.0211265433445923,0.00935548548283,-0.0132550858496049,0.0742264557067801,0.0296868542959696,0.0370268103495686,0.0197490795201111,0.0018825908580925,0.00935548548283,-0.0132550858496049,0.0742264557067801,0.0296868542959696,0.0370268103495686,0.0197490795201111,0.0018825908580925
expanded_generic,0.0383666666666666,3.83666666666666,stored_original,1.4682013686492938,4.34141950122087,1.4682013686492938,4.34141950122087,0.1109454810100048,True,31,0.155234142334061,0,9.514973609513198e-05,3.1430057461419554e-10,0.0072354951593877,0.0397909936852699,-0.091389519242751,0.0228844885059221,-0.0128527037179018,-0.0054334877975567,0.0277693727331646,9.514973609513198e-05,3.1430057461419554e-10,0.0072354951593877,0.0397909936852699,-0.091389519242751,0.0228844885059221,-0.0128527037179018,-0.0054334877975567,0.0277693727331646,0.0093204002543345,-0.0157478932894078,0.0776340002832848,0.0335259550813848,0.0370640392318585,0.0170870790763449,0.0009064025582658,0.0093204002543345,-0.0157478932894078,0.0776340002832848,0.0335259550813848,0.0370640392318585,0.0170870790763449,0.0009064025582658
expanded_generic,0.0403333333333333,4.03333333333333,stored_original,1.4603810855167956,4.307600779866096,1.4603810855167956,4.307600779866096,0.1286346578857637,True,35,0.1415900450836538,0,0.0012039999983578,1.755793477426681e-09,0.0076694582489206,0.0344030896909302,-0.0957345063331288,0.0244189546485146,-0.0142676832044127,0.0004602492123731,0.0396144184794965,0.0012039999983578,1.755793477426681e-09,0.0076694582489206,0.0344030896909302,-0.0957345063331288,0.0244189546485146,-0.0142676832044127,0.0004602492123731,0.0396144184794965,0.008526123737128,-0.0197954746250656,0.0786619041387045,0.0391362218088281,0.0341049834186136,0.0074985452214957,-0.0011976339724174,0.008526123737128,-0.0197954746250656,0.0786619041387045,0.0391362218088281,0.0341049834186136,0.0074985452214957,-0.0011976339724174
expanded_generic,0.0423,4.2299999999999995,stored_original,1.4548374078311426,4.283786898772701,1.4548374078311426,4.283786898772701,0.1482256300392683,True,36,0.1534559994250983,0,0.0012307138144634,8.996519513339172e-10,0.0082706743193384,0.0376119816994113,-0.1019476599274924,0.0263536137355329,-0.0154536349011767,0.0007806406749893,0.0439424131628982,0.0012307138144634,8.996519513339172e-10,0.0082706743193384,0.0376119816994113,-0.1019476599274924,0.0263536137355329,-0.0154536349011767,0.0007806406749893,0.0439424131628982,0.0089378828346785,-0.0220932181923699,0.084019744509953,0.0419469276743908,0.0357507333362435,0.0085690948824053,-0.001581558593078,0.0089378828346785,-0.0220932181923699,0.084019744509953,0.0419469276743908,0.0357507333362435,0.0085690948824053,-0.001581558593078
expanded_generic,0.0442666666666666,4.42666666666666,stored_original,1.4499757859638231,4.2630112892094845,1.4499757859638231,4.2630112892094845,0.1693928597313822,True,32,0.1608985872723206,0,0.0012191814834502,1.4286343795911051e-09,0.0088731333172911,0.0409617010755271,-0.1078060174628775,0.0282782379095842,-0.0166530330989864,0.0011536647690118,0.0484932136613768,0.0012191814834502,1.4286343795911051e-09,0.0088731333172911,0.0409617010755271,-0.1078060174628775,0.0282782379095842,-0.0166530330989864,0.0011536647690118,0.0484932136613768,0.0093233090515588,-0.0244970802368935,0.0893268478897373,0.0447740914699052,0.0372874463237425,0.0097386109365171,-0.0020060989511818,0.0093233090515588,-0.0244970802368935,0.0893268478897373,0.0447740914699052,0.0372874463237425,0.0097386109365171,-0.0020060989511818
expanded_generic,0.0462333333333333,4.62333333333333,stored_original,1.4457382873351452,4.244985004868922,1.4457382873351452,4.244985004868922,0.1921636088653024,True,31,0.1715510290647418,0,0.0012180793630735,1.286254235186871e-09,0.0094829536078293,0.0443770046003145,-0.1138973930047282,0.0302461157706636,-0.017873428915612,0.0015405383939876,0.0532765345713557,0.0012180793630735,1.286254235186871e-09,0.0094829536078293,0.0443770046003145,-0.1138973930047282,0.0302461157706636,-0.017873428915612,0.0015405383939876,0.0532765345713557,0.0096798383446126,-0.0270205118646183,0.0946047143153045,0.0476124934549268,0.038711600596786,0.0109847287112128,-0.0024802022534504,0.0096798383446126,-0.0270205118646183,0.0946047143153045,0.0476124934549268,0.038711600596786,0.0109847287112128,-0.0024802022534504
expanded_generic,0.0481999999999999,4.8199999999999905,stored_original,1.442076269052202,4.229468220884086,1.442076269052202,4.229468220884086,0.2165786262625267,True,30,0.1868730990772099,0,0.0011889381689411,3.3120136130263753e-10,0.0101077947220951,0.0479290505808613,-0.1201160237425291,0.032253257833893,-0.0191199204816836,0.0019316427126431,0.0582731377835457,0.0011889381689411,3.3120136130263753e-10,0.0101077947220951,0.0479290505808613,-0.1201160237425291,0.032253257833893,-0.0191199204816836,0.0019316427126431,0.0582731377835457,0.0099947781012572,-0.029673325510008,0.0997811059875719,0.0504750441270853,0.0399711258387925,0.0122199455153163,-0.003016751005474,0.0099947781012572,-0.029673325510008,0.0997811059875719,0.0504750441270853,0.0399711258387925,0.0122199455153163,-0.003016751005474
expanded_generic,0.0501666666666666,5.01666666666666,stored_original,1.4389353429262288,4.216204614558204,1.4389353429262288,4.216204614558204,0.2426979540846318,True,33,0.1982152257313003,0,0.001173792579838,3.0272709033993743e-09,0.0107308269285504,0.0515002681667777,-0.1261834455382413,0.034267027816701,-0.0203806175914849,0.0023798755740488,0.0635461185280844,0.001173792579838,3.0272709033993743e-09,0.0107308269285504,0.0515002681667777,-0.1261834455382413,0.034267027816701,-0.0203806175914849,0.0023798755740488,0.0635461185280844,0.0102871158714695,-0.0324468795677617,0.1049529767096897,0.0533265159010187,0.0411396335957004,0.0136056410700113,-0.0035947228731032,0.0102871158714695,-0.0324468795677617,0.1049529767096897,0.0533265159010187,0.0411396335957004,0.0136056410700113,-0.0035947228731032
expanded_generic,0.0521333333333333,5.21333333333333,stored_original,1.4362810823030534,4.20502854732949,1.4362810823030534,4.20502854732949,0.2705604499292686,True,31,0.2081399999028775,0,0.0011540627534169,2.37586479146793e-09,0.0113589412575489,0.0551371709798261,-0.1322207983606945,0.0363009817025512,-0.0216602413598166,0.0028630620343298,0.0690795015175807,0.0011540627534169,2.37586479146793e-09,0.0113589412575489,0.0551371709798261,-0.1322207983606945,0.0363009817025512,-0.0216602413598166,0.0028630620343298,0.0690795015175807,0.0105474236140639,-0.0353480967113793,0.1100743621609639,0.0561794334173885,0.0421797894141644,0.0150752834964014,-0.0042256398974842,0.0105474236140639,-0.0353480967113793,0.1100743621609639,0.0561794334173885,0.0421797894141644,0.0150752834964014,-0.0042256398974842
expanded_generic,0.0540999999999999,5.4099999999999895,stored_original,1.434103501353958,4.195881719867449,1.434103501353958,4.195881719867449,0.3003413227573797,True,28,0.3061738328035877,0,0.0008160987618583,1.300383300256364e-09,0.0116529635038767,0.0575808521546194,-0.1372224894982492,0.0371178770660777,-0.0220246209327891,0.0020934793575878,0.0692678096493012,0.0008160987618583,1.300383300256364e-09,0.0116529635038767,0.0575808521546194,-0.1372224894982492,0.0371178770660777,-0.0220246209327891,0.0020934793575878,0.0692678096493012,0.0106817496219192,-0.0358865893863124,0.1114511476789608,0.056597569140054,0.0427141971360746,0.0160712326631533,-0.0042162553677005,0.0106817496219192,-0.0358865893863124,0.1114511476789608,0.056597569140054,0.0427141971360746,0.0160712326631533,-0.0042162553677005
expanded_generic,0.0560666666666666,5.60666666666666,stored_original,1.432314962179265,4.188383928084957,1.432314962179265,4.188383928084957,0.3319359709946503,True,32,0.5040902015679792,0,0.0006972183253781,-4.108608063536924e-10,0.0120359865489809,0.0592816161881202,-0.1437125281514771,0.0383493552676903,-0.0226771916566277,0.0021601128896717,0.0718749594732502,0.0006972183253781,-4.108608063536924e-10,0.0120359865489809,0.0592816161881202,-0.1437125281514771,0.0383493552676903,-0.0226771916566277,0.0021601128896717,0.0718749594732502,0.0109316065458197,-0.0372632624523297,0.1144710322873138,0.057638799878724,0.04370814205288,0.017953363871492,-0.0043111878620533,0.0109316065458197,-0.0372632624523297,0.1144710322873138,0.057638799878724,0.04370814205288,0.017953363871492,-0.0043111878620533
expanded_generic,0.0580333333333333,5.80333333333333,stored_original,1.4308877056805949,4.182410293872852,1.4308877056805949,4.182410293872852,0.3650903222145301,True,34,0.2196820314898653,0,0.0011803240857596,3.336980925451144e-09,0.0133303407344702,0.0658076572641597,-0.1500660517333491,0.0425754392514447,-0.0255592726485477,0.0043085299371485,0.0867758013761744,0.0011803240857596,3.336980925451144e-09,0.0133303407344702,0.0658076572641597,-0.1500660517333491,0.0425754392514447,-0.0255592726485477,0.0043085299371485,0.0867758013761744,0.0111410260425762,-0.0446683307017462,0.1247068615092193,0.0647397511965431,0.0445440887364761,0.020208177946403,-0.0063188863922131,0.0111410260425762,-0.0446683307017462,0.1247068615092193,0.0647397511965431,0.0445440887364761,0.020208177946403,-0.0063188863922131
expanded_generic,0.06,6.0,stored_original,1.4298414855635215,4.178036860271576,1.4298414855635215,4.178036860271576,0.4004050641353555,True,30,0.3028564724440168,0,0.0008307862947967,9.791369456248468e-10,0.0137578694416451,0.068034940538389,-0.1569470620312022,0.043696558049527,-0.0261914513992258,0.0041270257280785,0.0888030659513019,0.0008307862947967,9.791369456248468e-10,0.0137578694416451,0.068034940538389,-0.1569470620312022,0.043696558049527,-0.0261914513992258,0.0041270257280785,0.0888030659513019,0.0111991221686946,-0.0459659464429217,0.1266787353285552,0.0657479216445065,0.0447935793791139,0.020820823003312,-0.0065973402693587,0.0111991221686946,-0.0459659464429217,0.1266787353285552,0.0657479216445065,0.0447935793791139,0.020820823003312,-0.0065973402693587
expanded_generic,0.001,0.1,stored_refined,2.431452734478743,11.375395511550522,2.4314527341643606,11.3753955079743,0.042616614672424266,True,8,3.717001336388078e-05,0,-0.0049087243694961,-0.0166776825488964,-0.0139777231679235,0.0151307367914126,0.0703241775319298,-0.0020279830613008,0.0019673739446148,0.008895684321904,-0.0010115187740926,-0.004908724371471612,-0.01667768255578356,-0.013977723173869175,0.015130736794993552,0.07032417754012447,-0.0020279830648598186,0.001967373948347677,0.008895684327942395,-0.0010115187824092302,-0.005942324664743,-0.0063750935992582,-0.0342296478942247,-0.0192496009340527,-0.0237696008599082,0.0081166248037356,-0.0011473526779066,-0.005942324668272641,-0.006375093601356773,-0.03422964790144253,-0.019249600934460757,-0.02376960086348298,0.00811662480433833,-0.0011473526812843752
expanded_generic,0.0029666666666666,0.29666666666666003,stored_refined,2.098504410477602,8.153965802852435,2.098504410477602,8.153965802852435,0.02099267385729198,True,8,2.63654666317169e-05,0,-0.0037300113715711,-0.0110906686595852,-0.0145014100705079,0.0050341337949449,0.047744981186366,-0.0021036721808402,0.0026705243497631,0.0044792132182666,-0.002781803667065,-0.0037300113715711,-0.0110906686595852,-0.0145014100705079,0.0050341337949449,0.047744981186366,-0.0021036721808402,0.0026705243497631,0.0044792132182666,-0.002781803667065,-0.0043726436715858,-0.0017325388371854,-0.0279342661112312,-0.0146853247879209,-0.017490298927931,0.0040602527450253,-0.0008462154076759,-0.0043726436715858,-0.0017325388371854,-0.0279342661112312,-0.0146853247879209,-0.017490298927931,0.0040602527450253,-0.0008462154076759
expanded_generic,0.0049333333333333,0.49333333333333,stored_refined,1.9484413465162616,7.017740825520831,1.9484413457811618,7.017740820362092,0.011570499848940418,True,8,1.6155805870017738e-05,0,-0.0028553048361981,-0.0079419874268298,-0.0124733014053106,0.0015761429261489,0.0345105222240451,-0.0018073317838475,0.0024526809805415,0.0027025353822861,-0.0029219461061131,-0.002855304842290976,-0.007941987432542269,-0.012473301397633809,0.0015761429168348047,0.0345105222307715,-0.0018073317750119092,0.002452680978977239,0.0027025353765584422,-0.002921946091037666,-0.0032897444420616,-0.0002109125428757,-0.0220379672275853,-0.0112664618266023,-0.0131589260419395,0.0023364248891625,-0.0006265756243111,-0.0032897444421094366,-0.00021091253671297208,-0.022037967236587273,-0.011266461812572006,-0.013158926052662933,0.0023364248761884887,-0.0006265756279293815
expanded_generic,0.0068999999999999,0.6899999999999901,stored_refined,1.852866657174828,6.378077101473667,1.852866657174828,6.378077101473667,0.005879345730131185,True,8,1.1895636160131416e-05,0,-0.0020708919478458,-0.0055084551226183,-0.0096988298422613,6.859813668309725e-05,0.0240527595380185,-0.0014028374746977,0.0019694292567186,0.0016267645808649,-0.0025436471086214,-0.0020708919478458,-0.0055084551226183,-0.0096988298422613,6.859813668309725e-05,0.0240527595380185,-0.0014028374746977,0.0019694292567186,0.0016267645808649,-0.0025436471086214,-0.0023515292505488,0.0003925336116465,-0.0162688907229109,-0.0081850755576878,-0.0094061418229815,0.0013112292285116,-0.0004334164874007,-0.0023515292505488,0.0003925336116465,-0.0162688907229109,-0.0081850755576878,-0.0094061418229815,0.0013112292285116,-0.0004334164874007
expanded_generic,0.0088666666666666,0.8866666666666599,stored_refined,1.7838877678597336,5.952955196036129,1.7838877678597336,5.952955196036129,0.002369494420383912,True,7,7.0540193779545934e-06,0,-0.0013303967665876,-0.003427173337355,-0.0065414775117768,-0.0004599075287965,0.0149739481717745,-0.000943568133202,0.001353020303904,0.0008869004430066,-0.0018609465289104,-0.0013303967665876,-0.003427173337355,-0.0065414775117768,-0.0004599075287965,0.0149739481717745,-0.000943568133202,0.001353020303904,0.0008869004430066,-0.0018609465289104,-0.0014892415148124,0.000521325854589,-0.0105669855342161,-0.0052618758141378,-0.0059569920452344,0.0006488440372589,-0.0002621475080839,-0.0014892415148124,0.000521325854589,-0.0105669855342161,-0.0052618758141378,-0.0059569920452344,0.0006488440372589,-0.0002621475080839
expanded_generic,0.0108333333333333,1.0833333333333302,stored_refined,1.730707510249041,5.64464614098602,1.730707510249041,5.64464614098602,0.000495150124417939,True,7,3.0309267547276893e-06,0,-0.0006171316466932,-0.0014623595732187,-0.0031365114493686,-0.0003914980500288,0.0067768415563077,-0.0004521204032324,0.0006554857245379,0.0003542470745325,-0.0009476886758702,-0.0006171316466932,-0.0014623595732187,-0.0031365114493686,-0.0003914980500288,0.0067768415563077,-0.0004521204032324,0.0006554857245379,0.0003542470745325,-0.0009476886758702,-0.0006758627124476,0.0003431170389355,-0.0049013533338368,-0.0024283230795834,-0.00270342242103,0.0002325866868455,-0.0001112436682218,-0.0006758627124476,0.0003431170389355,-0.0049013533338368,-0.0024283230795834,-0.00270342242103,0.0002325866868455,-0.0001112436682218
expanded_generic,0.012546045825196,1.2546045825196002,stored_refined,1.6930438416630622,5.436001877454284,1.6930438416630622,5.436001877454284,8.14331983278637e-26,True,1,3.2236101876347625e-12,0,0.0,0.0,0.0,0.0,0.0,0.0,0.0,0.0,0.0,0.0,0.0,0.0,0.0,0.0,0.0,0.0,0.0,0.0,0.0,0.0,0.0,0.0,0.0,0.0,0.0,0.0,0.0,0.0,0.0,0.0,0.0,0.0
expanded_generic,0.0127999999999999,1.27999999999999,stored_refined,1.687998484030764,5.408644376115294,1.6879984840657174,5.408644376304344,1.1197684547079904e-05,True,14,0.02396993309288269,0,2.7214916791197467e-05,1.118807940633376e-09,6.262452718490585e-05,0.0001532781638862,-0.0010537015453195,0.0001940692143638,-0.0001040246935636,-4.791173301481688e-05,0.0001943567792309,2.7214895062770704e-05,8.007904534069929e-11,6.262454833515635e-05,0.00015327837987710876,-0.0010537018781411537,0.00019406925095471402,-0.00010402470965150364,-4.791182169676402e-05,0.0001943566802284162,9.923229397759e-05,-6.453292420031668e-05,0.0007329617978853,0.0003598926306314,0.0003969318253475,-2.2007384916993144e-05,1.5781384651343604e-05,9.923226635419293e-05,-6.453293840378679e-05,0.0007329616533069777,0.0003598926824917811,0.00039693171484374404,-2.200760992860277e-05,1.5781351391774548e-05
expanded_generic,0.0147666666666666,1.47666666666666,stored_refined,1.6529327648726466,5.222273089519286,1.6527547035378727,5.221343287385773,0.0008403706960390557,True,27,0.021840052311799776,0,4.998276151225455e-05,2.2101726143761876e-10,0.0005439177383867,0.0025954636060239,-0.0093124541352361,0.0017016933287023,-0.0008675284139912,-0.0009170395858765,0.0010215151434718,0.00023547963358952083,2.484799690246664e-11,0.0005662550407830603,0.0015367414169582452,-0.009130117265659796,0.001729983696354784,-0.000932025804007897,-0.0003681216229495575,0.0018073922749865343,0.0009758926291567,-0.0004601801384084,0.0069512973375206,0.0028023900916618,0.0039379525387648,0.0010918077180365,0.0002863150347844,0.0008430538008575573,-0.0006782820777030915,0.006367273957055837,0.0031307303029116684,0.0033722650104263748,-0.00015095421597130173,0.00011813134274522399
expanded_generic,0.0167333333333333,1.6733333333333302,stored_refined,1.6230884805599952,5.068720812591472,1.6230869449058243,5.068713028795192,0.0029473461038099966,True,25,0.0036504051501859047,0,0.0003802325471906,2.9831244245750075e-10,0.0010500226786082,0.0031520528384964,-0.0165339918859908,0.0032847214663292,-0.0018065557573818,-0.0005857499643785,0.0036200340823499,0.00037259653968675464,-1.3314668656241924e-10,0.0010934592140975782,0.0031259331937957043,-0.016899297036448078,0.003323935129120038,-0.0018271895580042057,-0.0006054477955753834,0.0036078067130697017,0.0015812018456034,-0.0014130185793302,0.0120696159169322,0.0058800999912424,0.0063248706469459,-5.237559120669384e-05,0.0002138647575938,0.0015718269945680537,-0.0014288240134834298,0.01202707749440746,0.005905823309996323,0.006287306500872853,-0.00014591062486138162,0.00020269852719223604
expanded_generic,0.0186999999999999,1.8699999999999901,stored_refined,1.5977555345468926,4.941927980662275,1.5977555345430388,4.9419279806432295,0.006304917567582202,True,14,0.2061182562587361,0,0.0005204295149611,-4.1303285199386536e-10,0.0015606029727395,0.0050046582800045,-0.0238211919068816,0.0048903774427794,-0.0027104443165446,-0.0007413575358074,0.0056043825369498,0.0005204295156068243,1.867087812990502e-11,0.0015606029770311506,0.005004658330146021,-0.02382119197982634,0.004890377450633055,-0.0027104443194409496,-0.0007413575562515824,0.005604382513925857,0.0022846805577156,-0.0023063406443021,0.0177161036109795,0.0086196024791782,0.0091387700051707,0.0001039587594595,0.0002743853931855,0.0022846805519069176,-0.0023063406473382386,0.01771610358061223,0.00861960248997427,0.00913876998189502,0.00010395871216251956,0.00027438538619444294
expanded_generic,0.0206666666666666,2.06666666666666,stored_refined,1.5758846003271196,4.835016784353836,1.5758846003214884,4.8350167843266085,0.01090094120729707,True,13,0.09261129152834134,0,0.0006430671301681,5.997549566495437e-10,0.0020800920544534,0.007033116843803,-0.0308954179542943,0.0065303010026798,-0.0036446329409142,-0.000832932174644,0.0077726977328502,0.0006430671320189572,3.6923359471476917e-10,0.0020800920584605827,0.0070331168928813885,-0.030895418023788153,0.00653030100995301,-0.0036446329436116724,-0.0008329321945127302,0.007772697710491703,0.002965017257692,-0.0033297283386617,0.0233496627896725,0.0113547000921524,0.0118594130626265,0.0003576040249548,0.0003068359111779,0.002965017252268602,-0.0033297283414864967,0.02334966276129049,0.01135470010227789,0.011859413040896992,0.000357603980736503,0.0003068359046535095
expanded_generic,0.0226333333333333,2.26333333333333,stored_refined,1.5568448196817686,4.743829968534371,1.5568448199205551,4.743829969667133,0.01673888669784215,True,17,0.017765127863209218,0,0.0007487745705445,1.0704258458640919e-09,0.002608455093434,0.0092422709269642,-0.0378127789643726,0.0082025050992481,-0.00460612594789,-0.0008793915140655,0.0101099894350626,0.0007487744048572824,6.956907792150482e-11,0.0026084552608567017,0.009242272565493283,-0.03781278174510609,0.008202505412925852,-0.004606126063698095,-0.0008793922112964176,0.010109988657552499,0.0036226087503663,-0.0044730123335301,0.0289650613954784,0.0140935088747051,0.0144896045477705,0.0006987473736257,0.0003100810771315,0.0036226085317053883,-0.004473012448632768,0.028965060251362102,0.014093509283093579,0.01448960367127531,0.0006987455883606505,0.00031008081389916926
expanded_generic,0.0245999999999999,2.45999999999999,stored_refined,1.5401645749639508,4.665358008937309,1.5401645749032775,4.6653580086542465,0.02383148452873759,True,17,0.044579623830056044,0,0.0008409989800772,2.407249333985552e-09,0.0031428374623355,0.0115690709168383,-0.0445509499482725,0.0099003624548281,-0.0055920661737271,-0.0008668263766099,0.0126398811653831,0.0008409990034020762,3.6092047666017597e-10,0.00314283750068711,0.011569071395488687,-0.04455095062546779,0.009900362524296444,-0.0055920661995720496,-0.0008668265706684644,0.012639880947513145,0.0042602837519899,-0.0057328649945026,0.0345772247584105,0.0168312778074228,0.0170399488032984,0.0011429232347662,0.0002850709081551,0.004260283699964116,-0.005732865021895374,0.034577224486034314,0.01683127790458269,0.01703994859467673,0.0011429228098081493,0.0002850708455042843
expanded_generic,0.0265666666666666,2.65666666666666,stored_refined,1.5255676476323257,4.597752732146494,1.5254721513562122,4.597313684846109,0.03218570662404434,True,27,1.0461894711536808,0,0.0005922574127147,2.579596936449561e-10,0.0038029775093388,0.0150258522888034,-0.0523462696263691,0.0115054924790935,-0.0066189616525275,-0.0010900820252328,0.0147113812315602,0.0008740801945628238,-5.129980499933358e-11,0.0038460318393380654,0.013891818741393013,-0.052442597167195744,0.011793820425620525,-0.006696997371663806,-0.0008699406973704324,0.015322628463131724,0.0048555471869825,-0.0071297835416579,0.0400841816741391,0.0197115503297227,0.0194327106591818,0.0014741884487245,0.0002248488025431,0.004848023388827479,-0.007158575424849981,0.0400493385770779,0.019667848050414143,0.01939212274715651,0.001383051892401413,0.00019919658439486644
expanded_generic,0.0285333333333333,2.85333333333333,stored_refined,1.514249999813243,4.546010339356383,1.512503717561589,4.53807864968502,0.041841028355149294,True,35,0.001813544926876816,0,-0.0001412562157688,-1.3283884254407972e-10,0.0047002796804615,0.0257803112814875,-0.0607372541163528,0.0140522586436984,-0.0074934484721764,-0.0076299995454652,0.0094086067672877,0.0009558552386211205,-1.394803021117707e-10,0.004353961482081478,0.016544577150702015,-0.05907100259901868,0.013476820015843567,-0.007690995825193045,-0.0008033833332220199,0.018188930412127765,0.0071448793912239,-0.006338165007899,0.0511918954545525,0.0185060567585113,0.0275968331543054,0.0137779458327198,0.0023869490762439,0.0054372915455744054,-0.008643187162687659,0.045631800708567635,0.022493645836600892,0.021755526839016586,0.001963483732667059,0.00010229208686549206
expanded_generic,0.0305,3.05,stored_refined,1.5032653071663171,4.496347080205054,1.5010177415768107,4.486252593489002,0.05281664128369005,True,31,0.05621080338081221,0,-0.0005012225918164,-8.613142565957607e-11,0.0051354695830416,0.0315550082519532,-0.0671682761733691,0.0158284272167314,-0.0083976360303686,-0.0091335273462802,0.0102140373044738,0.0010118474791500278,7.833895938994528e-11,0.0049823813499035715,0.01926183983363255,-0.06573177395793593,0.01532978544253781,-0.008793739654681842,-0.0006853006614679845,0.021268058188040433,0.0080076440019137,-0.0075177436939608,0.0582382200183293,0.0205764380347969,0.0312960826726688,0.0181626593468305,0.0026744655539849,0.006007223666897983,-0.010206836659382325,0.0511436580790763,0.025287549580912977,0.024039117649861948,0.0026327321023773926,-2.2106117125793844e-05
expanded_generic,0.0324666666666666,3.2466666666666604,stored_refined,1.493061836117523,4.450701998095328,1.4908255580745031,4.440760111495548,0.06514271392195475,True,28,1.2027269238762013,0,-0.0004815859224237,2.0830275214778839e-10,0.0056377058671492,0.0345126107488075,-0.0733883284954113,0.017573352403729,-0.0094473781910504,-0.0087359941507461,0.0136289595548368,0.00108886103782444,5.6587098972654825e-11,0.0052568902929802635,0.022125362879718672,-0.07215595275613369,0.017270992977770763,-0.009586906217404814,-0.0005465821650558308,0.024508330192545842,0.0084645454433176,-0.0092812114463073,0.0636044698668512,0.023597802737448,0.0333214254617187,0.018955715600344,0.0024181772070616,0.006518790319568205,-0.011986388641903383,0.05659798764542998,0.02804249941675711,0.02608503372615288,0.0032749200991518913,-0.0002202962491715796
expanded_generic,0.0344333333333333,3.4433333333333302,stored_refined,1.483007672757652,4.4061781134073055,1.481771326198372,4.4007339164078125,0.07884791203237249,True,26,0.6754267894101806,0,0.0002382198524886,6.747436060215666e-10,0.0061664744529333,0.0315273959290192,-0.0792286407394748,0.0190607063346212,-0.0106696825335343,-0.0051314605848459,0.0213441367659422,0.0010935771285524368,-4.1225197012271285e-11,0.0061245915058146805,0.02487528983906504,-0.07883237155179276,0.018971359105899695,-0.010961493952004119,-0.0003314416753364346,0.028030019419277748,0.0080724283492547,-0.0121408079043104,0.0656443764251368,0.0284274303078492,0.0320748040393639,0.0127525542905865,0.0010056955425012,0.007058145683180677,-0.013762332241067265,0.062099004406287996,0.030856162515932522,0.028234924240778145,0.0040402110464211145,-0.0004117914279074198
expanded_generic,0.0363999999999999,3.63999999999999,stored_refined,1.4759068777482538,4.375001565981988,1.473750601655961,4.365578018238122,0.0939706389873327,True,37,0.054817206401774676,0,-0.0004162284816838,-7.239495571787329e-10,0.0070582140884849,0.03989687553413,-0.0872706462857676,0.021405367194308,-0.0119068838194053,-0.0079207224802946,0.0211265433445923,0.0010988028666599938,7.623955389096491e-10,0.006717644367784751,0.027839291590132667,-0.08488864333505301,0.020672400403283817,-0.012076163552992772,-8.691235147190967e-05,0.031717584471406414,0.00935548548283,-0.0132550858496049,0.0742264557067801,0.0296868542959696,0.0370268103495686,0.0197490795201111,0.0018825908580925,0.007567426212694707,-0.01564481730891166,0.06761114636510458,0.033701790211728144,0.030276393154865962,0.005020852907681805,-0.0006409224474992841
expanded_generic,0.0383666666666666,3.83666666666666,stored_refined,1.4682013686492938,4.34141950122087,1.466642394019178,4.334656611316381,0.11054202970299996,True,33,0.24128471602113688,0,9.514973609513198e-05,3.1430057461419554e-10,0.0072354951593877,0.0397909936852699,-0.091389519242751,0.0228844885059221,-0.0128527037179018,-0.0054334877975567,0.0277693727331646,0.0010744597673089898,3.284380594986382e-10,0.0073353215481639766,0.031014419023325836,-0.09165938964270316,0.022781888289086054,-0.013291500500253519,0.00013309619925828606,0.0355354472150024,0.0093204002543345,-0.0157478932894078,0.0776340002832848,0.0335259550813848,0.0370640392318585,0.0170870790763449,0.0009064025582658,0.008008507241886235,-0.01774299805200668,0.0729228979940244,0.03651604477319923,0.03203926650930783,0.005777692415606909,-0.0009586207264416385
expanded_generic,0.0403333333333333,4.03333333333333,stored_refined,1.4603810855167956,4.307600779866096,1.4603810855136823,4.3076007798526845,0.12863465773979432,True,16,1.1888106969230716,0,0.0012039999983578,1.755793477426681e-09,0.0076694582489206,0.0344030896909302,-0.0957345063331288,0.0244189546485146,-0.0142676832044127,0.0004602492123731,0.0396144184794965,0.0012039999349968502,2.0420113487749204e-10,0.007669458292819296,0.034403090101639694,-0.09573450702005647,0.02441895473103949,-0.01426768323527306,0.00046024903814361086,0.039614418286719674,0.008526123737128,-0.0197954746250656,0.0786619041387045,0.0391362218088281,0.0341049834186136,0.0074985452214957,-0.0011976339724174,0.008526123681958533,-0.01979547465831779,0.07866190385096997,0.039136221906500825,0.034104983196498156,0.007498544767826497,-0.001197634039521821
expanded_generic,0.0423,4.2299999999999995,stored_refined,1.4548374078311426,4.283786898772701,1.454837408130175,4.283786900053692,0.14822562988866045,True,16,0.9373939111077211,0,0.0012307138144634,8.996519513339172e-10,0.0082706743193384,0.0376119816994113,-0.1019476599274924,0.0263536137355329,-0.0154536349011767,0.0007806406749893,0.0439424131628982,0.0012307135821909702,7.00168713834527e-11,0.008270674420168902,0.037611982549634056,-0.1019476614228448,0.026353613928464897,-0.015453634972593187,0.0007806403119311325,0.04394241276138333,0.0089378828346785,-0.0220932181923699,0.084019744509953,0.0419469276743908,0.0357507333362435,0.0085690948824053,-0.001581558593078,0.008937882708858683,-0.02209321826581027,0.08401974385147404,0.041946927900520625,0.035750732829701,0.00856909384803962,-0.0015815587456337592
expanded_generic,0.0442666666666666,4.42666666666666,stored_refined,1.4499757859638231,4.2630112892094845,1.4499757859821076,4.263011289287432,0.16939285959272152,True,16,2.876930163174369,0,0.0012191814834502,1.4286343795911051e-09,0.0088731333172911,0.0409617010755271,-0.1078060174628775,0.0282782379095842,-0.0166530330989864,0.0011536647690118,0.0484932136613768,0.0012191814582859866,-2.3413523774775798e-11,0.008873133344289706,0.04096170134110751,-0.1078060179304766,0.028278237960610762,-0.01665303311769661,0.0011536646567546853,0.04849321353861215,0.0093233090515588,-0.0244970802368935,0.0893268478897373,0.0447740914699052,0.0372874463237425,0.0097386109365171,-0.0020060989511818,0.009323309015601461,-0.024497080257777207,0.08932684770184626,0.0447740915350359,0.03728744617910773,0.00973861064063029,-0.002006098994813083
expanded_generic,0.0462333333333333,4.62333333333333,stored_refined,1.4457382873351452,4.244985004868922,1.4457382875756553,4.244985005889884,0.19216360859452464,True,16,5.389872154363227,0,0.0012180793630735,1.286254235186871e-09,0.0094829536078293,0.0443770046003145,-0.1138973930047282,0.0302461157706636,-0.017873428915612,0.0015405383939876,0.0532765345713557,0.0012180791937560973,-1.2538016796789927e-11,0.009482953755200956,0.04437700600221943,-0.11389739554742927,0.03024611605059739,-0.01787342901775925,0.0015405377974229827,0.05327653392177063,0.0096798383446126,-0.0270205118646183,0.0946047143153045,0.0476124934549268,0.038711600596786,0.0109847287112128,-0.0024802022534504,0.009679838148719342,-0.027020511977991137,0.0946047132907732,0.047612493810790815,0.038711599808901924,0.010984727098848963,-0.002480202490926132
expanded_generic,0.0481999999999999,4.8199999999999905,stored_refined,1.442076269052202,4.229468220884086,1.4420762690518505,4.229468220882599,0.21657862623750718,True,14,3.571015554499607,0,0.0011889381689411,3.3120136130263753e-10,0.0101077947220951,0.0479290505808613,-0.1201160237425291,0.032253257833893,-0.0191199204816836,0.0019316427126431,0.0582731377835457,0.0011889381673838638,7.452529417971505e-11,0.010107794723199432,0.04792905059005528,-0.12011602376189907,0.03225325783593966,-0.01911992048244091,0.001931642708529208,0.05827313777918204,0.0099947781012572,-0.029673325510008,0.0997811059875719,0.0504750441270853,0.0399711258387925,0.0122199455153163,-0.003016751005474,0.009994778099997239,-0.029673325510759265,0.09978110598099675,0.05047504412939727,0.039971125833725765,0.012219945504913576,-0.0030167510070032958
expanded_generic,0.0501666666666666,5.01666666666666,stored_refined,1.4389353429262288,4.216204614558204,1.4389353429249105,4.2162046145526455,0.24269795379771295,True,18,0.34519041236058134,0,0.001173792579838,3.0272709033993743e-09,0.0107308269285504,0.0515002681667777,-0.1261834455382413,0.034267027816701,-0.0203806175914849,0.0023798755740488,0.0635461185280844,0.0011737925126405289,5.322684528265687e-10,0.010730826969059906,0.051500268486839466,-0.12618344624573485,0.034267027892099705,-0.02038061761927202,0.0023798754289446862,0.06354611837538054,0.0102871158714695,-0.0324468795677617,0.1049529767096897,0.0533265159010187,0.0411396335957004,0.0136056410700113,-0.0035947228731032,0.0102871158254443,-0.03244687959513966,0.10495297646926634,0.0533265159857278,0.04113963341060013,0.013605640689930741,-0.003594722928946673
expanded_generic,0.0521333333333333,5.21333333333333,stored_refined,1.4362810823030534,4.20502854732949,1.4362810823012726,4.205028547322001,0.2705604496235,True,18,5.787464299532406,0,0.0011540627534169,2.37586479146793e-09,0.0113589412575489,0.0551371709798261,-0.1322207983606945,0.0363009817025512,-0.0216602413598166,0.0028630620343298,0.0690795015175807,0.00115406264847808,-2.7903615203235745e-11,0.011358941320644045,0.05513717148036148,-0.1322207994640219,0.036300981820067524,-0.02166024140295812,0.0028630618070364915,0.0690795012785372,0.0105474236140639,-0.0353480967113793,0.1100743621609639,0.0561794334173885,0.0421797894141644,0.0150752834964014,-0.0042256398974842,0.010547423542177645,-0.03534809675402374,0.11007436178506164,0.05617943354996651,0.04217978912504405,0.015075282902776524,-0.004225639984664224
expanded_generic,0.0540999999999999,5.4099999999999895,stored_refined,1.434103501353958,4.195881719867449,1.4341035013589913,4.195881719888568,0.3003413224873577,True,18,0.3527285827817272,0,0.0008160987618583,1.300383300256364e-09,0.0116529635038767,0.0575808521546194,-0.1372224894982492,0.0371178770660777,-0.0220246209327891,0.0020934793575878,0.0692678096493012,0.0008160984741632353,2.7190575718463555e-10,0.011652963536058521,0.057580851344379506,-0.13722249031465938,0.03711787718048405,-0.022024620996979393,0.002093479687628753,0.06926781032824134,0.0106817496219192,-0.0358865893863124,0.1114511476789608,0.056597569140054,0.0427141971360746,0.0160712326631533,-0.0042162553677005,0.010681749699321888,-0.035886589509641444,0.11145114826408176,0.05659756915749465,0.042714197443841195,0.016071233262587914,-0.00421625531820909
expanded_generic,0.0560666666666666,5.60666666666666,stored_refined,1.432314962179265,4.188383928084957,1.432247105494237,4.188099727878524,0.3316245708985803,True,33,0.07017310203152723,0,0.0006972183253781,-4.108608063536924e-10,0.0120359865489809,0.0592816161881202,-0.1437125281514771,0.0383493552676903,-0.0226771916566277,0.0021601128896717,0.0718749594732502,0.0010326673650706527,-1.0477698532724468e-10,0.01304300825391206,0.061958790291392965,-0.14837278445189742,0.040652611453411515,-0.02446281388994895,0.003796624336955662,0.08106878112487127,0.0109316065458197,-0.0372632624523297,0.1144710322873138,0.057638799878724,0.04370814205288,0.017953363871492,-0.0043111878620533,0.010842360078832393,-0.04179023270131395,0.11964694736956916,0.06219931100521313,0.04336974678397986,0.01724491355339627,-0.005800641946869528
expanded_generic,0.0580333333333333,5.80333333333333,stored_refined,1.4308877056805949,4.182410293872852,1.4308877056350127,4.182410293682209,0.3650903217816569,True,18,0.5367093216118587,0,0.0011803240857596,3.336980925451144e-09,0.0133303407344702,0.0658076572641597,-0.1500660517333491,0.0425754392514447,-0.0255592726485477,0.0043085299371485,0.0867758013761744,0.001180324083909031,2.274780206126799e-10,0.01333034078616183,0.06580765791910391,-0.1500660526553205,0.042575439345543205,-0.02555927268841171,0.0043085296898073425,0.08677580111909584,0.0111410260425762,-0.0446683307017462,0.1247068615092193,0.0647397511965431,0.0445440887364761,0.020208177946403,-0.0063188863922131,0.011141025970089109,-0.04466833075391092,0.12470686115351663,0.06473975132911972,0.04454408844503856,0.02020817734382236,-0.0063188864854264
expanded_generic,0.06,6.0,stored_refined,1.4298414855635215,4.178036860271576,1.429841485555517,4.178036860238134,0.4004050639976925,True,16,1.4891525637996543,0,0.0008307862947967,9.791369456248468e-10,0.0137578694416451,0.068034940538389,-0.1569470620312022,0.043696558049527,-0.0261914513992258,0.0041270257280785,0.0888030659513019,0.0008307863186179063,-6.64471068361186e-11,0.0137578694460056,0.06803494050792495,-0.15694706216606807,0.043696558062870566,-0.026191451409298943,0.004127025754492438,0.08880306603621854,0.0111991221686946,-0.0459659464429217,0.1266787353285552,0.0657479216445065,0.0447935793791139,0.020820823003312,-0.0065973402693587,0.011199122174332275,-0.0459659464702783,0.1266787353938754,0.06574792165846832,0.04479357940150414,0.02082082305204232,-0.006597340270966301
expanded_generic,0.06,6.0,reverse_high_to_low,1.4298414855635215,4.178036860271576,1.4298223622189274,4.177956962996925,0.4003981111187032,True,37,0.10674975997421682,0,0.0,0.0,0.0,0.0,0.0,0.0,0.0,0.0,0.0,0.0011603629982290696,2.7296995422186277e-10,0.013980454009097225,0.06956810079507478,-0.15596677998073047,0.044712526737903616,-0.027037368166795916,0.0050084959566415385,0.09379735938235088,0.0,0.0,0.0,0.0,0.0,0.0,0.0,0.011199961169360239,-0.04845900633023131,0.1298644161277707,0.067519175093592,0.04478781194530232,0.02151373675734826,-0.007384746168663317
expanded_generic,0.0580333333333333,5.80333333333333,reverse_high_to_low,1.4298223622189274,4.177956962996925,1.4308662376344898,4.1823205066596145,0.36499439781239906,True,31,2.2706785498684874,0,0.0011603629982290696,2.7296995422186277e-10,0.013980454009097225,0.06956810079507478,-0.15596677998073047,0.044712526737903616,-0.027037368166795916,0.0050084959566415385,0.09379735938235088,0.0008447592269658377,7.95139055538061e-11,0.013790715401740327,0.06617864223992756,-0.15396274898635443,0.04281272744373748,-0.02585363618263405,0.004321707953362042,0.08740578340978285,0.011199961169360239,-0.04845900633023131,0.1298644161277707,0.067519175093592,0.04478781194530232,0.02151373675734826,-0.007384746168663317,0.010956940268794004,-0.045333981197527864,0.1248329915952694,0.06502631257915732,0.04384396783285207,0.018597844136407294,-0.006770913103344616
expanded_generic,0.0560666666666666,5.60666666666666,reverse_high_to_low,1.4308662376344898,4.1823205066596145,1.432223168397674,4.187999478130771,0.3316254118549143,True,31,1.944971009095381,0,0.0008447592269658377,7.95139055538061e-11,0.013790715401740327,0.06617864223992756,-0.15396274898635443,0.04281272744373748,-0.02585363618263405,0.004321707953362042,0.08740578340978285,0.001269965104398045,9.662236457791342e-12,0.012923798596234212,0.06174908044061325,-0.14768369817747687,0.04112961837642342,-0.024496282946542283,0.003958224418281339,0.08146074923637095,0.010956940268794004,-0.045333981197527864,0.1248329915952694,0.06502631257915732,0.04384396783285207,0.018597844136407294,-0.006770913103344616,0.010827368512747926,-0.04208749454535568,0.12011223197477645,0.06199674531348027,0.04331866232135202,0.017158875621189645,-0.005914125328230191
expanded_generic,0.0540999999999999,5.4099999999999895,reverse_high_to_low,1.432223168397674,4.187999478130771,1.4339920792559406,4.195414231967913,0.3001435763781336,True,27,0.11640493906140872,0,0.001269965104398045,9.662236457791342e-12,0.012923798596234212,0.06174908044061325,-0.14768369817747687,0.04112961837642342,-0.024496282946542283,0.003958224418281339,0.08146074923637095,0.0011291945767385606,-2.617983678655494e-10,0.012361237437130764,0.058073329830792574,-0.14176788439767973,0.038697136667346026,-0.023172731647678815,0.00344960845235331,0.0755404700645286,0.010827368512747926,-0.04208749454535568,0.12011223197477645,0.06199674531348027,0.04331866232135202,0.017158875621189645,-0.005914125328230191,0.010610923414332262,-0.03896127951933001,0.11513440213394299,0.059253543594825764,0.042463320231283276,0.01530695402624287,-0.005260550741546357
expanded_generic,0.0521333333333333,5.21333333333333,reverse_high_to_low,1.4339920792559406,4.195414231967913,1.436181194942713,4.204608539104846,0.2705047599117991,True,32,0.3787715684207826,0,0.0011291945767385606,-2.617983678655494e-10,0.012361237437130764,0.058073329830792574,-0.14176788439767973,0.038697136667346026,-0.023172731647678815,0.00344960845235331,0.0755404700645286,0.0011698382485927736,9.267762891932875e-11,0.011988169111887628,0.054300178628125834,-0.1347810057842341,0.03643532139089888,-0.022093653442849966,0.0030612106371485184,0.06990922752638015,0.010610923414332262,-0.03896127951933001,0.11513440213394299,0.059253543594825764,0.042463320231283276,0.01530695402624287,-0.005260550741546357,0.01040236926338483,-0.036105347726181965,0.11037107275473439,0.05652209557872667,0.04163161068600902,0.013698004585695967,-0.004607078855314164
expanded_generic,0.0501666666666666,5.01666666666666,reverse_high_to_low,1.436181194942713,4.204608539104846,1.4388065209573875,4.215661509761384,0.24264458275547343,True,34,1.111566448592138,0,0.0011698382485927736,9.267762891932875e-11,0.011988169111887628,0.054300178628125834,-0.1347810057842341,0.03643532139089888,-0.022093653442849966,0.0030612106371485184,0.06990922752638015,0.0011469220383663293,1.0841645101190985e-10,0.010947127483579046,0.050653598796396235,-0.12932995695916774,0.0346675623448871,-0.020508199061390637,0.0026414044943553266,0.06456278809121427,0.01040236926338483,-0.036105347726181965,0.11037107275473439,0.05652209557872667,0.04163161068600902,0.013698004585695967,-0.004607078855314164,0.010092704205814169,-0.03311225609049601,0.10495567445851192,0.05368916018476916,0.040410533540476086,0.011882653017427802,-0.004055104957568856
expanded_generic,0.0481999999999999,4.8199999999999905,reverse_high_to_low,1.4388065209573875,4.215661509761384,1.4419048840541857,4.22874341559359,0.2165363927137424,True,31,0.17064674726593734,0,0.0011469220383663293,1.0841645101190985e-10,0.010947127483579046,0.050653598796396235,-0.12932995695916774,0.0346675623448871,-0.020508199061390637,0.0026414044943553266,0.06456278809121427,0.0014031582012730282,2.7093090793700807e-11,0.010050191375821985,0.04672467510473456,-0.1228902303336445,0.03231938807953829,-0.018992280568838858,0.0024441807955604203,0.059701867342890146,0.010092704205814169,-0.03311225609049601,0.10495567445851192,0.05368916018476916,0.040410533540476086,0.011882653017427802,-0.004055104957568856,0.009788414978327449,-0.030351052107704536,0.09979003660262083,0.05077408349586567,0.03919784345930417,0.010480571213390376,-0.003500944635606936
expanded_generic,0.0462333333333333,4.62333333333333,reverse_high_to_low,1.4419048840541857,4.22874341559359,1.4455164589354053,4.244043451073919,0.19211807495871785,True,27,8.883322451122417,0,0.0014031582012730282,2.7093090793700807e-11,0.010050191375821985,0.04672467510473456,-0.1228902303336445,0.03231938807953829,-0.018992280568838858,0.0024441807955604203,0.059701867342890146,0.0013004700906654265,4.4435995613908376e-11,0.009773207534509889,0.04303627493053348,-0.11677267254400102,0.030650515000580802,-0.018082093268513642,0.0021338282678060754,0.0548320797217403,0.009788414978327449,-0.030351052107704536,0.09979003660262083,0.05077408349586567,0.03919784345930417,0.010480571213390376,-0.003500944635606936,0.009417209426130817,-0.027942255249442216,0.09457526798489722,0.048144957791210356,0.037732928604885814,0.008635329341587578,-0.00307845400246571
expanded_generic,0.0442666666666666,4.42666666666666,reverse_high_to_low,1.4455164589354053,4.244043451073919,1.449711613383332,4.261885267255162,0.16936096581748328,True,33,0.9551180687294236,0,0.0013004700906654265,4.4435995613908376e-11,0.009773207534509889,0.04303627493053348,-0.11677267254400102,0.030650515000580802,-0.018082093268513642,0.0021338282678060754,0.0548320797217403,0.0014933097168519705,-4.809142275568242e-11,0.008793734002369664,0.03936947420116112,-0.11039887715144603,0.028227401287760353,-0.01645776917267598,0.0020117215071892617,0.05043890188824198,0.009417209426130817,-0.027942255249442216,0.09457526798489722,0.048144957791210356,0.037732928604885814,0.008635329341587578,-0.00307845400246571,0.009021149743880522,-0.025496858901290484,0.08920906734150715,0.045336788547621146,0.03616225376269332,0.007092394812580822,-0.002656506552790793
expanded_generic,0.0423,4.2299999999999995,reverse_high_to_low,1.449711613383332,4.261885267255162,1.4544731361820897,4.282226720836441,0.14820957265333973,True,26,0.4262840617266078,0,0.0014933097168519705,-4.809142275568242e-11,0.008793734002369664,0.03936947420116112,-0.11039887715144603,0.028227401287760353,-0.01645776917267598,0.0020117215071892617,0.05043890188824198,0.0013511468633265447,1.536718560702669e-11,0.008528661594372771,0.03562320820615424,-0.10402765791905992,0.026583611518977333,-0.015682935569017974,0.0018908267571907211,0.04620231012624932,0.009021149743880522,-0.025496858901290484,0.08920906734150715,0.045336788547621146,0.03616225376269332,0.007092394812580822,-0.002656506552790793,0.008565004383964181,-0.023237588250443243,0.08372667793758116,0.042710550424353996,0.03436207595423636,0.005302673994706021,-0.002359146983978294
expanded_generic,0.0403333333333333,4.03333333333333,reverse_high_to_low,1.4544731361820897,4.282226720836441,1.4599092719060922,4.305568874566659,0.12863483287374233,True,28,0.46901428710825926,0,0.0013511468633265447,1.536718560702669e-11,0.008528661594372771,0.03562320820615424,-0.10402765791905992,0.026583611518977333,-0.015682935569017974,0.0018908267571907211,0.04620231012624932,0.0013236984055963982,1.0991629759251945e-10,0.007972434568001771,0.03183860106672624,-0.09763103890699809,0.02467790552232806,-0.014572809854151474,0.0019013675464472734,0.04231761281274494,0.008565004383964181,-0.023237588250443243,0.08372667793758116,0.042710550424353996,0.03436207595423636,0.005302673994706021,-0.002359146983978294,0.008069067286719068,-0.02109591186258841,0.07811882821905453,0.040065662695148656,0.03240225208141811,0.0035246784390115258,-0.0021006849720410447
expanded_generic,0.0383666666666666,3.83666666666666,reverse_high_to_low,1.4599092719060922,4.305568874566659,1.4660893876703625,4.3322601813719475,0.11058902339810678,True,27,0.24140380746836487,0,0.0013236984055963982,1.0991629759251945e-10,0.007972434568001771,0.03183860106672624,-0.09763103890699809,0.02467790552232806,-0.014572809854151474,0.0019013675464472734,0.04231761281274494,0.0014643709452749273,1.218207663710047e-10,0.007211214166222973,0.02808881364388956,-0.09110473353325163,0.022524107484621192,-0.013280228789140747,0.0020246132034299233,0.03878015405756832,0.008069067286719068,-0.02109591186258841,0.07811882821905453,0.040065662695148656,0.03240225208141811,0.0035246784390115258,-0.0021006849720410447,0.007504496675623539,-0.01894973990536548,0.07221376267333861,0.03737251654805219,0.030178694583731454,0.0017425197966116958,-0.001912760558864348
expanded_generic,0.0363999999999999,3.63999999999999,reverse_high_to_low,1.4660893876703625,4.3322601813719475,1.4730411093643794,4.362481772796904,0.09404736131145428,True,32,1.3009763979121016,0,0.0014643709452749273,1.218207663710047e-10,0.007211214166222973,0.02808881364388956,-0.09110473353325163,0.022524107484621192,-0.013280228789140747,0.0020246132034299233,0.03878015405756832,0.0015921204438131365,-5.850672853416115e-11,0.00662865945782656,0.024044971999189483,-0.08458126493728074,0.0207054611588533,-0.012186002831163745,0.002306962044352157,0.03559057550220465,0.007504496675623539,-0.01894973990536548,0.07221376267333861,0.03737251654805219,0.030178694583731454,0.0017425197966116958,-0.001912760558864348,0.006942376856506056,-0.01711767359848206,0.06647489653987677,0.034873623876353066,0.02795072890602169,-0.00013049856108587386,-0.0017758552680177044
expanded_generic,0.0344333333333333,3.4433333333333302,reverse_high_to_low,1.4730411093643794,4.362481772796904,1.4808970578628584,4.396888175441409,0.07896932410008474,True,35,0.12373144453292088,0,0.0015921204438131365,-5.850672853416115e-11,0.00662865945782656,0.024044971999189483,-0.08458126493728074,0.0207054611588533,-0.012186002831163745,0.002306962044352157,0.03559057550220465,0.001668255226423274,-5.700701328513758e-11,0.006042668471376717,0.019975870380684425,-0.07792886303967947,0.018811171525758077,-0.01110056973527331,0.002703906292635283,0.032698964800047074,0.006942376856506056,-0.01711767359848206,0.06647489653987677,0.034873623876353066,0.02795072890602169,-0.00013049856108587386,-0.0017758552680177044,0.006293580783577488,-0.01535212243732083,0.06042446939666261,0.032405123037026494,0.025406098516527715,-0.0022012668011861703,-0.001733038840205709
expanded_generic,0.0324666666666666,3.2466666666666604,reverse_high_to_low,1.4808970578628584,4.396888175441409,1.4897321828305345,4.43590734775455,0.06532618790945331,True,32,3.269738067621633,0,0.001668255226423274,-5.700701328513758e-11,0.006042668471376717,0.019975870380684425,-0.07792886303967947,0.018811171525758077,-0.01110056973527331,0.002703906292635283,0.032698964800047074,0.0018057034500405767,3.6886492529294914e-11,0.005412607663354427,0.015848925622890312,-0.07121058126129994,0.01687267061989712,-0.009997642666310962,0.003236105834233463,0.030125523228603998,0.006293580783577488,-0.01535212243732083,0.06042446939666261,0.032405123037026494,0.025406098516527715,-0.0022012668011861703,-0.001733038840205709,0.0055889505125607366,-0.013715755720647538,0.05418017078489041,0.029999102119449977,0.022637991530768786,-0.004407388023889132,-0.001759265371858825
expanded_generic,0.0305,3.05,reverse_high_to_low,1.4897321828305345,4.43590734775455,1.499725891529753,4.48046076975436,0.05307170489201307,True,36,0.6879179742868463,0,0.0018057034500405767,3.6886492529294914e-11,0.005412607663354427,0.015848925622890312,-0.07121058126129994,0.01687267061989712,-0.009997642666310962,0.003236105834233463,0.030125523228603998,0.001906768127711716,4.483353294650952e-11,0.004758042045115271,0.012015551260791506,-0.06428258753539905,0.014942263943243848,-0.008853492864275838,0.00378289587234928,0.027718995349724128,0.0055889505125607366,-0.013715755720647538,0.05418017078489041,0.029999102119449977,0.022637991530768786,-0.004407388023889132,-0.001759265371858825,0.00484661719979979,-0.012043663399892079,0.047709816013490496,0.02747449750814904,0.01972678179638257,-0.006376669616853911,-0.00180361563587972
expanded_generic,0.0285333333333333,2.85333333333333,reverse_high_to_low,1.499725891529753,4.48046076975436,1.5110700495695182,4.531577213143793,0.04215892523927732,True,35,3.751184245698468,0,0.001906768127711716,4.483353294650952e-11,0.004758042045115271,0.012015551260791506,-0.06428258753539905,0.014942263943243848,-0.008853492864275838,0.00378289587234928,0.027718995349724128,0.0019561532975106394,1.60597580451653e-11,0.004217217796031618,0.00858574164040232,-0.057602300788962564,0.01318979585810769,-0.007896981686785733,0.004223157663178838,0.025246817420411627,0.00484661719979979,-0.012043663399892079,0.047709816013490496,0.02747449750814904,0.01972678179638257,-0.006376669616853911,-0.00180361563587972,0.0041415172883128085,-0.010695491747667712,0.041593800980337534,0.025157547445874628,0.016951854523440158,-0.008133552776451829,-0.0018342494516316674
expanded_generic,0.0265666666666666,2.65666666666666,reverse_high_to_low,1.5110700495695182,4.531577213143793,1.5237373576908648,4.589345208018019,0.0326533525004427,True,71,0.05753681574404572,0,0.0019561532975106394,1.60597580451653e-11,0.004217217796031618,0.00858574164040232,-0.057602300788962564,0.01318979585810769,-0.007896981686785733,0.004223157663178838,0.025246817420411627,0.00210180114675418,6.465576013179976e-11,0.003576154819746732,0.004249904854526373,-0.050515899488495886,0.011270508994522801,-0.006857610435180598,0.005283866347825779,0.023719683756595902,0.0041415172883128085,-0.010695491747667712,0.041593800980337534,0.025157547445874628,0.016951854523440158,-0.008133552776451829,-0.0018342494516316674,0.0032600757868371352,-0.009506665643578615,0.034919725357826656,0.02301350819913184,0.013571019855602811,-0.010623719096135575,-0.0020960122081452163
expanded_generic,0.0245999999999999,2.45999999999999,reverse_high_to_low,1.5237373576908648,4.589345208018019,1.539285236387563,4.661257382850973,0.0239503902173209,True,35,0.4238019775285183,0,0.00210180114675418,6.465576013179976e-11,0.003576154819746732,0.004249904854526373,-0.050515899488495886,0.011270508994522801,-0.006857610435180598,0.005283866347825779,0.023719683756595902,0.0013284505526620898,5.2443453395384395e-11,0.003218488682369366,0.0071659363229208,-0.04450054453168047,0.009887559051065755,-0.005876282119254858,0.0024834701172113454,0.017289553418776724,0.0032600757868371352,-0.009506665643578615,0.034919725357826656,0.02301350819913184,0.013571019855602811,-0.010623719096135575,-0.0020960122081452163,0.003394370717547393,-0.007168263773398557,0.03185591980166238,0.018775367538747277,0.013879031655964326,-0.00543723841720075,-0.0009348070025038467
expanded_generic,0.0226333333333333,2.26333333333333,reverse_high_to_low,1.539285236387563,4.661257382850973,1.5568282775800721,4.74375149626565,0.016736895702136507,True,38,0.609405955811151,0,0.0013284505526620898,5.2443453395384395e-11,0.003218488682369366,0.0071659363229208,-0.04450054453168047,0.009887559051065755,-0.005876282119254858,0.0024834701172113454,0.017289553418776724,0.000757391369131413,1.0471460581984836e-10,0.00263512152809349,0.009143361121337517,-0.03794016532941929,0.008243641072524673,-0.004614448879525977,-0.000884401831965801,0.01011570091230391,0.003394370717547393,-0.007168263773398557,0.03185591980166238,0.018775367538747277,0.013879031655964326,-0.00543723841720075,-0.0009348070025038467,0.003601829088485604,-0.004520060874988133,0.028875148227745062,0.014088183341393688,0.014393866924201412,0.0004934475191326883,0.00027880798856697205
expanded_generic,0.0206666666666666,2.06666666666666,reverse_high_to_low,1.5568282775800721,4.74375149626565,1.5758630467859798,4.83491257374372,0.010899446618223344,True,36,0.18213735579708396,0,0.000757391369131413,1.0471460581984836e-10,0.00263512152809349,0.009143361121337517,-0.03794016532941929,0.008243641072524673,-0.004614448879525977,-0.000884401831965801,0.01011570091230391,0.0006557743142715261,1.2287502502612036e-10,0.0021031619763433123,0.006911179843562174,-0.03100352000415434,0.006565409532040447,-0.003653890141807315,-0.0008169554897197209,0.00780534715164557,0.003601829088485604,-0.004520060874988133,0.028875148227745062,0.014088183341393688,0.014393866924201412,0.0004934475191326883,0.00027880798856697205,0.0029442606869661395,-0.003376822269241313,0.023251650051376433,0.011356652610716245,0.011756698022563608,0.00012097407718682036,0.00027525371322964965
expanded_generic,0.0186999999999999,1.8699999999999901,reverse_high_to_low,1.5758630467859798,4.83491257374372,1.597721146603602,4.941758040845087,0.006304474167799108,True,34,0.17069423076792226,0,0.0006557743142715261,1.2287502502612036e-10,0.0021031619763433123,0.006911179843562174,-0.03100352000415434,0.006565409532040447,-0.003653890141807315,-0.0008169554897197209,0.00780534715164557,0.0005528855057824972,1.1359994526378972e-10,0.0015774476977729274,0.004783156783595913,-0.023841958919204827,0.0049137520430795655,-0.0027204422493539476,-0.0006749786962261582,0.005701390680643245,0.0029442606869661395,-0.003376822269241313,0.023251650051376433,0.011356652610716245,0.011756698022563608,0.00012097407718682036,0.00027525371322964965,0.002263396416055734,-0.0023602018985260566,0.01760280428712014,0.008628040710050836,0.009019981610231419,-0.0001979919297586885,0.0002409753864249759
expanded_generic,0.0167333333333333,1.6733333333333302,reverse_high_to_low,1.597721146603602,4.941758040845087,1.6230935957539052,5.068746740147616,0.0029482690484451983,True,38,0.070635052480859,0,0.0005528855057824972,1.1359994526378972e-10,0.0015774476977729274,0.004783156783595913,-0.023841958919204827,0.0049137520430795655,-0.0027204422493539476,-0.0006749786962261582,0.005701390680643245,0.00030937782060931753,4.0639346181514517e-10,0.001103986355110804,0.0032382430879129187,-0.017079551332636278,0.003251379950546004,-0.001821743736025267,-0.00060872937351267,0.0035175196605122957,0.002263396416055734,-0.0023602018985260566,0.01760280428712014,0.008628040710050836,0.009019981610231419,-0.0001979919297586885,0.0002409753864249759,0.0015598556818075334,-0.00146032688303136,0.011986528425853918,0.005923217438687656,0.006239482130442727,-0.00023288810056973477,0.00019082204264201226
expanded_generic,0.0147666666666666,1.47666666666666,reverse_high_to_low,1.6230935957539052,5.068746740147616,1.652755317777571,5.221346494543083,0.0008403702883191159,True,35,0.10448270180405769,0,0.00030937782060931753,4.0639346181514517e-10,0.001103986355110804,0.0032382430879129187,-0.017079551332636278,0.003251379950546004,-0.001821743736025267,-0.00060872937351267,0.0035175196605122957,0.00018707640010306604,-2.6503754660394384e-11,0.0005745419777633611,0.001540583632866259,-0.009225546271203344,0.0016967105901891637,-0.0009423869997914784,-0.0003611052104258682,0.0017744086528926459,0.0015598556818075334,-0.00146032688303136,0.011986528425853918,0.005923217438687656,0.006239482130442727,-0.00023288810056973477,0.00019082204264201226,0.0008452361585746249,-0.0006837904469438203,0.006380653103837906,0.003146514601482608,0.0033809371404246954,-0.00017008405877239055,0.00011843267638294464
expanded_generic,0.0127999999999999,1.27999999999999,reverse_high_to_low,1.652755317777571,5.221346494543083,1.687998490098568,5.408644408933888,1.119768063862676e-05,True,31,0.027243997812032725,0,0.00018707640010306604,-2.6503754660394384e-11,0.0005745419777633611,0.001540583632866259,-0.009225546271203344,0.0016967105901891637,-0.0009423869997914784,-0.0003611052104258682,0.0017744086528926459,2.7211702809669204e-05,-1.8331766398824694e-11,6.262854097017207e-05,0.00015331125505527497,-0.001053716436508152,0.00019407324668351838,-0.00010402504267476661,-4.792978612714416e-05,0.00019434028708083638,0.0008452361585746249,-0.0006837904469438203,0.006380653103837906,0.003146514601482608,0.0033809371404246954,-0.00017008405877239055,0.00011843267638294464,9.923677048963342e-05,-6.452929405783622e-05,0.0007329798722695626,0.0003598841034214092,0.00039694660113756113,-2.198455850843696e-05,1.5783800800552515e-05
expanded_generic,0.012546045825196,1.2546045825196002,reverse_high_to_low,1.687998490098568,5.408644408933888,1.693043841639992,5.436001877328875,1.2714056462319623e-18,True,5,1.3478426182493677e-08,0,2.7211702809669204e-05,-1.8331766398824694e-11,6.262854097017207e-05,0.00015331125505527497,-0.001053716436508152,0.00019407324668351838,-0.00010402504267476661,-4.792978612714416e-05,0.00019434028708083638,-6.258335157661082e-11,-3.4127158508651754e-11,-2.1249808732886957e-10,-8.758181734647482e-12,1.262869931428881e-10,-1.470270061343877e-10,4.908125162695107e-11,4.516863870532719e-11,4.7188979532321484e-11,9.923677048963342e-05,-6.452929405783622e-05,0.0007329798722695626,0.0003598841034214092,0.00039694660113756113,-2.198455850843696e-05,1.5783800800552515e-05,-2.363755842730532e-10,2.4301854150973734e-10,-2.9087679592900037e-10,2.0768775145609652e-10,-1.0683235552047436e-11,-1.8372004755357384e-10,-2.4115199676312057e-10
expanded_generic,0.0108333333333333,1.0833333333333302,reverse_high_to_low,1.693043841639992,5.436001877328875,1.7307975037422636,5.6451541452684495,0.0005010255919752618,True,6,6.663325200624061e-08,0,-6.258335157661082e-11,-3.4127158508651754e-11,-2.1249808732886957e-10,-8.758181734647482e-12,1.262869931428881e-10,-1.470270061343877e-10,4.908125162695107e-11,4.516863870532719e-11,4.7188979532321484e-11,-0.0006207864407045877,0.0014483151569673982,-0.0029760517553562814,-0.0010206897183830065,0.0075861290567312105,-0.0005200314080299645,0.000701411913508043,0.000571301870129759,-0.0006877290508583506,-2.363755842730532e-10,2.4301854150973734e-10,-2.9087679592900037e-10,2.0768775145609652e-10,-1.0683235552047436e-11,-1.8372004755357384e-10,-2.4115199676312057e-10,-0.00061207667772236,0.0003880268493960525,-0.004577219189427246,-0.0025490320608752884,-0.0024483011641018974,0.000752066006228088,-3.560703484716554e-05
expanded_generic,0.0088666666666666,0.8866666666666599,reverse_high_to_low,1.7307975037422636,5.6451541452684495,1.783887696170927,5.95295476927589,0.0023694944210908633,True,10,3.7504552999517906e-07,0,-0.0006207864407045877,0.0014483151569673982,-0.0029760517553562814,-0.0010206897183830065,0.0075861290567312105,-0.0005200314080299645,0.000701411913508043,0.000571301870129759,-0.0006877290508583506,-0.0013303426840340722,-0.003427220046581837,-0.006541417820241856,-0.0004603172845447024,0.014974008679470721,-0.0009436036713523014,0.001353011613994612,0.0008870987945821166,-0.0018606954309270808,-0.00061207667772236,0.0003880268493960525,-0.004577219189427246,-0.0025490320608752884,-0.0024483011641018974,0.000752066006228088,-3.560703484716554e-05,-0.001489308145088469,0.000521267131811404,-0.010567242338485642,-0.005261786373319021,-0.005957239424997333,0.0006484168180702334,-0.000262216699316452
expanded_generic,0.0068999999999999,0.6899999999999901,reverse_high_to_low,1.783887696170927,5.95295476927589,1.8528665472171784,6.378076400155338,0.005879345731812104,True,6,3.747626695334626e-07,0,-0.0013303426840340722,-0.003427220046581837,-0.006541417820241856,-0.0004603172845447024,0.014974008679470721,-0.0009436036713523014,0.001353011613994612,0.0008870987945821166,-0.0018606954309270808,-0.0020708092012222193,-0.0055085361616741095,-0.009698748572910462,6.795038158581065e-05,0.024052831309230634,-0.0014028899307522169,0.001969437546505789,0.0016270545955917241,-0.002543301441725901,-0.001489308145088469,0.000521267131811404,-0.010567242338485642,-0.005261786373319021,-0.005957239424997333,0.0006484168180702334,-0.000262216699316452,-0.002351610198415421,0.0003924527662116459,-0.016269281371262365,-0.00818493180490655,-0.009406441409019518,0.0013105453148138189,-0.0004335370955616927
expanded_generic,0.0049333333333333,0.49333333333333,reverse_high_to_low,1.8528665472171784,6.378076400155338,1.9484411983221714,7.017739785533192,0.011570499852140358,True,7,6.899243451128184e-08,0,-0.0020708092012222193,-0.0055085361616741095,-0.009698748572910462,6.795038158581065e-05,0.024052831309230634,-0.0014028899307522169,0.001969437546505789,0.0016270545955917241,-0.002543301441725901,-0.0028551762478108682,-0.007942087971040158,-0.012473161874019976,0.00157524398289767,0.034510644457279104,-0.001807373603566803,0.002452657487030094,0.0027028012633988838,-0.00292145668197132,-0.002351610198415421,0.0003924527662116459,-0.016269281371262365,-0.00818493180490655,-0.009406441409019518,0.0013105453148138189,-0.0004335370955616927,-0.0032898476437876888,-0.0002110002271124321,-0.022038474413860407,-0.011266173088056277,-0.013159374988300757,0.0023355353620434995,-0.0006267218141970696
expanded_generic,0.0029666666666666,0.29666666666666003,reverse_high_to_low,1.9484411983221714,7.017739785533192,2.098504220669095,8.153964255160508,0.02099267386219174,True,12,5.711613150073494e-07,0,-0.0028551762478108682,-0.007942087971040158,-0.012473161874019976,0.00157524398289767,0.034510644457279104,-0.001807373603566803,0.002452657487030094,0.0027028012633988838,-0.00292145668197132,-0.0037298404943687208,-0.011090790317694846,-0.014501203969021345,0.005032990008513726,0.04774512417015224,-0.0021037331280969298,0.0026704507623380295,0.004479580773840483,-0.0027811537041095634,-0.0032898476437876888,-0.0002110002271124321,-0.022038474413860407,-0.011266173088056277,-0.013159374988300757,0.0023355353620434995,-0.0006267218141970696,-0.004372697699291916,-0.001732644130526719,-0.02793488930527843,-0.014684887320652446,-0.017490779219370374,0.0040590496890521195,-0.0008463543786528994
expanded_generic,0.001,0.1,reverse_high_to_low,2.098504220669095,8.153964255160508,2.431452607693909,11.375394069322985,0.04261661467594198,True,14,1.6934321867704365e-05,0,-0.0037298404943687208,-0.011090790317694846,-0.014501203969021345,0.005032990008513726,0.04774512417015224,-0.0021037331280969298,0.0026704507623380295,0.004479580773840483,-0.0027811537041095634,-0.00490876146672474,-0.016677695698855438,-0.01397781644220763,0.015130339195146829,0.07032447251929184,-0.002028198380343463,0.0019675264086946947,0.008896590964761185,-0.001010815910182936,-0.004372697699291916,-0.001732644130526719,-0.02793488930527843,-0.014684887320652446,-0.017490779219370374,0.0040590496890521195,-0.0008463543786528994,-0.0059426049479315984,-0.006375250805832885,-0.03423040778245791,-0.019249523254518227,-0.02377040371153797,0.008116111045580115,-0.0011476226761832058
expanded_generic,0.001,0.1,reverse_low_to_high,2.431452734478743,11.375395511550522,2.432381505662206,11.385965558920022,0.043487766420564185,True,5,1.9329568497003754e-07,0,0.0,0.0,0.0,0.0,0.0,0.0,0.0,0.0,0.0,-0.005109026789370809,0.01339856390274156,-0.012814757405551236,0.009503236598871019,0.07971111973508697,-0.002730297841013489,0.002415862775258319,0.011084153758355746,0.0014698582508396781,0.0,0.0,0.0,0.0,0.0,0.0,0.0,-0.005321901245087594,-0.005926356126050709,-0.031069354227954017,-0.02041355813066978,-0.02128759534810325,0.013148667885795506,-0.00041913459351584215
expanded_generic,0.0029666666666666,0.29666666666666003,reverse_low_to_high,2.432381505662206,11.385965558920022,2.0991432504348673,8.159176546255804,0.021355891384532512,True,13,3.3620981678798473e-07,0,-0.005109026789370809,0.01339856390274156,-0.012814757405551236,0.009503236598871019,0.07971111973508697,-0.002730297841013489,0.002415862775258319,0.011084153758355746,0.0014698582508396781,-0.0038410991933116503,0.009590724576855916,-0.013626643790004994,0.0010025692899612256,0.054005128869155976,-0.002586817403140385,0.002978155744337731,0.00598491995026701,-0.001026389652570275,-0.005321901245087594,-0.005926356126050709,-0.031069354227954017,-0.02041355813066978,-0.02128759534810325,0.013148667885795506,-0.00041913459351584215,-0.003935850189424716,-0.0014225046872107935,-0.025710395230418542,-0.015502177825490515,-0.015743393303027257,0.007592288756855824,-0.0003319908598219171
expanded_generic,0.0049333333333333,0.49333333333333,reverse_low_to_high,2.0991432504348673,8.159176546255804,1.9489057423843512,7.021000592216035,0.01175042129293541,True,8,1.6633665087012268e-07,0,-0.0038410991933116503,0.009590724576855916,-0.013626643790004994,0.0010025692899612256,0.054005128869155976,-0.002586817403140385,0.002978155744337731,0.00598491995026701,-0.001026389652570275,-0.0029248178212979664,0.007121916912587032,-0.01180373977080845,-0.0014268145228338782,0.03899762917309266,-0.002159494728909372,0.002677444767236661,0.0038021918023469,-0.001624802390859616,-0.003935850189424716,-0.0014225046872107935,-0.025710395230418542,-0.015502177825490515,-0.015743393303027257,0.007592288756855824,-0.0003319908598219171,-0.0029682966081885425,1.5941526407733415e-05,-0.020401768404573285,-0.0118684516422521,-0.011873192128596373,0.004937738199964177,-0.0002473959933200205
expanded_generic,0.0068999999999999,0.6899999999999901,reverse_low_to_high,1.9489057423843512,7.021000592216035,1.8531914497426327,6.380148989961889,0.005963521148989991,True,10,3.428867210032146e-08,0,-0.0029248178212979664,0.007121916912587032,-0.01180373977080845,-0.0014268145228338782,0.03899762917309266,-0.002159494728909372,0.002677444767236661,0.0038021918023469,-0.001624802390859616,-0.002112855910298687,0.0050554604948797556,-0.009209205613464753,-0.00207426192082754,0.027162495369797205,-0.001650020030193266,0.002128223583502742,0.002400285035842158,-0.0016252111992113983,-0.0029682966081885425,1.5941526407733415e-05,-0.020401768404573285,-0.0118684516422521,-0.011873192128596373,0.004937738199964177,-0.0002473959933200205,-0.0021246555863068638,0.0005520579837356354,-0.015114601034732843,-0.008611272494023181,-0.008498631021402378,0.0031504079056276554,-0.00016534876994661973
expanded_generic,0.0088666666666666,0.8866666666666599,reverse_low_to_high,1.8531914497426327,6.380148989961889,1.7840906502118459,5.954163068112141,0.0024010294844260586,True,6,2.703148847441987e-07,0,-0.002112855910298687,0.0050554604948797556,-0.009209205613464753,-0.00207426192082754,0.027162495369797205,-0.001650020030193266,0.002128223583502742,0.002400285035842158,-0.0016252111992113983,-0.0013518751327056685,0.003190487427765141,-0.006219293361463899,-0.0018255028585015187,0.016900134099174246,-0.0010985255854928438,0.0014540348514235429,0.001373084313576927,-0.0012818937552759719,-0.0021246555863068638,0.0005520579837356354,-0.015114601034732843,-0.008611272494023181,-0.008498631021402378,0.0031504079056276554,-0.00016534876994661973,-0.0013464850276810767,0.0006216453347588661,-0.00984094059982995,-0.005531209248098572,-0.005385948250095786,0.0018090928395067794,-9.313807802868253e-05
expanded_generic,0.0108333333333333,1.0833333333333302,reverse_low_to_high,1.7840906502118459,5.954163068112141,1.7307975036323606,5.64515414464803,0.0005010255919787283,True,6,6.00193421034822e-08,0,-0.0013518751327056685,0.003190487427765141,-0.006219293361463899,-0.0018255028585015187,0.016900134099174246,-0.0010985255854928438,0.0014540348514235429,0.001373084313576927,-0.0012818937552759719,-0.0006207859469762647,0.0014483134364184503,-0.0029760521439251408,-0.0010206908431120041,0.007586129303979879,-0.0005200296694288255,0.000701411571293053,0.0005712970398321568,-0.0006877289382450648,-0.0013464850276810767,0.0006216453347588661,-0.00984094059982995,-0.005531209248098572,-0.005385948250095786,0.0018090928395067794,-9.313807802868253e-05,-0.000612078235302903,0.00038803067673569866,-0.004577219069338939,-0.0025490324110635436,-0.002448301164020618,0.0007520707559552215,-3.564695202524433e-05
expanded_generic,0.012546045825196,1.2546045825196002,reverse_low_to_high,1.7307975036323606,5.64515414464803,1.693043841668538,5.436001877484052,8.583245580317426e-18,True,7,2.5262298171202373e-08,0,-0.0006207859469762647,0.0014483134364184503,-0.0029760521439251408,-0.0010206908431120041,0.007586129303979879,-0.0005200296694288255,0.000701411571293053,0.0005712970398321568,-0.0006877289382450648,2.352700075751724e-10,-2.470898135856955e-10,7.265803874599259e-11,-1.37658391700619e-10,-2.598608996461139e-10,2.8647591058184154e-22,1.461002400073479e-10,2.57012761888099e-10,2.522044312714217e-10,-0.000612078235302903,0.00038803067673569866,-0.004577219069338939,-0.0025490324110635436,-0.002448301164020618,0.0007520707559552215,-3.564695202524433e-05,2.3802381100553423e-10,-5.320754245179302e-10,2.7135537629626523e-10,-6.486001677244984e-26,4.0037694102805e-10,2.3128788071230748e-10,1.562246670439548e-10
expanded_generic,0.0127999999999999,1.27999999999999,reverse_low_to_high,1.693043841668538,5.436001877484052,1.6880021071523876,5.408663972327187,1.1396970430567692e-05,True,33,0.02188704365054678,0,2.352700075751724e-10,-2.470898135856955e-10,7.265803874599259e-11,-1.37658391700619e-10,-2.598608996461139e-10,2.8647591058184154e-22,1.461002400073479e-10,2.57012761888099e-10,2.522044312714217e-10,-1.832909702702481e-05,7.34194489647177e-11,1.0635519374645073e-05,0.00018761540493264224,-0.0010676345570283777,-8.814758660152484e-23,-5.7724384512308175e-05,-6.411049752986535e-05,0.0001752744965941929,2.3802381100553423e-10,-5.320754245179302e-10,2.7135537629626523e-10,-6.486001677244984e-26,4.0037694102805e-10,2.3128788071230748e-10,1.562246670439548e-10,9.743737332102573e-05,-7.51429502286946e-05,0.0007351331646331579,-1.4505172417539079e-21,0.0003897472574482028,-5.875618705956944e-05,1.1166828600913724e-05
expanded_generic,0.0147666666666666,1.47666666666666,reverse_low_to_high,1.6880021071523876,5.408663972327187,1.6527845784321644,5.221499276794617,0.0008557956949630406,True,30,0.1696210841870627,0,-1.832909702702481e-05,7.34194489647177e-11,1.0635519374645073e-05,0.00018761540493264224,-0.0010676345570283777,-8.814758660152484e-23,-5.7724384512308175e-05,-6.411049752986535e-05,0.0001752744965941929,-0.00018473881599956023,-5.587782019064109e-11,9.193174060276295e-05,0.00182070625305839,-0.009096187101708845,3.094205558351371e-19,-0.0005224093549806847,-0.0005027651837742965,0.0016451727288036876,9.743737332102573e-05,-7.51429502286946e-05,0.0007351331646331579,-1.4505172417539079e-21,0.0003897472574482028,-5.875618705956944e-05,1.1166828600913724e-05,0.0008359927484576803,-0.0007547849405943772,0.0064200768098300765,5.517770434011961e-20,0.003344179849223398,-0.00042463517106244793,8.521611697183488e-05
expanded_generic,0.0167333333333333,1.6733333333333302,reverse_low_to_high,1.6527845784321644,5.221499276794617,1.6231462873096583,5.069013827335631,0.0030029387343788625,True,37,0.007210842631009226,0,-0.00018473881599956023,-5.587782019064109e-11,9.193174060276295e-05,0.00182070625305839,-0.009096187101708845,3.094205558351371e-19,-0.0005224093549806847,-0.0005027651837742965,0.0016451727288036876,-0.0003862062683582272,1.7463507947946561e-10,0.00016958547434744588,0.0037130006471280614,-0.016735522366164404,-1.300639007203918e-18,-0.0010226749404996676,-0.0008430638510361191,0.003326604559653284,0.0008359927484576803,-0.0007547849405943772,0.0064200768098300765,5.517770434011961e-20,0.003344179849223398,-0.00042463517106244793,8.521611697183488e-05,0.0015505458350009056,-0.0015931408199415958,0.012104626197455467,-6.408504454688442e-20,0.006202225200520298,-0.0006345739948003261,0.00013676232511261206
expanded_generic,0.0186999999999999,1.8699999999999901,reverse_low_to_high,1.6231462873096583,5.069013827335631,1.597839085894441,4.9423409026544,0.0064235599757518705,True,29,0.17243823350799603,0,-0.0003862062683582272,1.7463507947946561e-10,0.00016958547434744588,0.0037130006471280614,-0.016735522366164404,-1.300639007203918e-18,-0.0010226749404996676,-0.0008430638510361191,0.003326604559653284,-0.0006190560896626261,1.0309798427255786e-10,0.0002483449947247015,0.005829126583529834,-0.024133174286831347,-3.731354760935938e-19,-0.0015422750946074866,-0.001118254486399688,0.005185887769599949,0.0015505458350009056,-0.0015931408199415958,0.012104626197455467,-6.408504454688442e-20,0.006202225200520298,-0.0006345739948003261,0.00013676232511261206,0.0022368898034015755,-0.0025770792968526687,0.01775888278769807,2.658837874812793e-20,0.008947542005191201,-0.0007491738873381732,0.00015726000872613285
expanded_generic,0.0206666666666666,2.06666666666666,reverse_low_to_high,1.597839085894441,4.9423409026544,1.5759944528297576,4.835547952222419,0.01110873674766416,True,31,0.06077172016995752,0,-0.0006190560896626261,1.0309798427255786e-10,0.0002483449947247015,0.005829126583529834,-0.024133174286831347,-3.731354760935938e-19,-0.0015422750946074866,-0.001118254486399688,0.005185887769599949,-0.0008779440140656155,2.457565788850717e-10,0.0003260226555102702,0.008124522185179998,-0.03130365618534628,-6.776988682841967e-19,-0.0020830871188230564,-0.0013282135827069443,0.0072351442328027005,0.0022368898034015755,-0.0025770792968526687,0.01775888278769807,2.658837874812793e-20,0.008947542005191201,-0.0007491738873381732,0.00015726000872613285,0.002899514122395809,-0.0036937622109195992,0.02339924124472712,6.666872587459773e-21,0.011598005843782355,-0.0007557702777353198,0.00014880573093619098
expanded_generic,0.0226333333333333,2.26333333333333,reverse_low_to_high,1.5759944528297576,4.835547952222419,1.5569794766180727,4.744468801154937,0.017061601959816344,True,35,0.14666437910505215,0,-0.0008779440140656155,2.457565788850717e-10,0.0003260226555102702,0.008124522185179998,-0.03130365618534628,-6.776988682841967e-19,-0.0020830871188230564,-0.0013282135827069443,0.0072351442328027005,-0.0011600549584050565,1.6063183919171387e-10,0.00040380709587685664,0.01059380830630749,-0.03831012022943467,1.863527725766006e-19,-0.0026437731882311614,-0.0014875542477120825,0.00946595539076536,0.002899514122395809,-0.0036937622109195992,0.02339924124472712,6.666872587459773e-21,0.011598005843782355,-0.0007557702777353198,0.00014880573093619098,0.0035371687754907947,-0.004936948153724961,0.02901519590430933,-1.7411214517889802e-20,0.01414853841120033,-0.00067756286639338,0.00010776315958659328
expanded_generic,0.0245999999999999,2.45999999999999,reverse_low_to_high,1.5569794766180727,4.744468801154937,1.5403234936094776,4.666099480228233,0.024293954169390782,True,39,4.430511069343625,0,-0.0011600549584050565,1.6063183919171387e-10,0.00040380709587685664,0.01059380830630749,-0.03831012022943467,1.863527725766006e-19,-0.0026437731882311614,-0.0014875542477120825,0.00946595539076536,-0.00146599702735186,4.54786940404219e-12,0.0004824695043005406,0.013225651251493817,-0.04519705673609554,2.7088619797435772e-18,-0.00322338224021495,-0.0016048839919837266,0.01187629433691225,0.0035371687754907947,-0.004936948153724961,0.02901519590430933,-1.7411214517889802e-20,0.01414853841120033,-0.00067756286639338,0.00010776315958659328,0.004149007265568864,-0.006302560715394094,0.0346001580755783,3.286103846830633e-20,0.016595760262502174,-0.0005286512851676566,3.104192782511195e-05
expanded_generic,0.0265666666666666,2.65666666666666,reverse_low_to_high,1.5403234936094776,4.666099480228233,1.5257065448135976,4.598391391394133,0.032826313009288524,True,38,0.8780141233995608,0,-0.00146599702735186,4.54786940404219e-12,0.0004824695043005406,0.013225651251493817,-0.04519705673609554,2.7088619797435772e-18,-0.00322338224021495,-0.0016048839919837266,0.01187629433691225,-0.0018188859568217099,5.323421054624616e-11,0.000555317771805519,0.016193574778583724,-0.052000335875820716,6.124794695799639e-18,-0.0037778675369924395,-0.001809473825132486,0.014270314852703553,0.004149007265568864,-0.006302560715394094,0.0346001580755783,3.286103846830633e-20,0.016595760262502174,-0.0005286512851676566,3.104192782511195e-05,0.004788104303343527,-0.00767162337967816,0.040347347873118666,2.0112085035045968e-19,0.01915651882678365,3.9590029751175175e-05,-4.911558592937574e-06
expanded_generic,0.0285333333333333,2.85333333333333,reverse_low_to_high,1.5257065448135976,4.598391391394133,1.512741514360028,4.539157918577238,0.04267981810922152,True,39,0.45211504983615397,0,-0.0018188859568217099,5.323421054624616e-11,0.000555317771805519,0.016193574778583724,-0.052000335875820716,6.124794695799639e-18,-0.0037778675369924395,-0.001809473825132486,0.014270314852703553,-0.0021435979042575062,1.3072370087938086e-10,0.0006335753860037563,0.018947657284514113,-0.058606303749997306,1.3529758664019745e-18,-0.004391351074344568,-0.001788099421770569,0.01713394429758516,0.004788104303343527,-0.00767162337967816,0.040347347873118666,2.0112085035045968e-19,0.01915651882678365,3.9590029751175175e-05,-4.911558592937574e-06,0.005342476171168157,-0.009287955614383938,0.04584794407043043,-1.3038910232281107e-19,0.021372896209877576,0.0002785406188983898,-0.000164788656241125
expanded_generic,0.0305,3.05,reverse_low_to_high,1.512741514360028,4.539157918577238,1.5012664719958615,4.487368599763149,0.053876006642104936,True,32,0.04564364527443293,0,-0.0021435979042575062,1.3072370087938086e-10,0.0006335753860037563,0.018947657284514113,-0.058606303749997306,1.3529758664019745e-18,-0.004391351074344568,-0.001788099421770569,0.01713394429758516,-0.0025400212775383,5.7000024170569784e-11,0.0007257472425837409,0.022048914779685527,-0.06525795491590952,-5.463584278821729e-19,-0.005028814321468418,-0.0018212017756141184,0.020068559458489406,0.005342476171168157,-0.009287955614383938,0.04584794407043043,-1.3038910232281107e-19,0.021372896209877576,0.0002785406188983898,-0.000164788656241125,0.005850568886774847,-0.011034560472380026,0.05120755450559706,1.3373586625426406e-20,0.02340208319789323,0.0004118955610758934,-0.0003884820871454081
expanded_generic,0.0324666666666666,3.2466666666666604,reverse_low_to_high,1.5012664719958615,4.487368599763149,1.493265292191563,4.4516076125738415,0.06720546354030085,True,51,0.16289685763216954,0,-0.0025400212775383,5.7000024170569784e-11,0.0007257472425837409,0.022048914779685527,-0.06525795491590952,-5.463584278821729e-19,-0.005028814321468418,-0.0018212017756141184,0.020068559458489406,-0.004549399328713829,2.0227832971696346e-10,0.0009473413482388464,0.03684071213860729,-0.07542523396714862,-4.0892651832719284e-18,-0.00524006485211288,-0.009872100324250704,0.013011860127461264,0.005850568886774847,-0.011034560472380026,0.05120755450559706,1.3373586625426406e-20,0.02340208319789323,0.0004118955610758934,-0.0003884820871454081,0.008469210840849914,-0.010116680289707344,0.06390662235181106,-2.1850793361439855e-19,0.03291450964270134,0.016121380800594345,0.0023056161176893165
expanded_generic,0.0344333333333333,3.4433333333333302,reverse_low_to_high,1.493265292191563,4.4516076125738415,1.4843545317000633,4.412116612063497,0.08127350202201195,True,53,0.5527530563455509,0,-0.004549399328713829,2.0227832971696346e-10,0.0009473413482388464,0.03684071213860729,-0.07542523396714862,-4.0892651832719284e-18,-0.00524006485211288,-0.009872100324250704,0.013011860127461264,-0.005030576144384343,2.373777613961322e-11,0.0008978176501008337,0.04070113907996442,-0.08195635325486808,9.688640064691115e-20,-0.005773946695594842,-0.009951049830338989,0.015817411989565502,0.008469210840849914,-0.010116680289707344,0.06390662235181106,-2.1850793361439855e-19,0.03291450964270134,0.016121380800594345,0.0023056161176893165,0.008829966012494049,-0.012004306298991355,0.06942322839456952,-8.027073461024816e-20,0.03492837913865912,0.017936076854573362,0.001880623328518443
expanded_generic,0.0363999999999999,3.63999999999999,reverse_low_to_high,1.4843545317000633,4.412116612063497,1.476932162377512,4.3794894881462305,0.09716528460775993,True,52,0.484112872858133,0,-0.005030576144384343,2.373777613961322e-11,0.0008978176501008337,0.04070113907996442,-0.08195635325486808,9.688640064691115e-20,-0.005773946695594842,-0.009951049830338989,0.015817411989565502,-0.005896613202056057,1.3026037442461103e-10,0.001130090169519194,0.04776519377479478,-0.08948467324017621,-2.986831366214351e-19,-0.006540092902202744,-0.011357466625054642,0.017467721012979318,0.008829966012494049,-0.012004306298991355,0.06942322839456952,-8.027073461024816e-20,0.03492837913865912,0.017936076854573362,0.001880623328518443,0.00972307141875909,-0.013681472903779008,0.07684209560345207,-5.211964423928766e-20,0.03856300589334544,0.02254413094764915,0.0021853048700429204
expanded_generic,0.0383666666666666,3.83666666666666,reverse_low_to_high,1.476932162377512,4.3794894881462305,1.4695616962665594,4.347329272767908,0.1138413509877136,True,41,0.2106607475180632,0,-0.005896613202056057,1.3026037442461103e-10,0.001130090169519194,0.04776519377479478,-0.08948467324017621,-2.986831366214351e-19,-0.006540092902202744,-0.011357466625054642,0.017467721012979318,-0.006154137652240225,2.842697443733943e-10,0.0010332934835533543,0.04949688335577533,-0.0954488855689906,2.481792248190271e-18,-0.007168510198133644,-0.010066799665741973,0.022543021128206837,0.00972307141875909,-0.013681472903779008,0.07684209560345207,-5.211964423928766e-20,0.03856300589334544,0.02254413094764915,0.0021853048700429204,0.009855861290421328,-0.016155609058889103,0.08121473579894782,-9.205432585754621e-20,0.03931746486975076,0.021468599540292586,0.0014424996005712569
expanded_generic,0.0403333333333333,4.03333333333333,reverse_low_to_high,1.4695616962665594,4.347329272767908,1.4630214706432314,4.31898953362738,0.1320585502266764,True,32,2.9400499998433003,0,-0.006154137652240225,2.842697443733943e-10,0.0010332934835533543,0.04949688335577533,-0.0954488855689906,2.481792248190271e-18,-0.007168510198133644,-0.010066799665741973,0.022543021128206837,-0.006240475307801178,1.2627358719751357e-11,0.001219802877054946,0.05137881314594833,-0.10171069668388459,-3.624065004277424e-19,-0.007952926332542028,-0.008868289390990143,0.02783929598120583,0.009855861290421328,-0.016155609058889103,0.08121473579894782,-9.205432585754621e-20,0.03931746486975076,0.021468599540292586,0.0014424996005712569,0.010020140309640673,-0.01867110454730625,0.08547945798921142,1.3354574594577419e-19,0.040020355157500534,0.020203740304735967,0.0007468736029114871
expanded_generic,0.0423,4.2299999999999995,reverse_low_to_high,1.4630214706432314,4.31898953362738,1.4571629163554853,4.293760474044672,0.1518133909287387,True,37,0.7104582930023708,0,-0.006240475307801178,1.2627358719751357e-11,0.001219802877054946,0.05137881314594833,-0.10171069668388459,-3.624065004277424e-19,-0.007952926332542028,-0.008868289390990143,0.02783929598120583,-0.006409322867549906,1.6624444462341187e-11,0.001288284352638718,0.052923440027574646,-0.10772594228526365,-2.8889795828090983e-18,-0.008752753710025457,-0.007515075054784678,0.03352098352632883,0.010020140309640673,-0.01867110454730625,0.08547945798921142,1.3354574594577419e-19,0.040020355157500534,0.020203740304735967,0.0007468736029114871,0.01008455961131335,-0.02146195056098915,0.08945809249033307,-1.595642209739685e-20,0.040317923523779706,0.018338729617548566,-0.00010204507706582115
expanded_generic,0.0442666666666666,4.42666666666666,reverse_low_to_high,1.4571629163554853,4.293760474044672,1.4519599626182922,4.271478253886255,0.17319914623764576,True,33,0.27634924529736987,0,-0.006409322867549906,1.6624444462341187e-11,0.001288284352638718,0.052923440027574646,-0.10772594228526365,-2.8889795828090983e-18,-0.008752753710025457,-0.007515075054784678,0.03352098352632883,-0.006710528597135373,-1.0655659484901873e-10,0.0011046297001147155,0.05435118420408923,-0.11365107148087802,-2.84058535573134e-18,-0.009365596616647499,-0.006084384031656889,0.03953580368533964,0.01008455961131335,-0.02146195056098915,0.08945809249033307,-1.595642209739685e-20,0.040317923523779706,0.018338729617548566,-0.00010204507706582115,0.010126034260816305,-0.024376256237048827,0.09338737203453798,-1.1042878857517104e-19,0.04049399096270493,0.016524749711206144,-0.0009895217032622329
expanded_generic,0.0462333333333333,4.62333333333333,reverse_low_to_high,1.4519599626182922,4.271478253886255,1.4473570358927523,4.251862132891446,0.19626945184579425,True,32,0.04146229458065647,0,-0.006710528597135373,-1.0655659484901873e-10,0.0011046297001147155,0.05435118420408923,-0.11365107148087802,-2.84058535573134e-18,-0.009365596616647499,-0.006084384031656889,0.03953580368533964,-0.00690628579062829,4.132803475694539e-10,0.0012951124829034043,0.05585693573883495,-0.11938391933951335,8.672210734683713e-20,-0.010206120807183937,-0.00461320561064645,0.04584852255420733,0.010126034260816305,-0.024376256237048827,0.09338737203453798,-1.1042878857517104e-19,0.04049399096270493,0.016524749711206144,-0.0009895217032622329,0.01015379236776711,-0.027261205679277013,0.09727040069534643,-1.9632697723904778e-19,0.04060718112026123,0.015068734817719988,-0.0018994079367154369
expanded_generic,0.0481999999999999,4.8199999999999905,reverse_low_to_high,1.4473570358927523,4.251862132891446,1.4433669165949943,4.234930497829605,0.2210781136542151,True,32,2.4319191304264587,0,-0.00690628579062829,4.132803475694539e-10,0.0012951124829034043,0.05585693573883495,-0.11938391933951335,8.672210734683713e-20,-0.010206120807183937,-0.00461320561064645,0.04584852255420733,-0.007034286816050654,1.2154287505532775e-10,0.001245220821966326,0.05739881965125707,-0.12553256512466338,-2.162105764837544e-18,-0.0109138148150348,-0.003179707185102445,0.052376859435924676,0.01015379236776711,-0.027261205679277013,0.09727040069534643,-1.9632697723904778e-19,0.04060718112026123,0.015068734817719988,-0.0018994079367154369,0.010202157218237055,-0.030498536443996003,0.10151656877029192,-7.147613491784624e-21,0.040794039081274415,0.013932690951610847,-0.002833629520869717
expanded_generic,0.0501666666666666,5.01666666666666,reverse_low_to_high,1.4433669165949943,4.234930497829605,1.4400055857813496,4.220719392946375,0.24766213426316652,True,28,0.4346387783066686,0,-0.007034286816050654,1.2154287505532775e-10,0.001245220821966326,0.05739881965125707,-0.12553256512466338,-2.162105764837544e-18,-0.0109138148150348,-0.003179707185102445,0.052376859435924676,-0.007326887947177016,3.1342688825856873e-10,0.0015447657832251924,0.060119263898607715,-0.13149909226023768,1.0274318737424223e-18,-0.011822890786540616,-0.00205770492880115,0.05874985381861973,0.010202157218237055,-0.030498536443996003,0.10151656877029192,-7.147613491784624e-21,0.040794039081274415,0.013932690951610847,-0.002833629520869717,0.010224135426675872,-0.03365550141137932,0.10558109967701147,1.474386906619182e-20,0.040890414463881586,0.013174502687879019,-0.003796893164505286
expanded_generic,0.0521333333333333,5.21333333333333,reverse_low_to_high,1.4400055857813496,4.220719392946375,1.437207150477774,4.208924494118698,0.2760560751149805,True,39,3.2740596958253354,0,-0.007326887947177016,3.1342688825856873e-10,0.0015447657832251924,0.060119263898607715,-0.13149909226023768,1.0274318737424223e-18,-0.011822890786540616,-0.00205770492880115,0.05874985381861973,-0.007878656601980633,-3.335955895567174e-11,0.001666461704625842,0.0632641697444915,-0.13757727415555737,-2.7208677404011716e-18,-0.012755011800791959,-0.0012486137033380224,0.06483528114574492,0.010224135426675872,-0.03365550141137932,0.10558109967701147,1.474386906619182e-20,0.040890414463881586,0.013174502687879019,-0.003796893164505286,0.010264208332255803,-0.037045022617256784,0.11001191494923923,-1.975318188624349e-20,0.041053274282001374,0.012823582331226503,-0.004754067657562925
expanded_generic,0.0540999999999999,5.4099999999999895,reverse_low_to_high,1.437207150477774,4.208924494118698,1.4348826278373674,4.199152116297448,0.3062764662082221,True,26,0.28291848067755243,0,-0.007878656601980633,-3.335955895567174e-11,0.001666461704625842,0.0632641697444915,-0.13757727415555737,-2.7208677404011716e-18,-0.012755011800791959,-0.0012486137033380224,0.06483528114574492,-0.008121858115815176,-3.276247099783209e-10,0.0017207311953782627,0.06615363966619671,-0.14384104797162192,-7.746301764693237e-19,-0.013565203343222107,-0.0002873502473598912,0.07145192039689768,0.010264208332255803,-0.037045022617256784,0.11001191494923923,-1.975318188624349e-20,0.041053274282001374,0.012823582331226503,-0.004754067657562925,0.010353985768165479,-0.040401770553707465,0.11465082404704796,7.765170483913101e-20,0.04140623887747952,0.013259421213727227,-0.005663641128726125
expanded_generic,0.0560666666666666,5.60666666666666,reverse_low_to_high,1.4348826278373674,4.199152116297448,1.4329548513934265,4.1910648874523195,0.33838005970833285,True,29,2.048802669581876,0,-0.008121858115815176,-3.276247099783209e-10,0.0017207311953782627,0.06615363966619671,-0.14384104797162192,-7.746301764693237e-19,-0.013565203343222107,-0.0002873502473598912,0.07145192039689768,-0.008551095031397714,1.0349134256915246e-10,0.0013408121753921882,0.06950557624875583,-0.14901551419780357,2.605347944587033e-19,-0.014102453161047137,0.0005725378933852566,0.07810714815024222,0.010353985768165479,-0.040401770553707465,0.11465082404704796,7.765170483913101e-20,0.04140623887747952,0.013259421213727227,-0.005663641128726125,0.010373027309318982,-0.04410979088848437,0.11927386455060653,5.0222952794835826e-20,0.04148524944041917,0.013592194964779565,-0.006682228771340577
expanded_generic,0.0580333333333333,5.80333333333333,reverse_low_to_high,1.4329548513934265,4.1910648874523195,1.4315106244502112,4.185016407361376,0.37240372813293837,True,28,0.15332218128595568,0,-0.008551095031397714,1.0349134256915246e-10,0.0013408121753921882,0.06950557624875583,-0.14901551419780357,2.605347944587033e-19,-0.014102453161047137,0.0005725378933852566,0.07810714815024222,-0.009092690582085028,-3.6324814067172375e-11,0.0019805446418927506,0.07336977527817569,-0.15621325121485108,1.483491936459569e-19,-0.015371103783682012,0.0012811913546322367,0.08490266242231785,0.010373027309318982,-0.04410979088848437,0.11927386455060653,5.0222952794835826e-20,0.04148524944041917,0.013592194964779565,-0.006682228771340577,0.010348598352032275,-0.04785705251819256,0.12383048612367945,2.592146577447063e-20,0.04139605626681968,0.01437281212136137,-0.0077105745175407876
expanded_generic,0.06,6.0,reverse_low_to_high,1.4315106244502112,4.185016407361376,1.4304275098389354,4.18048600885544,0.4083966886113865,True,28,0.08147911707871426,0,-0.009092690582085028,-3.6324814067172375e-11,0.0019805446418927506,0.07336977527817569,-0.15621325121485108,1.483491936459569e-19,-0.015371103783682012,0.0012811913546322367,0.08490266242231785,-0.009519976683819391,2.9362614680613547e-10,0.0017538288712449957,0.07697794292117105,-0.16226805673161643,3.5806353945045277e-19,-0.015956411466072542,0.002049460780714235,0.09204640337558607,0.010348598352032275,-0.04785705251819256,0.12383048612367945,2.592146577447063e-20,0.04139605626681968,0.01437281212136137,-0.0077105745175407876,0.01040105410740508,-0.051435604924299466,0.12839354511472564,2.9110276097457917e-19,0.04160120575558782,0.015531266732175912,-0.008754423989025388
expanded_generic,0.001,0.1,zero_nuisance_local_lnCn,2.431452734478743,11.375395511550522,2.432381505662206,11.385965558920022,0.043487766420564185,True,5,1.9329568497003754e-07,0,0.0,0.0,0.0,0.0,0.0,0.0,0.0,0.0,0.0,-0.005109026789370809,0.01339856390274156,-0.012814757405551236,0.009503236598871019,0.07971111973508697,-0.002730297841013489,0.002415862775258319,0.011084153758355746,0.0014698582508396781,0.0,0.0,0.0,0.0,0.0,0.0,0.0,-0.005321901245087594,-0.005926356126050709,-0.031069354227954017,-0.02041355813066978,-0.02128759534810325,0.013148667885795506,-0.00041913459351584215
expanded_generic,0.001,0.1,pooled_zero,1.6930438416630622,5.436001877454284,2.431452528876145,11.375393172739892,0.04261661467831251,True,10,1.5035282893085978e-07,0,0.0,0.0,0.0,0.0,0.0,0.0,0.0,0.0,0.0,-0.004908583265744458,-0.01667784350924005,-0.013977615228981513,0.015129473112897439,0.07032438533694188,-0.00202813092604399,0.001967466889737519,0.008896224212860196,-0.0010111239675209105,0.0,0.0,0.0,0.0,0.0,0.0,0.0,-0.005942557963334336,-0.0063753066407607915,-0.03423047804640126,-0.019249312102940844,-0.023770243430099564,0.008115498556377545,-0.0011475977802273259
expanded_generic,0.001,0.1,deterministic_plus,2.511452734478743,12.322818847350451,2.4323815212346793,11.385965736227671,0.04348776641987196,True,11,1.3800298174218702e-06,0,0.17489048726758225,-0.03365795470885585,-0.19217331463336126,0.04893983491361057,0.24532683126215388,-0.05236436549135476,-0.1682815021387119,0.07531040338369616,0.162965138455612,-0.005109041629477688,0.013398666875995677,-0.012814767564467956,0.009503279961281143,0.07971113047102661,-0.002730308613009397,0.002415868113819918,0.011084166621386912,0.001469811875934746,-0.08784303080227943,-0.1626170323747165,0.062426577019234326,0.12786410535339218,-0.13431927251585557,-0.1285567492107227,0.1223097787308111,-0.005321872372725789,-0.00592630641240895,-0.031069234447841168,-0.02041348873078319,-0.021287480553016505,0.01314868356033731,-0.0004191213711516685
expanded_generic,0.001,0.1,deterministic_minus,2.351452734478743,10.500813543325453,2.4314525287027884,11.375393170767895,0.042616614678325636,True,7,3.29026539776398e-08,0,-0.18470793600657445,0.00030258961106305327,0.16421786829751425,-0.01867836133078537,-0.10467847619829429,0.048308399368753155,0.1722162500279415,-0.057519034739888154,-0.16498817600379723,-0.004908581360429079,-0.016677843292543692,-0.01397761442580521,0.015129470942704506,0.07032438556037342,-0.0020281270594220487,0.0019674528340554334,0.008896224122519693,-0.0010111239637378027,0.07595838147279343,0.1498668451762001,-0.13088587280768374,-0.16636330722149759,0.08678007079603918,0.14478999881819388,-0.12460448408662429,-0.005942559299295902,-0.0063753056623063594,-0.03423047641675442,-0.019249310743369,-0.023770240939428495,0.00811549735106504,-0.001147613031165526
expanded_generic,0.0108333333333333,1.0833333333333302,zero_nuisance_local_lnCn,1.730707510249041,5.64464614098602,1.7307975039786974,5.645154146603154,0.0005010255919737315,True,6,1.550674769053796e-07,0,0.0,0.0,0.0,0.0,0.0,0.0,0.0,0.0,0.0,-0.0006207857720939227,0.001448313384112921,-0.0029760525543609147,-0.001020687689971612,0.00758612883451274,-0.0005200270560578488,0.0007014098146676603,0.0005712988416143157,-0.0006877290431043351,0.0,0.0,0.0,0.0,0.0,0.0,0.0,-0.0006120721014643675,0.00038802884426548874,-0.004577219894692368,-0.002549031206818062,-0.0024483010904900516,0.0007520649100202443,-3.558119023647163e-05
expanded_generic,0.0108333333333333,1.0833333333333302,pooled_zero,1.6930438416630622,5.436001877454284,1.7307074779696883,5.644645958780499,0.0004951501245708019,True,10,1.8145318350365038e-07,0,0.0,0.0,0.0,0.0,0.0,0.0,0.0,0.0,0.0,-0.00061710826758954,-0.0014623728525682772,-0.0031364835952573714,-0.00039168553251887553,0.006776880584278277,-0.0004521406828438074,0.0006555005116844706,0.00035432975658130234,-0.0009475794989273063,0.0,0.0,0.0,0.0,0.0,0.0,0.0,-0.0006758773733023628,0.00034309331751881136,-0.004901463008626664,-0.0024282593239338766,-0.0027035146914444236,0.00023238243775086767,-0.00011125809060318893
expanded_generic,0.0108333333333333,1.0833333333333302,deterministic_plus,1.810707510249041,6.114772166131516,1.7307975039858827,5.645154146643717,0.0005010255919738756,True,7,1.5592029763047317e-07,0,0.17918207999038516,-0.018442631733178155,-0.18133210291480636,0.03341760007216917,0.18177949528653178,-0.050788502833286356,-0.1695933903587888,0.06676896613632465,0.16302896855383442,-0.000620786383462026,0.0014483128543004522,-0.002976052550240366,-0.0010206877280635907,0.007586128783387236,-0.0005200292737374662,0.0007014122961766561,0.0005712976967087481,-0.0006877303158738465,-0.08257656884998403,-0.1558988217365228,0.09175487157962223,0.14468538320786148,-0.11325309407697738,-0.13644078732761278,0.1233458877404959,-0.0006120762798613426,0.0003880253747239929,-0.004577219855894134,-0.0025490312971501073,-0.0024483017089097932,0.0007520671613688395,-3.558906912959613e-05
expanded_generic,0.0108333333333333,1.0833333333333302,deterministic_minus,1.650707510249041,5.210665122312437,1.7307074770051083,5.644645953335786,0.0004951501245787116,True,7,8.749126236896117e-08,0,-0.18041634328377154,0.015517912586740753,0.17505908001606915,-0.03420059617222677,-0.16822581217391638,0.04988426202682156,0.1709043618078646,-0.06606047198725966,-0.1649243459055748,-0.00061710444398455,-0.0014623860439804642,-0.0031364808073625636,-0.00039169625580916777,0.006776864378034516,-0.00045213442297546886,0.0006554908107758248,0.00035431643468068476,-0.0009475765871109224,0.08122484342508883,0.1565850558143938,-0.10155757824729583,-0.1495420293670283,0.10784624923491738,0.13690596070130379,-0.12356837507693949,-0.0006758764459279826,0.00034309258291787535,-0.0049014646016655,-0.002428259105844191,-0.00270351510279557,0.00023237392667519574,-0.00011125297961616657
expanded_generic,0.012546045825196,1.2546045825196002,zero_nuisance_local_lnCn,1.6930438416630622,5.436001877454284,1.6930438416630622,5.436001877454284,8.14331983278637e-26,True,1,3.2236101876347625e-12,0,0.0,0.0,0.0,0.0,0.0,0.0,0.0,0.0,0.0,0.0,0.0,0.0,0.0,0.0,0.0,0.0,0.0,0.0,0.0,0.0,0.0,0.0,0.0,0.0,0.0,0.0,0.0,0.0,0.0,0.0,0.0,0.0
expanded_generic,0.012546045825196,1.2546045825196002,pooled_zero,1.6930438416630622,5.436001877454284,1.6930438416630622,5.436001877454284,8.14331983278637e-26,True,1,3.2236101876347625e-12,0,0.0,0.0,0.0,0.0,0.0,0.0,0.0,0.0,0.0,0.0,0.0,0.0,0.0,0.0,0.0,0.0,0.0,0.0,0.0,0.0,0.0,0.0,0.0,0.0,0.0,0.0,0.0,0.0,0.0,0.0,0.0,0.0
expanded_generic,0.012546045825196,1.2546045825196002,deterministic_plus,1.7730438416630623,5.888750533703022,1.693043842011859,5.436001879350345,2.5395882540905697e-17,True,11,2.9629842332081177e-08,0,0.17979921163707835,-0.016980272159959453,-0.17819559146543776,0.03380909812219797,0.17500265373022408,-0.05033638243005396,-0.1702488760833267,0.06641471906179215,0.16397665722970461,2.8852479319852823e-10,9.93526950420536e-10,1.1445713058530238e-09,9.10238974293428e-10,-5.775591533475324e-10,1.4545517716857198e-09,3.312480019325837e-10,-1.3824798908546315e-09,-1.4473043921309447e-09,-0.08190070613753643,-0.1562419387754583,0.09665622491345903,0.14711370628744488,-0.11054967165594738,-0.13667337401445828,0.1234571314087177,1.2582040445794345e-09,8.265530445733444e-10,1.3547541499044114e-09,-1.4242050884024707e-09,1.437588441498175e-09,1.5902775698406463e-09,1.2877353746989504e-09
expanded_generic,0.012546045825196,1.2546045825196002,deterministic_minus,1.6130438416630621,5.018062192066492,1.6930438415053597,5.436001876597014,1.4256750870416898e-17,True,11,1.8509221181160192e-08,0,-0.17979921163707835,0.016980272159959453,0.17819559146543776,-0.03380909812219797,-0.17500265373022408,0.05033638243005396,0.1702488760833267,-0.06641471906179215,-0.16397665722970461,-3.14555545494973e-10,-2.9065977460239975e-10,-8.915935125927773e-10,-4.4194233166281394e-10,3.4147026566316776e-10,-8.262675674919811e-10,-2.836579420903971e-10,9.96636890872814e-10,9.908868256332323e-10,0.08190070613753643,0.1562419387754583,-0.09665622491345903,-0.14711370628744488,0.11054967165594738,0.13667337401445828,-0.1234571314087177,8.718637194423176e-10,-5.791855331243472e-10,4.1406614105533126e-10,1.1201961649117732e-09,-1.2617758687896317e-09,-1.3338040956944463e-09,8.61092835610292e-10
expanded_generic,0.0127999999999999,1.27999999999999,zero_nuisance_local_lnCn,1.687998484030764,5.408644376115294,1.687998491854169,5.40864441842931,1.119768062371517e-05,True,27,0.011053101831365885,0,0.0,0.0,0.0,0.0,0.0,0.0,0.0,0.0,0.0,2.720973802035426e-05,1.1696475735290425e-10,6.262428934454671e-05,0.00015331772333811335,-0.0010537199090060547,0.00019407083683662318,-0.00010402421061031997,-4.793060440621052e-05,0.00019433469883788995,0.0,0.0,0.0,0.0,0.0,0.0,0.0,9.923603009914305e-05,-6.453109744265703e-05,0.0007329762865663755,0.00035988553761841593,0.00039694364999278775,-2.196525805506193e-05,1.5776275862182936e-05
expanded_generic,0.0127999999999999,1.27999999999999,pooled_zero,1.6930438416630622,5.436001877454284,1.6879984915516668,5.408644416793183,1.1197681176435376e-05,True,28,0.0005662506516605585,0,0.0,0.0,0.0,0.0,0.0,0.0,0.0,0.0,0.0,2.7210059528449748e-05,6.730632559894307e-10,6.262482845786878e-05,0.00015331580278190134,-0.0010537184847398036,0.0001940712643515895,-0.00010402447855017936,-4.79338113072356e-05,0.00019433674265008832,0.0,0.0,0.0,0.0,0.0,0.0,0.0,9.923725746822426e-05,-6.452903325016977e-05,0.0007329797529756293,0.0003598843603923375,0.00039694721924751015,-2.197074417392703e-05,1.576640602568123e-05
expanded_generic,0.0127999999999999,1.27999999999999,deterministic_plus,1.767998484030764,5.859114506298592,1.6879984945416906,5.408644432965158,1.119768390396578e-05,True,27,0.0015902593082936629,0,0.17982642655386954,-0.01698027104115151,-0.17813296693825284,0.03396237628608417,0.17394895218490458,-0.050142313215690154,-0.1703529007768903,0.06636680732877734,0.16417101400893552,2.7208774633871128e-05,-1.756773661957629e-10,6.26401380125922e-05,0.00015332650614354227,-0.0010537191444079151,0.0001940706670341749,-0.00010401648436153749,-4.792890856744413e-05,0.00019432075052961014,-0.08180147384355883,-0.1563064716996586,0.09738918671134433,0.1474735989180763,-0.11015273983059988,-0.1366953813993753,0.12347291279336904,9.924051881391706e-05,-6.451901279268465e-05,0.0007329987201705876,0.0003598898680057362,0.00039696615363752957,-2.1957709081479138e-05,1.579242055971089e-05
expanded_generic,0.0127999999999999,1.27999999999999,deterministic_minus,1.607998484030764,4.992808035384175,1.6879785638210123,5.408536635857957,1.1271252705520339e-05,True,28,0.00238560799682365,0,-0.17977199672028715,0.016980273278767395,0.17825821599262268,-0.03365581995831177,-0.17605635527554359,0.05053045164441776,0.1701448513897631,-0.06646263079480697,-0.1637823004504737,4.300736891917793e-05,-1.232995071117374e-10,6.411694994315061e-05,2.9447124587694397e-05,-0.0010397592542083348,0.00019294166927550613,-0.0001135269203235666,6.969886557492902e-07,0.0002755037983055581,0.08199993843151403,0.156177405851258,-0.09592326311557373,-0.14675381365681348,0.11094660348129488,0.13665136662954128,-0.12344135002406635,0.00011086664238036885,-9.052221281127706e-05,0.0005656157943343803,0.00036927980161832453,0.0003883370002237912,-0.00013580559661664147,2.2682463950463507e-05
expanded_generic,0.0147666666666666,1.47666666666666,zero_nuisance_local_lnCn,1.6529327648726466,5.222273089519286,1.6527533029766823,5.221335974580124,0.0008405551652123545,True,32,0.08433762585971362,0,0.0,0.0,0.0,0.0,0.0,0.0,0.0,0.0,0.0,0.00021689439510944137,7.190519433929115e-11,0.0005500725507294429,0.0015229501804705193,-0.008958476636825686,0.0017159202360175093,-0.0009370011093559325,-0.0003595918917923523,0.0018148857757227007,0.0,0.0,0.0,0.0,0.0,0.0,0.0,0.0008528490104926242,-0.0006616779172447966,0.006406487001380262,0.0031298492405704343,0.003411389182943424,-0.00010479299888299037,0.00012615093581886714
expanded_generic,0.0147666666666666,1.47666666666666,pooled_zero,1.6930438416630622,5.436001877454284,1.652753315993315,5.221336042544337,0.0008405550325147606,True,34,1.1257593585672963,0,0.0,0.0,0.0,0.0,0.0,0.0,0.0,0.0,0.0,0.0002168695668223876,1.354231992144671e-11,0.0005500601347624592,0.0015231231571403066,-0.008958517358949104,0.0017159034077201716,-0.0009369849320747197,-0.00035957510940777505,0.001814878430945547,0.0,0.0,0.0,0.0,0.0,0.0,0.0,0.0008528673288507563,-0.0006616327872980946,0.006406535134356287,0.003129873262530681,0.0034114581294492547,-0.0001047276938694007,0.0001261643321752659
expanded_generic,0.0147666666666666,1.47666666666666,deterministic_plus,1.7329327648726467,5.657220901743194,1.6527534168381135,5.221336569088945,0.0008405552301642644,True,38,0.006679417563773178,0,0.1798491943985906,-0.016980271938942193,-0.17765167372705107,0.03640456172822187,0.16569019959498799,-0.04863468910135166,-0.1711164044973179,0.06549767947591566,0.1649981723731764,0.0002167642711751282,4.1015084887727834e-10,0.000550011280010199,0.001523750163464847,-0.008958625062282476,0.0017158404079646674,-0.0009369147175973917,-0.00035972554658325937,0.0018146089383849712,-0.08092481350837973,-0.1567021189138667,0.10360752225097963,0.1499160963791067,-0.10661171911718258,-0.1355815662964218,0.1237434464435021,0.0008529458582743759,-0.0006614691907308172,0.006406850024025551,0.003129813275782021,0.0034117801915993736,-0.00010404509205973893,0.00012629060188060665
expanded_generic,0.0147666666666666,1.47666666666666,deterministic_minus,1.5729327648726465,4.820765654230291,1.6527291695057016,5.221209967140406,0.0008406223500864093,True,37,0.017433082735777688,0,-0.1797492288755661,0.016980272380976713,0.17873950920382445,-0.03121363451617407,-0.18431510786546018,0.052038075758756255,0.1693813476693355,-0.06733175864766865,-0.16295514208623282,0.00023827872175560523,5.4861938395133166e-11,0.000553801691462936,0.0013693282549870442,-0.008940837325500078,0.0017185752685331865,-0.0009464673683607504,-0.00030782331060883204,0.0019034514625248713,0.08287659876669314,0.1557817586370499,-0.08970492757593843,-0.14431131619578308,0.11448762419471219,0.13776518173249477,-0.12317081637393329,0.0008628630187309071,-0.0006976804466265346,0.0062032992660167804,0.003127096201799966,0.003390299838911917,-0.00023773958773713698,0.00012962758307029658
expanded_generic,0.0305,3.05,zero_nuisance_local_lnCn,1.5032653071663171,4.496347080205054,1.5010219738413697,4.486271580537036,0.05282347735757785,True,32,0.5324655314943528,0,0.0,0.0,0.0,0.0,0.0,0.0,0.0,0.0,0.0,0.0010166978141612042,2.3010636070985017e-10,0.0048222639114094135,0.01951399809691986,-0.06458084040486721,0.015214602088286395,-0.00871296554701723,-0.0007238480150244061,0.021182588813686426,0.0,0.0,0.0,0.0,0.0,0.0,0.0,0.006005270035183878,-0.010216275408411309,0.05114463626061922,0.02514298155698124,0.02401945239357628,0.0026980226848197456,-3.164021326249344e-05
expanded_generic,0.0305,3.05,pooled_zero,1.6930438416630622,5.436001877454284,1.5010182549720124,4.4862548967101485,0.05283305952700338,True,35,0.5689189225090702,0,0.0,0.0,0.0,0.0,0.0,0.0,0.0,0.0,0.0,0.0010431629922263038,1.409821213396068e-10,0.004790340704246166,0.019354364181085222,-0.06416480333577002,0.015156905690181903,-0.00868879500227871,-0.0006014960651197678,0.021308475863436215,0.0,0.0,0.0,0.0,0.0,0.0,0.0,0.00603845815695681,-0.01018374660805568,0.051296251506787335,0.025095934779779356,0.024151228655623188,0.002948072828564889,1.020872834920942e-05
expanded_generic,0.0305,3.05,deterministic_plus,1.5832653071663172,4.870834643764196,1.5011176432912459,4.486700800202418,0.05282169156430523,True,31,0.020493940227022483,0,0.17929798904526195,-0.016980272246090878,-0.17306012188239617,0.06536410637415116,0.10783437755685499,-0.03450795521332256,-0.1786465121136953,0.05728119171551195,0.1741906945341784,0.0007391370500220224,2.0231261769158328e-10,0.00503130795676453,0.020090061800357866,-0.06605108838004907,0.014972474354801393,-0.008653978713422257,-0.0008156594913890485,0.02064831126873167,-0.07389306213562273,-0.1637596824694191,0.15489444493178833,0.16769014432224177,-0.07925358898327858,-0.11851071466762778,0.1261315969627026,0.006042688356124713,-0.01016574362383258,0.05137585499797859,0.02525108749034214,0.024221716218325605,0.00310737164391753,5.273249275178196e-05
expanded_generic,0.0305,3.05,deterministic_minus,1.423265307166317,4.150651488765107,1.4997109469171996,4.480393811504428,0.053110140986332884,True,48,0.360922259219861,0,-0.18030043422889475,0.016980272073828028,0.18333106104847935,-0.002254089870244773,-0.24217092990359318,0.06616480964678535,0.1618512400529581,-0.07554824640807235,-0.15376261992523083,0.0024037127282409516,-1.307926273511069e-10,0.0053890653438517944,0.010350105845591298,-0.06355996611428524,0.015844213127592443,-0.009709377756986635,0.0032727703200406506,0.024376085840243047,0.08990835013945013,0.1487241950814975,-0.03841800489512973,-0.126537268252648,0.14184575432861618,0.1548360333612888,-0.1207826658547328,0.0049963435222684415,-0.013184312058193835,0.042278546652304176,0.027161079887516818,0.020164967207032383,-0.003236567754719871,-0.0020384763635988585
expanded_generic,0.0462333333333333,4.62333333333333,zero_nuisance_local_lnCn,1.4457382873351452,4.244985004868922,1.4457079991591761,4.244856433963208,0.19215335080702683,True,39,0.12930702986677522,0,0.0,0.0,0.0,0.0,0.0,0.0,0.0,0.0,0.0,0.0012469596831168486,9.882117375966634e-11,0.009522446656316094,0.04414444281771009,-0.11404155161838037,0.030306068545107357,-0.017917096350909576,0.0015073892143139102,0.05326920183055016,0.0,0.0,0.0,0.0,0.0,0.0,0.0,0.009630657860934725,-0.027143123065754362,0.09443809752733996,0.04757986906389971,0.038514630453770904,0.010635505428295021,-0.002552125852164132
expanded_generic,0.0462333333333333,4.62333333333333,pooled_zero,1.6930438416630622,5.436001877454284,1.4457646195091975,4.245096786024634,0.19215503068247927,True,37,0.6832593683926927,0,0.0,0.0,0.0,0.0,0.0,0.0,0.0,0.0,0.0,0.0011616768723843856,3.6840145267436874e-11,0.009475743367652029,0.04465764955838214,-0.11408735850580466,0.03024300272691655,-0.017861336819087067,0.0015189835767522315,0.05322185881140029,0.0,0.0,0.0,0.0,0.0,0.0,0.0,0.00968539267932462,-0.02699364482516033,0.09461737181044827,0.047604606137609244,0.03873443545915085,0.0110495982016426,-0.0024695615042978486
expanded_generic,0.0462333333333333,4.62333333333333,deterministic_plus,1.5257382873351453,4.598537358248625,1.4457887417488997,4.245199188501949,0.19214002613262135,True,40,0.2246414170821588,0,0.18101729100015185,-0.016980270873705218,-0.16871263785760846,0.07818610272251247,0.06110526072549588,-0.020090266659390357,-0.1881223049989387,0.06795525745577975,0.2172531918010603,0.0010488839597831026,1.5543414471346526e-10,0.009513132979104484,0.04492930542858071,-0.11448731292974905,0.030268459129244512,-0.017866836067210273,0.001345434026603167,0.05299311899998126,-0.07222086779292383,-0.1832624506400766,0.19126093922876353,0.19472619974237168,-0.07183807105916137,-0.12568864530324547,0.1209769291552673,0.009664538334452421,-0.02685584156087549,0.09441990609447724,0.047837789224433,0.03868488186163797,0.011041353271995465,-0.0024523122441416456
expanded_generic,0.0462333333333333,4.62333333333333,deterministic_minus,1.3657382873351451,3.9186150481606545,1.4428759162098146,4.232851655721864,0.19353861045420387,True,40,0.5570304545705866,0,-0.17858113227400485,0.016980273446213688,0.18767854507326706,0.010567906478116527,-0.2889000467349523,0.08058249820071756,0.1523754471677147,-0.06487418066780455,-0.11070012265834892,0.0040233650548749805,3.059202241533125e-11,0.010324594247244145,0.024425763558891804,-0.11111497540103178,0.031037319949067194,-0.01947580708658907,0.009480516948437686,0.05947691510813272,0.09158054448214903,0.12922142691084001,-0.0020515105981545323,-0.09950121283251809,0.1492612722527334,0.1476581027256711,-0.12593733366216808,0.0072948361836963176,-0.03315166454785849,0.07541886001848463,0.05035571402833998,0.02924411653975049,-0.0038076741649252068,-0.007098658018042114
expanded_generic,0.0540999999999999,5.4099999999999895,zero_nuisance_local_lnCn,1.434103501353958,4.195881719867449,1.4340303240824703,4.1955746879257205,0.30022338244849434,True,31,0.9692425213008181,0,0.0,0.0,0.0,0.0,0.0,0.0,0.0,0.0,0.0,0.0012356693253938276,4.407393095927e-11,0.01202804547426049,0.05826500377084663,-0.13802886122695365,0.0383987192909125,-0.023004554937196286,0.0033366386905748797,0.07484568343545651,0.0,0.0,0.0,0.0,0.0,0.0,0.0,0.010739525655620493,-0.038523377992895576,0.11506589457258311,0.0589649820060044,0.04294769330953274,0.01640989128892611,-0.00496898060098878
expanded_generic,0.0540999999999999,5.4099999999999895,pooled_zero,1.6930438416630622,5.436001877454284,1.4341157627871994,4.195933167706457,0.300226129730532,True,36,3.4822860578062125,0,0.0,0.0,0.0,0.0,0.0,0.0,0.0,0.0,0.0,0.0010978284687636515,6.572698581140964e-12,0.011953227397267016,0.05910446618917977,-0.13809836721360447,0.03829726610150882,-0.02291663193258238,0.0033798703961360676,0.07483067774535702,0.0,0.0,0.0,0.0,0.0,0.0,0.0,0.010817055662961,-0.03830631220598723,0.11533251120287707,0.0589716429973438,0.04325823098003529,0.01705334758696801,-0.004850861114169783
expanded_generic,0.0540999999999999,5.4099999999999895,deterministic_plus,1.514103501353958,4.545344404626171,1.4341298467155275,4.195992263344609,0.30022764633347093,True,36,4.062013301779824,0,0.18061531039893666,-0.016980270859576152,-0.16654262796156105,0.09138995027681737,0.03778016423197489,-0.013218505363976257,-0.1922734970161158,0.06850819841937995,0.2332444668790058,0.0010751734992121276,-3.731020489614968e-11,0.011932962313640598,0.059175245804186434,-0.1381165371598188,0.03825813321869759,-0.02287898562393776,0.003376307196614831,0.07476726441762707,-0.07121895651561723,-0.1921285281617707,0.20810737259241985,0.2037112754274989,-0.06783547451987279,-0.12060214135130498,0.1192408760410172,0.010825757264573922,-0.03809113161450269,0.11522175107729853,0.059244916603107906,0.04332593919226603,0.01728661195902794,-0.0047816810854275915
expanded_generic,0.0540999999999999,5.4099999999999895,deterministic_minus,1.354103501353958,3.8732870031145126,1.4312029895541587,4.183729148286977,0.30160014917635825,True,35,2.3655036397602083,0,-0.17898311287522004,0.016980273460342754,0.18984855496931446,0.023771754032421433,-0.3122251432284733,0.08745425949613166,0.1482242551505376,-0.06432123970420435,-0.09470884758040342,0.004010263412597212,3.72366485016816e-11,0.012875120452432694,0.03856389010189946,-0.1354678208485211,0.039212651510607884,-0.024633015729273004,0.011531510887921786,0.08110532366930695,0.09258245575945563,0.12035534938914591,0.014794922765501775,-0.09051613714739087,0.15326386879202197,0.15274460667761158,-0.1276733867764182,0.00834149664661667,-0.0451033377186634,0.09612653686831743,0.06120184079075697,0.03343065775976756,0.0016399063296798045,-0.009765583400301665
expanded_generic,0.0560666666666666,5.60666666666666,zero_nuisance_local_lnCn,1.432314962179265,4.188383928084957,1.432244764111857,4.188089921947095,0.3317111443366228,True,38,1.038997273890916,0,0.0,0.0,0.0,0.0,0.0,0.0,0.0,0.0,0.0,0.0012138562343100875,8.210558455066755e-11,0.012673913042798262,0.061987584050430165,-0.14404583579728836,0.0404840198629227,-0.024329375799700965,0.003856733893633466,0.08087808115450726,0.0,0.0,0.0,0.0,0.0,0.0,0.0,0.010927741356121061,-0.041698949471013706,0.12005590566954681,0.06182306008087187,0.04369992566176034,0.018014854156944166,-0.005717035329439647
expanded_generic,0.0560666666666666,5.60666666666666,pooled_zero,1.6930438416630622,5.436001877454284,1.43233688532302,4.18847575163444,0.3317155959948786,True,37,1.7025697713170953,0,0.0,0.0,0.0,0.0,0.0,0.0,0.0,0.0,0.0,0.0010628331741676465,-8.153600790035207e-11,0.012590538568514751,0.06290328285619945,-0.14410308165740032,0.04037034367945837,-0.024232246816752616,0.003915255511437384,0.0808821873309298,0.0,0.0,0.0,0.0,0.0,0.0,0.0,0.01101192977739467,-0.04146432362370074,0.12035046892471608,0.06181976408141036,0.04403695041078146,0.018726850716113966,-0.005588680748292423
expanded_generic,0.0560666666666666,5.60666666666666,deterministic_plus,1.512314962179265,4.5372221437520786,1.4323589434674273,4.1885681426564005,0.3317214833878422,True,34,8.43790074128339,0,0.18049642996245646,-0.01698027257082026,-0.16615960491645687,0.09309071431031818,0.031290125578747,-0.011987027162363655,-0.1929260677399544,0.06857483195146385,0.23585161670295482,0.00103424107577503,2.866558373669882e-11,0.012563920794600133,0.06299737257678224,-0.14408174457813389,0.04032118428864335,-0.024187835146555613,0.003917279888232083,0.08080931909088578,-0.07096909959171672,-0.193505201227788,0.21112725720077283,0.20475250616616888,-0.06684152960306738,-0.11872001014296628,0.1191459435466644,0.011030397407320576,-0.04122983702812506,0.12027326673149072,0.062092043042846205,0.04414233158202781,0.019037164050464555,-0.00550429239738828
expanded_generic,0.0560666666666666,5.60666666666666,deterministic_minus,1.352314962179265,3.8663656689582915,1.4293318163903166,4.175907986236201,0.3331906433579204,True,42,4.787078846920884,0,-0.17910199331170024,0.016980271749098646,0.19023157801441865,0.025472518065922232,-0.31871518188170117,0.08868573769774427,0.147571684426699,-0.06425460617212045,-0.09210169775645441,0.004128964349211452,-5.0714288863248265e-12,0.013530199963696041,0.04153173450423669,-0.14109075349304978,0.04129413199925171,-0.025996733812878398,0.012304690176576628,0.08713742794068363,0.09283231268335614,0.11897867632312861,0.01781480737385477,-0.08947490640872088,0.15425781370882738,0.15462673788595027,-0.127768319270771,0.008455990375869223,-0.04855865180096197,0.10059103757944964,0.0639446757492487,0.03390485010745947,0.002856782939307678,-0.01069873027147394
expanded_generic,0.06,6.0,zero_nuisance_local_lnCn,1.4298414855635215,4.178036860271576,1.4298223622189274,4.177956962996925,0.4003981111187032,True,37,0.10674975997421682,0,0.0,0.0,0.0,0.0,0.0,0.0,0.0,0.0,0.0,0.0011603629982290696,2.7296995422186277e-10,0.013980454009097225,0.06956810079507478,-0.15596677998073047,0.044712526737903616,-0.027037368166795916,0.0050084959566415385,0.09379735938235088,0.0,0.0,0.0,0.0,0.0,0.0,0.0,0.011199961169360239,-0.04845900633023131,0.1298644161277707,0.067519175093592,0.04478781194530232,0.02151373675734826,-0.007384746168663317
expanded_generic,0.06,6.0,pooled_zero,1.6930438416630622,5.436001877454284,1.4299272520195698,4.17839521105334,0.4003953452651909,True,43,0.5408601810342897,0,0.0,0.0,0.0,0.0,0.0,0.0,0.0,0.0,0.0,0.0009764436649537719,2.021347830112469e-10,0.013885585111580822,0.07071655383502085,-0.15611560390543078,0.044585312990872615,-0.026925253220889882,0.005071200655423155,0.09381363641717494,0.0,0.0,0.0,0.0,0.0,0.0,0.0,0.01128903379284419,-0.04819216675205641,0.13016994575146654,0.06751086904973559,0.04514390945364885,0.022294738398148592,-0.007245628664997994
expanded_generic,0.06,6.0,deterministic_plus,1.5098414855635216,4.526013299001487,1.4299599333813566,4.178531768930357,0.40040544962214497,True,36,0.4284406167833492,0,0.18062999793187504,-0.016980271180822508,-0.16443772202379267,0.10184403866058697,0.018055591699021878,-0.00663982438052696,-0.1964403274825525,0.07054174478987066,0.2527797231810065,0.0009356398974792864,7.25174796081561e-10,0.013850628926166926,0.0708743290834838,-0.1560717754714038,0.04452352700142208,-0.02687050569639586,0.005073218316581728,0.09371976155877818,-0.07070158396884182,-0.20220788521838,0.2233349602420142,0.2128616279319514,-0.06575609227683349,-0.11585255101114628,0.116859791139359,0.011319832594042964,-0.047926572337395855,0.13012684362323323,0.06778944793036397,0.045295316470211955,0.022705835969171244,-0.007139464759747489
expanded_generic,0.06,6.0,deterministic_minus,1.3498414855635215,3.8568141215225884,1.426739299990169,4.165095897610714,0.4020706195559688,True,37,1.0855501796238296,0,-0.17896842534228166,0.016980273139096398,0.19195346090708285,0.03422584241619103,-0.3319497157614263,0.09403294047958095,0.1440574246841009,-0.06228769333371365,-0.07517359127840272,0.00424460364638865,4.6300504007185244e-11,0.014819681431925795,0.048004714912314055,-0.15223236833661954,0.04545108853986129,-0.028726994945804076,0.01409872196433746,0.10081301455082102,0.09309982830623104,0.1102759923325366,0.030022510415096168,-0.08136578464293838,0.15534325103506127,0.1574941970177703,-0.1300544716780764,0.008600705724700146,-0.05581597216870096,0.10974519712807683,0.0694331888958007,0.034479618319327734,0.005547844476025709,-0.01269781685407819
expanded_target_aligned,0.001,0.1,stored_original,2.429572311625164,11.354025056904902,2.429572311625164,11.354025056904902,0.0151552569580962,True,9,3.4423039408952414e-07,0,-0.0019989337099578,-0.0167837335653475,-0.0097791817266331,-0.0029833583019468,0.0697690820234806,-0.0027209052001027,0.0013418212593325,0.0044626866771871,-0.0062477002311061,-0.0019989337099578,-0.0167837335653475,-0.0097791817266331,-0.0029833583019468,0.0697690820234806,-0.0027209052001027,0.0013418212593325,0.0044626866771871,-0.0062477002311061,0.0006147047607768,-0.0093343410522903,0.0118439899466698,0.0009028263507895,0.0024588123761482,0.0051639483752508,0.0010025819565765,0.0006147047607768,-0.0093343410522903,0.0118439899466698,0.0009028263507895,0.0024588123761482,0.0051639483752508,0.0010025819565765
expanded_target_aligned,0.0029666666666666,0.29666666666666003,stored_original,2.0971724671467284,8.143112412136405,2.0971724671467284,8.143112412136405,0.0069015029234296,True,7,1.487356587611059e-07,0,-0.0016905433979929,-0.0112666182426067,-0.0115664450204321,-0.0076494919658986,0.0474228447797047,-0.0025892465195594,0.0022271745335951,0.0020516496766971,-0.0061677360624727,-0.0016905433979929,-0.0112666182426067,-0.0115664450204321,-0.0076494919658986,0.0474228447797047,-0.0025892465195594,0.0022271745335951,0.0020516496766971,-0.0061677360624727,0.0001700334591867,-0.003900364147534,0.0042338785318406,-0.0001961494846005,0.0006801345806779,0.002440135595622,0.0004935988747451,0.0001700334591867,-0.003900364147534,0.0042338785318406,-0.0001961494846005,0.0006801345806779,0.002440135595622,0.0004935988747451
expanded_target_aligned,0.0049333333333333,0.49333333333333,stored_original,1.947454833429204,7.010821146093224,1.947454833429204,7.010821146093224,0.0037737091180698,True,6,1.246242327445841e-07,0,-0.0013570832396079,-0.0081114802191651,-0.0103193678354059,-0.0077358762929507,0.0343000228931872,-0.0021641995337471,0.0021241091494509,0.0011858745367502,-0.0052303523884072,-0.0013570832396079,-0.0081114802191651,-0.0103193678354059,-0.0077358762929507,0.0343000228931872,-0.0021641995337471,0.0021241091494509,0.0011858745367502,-0.0052303523884072,1.341134293562737e-05,-0.0018909763486967,0.0015251322523448,-0.0004684920383846,5.365067164402037e-05,0.0013683928327978,0.000267545343298,1.341134293562737e-05,-0.0018909763486967,0.0015251322523448,-0.0004684920383846,5.365067164402037e-05,0.0013683928327978,0.000267545343298
expanded_target_aligned,0.0068999999999999,0.6899999999999901,stored_original,1.852166147962931,6.373610764247721,1.852166147962931,6.373610764247721,0.001932749421066,True,6,4.693779158481492e-08,0,-0.0010152509772723,-0.0056487591370479,-0.0081820669733057,-0.0064899001961354,0.023917818059867,-0.0016545241897136,0.0017360771614975,0.0006984455318477,-0.004047802593321,-0.0010152509772723,-0.0056487591370479,-0.0081820669733057,-0.0064899001961354,0.023917818059867,-0.0016545241897136,0.0017360771614975,0.0006984455318477,-0.004047802593321,-4.7331922726045424e-05,-0.0008573254185781,0.0002886851642161,-0.0004922939197394,-0.0001893299514869,0.000762129277227,0.0001394666080092,-4.7331922726045424e-05,-0.0008573254185781,0.0002886851642161,-0.0004922939197394,-0.0001893299514869,0.000762129277227,0.0001394666080092
expanded_target_aligned,0.0088666666666666,0.8866666666666599,stored_original,1.783444765498096,5.950318606876294,1.783444765498096,5.950318606876294,0.000789211050294,True,6,5.932385917938826e-08,0,-0.0006679444441864,-0.003525935995153,-0.0055900586236414,-0.0045743569453964,0.0148961212280492,-0.001101708086631,0.0012054830556444,0.0003778427136263,-0.0027281576842127,-0.0006679444441864,-0.003525935995153,-0.0055900586236414,-0.0045743569453964,0.0148961212280492,-0.001101708086631,0.0012054830556444,0.0003778427136263,-0.0027281576842127,-5.78007473959183e-05,-0.0003062883893585,-0.0002042475517031,-0.0003886821633957,-0.0002312120732813,0.0003806293717131,6.321713847517154e-05,-5.78007473959183e-05,-0.0003062883893585,-0.0002042475517031,-0.0003886821633957,-0.0002312120732813,0.0003806293717131,6.321713847517154e-05
expanded_target_aligned,0.0108333333333333,1.0833333333333302,stored_original,1.7305058011273209,5.643507679193425,1.7305058011273209,5.643507679193425,0.0001675939718079,True,6,1.7528156258183236e-08,0,-0.0003180909773848,-0.0015080412986026,-0.002707587512302,-0.0022496388723675,0.0067470510559516,-0.0005237792950495,0.0005883102642617,0.0001536326918297,-0.0013043923784008,-0.0003180909773848,-0.0015080412986026,-0.002707587512302,-0.0022496388723675,0.0067470510559516,-0.0005237792950495,0.0005883102642617,0.0001536326918297,-0.0013043923784008,-3.5623839211883065e-05,-5.109214668419136e-05,-0.0002312302909664,-0.000207721709267,-0.0001424975706416,0.0001443103956362,2.0738137809511605e-05,-3.5623839211883065e-05,-5.109214668419136e-05,-0.0002312302909664,-0.000207721709267,-0.0001424975706416,0.0001443103956362,2.0738137809511605e-05
expanded_target_aligned,0.012546045825196,1.2546045825196002,stored_original,1.6930438416630622,5.436001877454284,1.6930438416630622,5.436001877454284,0.0,True,0,0.0,0,0.0,0.0,0.0,0.0,0.0,0.0,0.0,0.0,0.0,0.0,0.0,0.0,0.0,0.0,0.0,0.0,0.0,0.0,0.0,0.0,0.0,0.0,0.0,0.0,0.0,0.0,0.0,0.0,0.0,0.0,0.0,0.0
expanded_target_aligned,0.0127999999999999,1.27999999999999,stored_original,1.6880285581937002,5.408807039013488,1.6880285581937002,5.408807039013488,4.149630352584372e-06,True,18,0.0007275539435049,0,-1.0090240873641784e-05,3.681489743314787e-10,6.397343338625653e-05,0.0004280976599454,-0.0010757899546969,0.0001909189477692,-9.427837713046732e-05,-2.8247916234436397e-05,0.000227852219113,-1.0090240873641784e-05,3.681489743314787e-10,6.397343338625653e-05,0.0004280976599454,-0.0010757899546969,0.0001909189477692,-9.427837713046732e-05,-2.8247916234436397e-05,0.000227852219113,5.881902988732998e-06,-5.169369171524478e-06,4.929214505166169e-05,3.651585534490059e-05,2.358162584657669e-05,-2.3355121401242706e-05,-2.528221831431509e-06,5.881902988732998e-06,-5.169369171524478e-06,4.929214505166169e-05,3.651585534490059e-05,2.358162584657669e-05,-2.3355121401242706e-05,-2.528221831431509e-06
expanded_target_aligned,0.0147666666666666,1.47666666666666,stored_original,1.6530090924346816,5.222671708105088,1.6530090924346816,5.222671708105088,0.0003161696279735,True,34,0.0071075670308537,0,-9.933605665397292e-05,2.191209299522894e-09,0.0005669045461319,0.0038549170250584,-0.0091715561506587,0.0016970021169189,-0.0008514953446505,-0.0002176843446392,0.0020580351735816,-9.933605665397292e-05,2.191209299522894e-09,0.0005669045461319,0.0038549170250584,-0.0091715561506587,0.0016970021169189,-0.0008514953446505,-0.0002176843446392,0.0020580351735816,5.604393853885918e-05,-0.0001314872765167,0.0005390903155026,0.0003516981919878,0.0002244076851437,-0.0002035882021956,-1.895863777895549e-05,5.604393853885918e-05,-0.0001314872765167,0.0005390903155026,0.0003516981919878,0.0002244076851437,-0.0002035882021956,-1.895863777895549e-05
expanded_target_aligned,0.0167333333333333,1.6733333333333302,stored_original,1.623735996551212,5.072003953200949,1.623735996551212,5.072003953200949,0.0011290500012633,True,38,0.0076594599501192,0,-0.0003199813694019,3.8917648303015607e-10,0.0010549521337803,0.0084490273448842,-0.0171546402350374,0.0032508995214701,-0.001580535668503,-0.0008560298484873,0.0033755882699366,-0.0003199813694019,3.8917648303015607e-10,0.0010549521337803,0.0084490273448842,-0.0171546402350374,0.0032508995214701,-0.001580535668503,-0.0008560298484873,0.0033755882699366,0.000268045680051,-0.000172853184847,0.001860069540432,0.0002818261691656,0.0010754743741109,0.0010737439723301,0.0001742816182249,0.000268045680051,-0.000172853184847,0.001860069540432,0.0002818261691656,0.0010754743741109,0.0010737439723301,0.0001742816182249
expanded_target_aligned,0.0186999999999999,1.8699999999999901,stored_original,1.5985867131050873,4.946037312793742,1.5985867131050873,4.946037312793742,0.0024387756641863,True,35,0.0113468757506166,0,-0.0004025752042494,2.4675103762753e-09,0.0015782873554343,0.0119905322019866,-0.0245790459437756,0.0048364848570529,-0.0024217714241674,-0.0008726551596728,0.0055678657968118,-0.0004025752042494,2.4675103762753e-09,0.0015782873554343,0.0119905322019866,-0.0245790459437756,0.0048364848570529,-0.0024217714241674,-0.0008726551596728,0.0055678657968118,0.0003246634058861,-0.0005609549557989,0.0026346386485821,0.0007166073668833,0.0013017458931467,0.0008344763350682,0.0001578719960116,0.0003246634058861,-0.0005609549557989,0.0026346386485821,0.0007166073668833,0.0013017458931467,0.0008344763350682,0.0001578719960116
expanded_target_aligned,0.0206666666666666,2.06666666666666,stored_original,1.5769262966392337,4.840056027732041,1.5769262966392337,4.840056027732041,0.0042659127642153,True,34,0.0170533596930711,0,-0.0005381033147943,1.2007332787141082e-09,0.0021151603383691,0.0158845373717912,-0.0318166255406872,0.0064495195417832,-0.0032920983589599,-0.0009426182955177,0.0077567247934385,-0.0005381033147943,1.2007332787141082e-09,0.0021151603383691,0.0158845373717912,-0.0318166255406872,0.0064495195417832,-0.0032920983589599,-0.0009426182955177,0.0077567247934385,0.0004025320373323,-0.0010229976984486,0.0035996698273693,0.0011386014787126,0.0016133108768721,0.0007586386761954,0.0001659461601361,0.0004025320373323,-0.0010229976984486,0.0035996698273693,0.0011386014787126,0.0016133108768721,0.0007586386761954,0.0001659461601361
expanded_target_aligned,0.0226333333333333,2.26333333333333,stored_original,1.5580797836389737,4.749692046547111,1.5580797836389737,4.749692046547111,0.0066255666403223,True,28,0.0302838353546245,0,-0.0006896042697574,1.114632301493344e-09,0.002665170451886,0.0198473083077673,-0.0389131806189729,0.0081078513687567,-0.0041952937939681,-0.0009996924613137,0.0100292071450387,-0.0006896042697574,1.114632301493344e-09,0.002665170451886,0.0198473083077673,-0.0389131806189729,0.0081078513687567,-0.0041952937939681,-0.0009996924613137,0.0100292071450387,0.0004529600168203,-0.0015899691244046,0.0045116867640554,0.0016588411930958,0.0018144835955985,0.0004207617093416,0.0001343004253513,0.0004529600168203,-0.0015899691244046,0.0045116867640554,0.0016588411930958,0.0018144835955985,0.0004207617093416,0.0001343004253513
expanded_target_aligned,0.0245999999999999,2.45999999999999,stored_original,1.5415854709587733,4.671991709229619,1.5415854709587733,4.671991709229619,0.0095334305914002,True,34,0.0335698604680343,0,-0.0008172495451899,8.257973249024677e-10,0.00321201022487,0.0237592581653691,-0.0458605095553467,0.0097811793370849,-0.0051138879714405,-0.0010042724998123,0.0124521886201359,-0.0008172495451899,8.257973249024677e-10,0.00321201022487,0.0237592581653691,-0.0458605095553467,0.0097811793370849,-0.0051138879714405,-0.0010042724998123,0.0124521886201359,0.0005249055970261,-0.0022165191746947,0.0056009987055621,0.0021530200307196,0.0021015683952446,0.0002658164150655,0.000127372594198,0.0005249055970261,-0.0022165191746947,0.0056009987055621,0.0021530200307196,0.0021015683952446,0.0002658164150655,0.000127372594198
expanded_target_aligned,0.0265666666666666,2.65666666666666,stored_original,1.527108463057289,4.60484248107095,1.527108463057289,4.60484248107095,0.0130138822941562,True,32,0.0446100460440185,0,-0.0009846844581959,7.665557221085873e-10,0.0037743869332362,0.0279855780856058,-0.052735335087462,0.0114982181149429,-0.006060551694089,-0.0010786987143607,0.0148734648634628,-0.0009846844581959,7.665557221085873e-10,0.0037743869332362,0.0279855780856058,-0.052735335087462,0.0114982181149429,-0.006060551694089,-0.0010786987143607,0.0148734648634628,0.0005950649401777,-0.0029130137081765,0.0067480835969425,0.0026739534317821,0.0023817944221635,9.35210737517382e-05,0.0001150036729861,0.0005950649401777,-0.0029130137081765,0.0067480835969425,0.0026739534317821,0.0023817944221635,9.35210737517382e-05,0.0001150036729861
expanded_target_aligned,0.0285333333333333,2.85333333333333,stored_original,1.514294239825719,4.546211459359255,1.514294239825719,4.546211459359255,0.0170732960700005,True,28,0.2009403905445936,0,-0.001013946766069,-8.79193594153143e-11,0.0043056594552036,0.0317113563125934,-0.0593723427660014,0.0132065521621899,-0.0070006608458565,-0.0009635495076839,0.0176461505099696,-0.001013946766069,-8.79193594153143e-11,0.0043056594552036,0.0317113563125934,-0.0593723427660014,0.0132065521621899,-0.0070006608458565,-0.0009635495076839,0.0176461505099696,0.000714267420783,-0.0036397777260036,0.0081977752584231,0.0030941783994359,0.0028579122817847,0.0003619321910339,0.0001633771192509,0.000714267420783,-0.0036397777260036,0.0081977752584231,0.0030941783994359,0.0028579122817847,0.0003619321910339,0.0001633771192509
expanded_target_aligned,0.0305,3.05,stored_original,1.5030205546966868,4.4952467228159465,1.5030205546966868,4.4952467228159465,0.021749667347856,True,36,0.0362424985506643,0,-0.0011794121350714,8.810060495505782e-10,0.004860709921647,0.0360749480691914,-0.0660316189448896,0.0149561992279345,-0.0079739285486231,-0.0009986292433932,0.0202936078750014,-0.0011794121350714,8.810060495505782e-10,0.004860709921647,0.0360749480691914,-0.0660316189448896,0.0149561992279345,-0.0079739285486231,-0.0009986292433932,0.0202936078750014,0.0008146182645455,-0.0044389399688711,0.0096162015043434,0.0035796207619533,0.0032611566795243,0.0004809359766782,0.0001843824861631,0.0008146182645455,-0.0044389399688711,0.0096162015043434,0.0035796207619533,0.0032611566795243,0.0004809359766782,0.0001843824861631
expanded_target_aligned,0.0324666666666666,3.2466666666666604,stored_original,1.4941997550516293,4.455769418779197,1.4941997550516293,4.455769418779197,0.0272824612860501,True,48,0.0383963953202943,0,-0.0019832150520984,3.7570122992248967e-10,0.0056962892698436,0.0464386592942214,-0.0740594146781097,0.0173483673372973,-0.0089033285108966,-0.0057536389224641,0.0172288123631217,-0.0019832150520984,3.7570122992248967e-10,0.0056962892698436,0.0464386592942214,-0.0740594146781097,0.0173483673372973,-0.0089033285108966,-0.0057536389224641,0.0172288123631217,0.001872592948523,-0.0039028233682068,0.0147820945096701,0.0014591019016543,0.0072973988963542,0.0088285231679012,0.0014859237219883,0.001872592948523,-0.0039028233682068,0.0147820945096701,0.0014591019016543,0.0072973988963542,0.0088285231679012,0.0014859237219883
expanded_target_aligned,0.0344333333333333,3.4433333333333302,stored_original,1.4853050690021747,4.416312487336588,1.4853050690021747,4.416312487336588,0.0332207631984572,True,41,0.0386911529847086,0,-0.0021247940802738,2.426682840849154e-10,0.0061730578801747,0.0505395284677203,-0.0803712530565776,0.018989918652682,-0.0098604608400768,-0.0054703197068966,0.0203547940877056,-0.0021247940802738,2.426682840849154e-10,0.0061730578801747,0.0505395284677203,-0.0803712530565776,0.018989918652682,-0.0098604608400768,-0.0054703197068966,0.0203547940877056,0.0018817044691373,-0.0048989934607983,0.0160272032964549,0.0021975459100616,0.0074405174680308,0.0086611905854301,0.0013834569931153,0.0018817044691373,-0.0048989934607983,0.0160272032964549,0.0021975459100616,0.0074405174680308,0.0086611905854301,0.0013834569931153
expanded_target_aligned,0.0363999999999999,3.63999999999999,stored_original,1.4777923274007654,4.3832581924450835,1.4777923274007654,4.3832581924450835,0.0399652348648197,True,29,0.0580382341585764,0,-0.0025428196824592,4.634476691473117e-10,0.0068424336898131,0.0570148767396933,-0.0873530299820113,0.0210163561535252,-0.0109409180153104,-0.0064424018643822,0.0221544155980192,-0.0025428196824592,4.634476691473117e-10,0.0068424336898131,0.0570148767396933,-0.0873530299820113,0.0210163561535252,-0.0109409180153104,-0.0064424018643822,0.0221544155980192,0.0021590117410495,-0.0056902353438246,0.0184253198680835,0.0023122607496245,0.008554648139515,0.0104534692651689,0.0016383247283322,0.0021590117410495,-0.0056902353438246,0.0184253198680835,0.0023122607496245,0.008554648139515,0.0104534692651689,0.0016383247283322
expanded_target_aligned,0.0383666666666666,3.83666666666666,stored_original,1.4709848811114936,4.353520730654322,1.4709848811114936,4.353520730654322,0.0473418464085443,True,37,0.0572466203304168,0,-0.0027796058820473,1.425441242841708e-09,0.0074195444956431,0.0621171657048022,-0.0938616271899254,0.0228701214121688,-0.0119875038617765,-0.0066229211428438,0.0249879686999782,-0.0027796058820473,1.425441242841708e-09,0.0074195444956431,0.0621171657048022,-0.0938616271899254,0.0228701214121688,-0.0119875038617765,-0.0066229211428438,0.0249879686999782,0.0023114031964758,-0.006668058200775,0.0203398318423445,0.0027463277693397,0.0092024070919362,0.0112671133535282,0.0017218692944791,0.0023114031964758,-0.006668058200775,0.0203398318423445,0.0027463277693397,0.0092024070919362,0.0112671133535282,0.0017218692944791
expanded_target_aligned,0.0403333333333333,4.03333333333333,stored_original,1.4644707048927073,4.32525329891793,1.4644707048927073,4.32525329891793,0.0552404900974817,True,34,0.0547657333924209,0,-0.0026238054187573,1.4475462969302303e-10,0.0079091137764372,0.0641158674322494,-0.0995056510647052,0.0245219309690534,-0.0130578167295437,-0.0050945621403359,0.0301186289225573,-0.0026238054187573,1.4475462969302303e-10,0.0079091137764372,0.0641158674322494,-0.0995056510647052,0.0245219309690534,-0.0130578167295437,-0.0050945621403359,0.0301186289225573,0.0020597639905232,-0.0081629274450827,0.0205240400523373,0.0042020526695315,0.0082298869207675,0.0083250716234155,0.0012562399130623,0.0020597639905232,-0.0081629274450827,0.0205240400523373,0.0042020526695315,0.0082298869207675,0.0083250716234155,0.0012562399130623
expanded_target_aligned,0.0423,4.2299999999999995,stored_original,1.459045630772269,4.301852013430184,1.459045630772269,4.301852013430184,0.0640260556720866,True,34,0.0653383187390335,0,-0.002742069196266,1.0158886441541776e-09,0.0085345238628241,0.0682627002500034,-0.1058051043049417,0.0264226635048968,-0.0142030881470133,-0.0047384269540058,0.033939932075996,-0.002742069196266,1.0158886441541776e-09,0.0085345238628241,0.0682627002500034,-0.1058051043049417,0.0264226635048968,-0.0142030881470133,-0.0047384269540058,0.033939932075996,0.0020409886088506,-0.009464364005152,0.0217552541463116,0.0050875806668086,0.0081551549434916,0.0073973578730764,0.0011029925032206,0.0020409886088506,-0.009464364005152,0.0217552541463116,0.0050875806668086,0.0081551549434916,0.0073973578730764,0.0011029925032206
expanded_target_aligned,0.0442666666666666,4.42666666666666,stored_original,1.4543869896014447,4.28185783753614,1.4543869896014447,4.28185783753614,0.073616478156809,True,31,0.0709093652489744,0,-0.0029656254769048,1.5491938641173198e-09,0.0091620066373769,0.0729610742633474,-0.1120824194351522,0.0283378449303226,-0.0153483640256642,-0.004616848788645,0.0375557534272975,-0.0029656254769048,1.5491938641173198e-09,0.0091620066373769,0.0729610742633474,-0.1120824194351522,0.0283378449303226,-0.0153483640256642,-0.004616848788645,0.0375557534272975,0.0020697741777669,-0.0107528366936574,0.0232516742077454,0.0058466087055637,0.008279129624375,0.0070143994831679,0.0010104904164346,0.0020697741777669,-0.0107528366936574,0.0232516742077454,0.0058466087055637,0.008279129624375,0.0070143994831679,0.0010104904164346
expanded_target_aligned,0.0462333333333333,4.62333333333333,stored_original,1.4503342054720048,4.264539509474753,1.4503342054720048,4.264539509474753,0.0840133510657567,True,31,0.0903950997486519,0,-0.0032069785643939,3.661165319172773e-11,0.0097950981092403,0.0777422787519362,-0.1184319784565193,0.0302838151744721,-0.0165156224369238,-0.0044584279744486,0.0413610173366406,-0.0032069785643939,3.661165319172773e-11,0.0097950981092403,0.0777422787519362,-0.1184319784565193,0.0302838151744721,-0.0165156224369238,-0.0044584279744486,0.0413610173366406,0.0020452182794232,-0.0121494571514858,0.0245576346848557,0.0067292508122872,0.0081894658016847,0.0062030130348583,0.0008419014185109,0.0020452182794232,-0.0121494571514858,0.0245576346848557,0.0067292508122872,0.0081894658016847,0.0062030130348583,0.0008419014185109
expanded_target_aligned,0.0481999999999999,4.8199999999999905,stored_original,1.4468669975229334,4.249779067735761,1.4468669975229334,4.249779067735761,0.0952695782316079,True,34,0.1204288454090604,0,-0.0034727579229071,1.746358153057729e-10,0.0104442311742032,0.0827596417092044,-0.1248362702557039,0.0322755872642426,-0.0177099716780691,-0.0043506135932894,0.045251590363872,-0.0034727579229071,1.746358153057729e-10,0.0104442311742032,0.0827596417092044,-0.1248362702557039,0.0322755872642426,-0.0177099716780691,-0.0043506135932894,0.045251590363872,0.001984512731765,-0.0136334852294372,0.0257399190924099,0.0076949691398675,0.0079498594289054,0.0050922535978217,0.0006212009157159,0.001984512731765,-0.0136334852294372,0.0257399190924099,0.0076949691398675,0.0079498594289054,0.0050922535978217,0.0006212009157159
expanded_target_aligned,0.0501666666666666,5.01666666666666,stored_original,1.443819994614958,4.236849686492514,1.443819994614958,4.236849686492514,0.1073385842192256,True,32,0.4289935758163946,0,-0.003539941488248,-6.60461709165273e-10,0.011040607249244,0.0867819733079858,-0.1310800992502855,0.0341876792090341,-0.0188811024428787,-0.003847012976564,0.0498198667886929,-0.003539941488248,-6.60461709165273e-10,0.011040607249244,0.0867819733079858,-0.1310800992502855,0.0341876792090341,-0.0188811024428787,-0.003847012976564,0.0498198667886929,0.0019750591795133,-0.0151489210960483,0.0272367232223468,0.008535574317035,0.0079111970894729,0.0044652745160035,0.0004618003475312,0.0019750591795133,-0.0151489210960483,0.0272367232223468,0.008535574317035,0.0079111970894729,0.0044652745160035,0.0004618003475312
expanded_target_aligned,0.0521333333333333,5.21333333333333,stored_original,1.440970282309466,4.224793070906469,1.440970282309466,4.224793070906469,0.1202896300535158,True,32,0.1000176564536917,0,-0.003316014994107,4.9254323993830274e-09,0.0115954131437591,0.0891670905834035,-0.136810296802585,0.0360701772652725,-0.0201096701821749,-0.0021536046711938,0.0563228054896478,-0.003316014994107,4.9254323993830274e-09,0.0115954131437591,0.0891670905834035,-0.136810296802585,0.0360701772652725,-0.0201096701821749,-0.0021536046711938,0.0563228054896478,0.0017699930414164,-0.017154018189174,0.0281389589838572,0.0098542508082429,0.0070810953084668,0.0020432687328146,1.2433175616538692e-05,0.0017699930414164,-0.017154018189174,0.0281389589838572,0.0098542508082429,0.0070810953084668,0.0020432687328146,1.2433175616538692e-05
expanded_target_aligned,0.0540999999999999,5.4099999999999895,stored_original,1.4392171176830892,4.217392801981094,1.4392171176830892,4.217392801981094,0.1342197759462981,True,34,0.096850412956665,0,-0.0036363509133523,1.489826390978705e-09,0.0122728358011943,0.0950627167756948,-0.1432981115645364,0.0381524950332602,-0.0212981491334024,-0.0029853374616811,0.0592926032250831,-0.0036363509133523,1.489826390978705e-09,0.0122728358011943,0.0950627167756948,-0.1432981115645364,0.0381524950332602,-0.0212981491334024,-0.0029853374616811,0.0592926032250831,0.0019698901400913,-0.0183763928100417,0.0304980167857552,0.010155347802962,0.0078843571804304,0.0035010623381306,0.0001456722608301,0.0019698901400913,-0.0183763928100417,0.0304980167857552,0.010155347802962,0.0078843571804304,0.0035010623381306,0.0001456722608301
expanded_target_aligned,0.0560666666666666,5.60666666666666,stored_original,1.437696212929851,4.210983424484127,1.437696212929851,4.210983424484127,0.1490977499282454,True,39,0.1087617273203411,0,-0.0038691157146706,5.356579133722704e-09,0.0129271916633535,0.1002854845350386,-0.1496556526958624,0.0402124918554421,-0.0225395431821745,-0.0030278960356243,0.0636013070828536,-0.0038691157146706,5.356579133722704e-09,0.0129271916633535,0.1002854845350386,-0.1496556526958624,0.0402124918554421,-0.0225395431821745,-0.0030278960356243,0.0636013070828536,0.0019906867671675,-0.0200165389541927,0.0322918006124327,0.0108983288005805,0.0079716985473144,0.0033818615464754,1.563803752084288e-05,0.0019906867671675,-0.0200165389541927,0.0322918006124327,0.0108983288005805,0.0079716985473144,0.0033818615464754,1.563803752084288e-05
expanded_target_aligned,0.0580333333333333,5.80333333333333,stored_original,1.4364552190958204,4.205760861273765,1.4364552190958204,4.205760861273765,0.1650369385850748,True,29,0.1053956683805114,0,-0.0039234821780982,4.106962215373681e-09,0.0131132996196263,0.102772713553678,-0.1534275178955776,0.0410652184939035,-0.0228537380419715,-0.0035797072945681,0.0641282366387367,-0.0039234821780982,4.106962215373681e-09,0.0131132996196263,0.102772713553678,-0.1534275178955776,0.0410652184939035,-0.0228537380419715,-0.0035797072945681,0.0641282366387367,0.0019585461760422,-0.020411198828722,0.0325093248481796,0.0111368483566687,0.0078416820327011,0.0030242969077953,-5.997986629863021e-05,0.0019585461760422,-0.020411198828722,0.0325093248481796,0.0111368483566687,0.0078416820327011,0.0030242969077953,-5.997986629863021e-05
expanded_target_aligned,0.06,6.0,stored_original,1.435644318200742,4.20235178842379,1.435644318200742,4.20235178842379,0.182044470665205,True,32,0.110998041234317,0,-0.0040999395106882,2.4989173384953924e-09,0.0134318714675999,0.1060688391395728,-0.1585269931388899,0.0423078833230859,-0.0234073041526896,-0.0040638623522757,0.0655854285955088,-0.0040999395106882,2.4989173384953924e-09,0.0134318714675999,0.1060688391395728,-0.1585269931388899,0.0423078833230859,-0.0234073041526896,-0.0040638623522757,0.0655854285955088,0.001905438571536,-0.0211432725278052,0.0329467094759439,0.0115639059178527,0.0076282822992655,0.0024415033845338,-0.0001906858096172,0.001905438571536,-0.0211432725278052,0.0329467094759439,0.0115639059178527,0.0076282822992655,0.0024415033845338,-0.0001906858096172
expanded_target_aligned,0.001,0.1,stored_refined,2.429572311625164,11.354025056904902,2.429572311625164,11.354025056904902,0.01515525695809543,True,7,4.903162143937496e-06,0,-0.0019989337099578,-0.0167837335653475,-0.0097791817266331,-0.0029833583019468,0.0697690820234806,-0.0027209052001027,0.0013418212593325,0.0044626866771871,-0.0062477002311061,-0.0019989337099578,-0.0167837335653475,-0.0097791817266331,-0.0029833583019468,0.0697690820234806,-0.0027209052001027,0.0013418212593325,0.0044626866771871,-0.0062477002311061,0.0006147047607768,-0.0093343410522903,0.0118439899466698,0.0009028263507895,0.0024588123761482,0.0051639483752508,0.0010025819565765,0.0006147047607768,-0.0093343410522903,0.0118439899466698,0.0009028263507895,0.0024588123761482,0.0051639483752508,0.0010025819565765
expanded_target_aligned,0.0029666666666666,0.29666666666666003,stored_refined,2.0971724671467284,8.143112412136405,2.0971724671467284,8.143112412136405,0.0069015029234293195,True,6,1.8869739092985463e-06,0,-0.0016905433979929,-0.0112666182426067,-0.0115664450204321,-0.0076494919658986,0.0474228447797047,-0.0025892465195594,0.0022271745335951,0.0020516496766971,-0.0061677360624727,-0.0016905433979929,-0.0112666182426067,-0.0115664450204321,-0.0076494919658986,0.0474228447797047,-0.0025892465195594,0.0022271745335951,0.0020516496766971,-0.0061677360624727,0.0001700334591867,-0.003900364147534,0.0042338785318406,-0.0001961494846005,0.0006801345806779,0.002440135595622,0.0004935988747451,0.0001700334591867,-0.003900364147534,0.0042338785318406,-0.0001961494846005,0.0006801345806779,0.002440135595622,0.0004935988747451
expanded_target_aligned,0.0049333333333333,0.49333333333333,stored_refined,1.947454833429204,7.010821146093224,1.947454833429204,7.010821146093224,0.0037737091180694263,True,7,3.63904947970132e-06,0,-0.0013570832396079,-0.0081114802191651,-0.0103193678354059,-0.0077358762929507,0.0343000228931872,-0.0021641995337471,0.0021241091494509,0.0011858745367502,-0.0052303523884072,-0.0013570832396079,-0.0081114802191651,-0.0103193678354059,-0.0077358762929507,0.0343000228931872,-0.0021641995337471,0.0021241091494509,0.0011858745367502,-0.0052303523884072,1.341134293562737e-05,-0.0018909763486967,0.0015251322523448,-0.0004684920383846,5.365067164402037e-05,0.0013683928327978,0.000267545343298,1.341134293562737e-05,-0.0018909763486967,0.0015251322523448,-0.0004684920383846,5.365067164402037e-05,0.0013683928327978,0.000267545343298
expanded_target_aligned,0.0068999999999999,0.6899999999999901,stored_refined,1.852166147962931,6.373610764247721,1.852166147962931,6.373610764247721,0.0019327494210660233,True,7,3.2501985422460498e-06,0,-0.0010152509772723,-0.0056487591370479,-0.0081820669733057,-0.0064899001961354,0.023917818059867,-0.0016545241897136,0.0017360771614975,0.0006984455318477,-0.004047802593321,-0.0010152509772723,-0.0056487591370479,-0.0081820669733057,-0.0064899001961354,0.023917818059867,-0.0016545241897136,0.0017360771614975,0.0006984455318477,-0.004047802593321,-4.7331922726045424e-05,-0.0008573254185781,0.0002886851642161,-0.0004922939197394,-0.0001893299514869,0.000762129277227,0.0001394666080092,-4.7331922726045424e-05,-0.0008573254185781,0.0002886851642161,-0.0004922939197394,-0.0001893299514869,0.000762129277227,0.0001394666080092
expanded_target_aligned,0.0088666666666666,0.8866666666666599,stored_refined,1.783444765498096,5.950318606876294,1.783444765498096,5.950318606876294,0.0007892110502941238,True,7,2.256717205783008e-06,0,-0.0006679444441864,-0.003525935995153,-0.0055900586236414,-0.0045743569453964,0.0148961212280492,-0.001101708086631,0.0012054830556444,0.0003778427136263,-0.0027281576842127,-0.0006679444441864,-0.003525935995153,-0.0055900586236414,-0.0045743569453964,0.0148961212280492,-0.001101708086631,0.0012054830556444,0.0003778427136263,-0.0027281576842127,-5.78007473959183e-05,-0.0003062883893585,-0.0002042475517031,-0.0003886821633957,-0.0002312120732813,0.0003806293717131,6.321713847517154e-05,-5.78007473959183e-05,-0.0003062883893585,-0.0002042475517031,-0.0003886821633957,-0.0002312120732813,0.0003806293717131,6.321713847517154e-05
expanded_target_aligned,0.0108333333333333,1.0833333333333302,stored_refined,1.7305058011273209,5.643507679193425,1.7305058011273209,5.643507679193425,0.00016759397180789992,True,6,1.0721654813041248e-06,0,-0.0003180909773848,-0.0015080412986026,-0.002707587512302,-0.0022496388723675,0.0067470510559516,-0.0005237792950495,0.0005883102642617,0.0001536326918297,-0.0013043923784008,-0.0003180909773848,-0.0015080412986026,-0.002707587512302,-0.0022496388723675,0.0067470510559516,-0.0005237792950495,0.0005883102642617,0.0001536326918297,-0.0013043923784008,-3.5623839211883065e-05,-5.109214668419136e-05,-0.0002312302909664,-0.000207721709267,-0.0001424975706416,0.0001443103956362,2.0738137809511605e-05,-3.5623839211883065e-05,-5.109214668419136e-05,-0.0002312302909664,-0.000207721709267,-0.0001424975706416,0.0001443103956362,2.0738137809511605e-05
expanded_target_aligned,0.012546045825196,1.2546045825196002,stored_refined,1.6930438416630622,5.436001877454284,1.6930438416630622,5.436001877454284,8.017580693882497e-26,True,1,2.1521444667541074e-12,0,0.0,0.0,0.0,0.0,0.0,0.0,0.0,0.0,0.0,0.0,0.0,0.0,0.0,0.0,0.0,0.0,0.0,0.0,0.0,0.0,0.0,0.0,0.0,0.0,0.0,0.0,0.0,0.0,0.0,0.0,0.0,0.0
expanded_target_aligned,0.0127999999999999,1.27999999999999,stored_refined,1.6880285581937002,5.408807039013488,1.6880273336165588,5.408800415516081,4.1477486207332475e-06,True,31,0.004141819490864468,0,-1.0090240873641784e-05,3.681489743314787e-10,6.397343338625653e-05,0.0004280976599454,-0.0010757899546969,0.0001909189477692,-9.427837713046732e-05,-2.8247916234436397e-05,0.000227852219113,-7.192963635851768e-06,1.0202730347466918e-10,6.37878660660153e-05,0.00041594109323514396,-0.001076584298391785,0.00019184622196810134,-9.438394810340623e-05,-2.487500162597161e-05,0.00023402213597685162,5.881902988732998e-06,-5.169369171524478e-06,4.929214505166169e-05,3.651585534490059e-05,2.358162584657669e-05,-2.3355121401242706e-05,-2.528221831431509e-06,6.058916654745801e-06,-4.944299583296189e-06,4.992277656917649e-05,3.617357952675345e-05,2.4226298728889195e-05,-2.220328229640636e-05,-2.313559082383013e-06
expanded_target_aligned,0.0147666666666666,1.47666666666666,stored_refined,1.6530090924346816,5.222671708105088,1.6530090923741272,5.222671707788833,0.0003161696142769705,True,18,0.011858175833421735,0,-9.933605665397292e-05,2.191209299522894e-09,0.0005669045461319,0.0038549170250584,-0.0091715561506587,0.0016970021169189,-0.0008514953446505,-0.0002176843446392,0.0020580351735816,-9.933599301328222e-05,4.5737601852192286e-11,0.0005669044906695959,0.0038549158347722227,-0.009171555991204068,0.0016970020236200432,-0.0008514953019024664,-0.0002176839429547221,0.0020580357069679856,5.604393853885918e-05,-0.0001314872765167,0.0005390903155026,0.0003516981919878,0.0002244076851437,-0.0002035882021956,-1.895863777895549e-05,5.604404871471966e-05,-0.00013148720011686067,0.0005390908570364973,0.00035169793026661167,0.00022440812556403624,-0.00020358722767704933,-1.895849369354329e-05
expanded_target_aligned,0.0167333333333333,1.6733333333333302,stored_refined,1.623735996551212,5.072003953200949,1.623552527745705,5.0710734840527705,0.001123847699514494,True,32,0.0023464817236872257,0,-0.0003199813694019,3.8917648303015607e-10,0.0010549521337803,0.0084490273448842,-0.0171546402350374,0.0032508995214701,-0.001580535668503,-0.0008560298484873,0.0033755882699366,-0.00016530315459321824,3.1597774202264653e-10,0.0010809758311277288,0.007309761631304001,-0.01694501205955953,0.0032666642312240155,-0.0016522600121549645,-0.000338201742931982,0.004067409740597645,0.000268045680051,-0.000172853184847,0.001860069540432,0.0002818261691656,0.0010754743741109,0.0010737439723301,0.0001742816182249,0.00013041955544162753,-0.00036908212933330997,0.0012696264153389117,0.0006715707846851527,0.0005217264913722629,-0.00022539728122834095,-8.480392498393084e-06
expanded_target_aligned,0.0186999999999999,1.8699999999999901,stored_refined,1.5985867131050873,4.946037312793742,1.5985867128924958,4.946037311742256,0.0024387756472737917,True,15,0.0045288308177716405,0,-0.0004025752042494,2.4675103762753e-09,0.0015782873554343,0.0119905322019866,-0.0245790459437756,0.0048364848570529,-0.0024217714241674,-0.0008726551596728,0.0055678657968118,-0.00040257502547387427,4.349908473510299e-10,0.001578287344501451,0.011990531472272392,-0.024579045934818345,0.0048364848358951225,-0.0024217714295046056,-0.0008726549371755938,0.005567866070230959,0.0003246634058861,-0.0005609549557989,0.0026346386485821,0.0007166073668833,0.0013017458931467,0.0008344763350682,0.0001578719960116,0.0003246633336659338,-0.0005609550240829115,0.002634638306845031,0.0007166075485119781,0.0013017456022058722,0.000834475679418254,0.00015787190038371737
expanded_target_aligned,0.0206666666666666,2.06666666666666,stored_refined,1.5769262966392337,4.840056027732041,1.5769262964154038,4.840056026648692,0.004265912748395207,True,15,0.18494973005560733,0,-0.0005381033147943,1.2007332787141082e-09,0.0021151603383691,0.0158845373717912,-0.0318166255406872,0.0064495195417832,-0.0032920983589599,-0.0009426182955177,0.0077567247934385,-0.0005381029761225174,-6.883208661338367e-12,0.002115160298074655,0.015884536513927572,-0.03181662559096706,0.006449519483849289,-0.003292098334439742,-0.0009426180439236576,0.007756725114821787,0.0004025320373323,-0.0010229976984486,0.0035996698273693,0.0011386014787126,0.0016133108768721,0.0007586386761954,0.0001659461601361,0.000402532015105677,-0.0010229977208350157,0.0035996697221491415,0.0011386015313699573,0.001613310786324375,0.0007586384751608898,0.00016594612999867042
expanded_target_aligned,0.0226333333333333,2.26333333333333,stored_refined,1.5580797836389737,4.749692046547111,1.5580797836340377,4.749692046523666,0.006625566615366634,True,15,0.025197735542359864,0,-0.0006896042697574,1.114632301493344e-09,0.002665170451886,0.0198473083077673,-0.0389131806189729,0.0081078513687567,-0.0041952937939681,-0.0009996924613137,0.0100292071450387,-0.00068960417348839,1.50305555943174e-10,0.002665170419669208,0.019847307578632723,-0.03891318054240518,0.008107851313570884,-0.004195293771034821,-0.0009996922259807423,0.01002920744621949,0.0004529600168203,-0.0015899691244046,0.0045116867640554,0.0016588411930958,0.0018144835955985,0.0004207617093416,0.0001343004253513,0.0004529600527735848,-0.00158996910156732,0.0045116869421258175,0.0016588411067267365,0.0018144837389243666,0.00042076202769831286,0.0001343004720708069
expanded_target_aligned,0.0245999999999999,2.45999999999999,stored_refined,1.5415854709587733,4.671991709229619,1.5415854708808687,4.67199170886565,0.009533430569207134,True,15,0.7820333335172676,0,-0.0008172495451899,8.257973249024677e-10,0.00321201022487,0.0237592581653691,-0.0458605095553467,0.0097811793370849,-0.0051138879714405,-0.0010042724998123,0.0124521886201359,-0.0008172493859747842,1.6590725461679035e-11,0.0032120101960177827,0.023759257689007808,-0.045860509513641894,0.009781179286701693,-0.005113887949552812,-0.001004272343877175,0.012452188826630795,0.0005249055970261,-0.0022165191746947,0.0056009987055621,0.0021530200307196,0.0021015683952446,0.0002658164150655,0.000127372594198,0.000524905631479365,-0.0022165191517643894,0.005600998875414592,0.002153019947608026,0.0021015685327636716,0.0002658167209397819,0.00012737263907174564
expanded_target_aligned,0.0265666666666666,2.65666666666666,stored_refined,1.527108463057289,4.60484248107095,1.5271084629396965,4.604842480529454,0.013013882254375018,True,15,0.06545634664331917,0,-0.0009846844581959,7.665557221085873e-10,0.0037743869332362,0.0279855780856058,-0.052735335087462,0.0114982181149429,-0.006060551694089,-0.0010786987143607,0.0148734648634628,-0.000984684275137599,2.3980928601278685e-10,0.003774386881130554,0.02798557710738727,-0.05273533494919908,0.011498218023969919,-0.006060551654239767,-0.0010786983907664872,0.014873465288817698,0.0005950649401777,-0.0029130137081765,0.0067480835969425,0.0026739534317821,0.0023817944221635,9.35210737517382e-05,0.0001150036729861,0.0005950650235026464,-0.0029130136509986945,0.006748084006432352,0.0026739532321251734,0.0023817947550617,9.352181345339636e-05,0.00011500378184812217
expanded_target_aligned,0.0285333333333333,2.85333333333333,stored_refined,1.514294239825719,4.546211459359255,1.514294239824154,4.54621145935214,0.017073296066264575,True,13,0.0030604962969670952,0,-0.001013946766069,-8.79193594153143e-11,0.0043056594552036,0.0317113563125934,-0.0593723427660014,0.0132065521621899,-0.0070006608458565,-0.0009635495076839,0.0176461505099696,-0.0010139467513744732,3.083368268325407e-10,0.004305659453702761,0.03171135629492661,-0.05937234277944737,0.013206552163289358,-0.007000660844895041,-0.0009635495037926919,0.017646150517752313,0.000714267420783,-0.0036397777260036,0.0081977752584231,0.0030941783994359,0.0028579122817847,0.0003619321910339,0.0001633771192509,0.0007142674208809335,-0.0036397777258417633,0.008197775258773585,0.00309417839874966,0.0028579122821568935,0.0003619321922213555,0.00016337711934198855
expanded_target_aligned,0.0305,3.05,stored_refined,1.5030205546966868,4.4952467228159465,1.5030205546066988,4.495246722411428,0.02174966733192912,True,14,0.04689454768011021,0,-0.0011794121350714,8.810060495505782e-10,0.004860709921647,0.0360749480691914,-0.0660316189448896,0.0149561992279345,-0.0079739285486231,-0.0009986292433932,0.0202936078750014,-0.0011794119403362746,8.76380584982274e-11,0.004860709910182082,0.0360749480275121,-0.06603161910455474,0.014956199239413532,-0.007973928540183643,-0.000998629253939485,0.020293607896412602,0.0008146182645455,-0.0044389399688711,0.0096162015043434,0.0035796207619533,0.0032611566795243,0.0004809359766782,0.0001843824861631,0.000814618264720002,-0.004438939967288438,0.009616201502813925,0.003579620757137501,0.0032611566797111583,0.00048093597936017693,0.00018438248612577882
expanded_target_aligned,0.0324666666666666,3.2466666666666604,stored_refined,1.4941997550516293,4.455769418779197,1.4930104493654985,4.450473296851574,0.027058004362914233,True,29,0.23326258961222862,0,-0.0019832150520984,3.7570122992248967e-10,0.0056962892698436,0.0464386592942214,-0.0740594146781097,0.0173483673372973,-0.0089033285108966,-0.0057536389224641,0.0172288123631217,-0.0012295604914021535,1.0000569074893551e-10,0.005465954713605385,0.040137707045836794,-0.07278304108556659,0.017075445668932092,-0.009034428639631737,-0.0010577198289698814,0.023202524083990823,0.001872592948523,-0.0039028233682068,0.0147820945096701,0.0014591019016543,0.0072973988963542,0.0088285231679012,0.0014859237219883,0.0008969657914603719,-0.005313752703228031,0.010998687261898463,0.004118515331871691,0.00359054397375499,0.0004404318225124502,0.00017675483804400384
expanded_target_aligned,0.0344333333333333,3.4433333333333302,stored_refined,1.4853050690021747,4.416312487336588,1.4841976940128836,4.411424680160412,0.033021626300227105,True,34,0.023129989230810926,0,-0.0021247940802738,2.426682840849154e-10,0.0061730578801747,0.0505395284677203,-0.0803712530565776,0.018989918652682,-0.0098604608400768,-0.0054703197068966,0.0203547940877056,-0.001438419161794657,-5.656555080778702e-11,0.006052545766410046,0.04477616675886797,-0.07938329808350711,0.01871885976346314,-0.01004035330002536,-0.0011518594892080155,0.026029826209898736,0.0018817044691373,-0.0048989934607983,0.0160272032964549,0.0021975459100616,0.0074405174680308,0.0086611905854301,0.0013834569931153,0.000993196459362241,-0.006226540057833238,0.012501780403921055,0.004634550825553922,0.003975473559403434,0.000551619506687019,0.00018680672447921452
expanded_target_aligned,0.0363999999999999,3.63999999999999,stored_refined,1.4777923274007654,4.3832581924450835,1.476408999951661,4.377198903027901,0.03966413567880223,True,33,0.04361560394820612,0,-0.0025428196824592,4.634476691473117e-10,0.0068424336898131,0.0570148767396933,-0.0873530299820113,0.0210163561535252,-0.0109409180153104,-0.0064424018643822,0.0221544155980192,-0.0016380662267098417,2.0894807615698775e-10,0.00665300041315712,0.04943422473113392,-0.08591611071983374,0.020574398493980864,-0.011099385522043941,-0.0012460841015194725,0.02895477379313468,0.0021590117410495,-0.0056902353438246,0.0184253198680835,0.0023122607496245,0.008554648139515,0.0104534692651689,0.0016383247283322,0.0010926546344615438,-0.00720116394958686,0.014081840185824306,0.0051646399793112445,0.004373507881666905,0.0007008731058012939,0.00019811273237890884
expanded_target_aligned,0.0383666666666666,3.83666666666666,stored_refined,1.4709848811114936,4.353520730654322,1.4709848809618797,4.353520730002976,0.04734184626063625,True,18,0.2871416332116537,0,-0.0027796058820473,1.425441242841708e-09,0.0074195444956431,0.0621171657048022,-0.0938616271899254,0.0228701214121688,-0.0119875038617765,-0.0066229211428438,0.0249879686999782,-0.0027796057305019134,5.307248112928071e-11,0.007419544439699479,0.062117164127408746,-0.09386162690509,0.02287012127212605,-0.011987503846073173,-0.00662292035899624,0.024987969656522564,0.0023114031964758,-0.006668058200775,0.0203398318423445,0.0027463277693397,0.0092024070919362,0.0112671133535282,0.0017218692944791,0.0023114030134597165,-0.006668058386732246,0.02033983101765212,0.0027463282195796246,0.009202406365509095,0.011267111688079076,0.0017218690480905032
expanded_target_aligned,0.0403333333333333,4.03333333333333,stored_refined,1.4644707048927073,4.32525329891793,1.463482092742549,4.320979413909523,0.05508232036677739,True,29,0.03205876316569039,0,-0.0026238054187573,1.4475462969302303e-10,0.0079091137764372,0.0641158674322494,-0.0995056510647052,0.0245219309690534,-0.0130578167295437,-0.0050945621403359,0.0301186289225573,-0.0019823179990223023,1.626617348778103e-10,0.007842612860620244,0.05883920266453226,-0.09884160117959537,0.02435438791639921,-0.013230769435349985,-0.0014216731350713452,0.0351798521744564,0.0020597639905232,-0.0081629274450827,0.0205240400523373,0.0042020526695315,0.0082298869207675,0.0083250716234155,0.0012562399130623,0.0012892368954167393,-0.009323235969370819,0.017394350265544225,0.006243770340279765,0.00515910231659624,0.0010581511854904034,0.0002071892749480611
expanded_target_aligned,0.0423,4.2299999999999995,stored_refined,1.459045630772269,4.301852013430184,1.4590456307580821,4.301852013369155,0.06402605564635498,True,16,0.10207749895519704,0,-0.002742069196266,1.0158886441541776e-09,0.0085345238628241,0.0682627002500034,-0.1058051043049417,0.0264226635048968,-0.0142030881470133,-0.0047384269540058,0.033939932075996,-0.0027420691933631967,3.90322040844538e-10,0.008534523859465975,0.0682627001297046,-0.10580510431433925,0.026422663500722095,-0.014203088147279363,-0.004738426890442822,0.03393993216067846,0.0020409886088506,-0.009464364005152,0.0217552541463116,0.0050875806668086,0.0081551549434916,0.0073973578730764,0.0011029925032206,0.002040988593416083,-0.009464364022932464,0.021755254078412497,0.005087580704471412,0.008155154881854457,0.00739735773146157,0.001102992482216558
expanded_target_aligned,0.0442666666666666,4.42666666666666,stored_refined,1.4543869896014447,4.28185783753614,1.4543869893967225,4.281857836659548,0.07361647807749612,True,18,0.4428225431321999,0,-0.0029656254769048,1.5491938641173198e-09,0.0091620066373769,0.0729610742633474,-0.1120824194351522,0.0283378449303226,-0.0153483640256642,-0.004616848788645,0.0375557534272975,-0.0029656252118956867,5.319280908299316e-11,0.009162006602336726,0.07296107372275237,-0.11208241951468778,0.0283378448684278,-0.015348364008714619,-0.0046168485056299466,0.03755575381915413,0.0020697741777669,-0.0107528366936574,0.0232516742077454,0.0058466087055637,0.008279129624375,0.0070143994831679,0.0010104904164346,0.0020697741298296066,-0.010752836757411476,0.02325167400643124,0.005846608822041058,0.008279129432324001,0.0070143990373462166,0.0010104903497690535
expanded_target_aligned,0.0462333333333333,4.62333333333333,stored_refined,1.4503342054720048,4.264539509474753,1.4495940292996712,4.261384166842638,0.08392931063638401,True,31,0.2440894446759556,0,-0.0032069785643939,3.661165319172773e-11,0.0097950981092403,0.0777422787519362,-0.1184319784565193,0.0302838151744721,-0.0165156224369238,-0.0044584279744486,0.0413610173366406,-0.0027269772846570044,4.0212233501190025e-10,0.009826444229793327,0.07355576168166755,-0.11809480285650363,0.03032150296851022,-0.016750961262304815,-0.0017684643554942076,0.045323210546620085,0.0020452182794232,-0.0121494571514858,0.0245576346848557,0.0067292508122872,0.0081894658016847,0.0062030130348583,0.0008419014185109,0.0015510127898024203,-0.012897001127965674,0.02254295744446992,0.00797130562617117,0.00620415791263436,0.001548337972638346,0.00015921427998735976
expanded_target_aligned,0.0481999999999999,4.8199999999999905,stored_refined,1.4468669975229334,4.249779067735761,1.4461986125510955,4.246939528331699,0.09517469824217849,True,38,0.08695399243827631,0,-0.0034727579229071,1.746358153057729e-10,0.0104442311742032,0.0827596417092044,-0.1248362702557039,0.0322755872642426,-0.0177099716780691,-0.0043506135932894,0.045251590363872,-0.0027520843303181345,1.155509654025983e-10,0.010295318306902211,0.07858467532044516,-0.12443137684073179,0.03238332061275961,-0.017730746790688756,-0.0018981702234559372,0.04895151855129819,0.001984512731765,-0.0136334852294372,0.0257399190924099,0.0076949691398675,0.0079498594289054,0.0050922535978217,0.0006212009157159,0.0016308057039306,-0.014252939543420577,0.02438973083242136,0.008588070257284685,0.006524235302621542,0.0017271660842339432,0.00011768014753246079
expanded_target_aligned,0.0501666666666666,5.01666666666666,stored_refined,1.443819994614958,4.236849686492514,1.4438199945999652,4.236849686428992,0.10733858403647366,True,18,0.3834768545872406,0,-0.003539941488248,-6.60461709165273e-10,0.011040607249244,0.0867819733079858,-0.1310800992502855,0.0341876792090341,-0.0188811024428787,-0.003847012976564,0.0498198667886929,-0.003539941370277734,7.252416598205889e-11,0.011040607202210851,0.0867819723468095,-0.1310800991145652,0.03418767913170881,-0.018881102411444882,-0.003847012612680418,0.04981986727241523,0.0019750591795133,-0.0151489210960483,0.0272367232223468,0.008535574317035,0.0079111970894729,0.0044652745160035,0.0004618003475312,0.0019750592247702163,-0.015148921075556251,0.027236723456095527,0.008535574210949687,0.007911197269473907,0.0044652749087019505,0.000461800405050755
expanded_target_aligned,0.0521333333333333,5.21333333333333,stored_refined,1.440970282309466,4.224793070906469,1.4409702822897632,4.224793070823229,0.12028962980662228,True,18,0.12809006059964942,0,-0.003316014994107,4.9254323993830274e-09,0.0115954131437591,0.0891670905834035,-0.136810296802585,0.0360701772652725,-0.0201096701821749,-0.0021536046711938,0.0563228054896478,-0.003316014923281847,1.5665848029467904e-10,0.011595413107533738,0.08916708997438666,-0.13681029699898806,0.03607017729055919,-0.02010967015577397,-0.0021536044984467335,0.056322805780156936,0.0017699930414164,-0.017154018189174,0.0281389589838572,0.0098542508082429,0.0070810953084668,0.0020432687328146,1.2433175616538692e-05,0.0017699930907645448,-0.017154018141137557,0.028138959211218593,0.009854250686984974,0.007081095505374012,0.0020432691734775196,1.2433240799283992e-05
expanded_target_aligned,0.0540999999999999,5.4099999999999895,stored_refined,1.4392171176830892,4.217392801981094,1.4392171176030688,4.217392801643617,0.13421977587047557,True,16,0.2820322381048533,0,-0.0036363509133523,1.489826390978705e-09,0.0122728358011943,0.0950627167756948,-0.1432981115645364,0.0381524950332602,-0.0212981491334024,-0.0029853374616811,0.0592926032250831,-0.0036363507848678257,1.3370986039429595e-11,0.012272835787839722,0.09506271672173783,-0.14329811163583475,0.038152495030067256,-0.02129814912456534,-0.002985337433065182,0.05929260329079664,0.0019698901400913,-0.0183763928100417,0.0304980167857552,0.010155347802962,0.0078843571804304,0.0035010623381306,0.0001456722608301,0.0019698901425747447,-0.01837639281311312,0.030498016803543773,0.010155347796211482,0.00788435719011411,0.0035010623588027914,0.00014567226314777363
expanded_target_aligned,0.0560666666666666,5.60666666666666,stored_refined,1.437696212929851,4.210983424484127,1.4376962127445245,4.21098342370372,0.14909774962499922,True,18,1.4049745510020009,0,-0.0038691157146706,5.356579133722704e-09,0.0129271916633535,0.1002854845350386,-0.1496556526958624,0.0402124918554421,-0.0225395431821745,-0.0030278960356243,0.0636013070828536,-0.0038691152355233376,3.8528771605047375e-11,0.012927191592492213,0.10028548388736522,-0.14965565290319358,0.040212491836846505,-0.02253954313409188,-0.003027895782591076,0.06360130753238497,0.0019906867671675,-0.0200165389541927,0.0322918006124327,0.0108983288005805,0.0079716985473144,0.0033818615464754,1.563803752084288e-05,0.0019906868043250065,-0.020016538939726325,0.03229180080733334,0.01089832870793328,0.007971698693761799,0.003381861867215505,1.5638082987447536e-05
expanded_target_aligned,0.0580333333333333,5.80333333333333,stored_refined,1.4364552190958204,4.205760861273765,1.436455219175182,4.2057608616075415,0.16503693831902427,True,16,0.18925134690545417,0,-0.0039234821780982,4.106962215373681e-09,0.0131132996196263,0.102772713553678,-0.1534275178955776,0.0410652184939035,-0.0228537380419715,-0.0035797072945681,0.0641282366387367,-0.0039234822024560466,1.7643953797531325e-10,0.013113299694090396,0.10277271395691857,-0.15342751958767112,0.04106521887733138,-0.02285373820495845,-0.0035797071833179447,0.06412823747316566,0.0019585461760422,-0.020411198828722,0.0325093248481796,0.0111368483566687,0.0078416820327011,0.0030242969077953,-5.997986629863021e-05,0.0019585461662540164,-0.020411199065891134,0.032509325034045765,0.011136848476454955,0.007841681992424203,0.0030242967767088237,-5.9979900397515745e-05
expanded_target_aligned,0.06,6.0,stored_refined,1.435644318200742,4.20235178842379,1.4356443181057592,4.20235178802464,0.18204447044617214,True,16,0.06789823593506064,0,-0.0040999395106882,2.4989173384953924e-09,0.0134318714675999,0.1060688391395728,-0.1585269931388899,0.0423078833230859,-0.0234073041526896,-0.0040638623522757,0.0655854285955088,-0.004099939452872184,5.740707182425269e-10,0.013431871575917565,0.10606883978083005,-0.15852699512428856,0.04230788379025728,-0.023407304385530327,-0.004063862216137632,0.06558542972102613,0.001905438571536,-0.0211432725278052,0.0329467094759439,0.0115639059178527,0.0076282822992655,0.0024415033845338,-0.0001906858096172,0.0019054385924621373,-0.021143272846014326,0.03294670991499096,0.011563906013507036,0.00762828238208701,0.0024415035162348086,-0.00019068581207722337
expanded_target_aligned,0.06,6.0,reverse_high_to_low,1.435644318200742,4.20235178842379,1.434531833278525,4.197679334920249,0.18317199696381545,True,46,0.8400500853891285,0,0.0,0.0,0.0,0.0,0.0,0.0,0.0,0.0,0.0,-0.00032130461545686875,-9.498854259886248e-11,0.01637804821998536,0.08879516510808294,-0.15602578313997323,0.04780182986290408,-0.027368254822409743,-0.008509003531147237,0.056678306477439246,0.0,0.0,0.0,0.0,0.0,0.0,0.0,0.0009603861426536184,-0.024651930298031574,0.030709681988564403,0.014965752484506175,0.003816798508451998,-0.006287963777120674,-0.0016762836183685903
expanded_target_aligned,0.0580333333333333,5.80333333333333,reverse_high_to_low,1.434531833278525,4.197679334920249,1.4363661718595349,4.205386366566698,0.16495740776319784,True,35,0.21385631644868747,0,-0.00032130461545686875,-9.498854259886248e-11,0.01637804821998536,0.08879516510808294,-0.15602578313997323,0.04780182986290408,-0.027368254822409743,-0.008509003531147237,0.056678306477439246,-0.003660901501281432,1.9256310618241672e-10,0.013721115535350275,0.10372728376685322,-0.15604978820876944,0.04272284679621101,-0.024013810069712094,-0.002836834185224297,0.06892613854335833,0.0009603861426536184,-0.024651930298031574,0.030709681988564403,0.014965752484506175,0.003816798508451998,-0.006287963777120674,-0.0016762836183685903,0.0019010943193707931,-0.021952204274038146,0.03375549557711211,0.0118839124739756,0.007592428027259367,0.0021730209846252176,-0.0002909527357998724
expanded_target_aligned,0.0560666666666666,5.60666666666666,reverse_high_to_low,1.4363661718595349,4.205386366566698,1.4375168398324565,4.210228155083731,0.14909139684439776,True,33,0.25633529971320906,0,-0.003660901501281432,1.9256310618241672e-10,0.013721115535350275,0.10372728376685322,-0.15604978820876944,0.04272284679621101,-0.024013810069712094,-0.002836834185224297,0.06892613854335833,-0.003624059208123603,1.9987986829489654e-10,0.012899459325519395,0.09935743368939962,-0.1498414457758915,0.04052678268098337,-0.02259762380283574,-0.0024130450779220073,0.06510381331619304,0.0019010943193707931,-0.021952204274038146,0.03375549557711211,0.0118839124739756,0.007592428027259367,0.0021730209846252176,-0.0002909527357998724,0.0018821373181384929,-0.02029708909561093,0.031996745614144464,0.01111695821293011,0.007528903422383518,0.002363535944883746,-0.00015949815879449494
expanded_target_aligned,0.0540999999999999,5.4099999999999895,reverse_high_to_low,1.4375168398324565,4.210228155083731,1.4390007732103447,4.216480491049265,0.13421303612773125,True,31,0.03563136516179629,0,-0.003624059208123603,1.9987986829489654e-10,0.012899459325519395,0.09935743368939962,-0.1498414457758915,0.04052678268098337,-0.02259762380283574,-0.0024130450779220073,0.06510381331619304,-0.0034507592296500102,1.2471186724194547e-10,0.01229581230365217,0.09402786049530527,-0.14350177974077646,0.038475623317477205,-0.021423466315706848,-0.0021713297594384436,0.06104715725067406,0.0018821373181384929,-0.02029708909561093,0.031996745614144464,0.01111695821293011,0.007528903422383518,0.002363535944883746,-0.00015949815879449494,0.0018291426957260637,-0.018756864833214825,0.03011670942133183,0.010473108471127951,0.007318199654618571,0.002171572553004868,-7.864208357223004e-05
expanded_target_aligned,0.0521333333333333,5.21333333333333,reverse_high_to_low,1.4390007732103447,4.216480491049265,1.4409106188441536,4.2245410126310405,0.12028777495945558,True,26,3.1676855884187725,0,-0.0034507592296500102,1.2471186724194547e-10,0.01229581230365217,0.09402786049530527,-0.14350177974077646,0.038475623317477205,-0.021423466315706848,-0.0021713297594384436,0.06104715725067406,-0.003226011727008978,1.039299113527632e-11,0.011628388849667817,0.08884118797947246,-0.13708152290620793,0.03625136123760878,-0.020163551325938917,-0.001968771276793919,0.05709635444295944,0.0018291426957260637,-0.018756864833214825,0.03011670942133183,0.010473108471127951,0.007318199654618571,0.002171572553004868,-7.864208357223004e-05,0.0017479394740067627,-0.017301320320059394,0.028193687464348922,0.00987812722974949,0.006994975807924359,0.0018360935268114534,-4.195456946541078e-05
expanded_target_aligned,0.0501666666666666,5.01666666666666,reverse_high_to_low,1.4409106188441536,4.2245410126310405,1.4432584916088147,4.234471350440881,0.10728560414939003,True,27,0.5017104313594991,0,-0.003226011727008978,1.039299113527632e-11,0.011628388849667817,0.08884118797947246,-0.13708152290620793,0.03625136123760878,-0.020163551325938917,-0.001968771276793919,0.05709635444295944,-0.0029727154264234204,1.0244910940592139e-10,0.01096342527281655,0.08352553267967745,-0.13072950562316019,0.034255701813980584,-0.018974724704539543,-0.0017182294833841115,0.053372927463829836,0.0017479394740067627,-0.017301320320059394,0.028193687464348922,0.00987812722974949,0.006994975807924359,0.0018360935268114534,-4.195456946541078e-05,0.0016654121664758602,-0.015922750373250426,0.02633064770268101,0.009285254845250425,0.006665650388771292,0.0015304364418737997,-7.089835624665313e-06
expanded_target_aligned,0.0481999999999999,4.8199999999999905,reverse_high_to_low,1.4432584916088147,4.234471350440881,1.4461031997094687,4.24653433509371,0.09517615451976363,True,29,0.057555632381550044,0,-0.0029727154264234204,1.0244910940592139e-10,0.01096342527281655,0.08352553267967745,-0.13072950562316019,0.034255701813980584,-0.018974724704539543,-0.0017182294833841115,0.053372927463829836,-0.0027565073088261574,2.4437538284572117e-10,0.010339697324387095,0.07824940764025416,-0.12433066390049356,0.03216490657617065,-0.0178019195002686,-0.0014565680115283719,0.04980711947678098,0.0016654121664758602,-0.015922750373250426,0.02633064770268101,0.009285254845250425,0.006665650388771292,0.0015304364418737997,-7.089835624665313e-06,0.0015695039998795339,-0.014549855702806145,0.024402357444366415,0.008703289524192062,0.0062835999296079505,0.0011847208168570885,8.043777200600505e-06
expanded_target_aligned,0.0462333333333333,4.62333333333333,reverse_high_to_low,1.4461031997094687,4.24653433509371,1.4494672983235612,4.2608441516866415,0.08393023119260809,True,27,0.3237988598427842,0,-0.0027565073088261574,2.4437538284572117e-10,0.010339697324387095,0.07824940764025416,-0.12433066390049356,0.03216490657617065,-0.0178019195002686,-0.0014565680115283719,0.04980711947678098,-0.002524178667824792,6.123661335721714e-11,0.00968643218961384,0.07304706484289288,-0.11792777033744589,0.03021444712069378,-0.016644231762061708,-0.001197185189077572,0.046358788680835594,0.0015695039998795339,-0.014549855702806145,0.024402357444366415,0.008703289524192062,0.0062835999296079505,0.0011847208168570885,8.043777200600505e-06,0.0014615928622442756,-0.013313819582633167,0.022523700760917652,0.008190357659993165,0.005853802143755418,0.0007267243151375527,1.2169603761428177e-07
expanded_target_aligned,0.0442666666666666,4.42666666666666,reverse_high_to_low,1.4494672983235612,4.2608441516866415,1.4534174097876222,4.277708246616084,0.07351927275118691,True,28,0.17989045309058596,0,-0.002524178667824792,6.123661335721714e-11,0.00968643218961384,0.07304706484289288,-0.11792777033744589,0.03021444712069378,-0.016644231762061708,-0.001197185189077572,0.046358788680835594,-0.002273319230530715,1.0735390890319221e-10,0.008958592562239697,0.06787686409987438,-0.11149547128404436,0.028264621797563377,-0.015437194634767368,-0.0009180450391456609,0.043074591064264464,0.0014615928622442756,-0.013313819582633167,0.022523700760917652,0.008190357659993165,0.005853802143755418,0.0007267243151375527,1.2169603761428177e-07,0.0013413942179222582,-0.012093984841245914,0.020601905017963967,0.007670663253986809,0.005375191501568364,0.0002565001475514822,-3.6208067430206495e-05
expanded_target_aligned,0.0423,4.2299999999999995,reverse_high_to_low,1.4534174097876222,4.277708246616084,1.4579687085705788,4.297221747154312,0.06391669958452267,True,38,0.7903770020065678,0,-0.002273319230530715,1.0735390890319221e-10,0.008958592562239697,0.06787686409987438,-0.11149547128404436,0.028264621797563377,-0.015437194634767368,-0.0009180450391456609,0.043074591064264464,-0.0020890086504528308,5.940285606480403e-11,0.008575314132028137,0.06270256695658212,-0.10499359823996418,0.026269336446178754,-0.01453399142807265,-0.0006155759392415409,0.03992610551050465,0.0013413942179222582,-0.012093984841245914,0.020601905017963967,0.007670663253986809,0.005375191501568364,0.0002565001475514822,-3.6208067430206495e-05,0.0012044733455417976,-0.010952246718139111,0.018666036822168157,0.007228756313033197,0.0048305300535909455,-0.0003519776490879813,-7.510836132307282e-05
expanded_target_aligned,0.0403333333333333,4.03333333333333,reverse_high_to_low,1.4579687085705788,4.297221747154312,1.4631950221253955,4.3197391657103905,0.05509561259806576,True,34,0.1425264260759225,0,-0.0020890086504528308,5.940285606480403e-11,0.008575314132028137,0.06270256695658212,-0.10499359823996418,0.026269336446178754,-0.01453399142807265,-0.0006155759392415409,0.03992610551050465,-0.0018331267262078899,1.0042414944122097e-10,0.007843768443882466,0.05746930163903269,-0.09856011273205877,0.024421341782335477,-0.013333785396020674,-0.00024721050284673044,0.03701537383832999,0.0012044733455417976,-0.010952246718139111,0.018666036822168157,0.007228756313033197,0.0048305300535909455,-0.0003519776490879813,-7.510836132307282e-05,0.0010599777119834895,-0.009857595934915038,0.016714791776434017,0.006784365021355366,0.004255282666292197,-0.0009793397843799647,-0.00013309667435263808
expanded_target_aligned,0.0383666666666666,3.83666666666666,reverse_high_to_low,1.4631950221253955,4.3197391657103905,1.4691529202959932,4.345552552190141,0.047031451766082276,True,37,0.2621678097467665,0,-0.0018331267262078899,1.0042414944122097e-10,0.007843768443882466,0.05746930163903269,-0.09856011273205877,0.024421341782335477,-0.013333785396020674,-0.00024721050284673044,0.03701537383832999,-0.0015643739331129155,1.3018847787159226e-10,0.007271336550764473,0.05220514541642129,-0.0919826021603558,0.022323925320757776,-0.012274695430356133,0.00017749132093392988,0.034292811295024664,0.0010599777119834895,-0.009857595934915038,0.016714791776434017,0.006784365021355366,0.004255282666292197,-0.0009793397843799647,-0.00013309667435263808,0.0008939511634599815,-0.008897479977732915,0.014815967565408622,0.006399608051981998,0.0035958353901699384,-0.00171269042726714,-0.000229225407452052
expanded_target_aligned,0.0363999999999999,3.63999999999999,reverse_high_to_low,1.4691529202959932,4.345552552190141,1.4759009697235692,4.374975718441095,0.03970297831409479,True,36,0.032931174639448224,0,-0.0015643739331129155,1.3018847787159226e-10,0.007271336550764473,0.05220514541642129,-0.0919826021603558,0.022323925320757776,-0.012274695430356133,0.00017749132093392988,0.034292811295024664,-0.0013198063608934835,1.388486369347954e-09,0.006566245812644963,0.04676087558040157,-0.08537253922266685,0.020424365384207666,-0.011147652348171755,0.0007350505523153752,0.03185492985476276,0.0008939511634599815,-0.008897479977732915,0.014815967565408622,0.006399608051981998,0.0035958353901699384,-0.00171269042726714,-0.000229225407452052,0.0007168324000197759,-0.007961650929236792,0.01283460447933277,0.006080603347374129,0.0028915674671361456,-0.0025966463291477084,-0.0003446693047615317
expanded_target_aligned,0.0344333333333333,3.4433333333333302,reverse_high_to_low,1.4759009697235692,4.374975718441095,1.4837514311877653,4.409456464523247,0.03305265436887178,True,37,0.09917784006837908,0,-0.0013198063608934835,1.388486369347954e-09,0.006566245812644963,0.04676087558040157,-0.08537253922266685,0.020424365384207666,-0.011147652348171755,0.0007350505523153752,0.03185492985476276,-0.0011510017439055622,-4.743934382616544e-11,0.0059549056415831554,0.04248654955949721,-0.07867733734856817,0.018540388808593447,-0.010076175437912003,0.0006150044738312831,0.028546923758509497,0.0007168324000197759,-0.007961650929236792,0.01283460447933277,0.006080603347374129,0.0028915674671361456,-0.0025966463291477084,-0.0003446693047615317,0.0006403574333848245,-0.0069385394830498185,0.011337823210326144,0.005493795752554176,0.0025923742921252204,-0.0024507338650008644,-0.00030950363529086606
expanded_target_aligned,0.0324666666666666,3.2466666666666604,reverse_high_to_low,1.4837514311877653,4.409456464523247,1.4922703086270677,4.44718053896172,0.027143249638288586,True,52,0.09237217975648561,0,-0.0011510017439055622,-4.743934382616544e-11,0.0059549056415831554,0.04248654955949721,-0.07867733734856817,0.018540388808593447,-0.010076175437912003,0.0006150044738312831,0.028546923758509497,-0.0007728152335316247,1.4111240607086963e-10,0.0053228629443106456,0.03624038363920957,-0.07200866738353365,0.016627071822422082,-0.00907206839597761,0.0018326271798368259,0.02721222448370694,0.0006403574333848245,-0.0069385394830498185,0.011337823210326144,0.005493795752554176,0.0025923742921252204,-0.0024507338650008644,-0.00030950363529086606,0.0003057597701459675,-0.006311122922076824,0.008826619798883769,0.005561351782799146,0.0012805166336876442,-0.0045568542475890005,-0.0006484670484366897
expanded_target_aligned,0.0305,3.05,reverse_high_to_low,1.4922703086270677,4.44718053896172,1.5021550634897414,4.491357809457215,0.02185622260310554,True,52,0.10612408488530742,0,-0.0007728152335316247,1.4111240607086963e-10,0.0053228629443106456,0.03624038363920957,-0.07200866738353365,0.016627071822422082,-0.00907206839597761,0.0018326271798368259,0.02721222448370694,-0.0005379649548749198,1.5523364870621732e-10,0.004770831544485895,0.03134902830491559,-0.06530330701913206,0.014856728396351736,-0.00811206795141125,0.0022076396982298667,0.02484676524157763,0.0003057597701459675,-0.006311122922076824,0.008826619798883769,0.005561351782799146,0.0012805166336876442,-0.0045568542475890005,-0.0006484670484366897,0.00011985444568383144,-0.00554584483118483,0.006944591674692736,0.005287899778687918,0.0005294854098827058,-0.005452378535418178,-0.0007750141935894689
expanded_target_aligned,0.0285333333333333,2.85333333333333,reverse_high_to_low,1.5021550634897414,4.491357809457215,1.5134069672861326,4.542179519751373,0.017188788055334633,True,34,0.1595019068848544,0,-0.0005379649548749198,1.5523364870621732e-10,0.004770831544485895,0.03134902830491559,-0.06530330701913206,0.014856728396351736,-0.00811206795141125,0.0022076396982298667,0.02484676524157763,-0.00040504754638374886,3.179710420179282e-10,0.004207345669009878,0.02700406815115481,-0.05860942988925191,0.013106938519252228,-0.007153669151666345,0.0024058477488513638,0.02230839525528002,0.00011985444568383144,-0.00554584483118483,0.006944591674692736,0.005287899778687918,0.0005294854098827058,-0.005452378535418178,-0.0007750141935894689,-3.279788844745233e-05,-0.004806981228557685,0.005299479045985289,0.004946111866861924,-6.75203737646405e-05,-0.005947511891935922,-0.0008595449578221393
expanded_target_aligned,0.0265666666666666,2.65666666666666,reverse_high_to_low,1.5134069672861326,4.542179519751373,1.5264675881053036,4.601892298317083,0.013055192967705121,True,41,0.11406614356314511,0,-0.00040504754638374886,3.179710420179282e-10,0.004207345669009878,0.02700406815115481,-0.05860942988925191,0.013106938519252228,-0.007153669151666345,0.0024058477488513638,0.02230839525528002,-0.00045477788280667234,2.908547406042549e-10,0.0037011685863029818,0.024434379091283688,-0.05205320833017726,0.01147577165987825,-0.006187326045184157,0.001451346699677508,0.01837787450158174,-3.279788844745233e-05,-0.004806981228557685,0.005299479045985289,0.004946111866861924,-6.75203737646405e-05,-0.005947511891935922,-0.0008595449578221393,0.00011881130571632878,-0.003733684519033804,0.004982177175161944,0.0038839227377276664,0.0005315931101000533,-0.0038723652297853782,-0.00053568355007423
expanded_target_aligned,0.0245999999999999,2.45999999999999,reverse_high_to_low,1.5264675881053036,4.601892298317083,1.5408304930148584,4.668465789698216,0.009598562093494094,True,62,0.1060943969596166,0,-0.00045477788280667234,2.908547406042549e-10,0.0037011685863029818,0.024434379091283688,-0.05205320833017726,0.01147577165987825,-0.006187326045184157,0.001451346699677508,0.01837787450158174,-0.00023448561725702174,4.728132569708751e-11,0.0031041771956786344,0.019696104877629232,-0.04509621853863517,0.009708088401556264,-0.005249832593884943,0.0020548221469054123,0.016572119611868996,0.00011881130571632878,-0.003733684519033804,0.004982177175161944,0.0038839227377276664,0.0005315931101000533,-0.0038723652297853782,-0.00053568355007423,-8.611209021841621e-05,-0.0032321472445294313,0.003355124364207589,0.003695149911687988,-0.00022680651195917096,-0.004581191864948102,-0.0006999306610207216
expanded_target_aligned,0.0226333333333333,2.26333333333333,reverse_high_to_low,1.5408304930148584,4.668465789698216,1.557970026534136,4.749170762707037,0.006626179087749849,True,38,0.09963289064802418,0,-0.00023448561725702174,4.728132569708751e-11,0.0031041771956786344,0.019696104877629232,-0.04509621853863517,0.009708088401556264,-0.005249832593884943,0.0020548221469054123,0.016572119611868996,-0.0006027312298658053,-6.606441449590238e-12,0.0026858108332085268,0.019151060259752276,-0.03883599650887823,0.008120446544535734,-0.004241243903423289,-0.0007423143624450391,0.010327863722291997,-8.611209021841621e-05,-0.0032321472445294313,0.003355124364207589,0.003695149911687988,-0.00022680651195917096,-0.004581191864948102,-0.0006999306610207216,0.00034856880269192064,-0.0017359907925746745,0.004058366344144632,0.0019119443755098602,0.0013905054511790355,-0.000546277252493738,-6.707264346212855e-06
expanded_target_aligned,0.0206666666666666,2.06666666666666,reverse_high_to_low,1.557970026534136,4.749170762707037,1.5767907701545922,4.839400116400817,0.004263578159134644,True,33,0.009647782215453524,0,-0.0006027312298658053,-6.606441449590238e-12,0.0026858108332085268,0.019151060259752276,-0.03883599650887823,0.008120446544535734,-0.004241243903423289,-0.0007423143624450391,0.010327863722291997,-0.00044744842885919477,2.2096491179831835e-10,0.002134311587547092,0.015063844991967782,-0.031679607691323594,0.006452576836349627,-0.0033411143815606247,-0.0006018517080616161,0.008168652355804376,0.00034856880269192064,-0.0017359907925746745,0.004058366344144632,0.0019119443755098602,0.0013905054511790355,-0.000546277252493738,-6.707264346212855e-06,0.0002802245771810304,-0.0011818627541975283,0.003062867707569916,0.001455495493311952,0.001120971703118218,-0.0003669520814326979,2.7860518839622772e-06
expanded_target_aligned,0.0186999999999999,1.8699999999999901,reverse_high_to_low,1.5767907701545922,4.839400116400817,1.5984517558209288,4.945369854070881,0.0024369987912127244,True,37,0.012604299836453423,0,-0.00044744842885919477,2.2096491179831835e-10,0.002134311587547092,0.015063844991967782,-0.031679607691323594,0.006452576836349627,-0.0033411143815606247,-0.0006018517080616161,0.008168652355804376,-0.0003276725053266967,2.2183480794834938e-10,0.0016071303221402078,0.01126176205893406,-0.02440978405721919,0.004838567603931286,-0.002483496605819621,-0.000518792192110719,0.006001654740396558,0.0002802245771810304,-0.0011818627541975283,0.003062867707569916,0.001455495493311952,0.001120971703118218,-0.0003669520814326979,2.7860518839622772e-06,0.00018886608382332574,-0.0007423349764861482,0.0020429004354653173,0.0010822135661843202,0.0007555096447674611,-0.000427953954082937,-2.251502595855655e-05
expanded_target_aligned,0.0167333333333333,1.6733333333333302,reverse_high_to_low,1.5984517558209288,4.945369854070881,1.6235636899330301,5.071130088640854,0.0011246903444537837,True,39,0.06875620117659208,0,-0.0003276725053266967,2.2183480794834938e-10,0.0016071303221402078,0.01126176205893406,-0.02440978405721919,0.004838567603931286,-0.002483496605819621,-0.000518792192110719,0.006001654740396558,-0.0002025222228265122,1.3743478269605462e-10,0.001090211521229164,0.007460918758762502,-0.01692624317927754,0.0032508381432874932,-0.0016501426887948049,-0.0003806261470978192,0.003979732872417732,0.00018886608382332574,-0.0007423349764861482,0.0020429004354653173,0.0010822135661843202,0.0007555096447674611,-0.000427953954082937,-2.251502595855655e-05,0.00011607552943457859,-0.000386126652654849,0.001206468902355331,0.0007070105401860385,0.0004643200609643713,-0.00035346801868496873,-2.714644858089775e-05
expanded_target_aligned,0.0147666666666666,1.47666666666666,reverse_high_to_low,1.6235636899330301,5.071130088640854,1.6530080608248796,5.222666320348541,0.0003162413418982973,True,36,0.0052595292447596195,0,-0.0002025222228265122,1.3743478269605462e-10,0.001090211521229164,0.007460918758762502,-0.01692624317927754,0.0032508381432874932,-0.0016501426887948049,-0.0003806261470978192,0.003979732872417732,-9.674943367197698e-05,4.432879003647002e-10,0.0005701438556655195,0.003853518836338647,-0.009170361931077849,0.0016990455167714014,-0.0008526199331834506,-0.0002207123517846895,0.0020541695013816213,0.00011607552943457859,-0.000386126652654849,0.001206468902355331,0.0007070105401860385,0.0004643200609643713,-0.00035346801868496873,-2.714644858089775e-05,5.361009726512055e-05,-0.00013396837307614264,0.0005274897695934445,0.000357714615288643,0.00021442659974998593,-0.00022674182307547483,-2.222664493038503e-05
expanded_target_aligned,0.0127999999999999,1.27999999999999,reverse_high_to_low,1.6530080608248796,5.222666320348541,1.6880279863219605,5.408803945870481,4.150595046986702e-06,True,22,0.002071442826098499,0,-9.674943367197698e-05,4.432879003647002e-10,0.0005701438556655195,0.003853518836338647,-0.009170361931077849,0.0016990455167714014,-0.0008526199331834506,-0.0002207123517846895,0.0020541695013816213,-9.73321928873047e-06,2.3811332003361855e-10,6.415597638939308e-05,0.00042513164109066496,-0.0010750348050846989,0.00019100639893956386,-9.454005985759517e-05,-2.719567717030093e-05,0.000229133941593895,5.361009726512055e-05,-0.00013396837307614264,0.0005274897695934445,0.000357714615288643,0.00021442659974998593,-0.00022674182307547483,-2.222664493038503e-05,5.2155495222349e-06,-5.92306702788854e-06,4.611037621269109e-05,3.8269713747152346e-05,2.0806912642788006e-05,-3.0184305550296027e-05,-3.412971521277749e-06
expanded_target_aligned,0.012546045825196,1.2546045825196002,reverse_high_to_low,1.6880279863219605,5.408803945870481,1.6930438416370988,5.4360018773131475,2.783308446633298e-18,True,6,2.74567273485207e-08,0,-9.73321928873047e-06,2.3811332003361855e-10,6.415597638939308e-05,0.00042513164109066496,-0.0010750348050846989,0.00019100639893956386,-9.454005985759517e-05,-2.719567717030093e-05,0.000229133941593895,2.2197726090682897e-11,-4.726417237977972e-10,-9.125663362615774e-11,-6.390529254387592e-11,-5.386733156931717e-10,-3.043926820912895e-10,-3.856386629412506e-10,2.936894635578528e-10,1.396470495385005e-10,5.2155495222349e-06,-5.92306702788854e-06,4.611037621269109e-05,3.8269713747152346e-05,2.0806912642788006e-05,-3.0184305550296027e-05,-3.412971521277749e-06,-3.747300361737744e-10,-3.6902206320572994e-10,1.808230428849975e-10,2.5845706763584133e-10,-1.7902793834909101e-10,0.0,-3.8096419669132624e-10
expanded_target_aligned,0.0108333333333333,1.0833333333333302,reverse_high_to_low,1.6930438416370988,5.4360018773131475,1.7305057889444104,5.643507610439077,0.0001675939718286589,True,6,1.766902319909984e-08,0,2.2197726090682897e-11,-4.726417237977972e-10,-9.125663362615774e-11,-6.390529254387592e-11,-5.386733156931717e-10,-3.043926820912895e-10,-3.856386629412506e-10,2.936894635578528e-10,1.396470495385005e-10,-0.0003180816733648498,-0.001508049355363269,-0.00270757735528054,-0.00224971180272421,0.00674706000402911,-0.0005237863933343954,0.0005883105006024137,0.00015366267777449963,-0.0013043547550304422,-3.747300361737744e-10,-3.6902206320572994e-10,1.808230428849975e-10,2.5845706763584133e-10,-1.7902793834909101e-10,0.0,-3.8096419669132624e-10,-3.563317744562929e-05,-5.110183732074559e-05,-0.00023126829270293692,-0.00020770028226239286,-0.00014252980935465948,0.0001442366794895854,2.072995960838579e-05
expanded_target_aligned,0.0088666666666666,0.8866666666666599,reverse_high_to_low,1.7305057889444104,5.643507610439077,1.7834447413660328,5.950318463282831,0.0007892110503730206,True,6,1.7157162015430602e-08,0,-0.0003180816733648498,-0.001508049355363269,-0.00270757735528054,-0.00224971180272421,0.00674706000402911,-0.0005237863933343954,0.0005883105006024137,0.00015366267777449963,-0.0013043547550304422,-0.00066792481883402,-0.003525951185491716,-0.005590035908120742,-0.004574505068453715,0.01489613952273189,-0.0011017214625889987,0.001205484705013827,0.00037789564716788525,-0.0027280861399711243,-3.563317744562929e-05,-5.110183732074559e-05,-0.00023126829270293692,-0.00020770028226239286,-0.00014252980935465948,0.0001442366794895854,2.072995960838579e-05,-5.78195122154097e-05,-0.000306305920301374,-0.00020432022282857197,-0.00038864111301538346,-0.00023127883981594423,0.00038048346075639325,6.32020866200854e-05
expanded_target_aligned,0.0068999999999999,0.6899999999999901,reverse_high_to_low,1.7834447413660328,5.950318463282831,1.852166117494857,6.37361057005608,0.0019327494211907675,True,10,1.4935200545202373e-07,0,-0.00066792481883402,-0.003525951185491716,-0.005590035908120742,-0.004574505068453715,0.01489613952273189,-0.0011017214625889987,0.001205484705013827,0.00037789564716788525,-0.0027280861399711243,-0.0010152294601000781,-0.005648776180804579,-0.008182046657912698,-0.0064900769441497905,0.023917845722036053,-0.001654540583944252,0.001736079754905163,0.0006985263204991157,-0.004047699903910044,-5.78195122154097e-05,-0.000306305920301374,-0.00020432022282857197,-0.00038864111301538346,-0.00023127883981594423,0.00038048346075639325,6.32020866200854e-05,-4.735720650424174e-05,-0.0008573474063665991,0.00028859257615640113,-0.0004922393659184027,-0.0001894190492751857,0.0007619457250687909,0.00013943853803726007
expanded_target_aligned,0.0049333333333333,0.49333333333333,reverse_high_to_low,1.852166117494857,6.37361057005608,1.9474548016650297,7.010820923400283,0.0037737091182086374,True,6,1.0009427825795989e-07,0,-0.0010152294601000781,-0.005648776180804579,-0.008182046657912698,-0.0064900769441497905,0.023917845722036053,-0.001654540583944252,0.001736079754905163,0.0006985263204991157,-0.004047699903910044,-0.0013570544456320986,-0.008111507502420246,-0.010319338538153944,-0.007736071643042849,0.03430004413643864,-0.0021642067191276603,0.0021240964027523165,0.0011859417156215883,-0.005230262417578533,-4.735720650424174e-05,-0.0008573474063665991,0.00028859257615640113,-0.0004922393659184027,-0.0001894190492751857,0.0007619457250687909,0.00013943853803726007,1.3358795383732901e-05,-0.0018910057591917495,0.0015250428870974431,-0.0004684396894213165,5.356899227638796e-05,0.00136820053254491,0.0002675204626167925
expanded_target_aligned,0.0029666666666666,0.29666666666666003,reverse_high_to_low,1.9474548016650297,7.010820923400283,2.097172451454858,8.143112284355741,0.00690150292345401,True,7,1.1864329305277664e-08,0,-0.0013570544456320986,-0.008111507502420246,-0.010319338538153944,-0.007736071643042849,0.03430004413643864,-0.0021642067191276603,0.0021240964027523165,0.0011859417156215883,-0.005230262417578533,-0.001690529735047168,-0.011266627400682397,-0.011566430044457574,-0.007649587481965771,0.04742285443523846,-0.002589252977010634,0.0022271706641650573,0.002051705003942253,-0.006167701138328344,1.3358795383732901e-05,-0.0018910057591917495,0.0015250428870974431,-0.0004684396894213165,5.356899227638796e-05,0.00136820053254491,0.0002675204626167925,0.00017002556204892265,-0.0039003644197476246,0.0042338390139985225,-0.00019611019870453724,0.0006800939571220278,0.0024400360544846113,0.0004935862814079896
expanded_target_aligned,0.001,0.1,reverse_high_to_low,2.097172451454858,8.143112284355741,2.4295723904912583,11.354025952352545,0.015155256958899556,True,10,1.211385591244944e-07,0,-0.001690529735047168,-0.011266627400682397,-0.011566430044457574,-0.007649587481965771,0.04742285443523846,-0.002589252977010634,0.0022271706641650573,0.002051705003942253,-0.006167701138328344,-0.0019989977414099458,-0.01678367857670825,-0.009779250020369874,-0.0029828626923250933,0.06976901406296632,-0.0027208624259089692,0.0013417953776035912,0.004462559416501287,-0.00624790934376454,0.00017002556204892265,-0.0039003644197476246,0.0042338390139985225,-0.00019611019870453724,0.0006800939571220278,0.0024400360544846113,0.0004935862814079896,0.0006147618915453282,-0.009334283034483762,0.011844205640739916,0.0009026654835934423,0.0024590291846881907,0.005164410203434268,0.0010026332644125346
expanded_target_aligned,0.001,0.1,reverse_low_to_high,2.429572311625164,11.354025056904902,2.4299387516898343,11.358186388973852,0.01629761560350668,True,9,6.207573479451392e-07,0,0.0,0.0,0.0,0.0,0.0,0.0,0.0,0.0,0.0,-0.0024830842171433077,0.0003556747912006749,-0.01009921901164026,-0.0038602256644709463,0.07911588131667001,-0.003163295397472346,0.0016459968813325617,0.0054316067832842424,-0.005550116208362109,0.0,0.0,0.0,0.0,0.0,0.0,0.0,0.0008333810174442992,-0.009185757880863153,0.012992366098024415,0.00036158358815103814,0.00333353152742047,0.0071988811628812665,0.0012645090191633528
expanded_target_aligned,0.0029666666666666,0.29666666666666003,reverse_low_to_high,2.4299387516898343,11.358186388973852,2.0974228041123384,8.145151189368287,0.0074113557994699,True,9,8.094974061045165e-08,0,-0.0024830842171433077,0.0003556747912006749,-0.01009921901164026,-0.0038602256644709463,0.07911588131667001,-0.003163295397472346,0.0016459968813325617,0.0054316067832842424,-0.005550116208362109,-0.002005964850655466,0.0004235431128620142,-0.011743116755300924,-0.008333585272281018,0.053696806052269855,-0.002890991996880675,0.002435875712958451,0.0026887785472416363,-0.005682057291786261,0.0008333810174442992,-0.009185757880863153,0.012992366098024415,0.00036158358815103814,0.00333353152742047,0.0071988811628812665,0.0012645090191633528,0.00032340737596325885,-0.0037930402053137297,0.005028966068408523,-0.0005731273933597148,0.0012936275042624086,0.0038501095744545083,0.0006803158260684027
expanded_target_aligned,0.0049333333333333,0.49333333333333,reverse_low_to_high,2.0974228041123384,8.145151189368287,1.9476367969349928,7.012096975761125,0.004036471189600863,True,10,9.434607013286029e-08,0,-0.002005964850655466,0.0004235431128620142,-0.011743116755300924,-0.008333585272281018,0.053696806052269855,-0.002890991996880675,0.002435875712958451,0.0026887785472416363,-0.005682057291786261,-0.0015789308093453755,0.0003830192734690578,-0.010426494581499576,-0.008273257899748747,0.03881307139374369,-0.0023833710397359975,0.002276593978240117,0.0016423982535709537,-0.004873500427509063,0.00032340737596325885,-0.0037930402053137297,0.005028966068408523,-0.0005731273933597148,0.0012936275042624086,0.0038501095744545083,0.0006803158260684027,0.00012644277798843495,-0.0018105595346074534,0.002107239100738032,-0.0007458455669525505,0.0005057736589189937,0.0024030925625918567,0.0004062738884517921
expanded_target_aligned,0.0068999999999999,0.6899999999999901,reverse_low_to_high,1.9476367969349928,7.012096975761125,1.8522937518575124,6.3744241136959605,0.0020593540016267623,True,8,1.1292829673636699e-07,0,-0.0015789308093453755,0.0003830192734690578,-0.010426494581499576,-0.008273257899748747,0.03881307139374369,-0.0023833710397359975,0.002276593978240117,0.0016423982535709537,-0.004873500427509063,-0.00116575145602506,0.0003069845192860203,-0.008241774793265579,-0.0068923129336245295,0.027053706100154343,-0.0018081071890790343,0.0018439853888253639,0.0010161917388042928,-0.0037959025164639292,0.00012644277798843495,-0.0018105595346074534,0.002107239100738032,-0.0007458455669525505,0.0005057736589189937,0.0024030925625918567,0.0004062738884517921,3.273534878010674e-05,-0.0007995825721374817,0.000699154262553574,-0.0006887508427953162,0.00013097254914736623,0.0014937196102855705,0.00023833576334336844
expanded_target_aligned,0.0088666666666666,0.8866666666666599,reverse_low_to_high,1.8522937518575124,6.3744241136959605,1.783524948842636,5.950795742452179,0.0008378608245932474,True,6,2.2185423887896867e-07,0,-0.00116575145602506,0.0003069845192860203,-0.008241774793265579,-0.0068923129336245295,0.027053706100154343,-0.0018081071890790343,0.0018439853888253639,0.0010161917388042928,-0.0037959025164639292,-0.0007581772014200067,0.00021145782702559448,-0.0056136249446517295,-0.004846189555620106,0.016842596250685415,-0.0011979806660848574,0.0012745244740482583,0.0005767389529309332,-0.002569481854992079,3.273534878010674e-05,-0.0007995825721374817,0.000699154262553574,-0.0006887508427953162,0.00013097254914736623,0.0014937196102855705,0.00023833576334336844,-7.028495636119197e-06,-0.00026924550518757357,5.492305419225066e-05,-0.0005133311684323077,-2.824484641940491e-05,0.000843978653057779,0.00012619292900656123
expanded_target_aligned,0.0108333333333333,1.0833333333333302,reverse_low_to_high,1.783524948842636,5.950795742452179,1.7305407410845233,5.643704866555046,0.00017699871553826063,True,6,3.4202064272625566e-08,0,-0.0007581772014200067,0.00021145782702559448,-0.0056136249446517295,-0.004846189555620106,0.016842596250685415,-0.0011979806660848574,0.0012745244740482583,0.0005767389529309332,-0.002569481854992079,-0.0003527627616020414,0.00010278728564598724,-0.0027028976615658274,-0.0023847177428517295,0.007564273752794248,-0.000565101612459917,0.0006197752714224142,0.00024030066765183748,-0.0012353721525672449,-7.028495636119197e-06,-0.00026924550518757357,5.492305419225066e-05,-0.0005133311684323077,-2.824484641940491e-05,0.000843978653057779,0.00012619292900656123,-1.3360014069477792e-05,-3.459678473654754e-05,-0.0001178367065395126,-0.00026266914508447177,-5.343938014725924e-05,0.00034796432692069205,4.853873606349845e-05
expanded_target_aligned,0.012546045825196,1.2546045825196002,reverse_low_to_high,1.7305407410845233,5.643704866555046,1.693043841657627,5.436001877424739,4.481559738146285e-18,True,6,2.4572378701676685e-08,0,-0.0003527627616020414,0.00010278728564598724,-0.0027028976615658274,-0.0023847177428517295,0.007564273752794248,-0.000565101612459917,0.0006197752714224142,0.00024030066765183748,-0.0012353721525672449,1.8129178030003097e-10,-2.0695054818302813e-10,6.736862677881384e-11,-1.261260107864035e-10,-1.6185369805723032e-10,3.0333633412912426e-10,1.5783096578977294e-10,1.261575831301626e-10,2.1084416234850422e-10,-1.3360014069477792e-05,-3.459678473654754e-05,-0.0001178367065395126,-0.00026266914508447177,-5.343938014725924e-05,0.00034796432692069205,4.853873606349845e-05,8.773074818095316e-11,-2.0832803151778572e-10,4.1190540570932824e-10,-9.59714367143458e-11,2.0431417132077656e-10,2.7994345184525547e-10,8.370867215462011e-11
expanded_target_aligned,0.0127999999999999,1.27999999999999,reverse_low_to_high,1.693043841657627,5.436001877424739,1.6880272402453482,5.408799910489862,4.147917113509765e-06,True,35,0.0023408184033484884,0,1.8129178030003097e-10,-2.0695054818302813e-10,6.736862677881384e-11,-1.261260107864035e-10,-1.6185369805723032e-10,3.0333633412912426e-10,1.5783096578977294e-10,1.261575831301626e-10,2.1084416234850422e-10,-6.791750984829015e-06,5.6746026489129633e-11,6.274022008624091e-05,0.00041470785734768004,-0.0010738810136139679,0.00019171917113296836,-9.378199139527143e-05,-2.4553829791809606e-05,0.00023475911115530975,8.773074818095316e-11,-2.0832803151778572e-10,4.1190540570932824e-10,-9.59714367143458e-11,2.0431417132077656e-10,2.7994345184525547e-10,8.370867215462011e-11,6.2722480606628915e-06,-4.444700165879458e-06,5.086717317711609e-05,3.544091711627715e-05,2.5087068920819076e-05,-1.9846868004022167e-05,-2.06661272836406e-06
expanded_target_aligned,0.0147666666666666,1.47666666666666,reverse_low_to_high,1.6880272402453482,5.408799910489862,1.6530082601474902,5.22266736134413,0.00031612477025267933,True,44,0.0886095633061378,0,-6.791750984829015e-06,5.6746026489129633e-11,6.274022008624091e-05,0.00041470785734768004,-0.0010738810136139679,0.00019171917113296836,-9.378199139527143e-05,-2.4553829791809606e-05,0.00023475911115530975,-9.825116926047836e-05,8.763507187114942e-12,0.0005664673204641894,0.0038439185737990816,-0.009170365265167702,0.0016962304203093665,-0.0008512234137946828,-0.0002136354452167781,0.0020633795114692642,6.2722480606628915e-06,-4.444700165879458e-06,5.086717317711609e-05,3.544091711627715e-05,2.5087068920819076e-05,-1.9846868004022167e-05,-2.06661272836406e-06,5.6736229878734585e-05,-0.0001311656381423379,0.0005425600266120582,0.00035018490667770375,0.00022711945205939065,-0.00019795251187120297,-1.8062236016185634e-05
expanded_target_aligned,0.0167333333333333,1.6733333333333302,reverse_low_to_high,1.6530082601474902,5.22266736134413,1.623721842031584,5.071932161929527,0.001128370974428764,True,46,0.2551631258385923,0,-9.825116926047836e-05,8.763507187114942e-12,0.0005664673204641894,0.0038439185737990816,-0.009170365265167702,0.0016962304203093665,-0.0008512234137946828,-0.0002136354452167781,0.0020633795114692642,-0.000314025727527192,2.2894883948568507e-11,0.0010406340459435204,0.008374605608910415,-0.017117811403807404,0.0032276733650743647,-0.0015706883501636845,-0.0007833102382393265,0.003433151461004924,5.6736229878734585e-05,-0.0001311656381423379,0.0005425600266120582,0.00035018490667770375,0.00022711945205939065,-0.00019795251187120297,-1.8062236016185634e-05,0.00025805370545753235,-0.00018599356209057959,0.001821618717908405,0.00031073143349440884,0.001039016573557019,0.0010029154730344229,0.00016097616854686566
expanded_target_aligned,0.0186999999999999,1.8699999999999901,reverse_low_to_high,1.623721842031584,5.071932161929527,1.598626910762721,4.9462361359043685,0.0024409330008852955,True,42,0.05216249108346316,0,-0.000314025727527192,2.2894883948568507e-11,0.0010406340459435204,0.008374605608910415,-0.017117811403807404,0.0032276733650743647,-0.0015706883501636845,-0.0007833102382393265,0.003433151461004924,-0.0004508399282266134,6.488476861725308e-11,0.0015737440165966305,0.012305876096832176,-0.02460833231466545,0.0048235975686133645,-0.0024132676419035158,-0.000920106690162305,0.00548541255233051,0.00025805370545753235,-0.00018599356209057959,0.001821618717908405,0.00031073143349440884,0.001039016573557019,0.0010029154730344229,0.00016097616854686566,0.00035199731888004064,-0.0005411152655474859,0.002774333214493326,0.000653847407236331,0.001415035776255627,0.00109617189682404,0.00019378530320408258
expanded_target_aligned,0.0206666666666666,2.06666666666666,reverse_low_to_high,1.598626910762721,4.9462361359043685,1.5769445970410167,4.840144603512485,0.004267209801465922,True,35,0.0766228587155638,0,-0.0004508399282266134,6.488476861725308e-11,0.0015737440165966305,0.012305876096832176,-0.02460833231466545,0.0048235975686133645,-0.0024132676419035158,-0.000920106690162305,0.00548541255233051,-0.0005808743241951607,4.139628439594234e-11,0.0021172898450044783,0.016081177324963503,-0.031841179665574,0.0064501979389230135,-0.0032938112754173792,-0.0009658435830798959,0.007710090582344662,0.00035199731888004064,-0.0005411152655474859,0.002774333214493326,0.000653847407236331,0.001415035776255627,0.00109617189682404,0.00019378530320408258,0.0003997060414228547,-0.0010291946165596655,0.003593944826946327,0.0011515163255646794,0.0016046850379581078,0.0007425459962236972,0.00016201904455060014
expanded_target_aligned,0.0226333333333333,2.26333333333333,reverse_low_to_high,1.5769445970410167,4.840144603512485,1.5580944896323154,4.749761896000324,0.006628307683471782,True,39,0.023982563165545524,0,-0.0005808743241951607,4.139628439594234e-11,0.0021172898450044783,0.016081177324963503,-0.031841179665574,0.0064501979389230135,-0.0032938112754173792,-0.0009658435830798959,0.007710090582344662,-0.000716696802856326,5.259437954083753e-10,0.0026691922407913043,0.020011710721149756,-0.03894711610617575,0.008114521102073407,-0.004199434941875589,-0.0010270827242877258,0.00998501382396093,0.0003997060414228547,-0.0010291946165596655,0.003593944826946327,0.0011515163255646794,0.0016046850379581078,0.0007425459962236972,0.00016201904455060014,0.00044429517298907525,-0.0016001157115438076,0.004475316799123047,0.001685840433750311,0.0017812865670323705,0.00034534555338621776,0.00012263089317200354
expanded_target_aligned,0.0245999999999999,2.45999999999999,reverse_low_to_high,1.5580944896323154,4.749761896000324,1.5415845560473127,4.671987434772816,0.009533749239155065,True,35,0.09132041290609724,0,-0.000716696802856326,5.259437954083753e-10,0.0026691922407913043,0.020011710721149756,-0.03894711610617575,0.008114521102073407,-0.004199434941875589,-0.0010270827242877258,0.00998501382396093,-0.000818861262778714,2.281776768051763e-10,0.0032114909701158687,0.023783658016503905,-0.0458778428457901,0.009780664399695719,-0.005114781191653604,-0.0009952559976398447,0.012460271585020525,0.00044429517298907525,-0.0016001157115438076,0.004475316799123047,0.001685840433750311,0.0017812865670323705,0.00034534555338621776,0.00012263089317200354,0.0005226701859723972,-0.002221785816777438,0.005595435383853206,0.0021635813202080675,0.0020937465013297508,0.0002461626216839853,0.00012410232704491652
expanded_target_aligned,0.0265666666666666,2.65666666666666,reverse_low_to_high,1.5415845560473127,4.671987434772816,1.527116104491528,4.604877668806392,0.013016626532463264,True,33,0.03402793805167363,0,-0.000818861262778714,2.281776768051763e-10,0.0032114909701158687,0.023783658016503905,-0.0458778428457901,0.009780664399695719,-0.005114781191653604,-0.0009952559976398447,0.012460271585020525,-0.0009973969887685057,4.855332033203912e-10,0.00377809239087476,0.028078705538713916,-0.05276486691616249,0.011505327583407839,-0.006064642376288047,-0.0010993247713550968,0.014845630313658664,0.0005226701859723972,-0.002221785816777438,0.005595435383853206,0.0021635813202080675,0.0020937465013297508,0.0002461626216839853,0.00012410232704491652,0.0005876934682904725,-0.0029210692746827155,0.006715389703860431,0.0026966345060587733,0.0023526583165115367,2.416212003963663e-05,0.00010500633600516642
expanded_target_aligned,0.0285333333333333,2.85333333333333,reverse_low_to_high,1.527116104491528,4.604877668806392,1.5142942229597283,4.546211382682895,0.017073262747316412,True,39,0.054585032474082716,0,-0.0009973969887685057,4.855332033203912e-10,0.00377809239087476,0.028078705538713916,-0.05276486691616249,0.011505327583407839,-0.006064642376288047,-0.0010993247713550968,0.014845630313658664,-0.0010100473174017438,6.7085921388895e-10,0.00430515965393601,0.03170527429585552,-0.05938546636190685,0.013208525583569528,-0.007001068879208181,-0.000959523262267532,0.017653642736333502,0.0005876934682904725,-0.0029210692746827155,0.006715389703860431,0.0026966345060587733,0.0023526583165115367,2.416212003963663e-05,0.00010500633600516642,0.0007140561560270344,-0.003641526564465171,0.008198629620427667,0.00309752466793135,0.00285717504284365,0.0003572388572290141,0.00016288159948869434
expanded_target_aligned,0.0305,3.05,reverse_low_to_high,1.5142942229597283,4.546211382682895,1.5030120570169179,4.495208523811115,0.021750041687522894,True,34,0.3415090352326722,0,-0.0010100473174017438,6.7085921388895e-10,0.00430515965393601,0.03170527429585552,-0.05938546636190685,0.013208525583569528,-0.007001068879208181,-0.000959523262267532,0.017653642736333502,-0.0011638903497820587,8.314578998187578e-12,0.00486631160322667,0.03604712023963797,-0.06583682229739127,0.014969600019050185,-0.007980399958266101,-0.0010085186260409232,0.020298963790319365,0.0007140561560270344,-0.003641526564465171,0.008198629620427667,0.00309752466793135,0.00285717504284365,0.0003572388572290141,0.00016288159948869434,0.0008093607190701706,-0.004447127805427621,0.0095925296720851,0.0035932837886743347,0.0032382989146139884,0.0004209690724079644,0.00017696243184667465
expanded_target_aligned,0.0324666666666666,3.2466666666666604,reverse_low_to_high,1.5030120570169179,4.495208523811115,1.4940581564015447,4.455138532511786,0.0272358128367406,True,69,0.15884050400468766,0,-0.0011638903497820587,8.314578998187578e-12,0.00486631160322667,0.03604712023963797,-0.06583682229739127,0.014969600019050185,-0.007980399958266101,-0.0010085186260409232,0.020298963790319365,-0.0018851208149333666,9.995273098047128e-11,0.005645289442490324,0.04558406601891603,-0.07358679929368053,0.01718971045339456,-0.008883076408907417,-0.005277397843269911,0.017735725242352916,0.0008093607190701706,-0.004447127805427621,0.0095925296720851,0.0035932837886743347,0.0032382989146139884,0.0004209690724079644,0.00017696243184667465,0.0017626037131272265,-0.004042022537480055,0.014360623561489613,0.0017508285266067643,0.006892337044423685,0.00794452141076383,0.0013390348382046212
expanded_target_aligned,0.0344333333333333,3.4433333333333302,reverse_low_to_high,1.4940581564015447,4.455138532511786,1.4853760484351974,4.416625965818121,0.03324391508470073,True,48,0.1360225630644066,0,-0.0018851208149333666,9.995273098047128e-11,0.005645289442490324,0.04558406601891603,-0.07358679929368053,0.01718971045339456,-0.008883076408907417,-0.005277397843269911,0.017735725242352916,-0.0021958946085544597,6.93457044196129e-11,0.0062044848333803766,0.050948627659343326,-0.08050749442479689,0.019001652968360924,-0.009867404695558116,-0.005798024443372543,0.01988931903423165,0.0017626037131272265,-0.004042022537480055,0.014360623561489613,0.0017508285266067643,0.006892337044423685,0.00794452141076383,0.0013390348382046212,0.0019207268471781041,-0.00484808484407239,0.016190617495843385,0.002097759098406096,0.007593678206378909,0.009004018595454933,0.0014360613705974204
expanded_target_aligned,0.0363999999999999,3.63999999999999,reverse_low_to_high,1.4853760484351974,4.416625965818121,1.4776573764178298,4.382666707355197,0.03991356595359525,True,70,0.9998462541475098,0,-0.0021958946085544597,6.93457044196129e-11,0.0062044848333803766,0.050948627659343326,-0.08050749442479689,0.019001652968360924,-0.009867404695558116,-0.005798024443372543,0.01988931903423165,-0.002433751242904943,-1.1746586441667005e-11,0.006805460352172774,0.05603728329564839,-0.0871235874745085,0.020868918117240377,-0.010916747322803596,-0.0060180756692081745,0.022614046269942435,0.0019207268471781041,-0.00484808484407239,0.016190617495843385,0.002097759098406096,0.007593678206378909,0.009004018595454933,0.0014360613705974204,0.002073051912210537,-0.005788393477267401,0.018055822199512992,0.002523419040574138,0.00822413737403149,0.00972181038103636,0.0015221319596774297
expanded_target_aligned,0.0383666666666666,3.83666666666666,reverse_low_to_high,1.4776573764178298,4.382666707355197,1.471280265876595,4.354806884298456,0.04747820087824802,True,40,0.1438014761828691,0,-0.002433751242904943,-1.1746586441667005e-11,0.006805460352172774,0.05603728329564839,-0.0871235874745085,0.020868918117240377,-0.010916747322803596,-0.0060180756692081745,0.022614046269942435,-0.0029796231203540807,5.241915415335682e-10,0.007493049057237821,0.0639764617431844,-0.09433711151821302,0.02308250330555294,-0.012017825028771665,-0.0075653372958889,0.02385645603230229,0.002073051912210537,-0.005788393477267401,0.018055822199512992,0.002523419040574138,0.00822413737403149,0.00972181038103636,0.0015221319596774297,0.0025007940689470314,-0.00648690932390096,0.021190324630456305,0.002282328670177469,0.00994614675389619,0.012951863840210196,0.001979004724674516
expanded_target_aligned,0.0403333333333333,4.03333333333333,reverse_low_to_high,1.471280265876595,4.354806884298456,1.4649832331180328,4.32747068150235,0.05543064787609475,True,48,0.5561416103320891,0,-0.0029796231203540807,5.241915415335682e-10,0.007493049057237821,0.0639764617431844,-0.09433711151821302,0.02308250330555294,-0.012017825028771665,-0.0075653372958889,0.02385645603230229,-0.003029199031776062,1.2945167872518511e-11,0.008013477980184975,0.06726564985398839,-0.10035737269023073,0.02479806792566089,-0.01308189900913582,-0.006664080003161086,0.028143281166680804,0.0025007940689470314,-0.00648690932390096,0.021190324630456305,0.002282328670177469,0.00994614675389619,0.012951863840210196,0.001979004724674516,0.0024168914595740815,-0.0077624678690305,0.02212400270703051,0.0033076488765305563,0.009664907148914588,0.011701243006995784,0.0017380611097947815
expanded_target_aligned,0.0423,4.2299999999999995,reverse_low_to_high,1.4649832331180328,4.32747068150235,1.4595141224280657,4.303867867371453,0.06417632640710096,True,39,0.04406340654246049,0,-0.003029199031776062,1.2945167872518511e-11,0.008013477980184975,0.06726564985398839,-0.10035737269023073,0.02479806792566089,-0.01308189900913582,-0.006664080003161086,0.028143281166680804,-0.003108972463231981,1.0261821442483166e-10,0.008644366528244804,0.07121073595594651,-0.10669050331023468,0.02670046664792495,-0.014248764757154418,-0.006135461301337671,0.03220545498098742,0.0024168914595740815,-0.0077624678690305,0.02212400270703051,0.0033076488765305563,0.009664907148914588,0.011701243006995784,0.0017380611097947815,0.002348663961320153,-0.009087236280044278,0.023108086127072627,0.00431083965608973,0.009399078512518724,0.010367834978802691,0.0015211608043227962
expanded_target_aligned,0.0442666666666666,4.42666666666666,reverse_low_to_high,1.4595141224280657,4.303867867371453,1.4546725230888768,4.283080625902386,0.07369579594494634,True,41,0.47560346094135303,0,-0.003108972463231981,1.0261821442483166e-10,0.008644366528244804,0.07121073595594651,-0.10669050331023468,0.02670046664792495,-0.014248764757154418,-0.006135461301337671,0.03220545498098742,-0.0030748782773328885,1.1806308546894083e-10,0.00909806336523944,0.07476948020744244,-0.11282146006493506,0.028760495690378442,-0.01528525973516141,-0.005416244465044288,0.036630843709259654,0.002348663961320153,-0.009087236280044278,0.023108086127072627,0.00431083965608973,0.009399078512518724,0.010367834978802691,0.0015211608043227962,0.0022585589042832836,-0.01044444092111485,0.024004021667724404,0.005338264380497622,0.009041150912516767,0.008881657311998026,0.001272577649963329
expanded_target_aligned,0.0462333333333333,4.62333333333333,reverse_low_to_high,1.4546725230888768,4.283080625902386,1.4504771856512821,4.265149297691129,0.08404174591619823,True,35,0.4360207712648473,0,-0.0030748782773328885,1.1806308546894083e-10,0.00909806336523944,0.07476948020744244,-0.11282146006493506,0.028760495690378442,-0.01528525973516141,-0.005416244465044288,0.036630843709259654,-0.003126375433128036,6.08257131868835e-11,0.009764112297896527,0.07839360778832963,-0.11896613741166638,0.0305232588189004,-0.016497611427962747,-0.004768787581955619,0.04112689536691024,0.0022585589042832836,-0.01044444092111485,0.024004021667724404,0.005338264380497622,0.009041150912516767,0.008881657311998026,0.001272577649963329,0.00217759469541104,-0.011968255431095594,0.02510849437533971,0.006391530319161802,0.008716496131926661,0.007460118219242487,0.0010234763781307107
expanded_target_aligned,0.0481999999999999,4.8199999999999905,reverse_low_to_high,1.4504771856512821,4.265149297691129,1.4468663847269632,4.249776463489072,0.09524202786368649,True,37,0.019691945598973498,0,-0.003126375433128036,6.08257131868835e-11,0.009764112297896527,0.07839360778832963,-0.11896613741166638,0.0305232588189004,-0.016497611427962747,-0.004768787581955619,0.04112689536691024,-0.0032239609565542517,2.957331862642885e-10,0.010414974943751081,0.082239007378778,-0.12514448111024726,0.03255482522993777,-0.017710129775342497,-0.004235548944056088,0.04561506439950537,0.00217759469541104,-0.011968255431095594,0.02510849437533971,0.006391530319161802,0.008716496131926661,0.007460118219242487,0.0010234763781307107,0.002104763342032972,-0.013480518475466967,0.026243285574695303,0.007388987493141796,0.008423888799898485,0.006189994590996692,0.0007851668573276942
expanded_target_aligned,0.0501666666666666,5.01666666666666,reverse_low_to_high,1.4468663847269632,4.249776463489072,1.4437554194168334,4.236576099918134,0.10731453914041839,True,32,0.01763003101517868,0,-0.0032239609565542517,2.957331862642885e-10,0.010414974943751081,0.082239007378778,-0.12514448111024726,0.03255482522993777,-0.017710129775342497,-0.004235548944056088,0.04561506439950537,-0.003320584649978563,3.5649623959479747e-10,0.011102761310426467,0.0859757743165027,-0.13115923639324986,0.034223891056636944,-0.018918252309861106,-0.003610343014233367,0.050382580187231386,0.002104763342032972,-0.013480518475466967,0.026243285574695303,0.007388987493141796,0.008423888799898485,0.006189994590996692,0.0007851668573276942,0.0020340616119835834,-0.015004351885895098,0.027424576125849684,0.00835123172944351,0.008139696730434425,0.005041286251929159,0.0005476535758084416
expanded_target_aligned,0.0521333333333333,5.21333333333333,reverse_low_to_high,1.4437554194168334,4.236576099918134,1.4412638557083497,4.226033539843307,0.12030361479628114,True,26,0.13674241721204486,0,-0.003320584649978563,3.5649623959479747e-10,0.011102761310426467,0.0859757743165027,-0.13115923639324986,0.034223891056636944,-0.018918252309861106,-0.003610343014233367,0.050382580187231386,-0.003421848766569841,2.771415825953178e-10,0.011694521121778361,0.09045408360706525,-0.13748135795827077,0.03644133822873252,-0.020138704150595172,-0.0033578399480436315,0.0548430395169218,0.0020340616119835834,-0.015004351885895098,0.027424576125849684,0.00835123172944351,0.008139696730434425,0.005041286251929159,0.0005476535758084416,0.002021239361065872,-0.016623545165302095,0.028980885031080632,0.009215610262706996,0.008085484554563687,0.004395100785854941,0.0003734238126526211
expanded_target_aligned,0.0540999999999999,5.4099999999999895,reverse_low_to_high,1.4412638557083497,4.226033539843307,1.4392544881799911,4.21755041099068,0.13422073818460467,True,30,0.12795727628526746,0,-0.003421848766569841,2.771415825953178e-10,0.011694521121778361,0.09045408360706525,-0.13748135795827077,0.03644133822873252,-0.020138704150595172,-0.0033578399480436315,0.0548430395169218,-0.0035260033323968694,5.303885099959014e-10,0.01228418765353558,0.09514297466952167,-0.14373693473287735,0.03841583525665177,-0.021315807649356432,-0.0031681429859164224,0.059364054531095514,0.002021239361065872,-0.016623545165302095,0.028980885031080632,0.009215610262706996,0.008085484554563687,0.004395100785854941,0.0003734238126526211,0.002004705181142384,-0.01824719248612257,0.03054814279344341,0.010051756866261629,0.00801946346218612,0.0038455582129487886,0.00019792016405463145
expanded_target_aligned,0.0560666666666666,5.60666666666666,reverse_low_to_high,1.4392544881799911,4.21755041099068,1.437666645311972,4.210858917576032,0.14909442859871636,True,28,0.04990175991965294,0,-0.0035260033323968694,5.303885099959014e-10,0.01228418765353558,0.09514297466952167,-0.14373693473287735,0.03841583525665177,-0.021315807649356432,-0.0031681429859164224,0.059364054531095514,-0.003725108903368634,1.0889743706779337e-09,0.012938595041960241,0.0999692544657028,-0.14998560478653908,0.04049411078614657,-0.022569147832597277,-0.0030410457625792177,0.06396396716877173,0.002004705181142384,-0.01824719248612257,0.03054814279344341,0.010051756866261629,0.00801946346218612,0.0038455582129487886,0.00019792016405463145,0.001996756640152116,-0.019928095534083336,0.03221908081628757,0.01086200126884349,0.00798726221077609,0.0034339442486415734,2.7379577359211357e-05
expanded_target_aligned,0.0580333333333333,5.80333333333333,reverse_low_to_high,1.437666645311972,4.210858917576032,1.4365352151392268,4.2060973189596425,0.16495898147840363,True,32,1.3537811847684678,0,-0.003725108903368634,1.0889743706779337e-09,0.012938595041960241,0.0999692544657028,-0.14998560478653908,0.04049411078614657,-0.022569147832597277,-0.0030410457625792177,0.06396396716877173,-0.003980388817016541,3.947482676370303e-11,0.013533812233345448,0.10523875372870163,-0.15625202610944552,0.042506494119360784,-0.02375350435240354,-0.003059953446569864,0.06852184972376767,0.001996756640152116,-0.019928095534083336,0.03221908081628757,0.01086200126884349,0.00798726221077609,0.0034339442486415734,2.7379577359211357e-05,0.0019769166155511725,-0.021636439841575004,0.03386324089766058,0.011665774854873412,0.007908551292544922,0.003030876319467206,-0.00015574141355432434
expanded_target_aligned,0.06,6.0,reverse_low_to_high,1.4365352151392268,4.2060973189596425,1.4357507412010821,4.202799039108058,0.18183818496142326,True,28,0.0037087807088825734,0,-0.003980388817016541,3.947482676370303e-11,0.013533812233345448,0.10523875372870163,-0.15625202610944552,0.042506494119360784,-0.02375350435240354,-0.003059953446569864,0.06852184972376767,-0.004105814355004593,6.851320735758381e-10,0.014288315089814456,0.1101505957196614,-0.16258524194734614,0.04476162429889584,-0.025141038236150486,-0.0030345038317969144,0.07334958374425748,0.0019769166155511725,-0.021636439841575004,0.03386324089766058,0.011665774854873412,0.007908551292544922,0.003030876319467206,-0.00015574141355432434,0.0020105560335743696,-0.023419418365276237,0.03584900370345297,0.012382324626701411,0.008041660027750024,0.0030890769386028786,-0.0002836545667194712
expanded_target_aligned,0.001,0.1,zero_nuisance_local_lnCn,2.429572311625164,11.354025056904902,2.4299387516898343,11.358186388973852,0.01629761560350668,True,9,6.207573479451392e-07,0,0.0,0.0,0.0,0.0,0.0,0.0,0.0,0.0,0.0,-0.0024830842171433077,0.0003556747912006749,-0.01009921901164026,-0.0038602256644709463,0.07911588131667001,-0.003163295397472346,0.0016459968813325617,0.0054316067832842424,-0.005550116208362109,0.0,0.0,0.0,0.0,0.0,0.0,0.0,0.0008333810174442992,-0.009185757880863153,0.012992366098024415,0.00036158358815103814,0.00333353152742047,0.0071988811628812665,0.0012645090191633528
expanded_target_aligned,0.001,0.1,pooled_zero,1.6930438416630622,5.436001877454284,2.4295723918634806,11.354025967932794,0.015155256958926415,True,13,4.847820275216285e-08,0,0.0,0.0,0.0,0.0,0.0,0.0,0.0,0.0,0.0,-0.0019989965622044825,-0.016783672204686205,-0.00977925061353873,-0.00298286077323551,0.06976902168803333,-0.0027208578695755727,0.0013417850385684057,0.004462568041598657,-0.006247937417199566,0.0,0.0,0.0,0.0,0.0,0.0,0.0,0.0006147657386861342,-0.009334270733363745,0.011844219207214712,0.0009026841695267126,0.0024590474790072876,0.0051644152962213,0.0010026409872150185
expanded_target_aligned,0.001,0.1,deterministic_plus,2.5095723116251643,12.299668510202517,2.42993875599762,11.358186437902486,0.016297615603591498,True,6,2.0895359448266334e-07,0,0.17780027792712055,-0.03376400572530695,-0.18797477319207087,0.03082573982025117,0.2447717357537047,-0.05305728763015666,-0.1689070548239942,0.07087740573897926,0.1577289569985985,-0.0024830933979999026,0.00035567894425032626,-0.010099230570428034,-0.0038601764438820976,0.07911591297228807,-0.003163294636551448,0.001646006466068407,0.00543162571071876,-0.005550108073960224,-0.08128600137675963,-0.1655762798277486,0.10850021486012883,0.1480165326382344,-0.10809085927979918,-0.13150942563920748,0.1244597133652942,0.0008333840194678281,-0.009185755150910522,0.012992365977832696,0.00036156934343118866,0.00333353356968706,0.007198908775312849,0.001264511455297784
expanded_target_aligned,0.001,0.1,deterministic_minus,2.349572311625164,10.481086127312366,2.4295723862413308,11.354025904098759,0.015155256958815502,True,11,4.045126415728174e-07,0,-0.18179814534703614,0.000196538594611953,0.16841640973880465,-0.03679245642414477,-0.10523357170674348,0.047615477229951256,0.1715906973426592,-0.06195203238460505,-0.17022435746081072,-0.0019989876885380562,-0.016783684649906754,-0.009779239009484797,-0.0029829129363598246,0.06976901127681504,-0.002720858846222552,0.001341794297703126,0.004462553300016978,-0.006247943524230887,0.08251541089831323,0.146907597723168,-0.08481223496678923,-0.14621087993665538,0.11300848403209558,0.1418373223897091,-0.1224545494521412,0.0006147533977693374,-0.009334256568568969,0.011844196043051041,0.0009026966889374031,0.002459037785938724,0.005164393946286443,0.0010026340261845503
expanded_target_aligned,0.0108333333333333,1.0833333333333302,zero_nuisance_local_lnCn,1.7305058011273209,5.643507679193425,1.7305407412421239,5.643704867444497,0.00017699871553758406,True,8,6.437251661055996e-08,0,0.0,0.0,0.0,0.0,0.0,0.0,0.0,0.0,0.0,-0.00035276265803558594,0.00010278892400412348,-0.0027028975084972427,-0.002384717698090236,0.007564273625976741,-0.0005651011402049134,0.0006197745887896774,0.00024030077530798024,-0.0012353718690323093,0.0,0.0,0.0,0.0,0.0,0.0,0.0,-1.336465296390964e-05,-3.458981065125908e-05,-0.000117835451613165,-0.00026266914863464847,-5.3437335207219793e-05,0.00034796410089906957,4.8540941536048494e-05
expanded_target_aligned,0.0108333333333333,1.0833333333333302,pooled_zero,1.6930438416630622,5.436001877454284,1.7305057902614773,5.643507617871953,0.00016759397182569122,True,10,1.6430081742445973e-07,0,0.0,0.0,0.0,0.0,0.0,0.0,0.0,0.0,0.0,-0.00031808452337136567,-0.0015080376715472274,-0.002707581249335112,-0.0022496983069470325,0.006747075013437955,-0.0005237866169452302,0.0005883118293507812,0.0001536672849665166,-0.001304351138412493,0.0,0.0,0.0,0.0,0.0,0.0,0.0,-3.562696095221095e-05,-5.1100357861763005e-05,-0.00023126589984384942,-0.00020770320483805396,-0.00014252830894589814,0.0001442425049650571,2.0730938267100743e-05
expanded_target_aligned,0.0108333333333333,1.0833333333333302,deterministic_plus,1.810505801127321,6.113538885194556,1.7305407411003997,5.643704866644648,0.00017699871553817379,True,7,4.861228174284926e-08,0,0.17948112065969354,-0.018488313458562052,-0.18090317897773975,0.03155945924983047,0.1817497047861757,-0.05086016172510346,-0.169660565819065,0.06656835175362186,0.16267226485130382,-0.0003527626915570932,0.00010278825487066488,-0.0027028974986539568,-0.0023847178954021003,0.007564273767953172,-0.0005651013980106617,0.0006197751815228202,0.00024030187538338834,-0.0012353717608658758,-0.08193632997674831,-0.1562930309221425,0.09642499462249263,0.14690598457817788,-0.11069216922658898,-0.13652906361882208,0.1234778695465272,-1.3366052164978253e-05,-3.459694713831809e-05,-0.00011783644857592035,-0.00026266990098175745,-5.343925626711149e-05,0.0003479645433151376,4.8539615396864365e-05
expanded_target_aligned,0.0108333333333333,1.0833333333333302,deterministic_minus,1.6505058011273208,5.209614189621956,1.7305057889429383,5.643507610430769,0.00016759397182879252,True,7,2.167669857938597e-08,0,-0.18011730261446315,0.015472230861356854,0.17548800395313577,-0.03605873699456547,-0.16825560267427248,0.049812603135004456,0.1708371863475884,-0.06626108636996245,-0.1652810496081054,-0.00031808156003052955,-0.0015080494243439066,-0.0027075772234501985,-0.0022497119907664816,0.006747059996264666,-0.000523786310383487,0.0005883100975401565,0.00015366202685156665,-0.0013043546690841591,0.08186508229832455,0.1561908466287741,-0.09688745520442543,-0.14732142799671188,0.11040717408530579,0.13681768441009448,-0.12343639327090819,-3.5630080725903626e-05,-5.110326765521892e-05,-0.00023126813440391432,-0.00020770083171065882,-0.00014253138283904464,0.00014423582299370264,2.073727041296737e-05
expanded_target_aligned,0.012546045825196,1.2546045825196002,zero_nuisance_local_lnCn,1.6930438416630622,5.436001877454284,1.6930438416630622,5.436001877454284,8.017580693882497e-26,True,1,2.1521444667541074e-12,0,0.0,0.0,0.0,0.0,0.0,0.0,0.0,0.0,0.0,0.0,0.0,0.0,0.0,0.0,0.0,0.0,0.0,0.0,0.0,0.0,0.0,0.0,0.0,0.0,0.0,0.0,0.0,0.0,0.0,0.0,0.0,0.0
expanded_target_aligned,0.012546045825196,1.2546045825196002,pooled_zero,1.6930438416630622,5.436001877454284,1.6930438416630622,5.436001877454284,8.017580693882497e-26,True,1,2.1521444667541074e-12,0,0.0,0.0,0.0,0.0,0.0,0.0,0.0,0.0,0.0,0.0,0.0,0.0,0.0,0.0,0.0,0.0,0.0,0.0,0.0,0.0,0.0,0.0,0.0,0.0,0.0,0.0,0.0,0.0,0.0,0.0,0.0,0.0
expanded_target_aligned,0.012546045825196,1.2546045825196002,deterministic_plus,1.7730438416630623,5.888750533703022,1.6930438420148926,5.436001879366835,2.35165174143107e-17,True,11,2.985604395539686e-08,0,0.17979921163707835,-0.016980272159959453,-0.17819559146543776,0.03380909812219797,0.17500265373022408,-0.05033638243005396,-0.1702488760833267,0.06641471906179215,0.16397665722970461,-2.951352255773906e-10,9.889419078683952e-10,5.565233009113467e-10,1.2759430255086422e-09,-6.138395098419359e-10,5.293332364581573e-10,7.591075132668848e-10,-1.3488598343038856e-09,-1.3304144293126096e-09,-0.08190070613753643,-0.1562419387754583,0.09665622491345903,0.14711370628744488,-0.11054967165594738,-0.13667337401445828,0.1234571314087177,1.1965035562185419e-09,7.939299649409857e-10,1.4415826154999577e-09,-1.361759947565304e-09,1.4645133190075349e-09,1.569155639032975e-09,1.2233814749993418e-09
expanded_target_aligned,0.012546045825196,1.2546045825196002,deterministic_minus,1.6130438416630621,5.018062192066492,1.6930438414376137,5.436001876228746,1.3619900700333375e-17,True,8,2.255677953506797e-08,0,-0.17979921163707835,0.016980272159959453,0.17819559146543776,-0.03380909812219797,-0.17500265373022408,0.05033638243005396,0.1702488760833267,-0.06641471906179215,-0.16397665722970461,2.3581363749933583e-10,-4.5336993599443754e-10,1.0933687664270751e-10,-1.2451676050275113e-09,4.513023288175979e-10,-4.822955345917835e-10,-2.66408482334691e-10,1.5275854653619018e-10,1.1616672809040553e-09,0.08190070613753643,0.1562419387754583,-0.09665622491345903,-0.14711370628744488,0.11054967165594738,0.13667337401445828,-0.1234571314087177,-9.616739611588063e-10,5.496137563856793e-10,-9.717566375461727e-10,1.0373088593392385e-09,-1.1321579045335274e-09,-9.888261661758713e-10,-9.657899436814486e-10
expanded_target_aligned,0.0127999999999999,1.27999999999999,zero_nuisance_local_lnCn,1.6880285581937002,5.408807039013488,1.6880279039267616,5.408803500211023,4.1498501002542205e-06,True,33,0.00039605175693335494,0,0.0,0.0,0.0,0.0,0.0,0.0,0.0,0.0,0.0,-9.590146727053977e-06,2.727247175785054e-10,6.408376435983232e-05,0.00042382810284899983,-0.0010745257306303939,0.00019096555857963364,-9.452776292518726e-05,-2.7024982758471313e-05,0.00022919985910710617,0.0,0.0,0.0,0.0,0.0,0.0,0.0,5.323993382970286e-06,-5.840594433603247e-06,4.672118656105643e-05,3.799598693419323e-05,2.1295032413326328e-05,-2.8737703684321925e-05,-3.2689302740829216e-06
expanded_target_aligned,0.0127999999999999,1.27999999999999,pooled_zero,1.6930438416630622,5.436001877454284,1.6880285643503938,5.408807072313856,4.149619985549459e-06,True,23,0.0007968274922388597,0,0.0,0.0,0.0,0.0,0.0,0.0,0.0,0.0,0.0,-1.008203423411291e-05,9.494785513710863e-11,6.3981690783757e-05,0.00042816925509776057,-0.0010758389081022242,0.0001909459637795852,-9.428130645130605e-05,-2.8230851651617954e-05,0.0002278885095822491,0.0,0.0,0.0,0.0,0.0,0.0,0.0,5.8923985533158805e-06,-5.198150258186072e-06,4.9379256816354745e-05,3.651276328315392e-05,2.3625210049772584e-05,-2.3279535268471835e-05,-2.5158585353062676e-06
expanded_target_aligned,0.0127999999999999,1.27999999999999,deterministic_plus,1.7680285581937003,5.859290716912597,1.688028074542998,5.408804423040799,4.150580870338504e-06,True,26,0.0017623845815951619,0,0.1797891213962047,-0.01698027179181048,-0.1781316180320515,0.03423719578214337,0.17392686377552719,-0.050145463482284755,-0.17034315446045717,0.06638647114555772,0.16420450944881762,-9.841411245198248e-06,1.0149880858887908e-10,6.409273171417781e-05,0.0004258327017340292,-0.0010750997493848837,0.00019095354003553303,-9.448919305962172e-05,-2.727223866972546e-05,0.00022898339994323954,-0.08189482423454769,-0.15624710814462983,0.09670551705851069,0.14715022214278978,-0.1105260900301008,-0.13669672913585953,0.12345460318688627,5.249534363859191e-06,-5.879795476983538e-06,4.634829484950434e-05,3.816800403855632e-05,2.099930316013364e-05,-2.9390000727297276e-05,-3.366222522348657e-06
expanded_target_aligned,0.0127999999999999,1.27999999999999,deterministic_minus,1.6080285581937002,4.992958192164449,1.688028069959172,5.4088043982477805,4.150577218413435e-06,True,29,0.0008651984242174552,0,-0.179809301877952,0.016980272528108426,0.17825956489882402,-0.03338100046225257,-0.17607844368492098,0.05052730137782316,0.17015459770619623,-0.06644296697802658,-0.1637488050105916,-9.831059325177437e-06,7.081807295438749e-10,6.407744214420408e-05,0.00042575157526587507,-0.0010750783183231618,0.00019096298521569161,-9.45015589284056e-05,-2.7269926973065587e-05,0.00022899295336862037,0.08190658804052517,0.15623676940628678,-0.09660693276840737,-0.1470771904321,0.11057325328179396,0.13665001889305703,-0.12345965963054913,5.2420807642725535e-06,-5.883872824276067e-06,4.6318336249003826e-05,3.817903152227619e-05,2.0976289596817942e-05,-2.944524106758973e-05,-3.372156842191089e-06
expanded_target_aligned,0.0147666666666666,1.47666666666666,zero_nuisance_local_lnCn,1.6530090924346816,5.222671708105088,1.6530004005591197,5.2226263134897835,0.0003160368948004405,True,32,0.009900781863579995,0,0.0,0.0,0.0,0.0,0.0,0.0,0.0,0.0,0.0,-8.157409158184607e-05,1.0249913283643588e-10,0.0005705012116303462,0.003758086545118735,-0.009139562305279137,0.0017025625297367366,-0.0008563866883637574,-0.00021679646045305402,0.002050564817706164,0.0,0.0,0.0,0.0,0.0,0.0,0.0,5.528418124391222e-05,-0.00013362856052029386,0.000536197327218785,0.0003540775955357,0.00022109192673944075,-0.00021214465877763338,-1.9984098058923398e-05
expanded_target_aligned,0.0147666666666666,1.47666666666666,pooled_zero,1.6930438416630622,5.436001877454284,1.6530106313734103,5.222679745483032,0.00031617333058847527,True,34,0.006675284826676929,0,0.0,0.0,0.0,0.0,0.0,0.0,0.0,0.0,0.0,-0.00010069373555059434,2.467007285649968e-10,0.0005668716240666461,0.003863728416654376,-0.0091728595943601,0.0016972102087155238,-0.0008511773990912258,-0.00022073566742381932,0.00205435236075426,0.0,0.0,0.0,0.0,0.0,0.0,0.0,5.683475099743955e-05,-0.0001304211139084234,0.000542855666638179,0.0003496042366162582,0.00022780981916694496,-0.0001950074301096859,-1.7882995288043584e-05
expanded_target_aligned,0.0147666666666666,1.47666666666666,deterministic_plus,1.7330090924346817,5.657652720102129,1.653035126368619,5.222807676565203,0.00031614197224441484,True,32,0.012095818387540635,0,0.17969987558042438,-0.016980269968750152,-0.17762868691930586,0.03766401514725637,0.16583109757956538,-0.048639380313135056,-0.1711003714279772,0.06619703471715295,0.16603469240328622,-0.00010929015282234941,8.659094164658785e-11,0.0005627709533126227,0.00398838389453195,-0.00920275810189858,0.0016978298468256568,-0.0008409842922604455,-0.00027868344479076255,0.0019840931171925353,-0.08184466219899757,-0.15637342605197502,0.09719531522896163,0.14746540447943268,-0.11032526397080368,-0.13687696221665388,0.12343817277093874,8.203075901731463e-05,-9.897447947520011e-05,0.0006649691525563016,0.00028085428786762484,0.00033614992726931016,7.539119363476142e-05,1.5724071814058583e-05
expanded_target_aligned,0.0147666666666666,1.47666666666666,deterministic_minus,1.5730090924346816,4.82113362556282,1.653008056833075,5.222666299500677,0.0003161693536854281,True,40,0.02642209535108992,0,-0.1798985476937323,0.016980274351168754,0.17876249601156965,-0.02995418109713957,-0.1841742098808828,0.05203338454697286,0.1693973807386762,-0.06663240340643135,-0.161918622056123,-9.8118190100758e-05,5.83749648264432e-11,0.0005672627382630128,0.003845884398151502,-0.009169444451369992,0.001697641517945315,-0.0008521590682323031,-0.00021552887512214601,0.0020609206083686913,0.0819567500760753,0.1561104514989416,-0.09611713459795643,-0.14676200809545709,0.11077407934109108,0.13646978581226268,-0.12347609004649665,5.5178094695478265e-05,-0.00013272691856503304,0.0005350882073457357,0.00035385802313801155,0.00022071322252547232,-0.00021262568407850029,-2.017027466196225e-05
expanded_target_aligned,0.0285333333333333,2.85333333333333,zero_nuisance_local_lnCn,1.514294239825719,4.546211459359255,1.5140738741474773,4.545209740763836,0.017089141816020587,True,38,0.017417960317534387,0,0.0,0.0,0.0,0.0,0.0,0.0,0.0,0.0,0.0,-0.0005370657185602778,1.6095702628487532e-10,0.00457879895210525,0.029056554534044918,-0.0585349150433823,0.013624354870409425,-0.007308670013839794,-0.0015541801005868263,0.016314985580651607,0.0,0.0,0.0,0.0,0.0,0.0,0.0,0.000549179686796398,-0.0038346081597043437,0.007419673853296327,0.0034947687317551557,0.0021919229883645974,-0.0011155312677163865,-5.2931740407885574e-05
expanded_target_aligned,0.0285333333333333,2.85333333333333,pooled_zero,1.6930438416630622,5.436001877454284,1.5144147712876104,4.546759453897146,0.017082296556022745,True,43,0.3783230915936396,0,0.0,0.0,0.0,0.0,0.0,0.0,0.0,0.0,0.0,-0.0012024996626263129,6.934979582041158e-11,0.004326419510809833,0.03269648102119305,-0.05954930109281655,0.01323027340744641,-0.006998466785845086,-0.00131971813447711,0.01717679684905443,0.0,0.0,0.0,0.0,0.0,0.0,0.0,0.0007414782134733119,-0.0035853004313360446,0.008311553261906234,0.0030187234685380942,0.0029744610301906628,0.0006471080977664035,0.00020114145492992598
expanded_target_aligned,0.0285333333333333,2.85333333333333,deterministic_plus,1.5942942398257192,4.924852080839582,1.5143078074852863,4.546273141227094,0.017073512919227166,True,39,0.0106472180911651,0,0.17878526487100935,-0.016980272247878812,-0.17388993201023417,0.06552045443479138,0.11563031096422269,-0.03712983026786405,-0.1772495369291832,0.06545116955410825,0.1816228077396742,-0.0010244295046235499,3.7695541298234545e-10,0.00436246929279839,0.03179474382159594,-0.05937940242504043,0.013188580084486536,-0.006960223668365573,-0.0009702357922289261,0.01762515303469527,-0.08118643871675343,-0.1598817165014619,0.10485400017188212,0.1502078846868808,-0.10769175937416268,-0.1363114418234244,0.12362050852796859,0.0007229834736068207,-0.003618707933825809,0.008245565147474637,0.003070839629412418,0.002904593331188385,0.0004917998021561245,0.0001764075874453065
expanded_target_aligned,0.0285333333333333,2.85333333333333,deterministic_minus,1.434294239825719,4.196682112264771,1.5142496949681,4.546008953527422,0.017083989024218992,True,38,0.12611788589207382,0,-0.18081315840314735,0.016980272072040094,0.18250125092064134,-0.002097741809604571,-0.23437499649622548,0.06354293459224386,0.1632482152374702,-0.06737826856947605,-0.14633050671973502,-0.0010313522111657215,1.8667955852822408e-10,0.004384694110891351,0.031543757647545814,-0.05942374564928382,0.013306263369185802,-0.007090975095895911,-0.00102124277832598,0.01753613020488071,0.08261497355831943,0.1526021610494547,-0.08845844965503594,-0.14401952788800898,0.11340758393773208,0.13703530620549217,-0.1232937542894668,0.0006034274999697582,-0.003788016017586639,0.007665689224669091,0.0033471995043860138,0.002394672974674728,-0.0006949426589528854,1.394259802441605e-05
expanded_target_aligned,0.0305,3.05,zero_nuisance_local_lnCn,1.5030205546966868,4.4952467228159465,1.5027636900863142,4.494092201302169,0.021773334225968905,True,37,0.022574476174653902,0,0.0,0.0,0.0,0.0,0.0,0.0,0.0,0.0,0.0,-0.0005884698445181792,2.4286591700420993e-10,0.005206518611873081,0.03285074289235829,-0.06508149343381311,0.015483117656005858,-0.008355138501873928,-0.0017776872145065035,0.01858991019600277,0.0,0.0,0.0,0.0,0.0,0.0,0.0,0.0006267551718524419,-0.004658541897356457,0.008718440656114886,0.004034101415584159,0.002500883605605836,-0.0012091082767468825,-6.120111072480323e-05
expanded_target_aligned,0.0305,3.05,pooled_zero,1.6930438416630622,5.436001877454284,1.5032139195940253,4.4961160297810325,0.02176235511181346,True,39,0.7492923581541729,0,0.0,0.0,0.0,0.0,0.0,0.0,0.0,0.0,0.0,-0.0014346909492221555,5.7775670780322874e-11,0.004886214057415352,0.037526674881200074,-0.06628846635672686,0.014990762639191293,-0.007955898227925985,-0.0015886256895746142,0.01955118801610158,0.0,0.0,0.0,0.0,0.0,0.0,0.0,0.0008989735961854913,-0.004303104263275784,0.009974370028852238,0.0033612519138320755,0.0036076941251616413,0.001271288752959177,0.00029911522459547695
expanded_target_aligned,0.0305,3.05,deterministic_plus,1.583020554696687,4.869642640834755,1.5030391964304275,4.495330522789538,0.02174993562166563,True,43,0.07619943927329689,0,0.17861979950200696,-0.016980271278953404,-0.17333488154379076,0.06988404619138937,0.10897103478533449,-0.035380183202119456,-0.1782228046319498,0.06541608981839896,0.184270265104706,-0.001191803395792595,1.0823454345179336e-10,0.004948146165404794,0.036202024937180576,-0.06607222313580441,0.014948502620727088,-0.007928729085420364,-0.0010488711043124368,0.02023464692691203,-0.08108608787299093,-0.1606808787443294,0.10627242641780243,0.1506933270493982,-0.10728851497642308,-0.13619243803778008,0.1236415138948808,0.0008242980502545961,-0.004409996413037052,0.00965942001639909,0.0035554377301366294,0.0033102576552852185,0.0006080410334308462,0.00019944122414710004
expanded_target_aligned,0.0305,3.05,deterministic_minus,1.4230205546966868,4.149635730872355,1.5029794265249348,4.495061845338525,0.021764185979962523,True,39,0.4476791496275825,0,-0.18097862377214974,0.016980273040965502,0.18305630138708476,0.0022658499469934285,-0.24103427267511368,0.06529258165798846,0.1622749475347036,-0.06741334830518535,-0.14368304935470322,-0.0012019317709797833,1.3842823124380986e-10,0.00496244636599181,0.035955661782507954,-0.06611987045122461,0.01508441112648793,-0.008080708899974117,-0.0011262641733360767,0.02011033576745427,0.08271532440208193,0.1518029988065872,-0.08704002340911562,-0.14353408552549157,0.11381082833547168,0.13715430999113648,-0.12327274892255459,0.0006924302580706678,-0.004598731784583868,0.0090300876468718,0.0038543537553550208,0.0027513499082459755,-0.0006814700087475375,2.0081953776388373e-05
expanded_target_aligned,0.0462333333333333,4.62333333333333,zero_nuisance_local_lnCn,1.4503342054720048,4.264539509474753,1.4489336004843478,4.258570755077052,0.0843889858380979,True,45,0.24567975685700238,0,0.0,0.0,0.0,0.0,0.0,0.0,0.0,0.0,0.0,-0.00040169974473148144,1.0915819216423253e-10,0.010947039120984084,0.06160114378735851,-0.11344346234116962,0.03204192813884426,-0.017878164343100862,-0.005875852745645473,0.035048290978188616,0.0,0.0,0.0,0.0,0.0,0.0,0.0,0.0010401003150739996,-0.013457304361532616,0.01984072765682375,0.00920344304934063,0.004120790534742019,-0.0029842913319654257,-0.0005006514793423084
expanded_target_aligned,0.0462333333333333,4.62333333333333,pooled_zero,1.6930438416630622,5.436001877454284,1.4506587948182046,4.265923958242482,0.08410234711934202,True,42,0.054334673394848716,0,0.0,0.0,0.0,0.0,0.0,0.0,0.0,0.0,0.0,-0.0036349554713434665,1.033992301695618e-10,0.009617356511810915,0.08047505633614495,-0.11873506588212952,0.030032271129799643,-0.01630445575476478,-0.004862157535357008,0.04099328944102228,0.0,0.0,0.0,0.0,0.0,0.0,0.0,0.002239771708289553,-0.011966573806674272,0.025560993598876126,0.006362713943945335,0.008973298972509732,0.008795247467048989,0.0010804360912465133
expanded_target_aligned,0.0462333333333333,4.62333333333333,deterministic_plus,1.5303342054720048,4.619720500202912,1.4498003054583735,4.262263279466199,0.08393492228428276,True,41,0.3116767539742219,0,0.17659223307268446,-0.0169802721233478,-0.16840049335619744,0.11155137687413418,0.05657067527370478,-0.020052567255581858,-0.1867644985202505,0.06195629108734355,0.20533767456634522,-0.0028638955131313356,3.18107158971219e-10,0.009642424893277941,0.07499563085553868,-0.11797898653002452,0.029935684453211094,-0.016487047944009618,-0.0022090812704911346,0.04444586619839229,-0.07985548785811324,-0.1683913959269441,0.12121385959831474,0.15384295709973209,-0.10236020585426268,-0.1304703609796,0.1242990328272286,0.0016870115969779278,-0.01274741665660958,0.023207019054699088,0.00770638880058528,0.006769988522438055,0.0028372105933052918,0.00034241276623751826
expanded_target_aligned,0.0462333333333333,4.62333333333333,deterministic_minus,1.3703342054720047,3.93666613100779,1.4495377943977732,4.261144535059964,0.08392895886024294,True,36,0.2695137890384639,0,-0.18300619020147224,0.016980272196571108,0.18799068957467807,0.043933180629738236,-0.29343463218674337,0.08062019760452606,0.1537332536464029,-0.07087314703624076,-0.12261563989306401,-0.002538957889395302,2.3073031831899117e-10,0.009739485055373717,0.07303652057237336,-0.11769752493502636,0.030113707248303152,-0.01664647323697742,-0.0016619122511190654,0.04516566079367393,0.08394592441695962,0.1440924816239725,-0.07209859022860332,-0.14038445547515768,0.11873913745763208,0.14287638704931657,-0.1226152299902068,0.0014953818001335547,-0.0130887576670176,0.022390930208120826,0.008098664528038459,0.00596994246533543,0.0010014269180405428,7.751136653485083e-05
expanded_target_aligned,0.0481999999999999,4.8199999999999905,zero_nuisance_local_lnCn,1.4468669975229334,4.249779067735761,1.445558623707371,4.244222403970974,0.09559330405712275,True,46,1.4078792734732317,0,0.0,0.0,0.0,0.0,0.0,0.0,0.0,0.0,0.0,-0.0006495333309815614,7.234926720397096e-11,0.011648424440757239,0.06686025101131578,-0.12082958718811514,0.034127121434302035,-0.019131167394799902,-0.0058925007659598756,0.038892821996538984,0.0,0.0,0.0,0.0,0.0,0.0,0.0,0.0011144923793194453,-0.014810778311890288,0.021650107180870185,0.009830826942187783,0.004421114014610288,-0.002864387397754095,-0.000544336629977259
expanded_target_aligned,0.0481999999999999,4.8199999999999905,pooled_zero,1.6930438416630622,5.436001877454284,1.447348045897239,4.251823908841765,0.09538192082836772,True,36,0.11636830344724082,0,0.0,0.0,0.0,0.0,0.0,0.0,0.0,0.0,0.0,-0.003928178196431377,2.8305143108887133e-11,0.010243147699803515,0.0861001245760513,-0.12517307989520343,0.03202499719558508,-0.01744257507898407,-0.005288065282826301,0.044197195213777615,0.0,0.0,0.0,0.0,0.0,0.0,0.0,0.002375056370730083,-0.013206681693394607,0.02760039932043807,0.0068496784347134776,0.009513498224374986,0.009670126649587612,0.0011209809832726755
expanded_target_aligned,0.0481999999999999,4.8199999999999905,deterministic_plus,1.5268669975229334,4.603730704553891,1.4464114379633792,4.247843481176416,0.09518344548462905,True,47,0.6957800955289978,0,0.17632645371417124,-0.016980271985323637,-0.16775136029123455,0.11656873983140237,0.05016638347452018,-0.018060795165811355,-0.1879588477613958,0.06206410546850275,0.2092282475935766,-0.0031026779282787784,8.426308632730959e-11,0.010272985660873838,0.08014986828697464,-0.12437426299945199,0.03191618142043444,-0.017643299060202327,-0.0023639909344672426,0.04801699640211325,-0.07991619340577143,-0.1698754240048955,0.12239614400586893,0.1548086754273124,-0.10259981222704198,-0.13158112041663658,0.12407833232443359,0.0017702639296624017,-0.01406413122117794,0.02502800124324908,0.00831092318745369,0.0071036344128218255,0.00304819375785717,0.00031324163821624674
expanded_target_aligned,0.0481999999999999,4.8199999999999905,deterministic_minus,1.3668669975229333,3.9230405259586383,1.446129174341004,4.246644638690907,0.09517633063603326,True,37,0.2645648767983821,0,-0.18327196955998545,0.01698027233459527,0.18863982263964096,0.04895054358700643,-0.299838923985928,0.08261196969429656,0.1525389044052576,-0.07076533265508156,-0.11872506686583262,-0.0027423186352047916,6.177762311506073e-11,0.01037442468484346,0.07805257831347126,-0.12405344958882743,0.032110897984134426,-0.01781086131654324,-0.0017841299397946206,0.04878934594339656,0.08388521886930143,0.1426084535460211,-0.07091630582104913,-0.13941873714757738,0.11849953108485278,0.14176562761227998,-0.1228359304930018,0.0015710296804948309,-0.014422535867548044,0.024184934848249063,0.008710103244734462,0.006272626089894328,0.0011457213422761425,3.742169457832051e-05
expanded_target_aligned,0.0501666666666666,5.01666666666666,zero_nuisance_local_lnCn,1.443819994614958,4.236849686492514,1.4425303791830975,4.231389301409541,0.10789630595881423,True,44,0.07677957937422143,0,0.0,0.0,0.0,0.0,0.0,0.0,0.0,0.0,0.0,-0.000447915855326008,1.8240012137648513e-10,0.012435013464006248,0.06957414564002867,-0.12595307485304935,0.03637627449286231,-0.020463473150288295,-0.006494678129676629,0.041000941222543,0.0,0.0,0.0,0.0,0.0,0.0,0.0,0.001070764249927579,-0.016318258487059922,0.022909157604534335,0.01073562648605759,0.004246339257195366,-0.0037329905744706232,-0.0007456435343559139
expanded_target_aligned,0.0501666666666666,5.01666666666666,pooled_zero,1.6930438416630622,5.436001877454284,1.4445758614914892,4.24005339146608,0.10752902819269472,True,44,0.21574779636200597,0,0.0,0.0,0.0,0.0,0.0,0.0,0.0,0.0,0.0,-0.0042436564104243865,1.4554898758316393e-10,0.010879471095982803,0.09183099228467015,-0.1316007432212433,0.03404610112562949,-0.01860378415267528,-0.005730725103671972,0.04751830063634912,0.0,0.0,0.0,0.0,0.0,0.0,0.0,0.0025016107943429495,-0.014510883672170977,0.029653925529833723,0.007360658268088682,0.010019214089031695,0.010509145339417145,0.0011467041177446904
expanded_target_aligned,0.0501666666666666,5.01666666666666,deterministic_plus,1.523819994614958,4.589724473060043,1.443523368246679,4.235593111532913,0.10729746721258172,True,34,0.7845686801310416,0,0.17625927014883036,-0.016980272820421163,-0.16715498421619376,0.12059107143018377,0.04392255447993859,-0.016148703221019856,-0.1891299785262054,0.06256770608522816,0.21379652401839752,-0.003293993047381177,1.336202886897605e-10,0.010903192108895137,0.08530634488480766,-0.13038893234582835,0.0339757252527323,-0.01882475315667204,-0.002504760185017337,0.05176616986088382,-0.07992564695802314,-0.1713908598715066,0.12389294813580583,0.15564928060447988,-0.10263847456647449,-0.13220809949845477,0.12391893175624889,0.0018026461726146632,-0.015488524822116132,0.026668582674483274,0.009024828450659843,0.0072310634553143975,0.0028432311323898303,0.00021167833743181678
expanded_target_aligned,0.0501666666666666,5.01666666666666,deterministic_minus,1.3638199946149578,3.9111052027843325,1.4432562466224244,4.234461844120999,0.10728692414225416,True,40,1.381780074176731,0,-0.18333915312532634,0.016980271499497743,0.18923619871468175,0.05297287518578783,-0.3060827529805096,0.08452406163908806,0.151367773640448,-0.07026173203835615,-0.11415679044101171,-0.002954353595166916,-2.0221511885811803e-11,0.011017565147044335,0.08312747880770778,-0.13039174966122977,0.03413280193864653,-0.018995917946164113,-0.0019148214038635697,0.052541932192587175,0.08387576531704972,0.14109301767941002,-0.06941950169111223,-0.13857813197040988,0.11846086874542028,0.1411386485304618,-0.1229953310611865,0.001640133451233715,-0.01581841874353851,0.026002003936438867,0.009336477053648241,0.006548885965563977,0.0012791066433996824,-1.4821797373579497e-05
expanded_target_aligned,0.06,6.0,zero_nuisance_local_lnCn,1.435644318200742,4.20235178842379,1.434531833278525,4.197679334920249,0.18317199696381545,True,46,0.8400500853891285,0,0.0,0.0,0.0,0.0,0.0,0.0,0.0,0.0,0.0,-0.00032130461545686875,-9.498854259886248e-11,0.01637804821998536,0.08879516510808294,-0.15602578313997323,0.04780182986290408,-0.027368254822409743,-0.008509003531147237,0.056678306477439246,0.0,0.0,0.0,0.0,0.0,0.0,0.0,0.0009603861426536184,-0.024651930298031574,0.030709681988564403,0.014965752484506175,0.003816798508451998,-0.006287963777120674,-0.0016762836183685903
expanded_target_aligned,0.06,6.0,pooled_zero,1.6930438416630622,5.436001877454284,1.4373700449725861,4.209610160592,0.1822856368886607,True,39,0.747995689736168,0,0.0,0.0,0.0,0.0,0.0,0.0,0.0,0.0,0.0,-0.005829756648254261,9.053116932446472e-11,0.01419551345040656,0.12105509216748488,-0.16372054353613746,0.0445458773062075,-0.024754544853091337,-0.007867617959271345,0.06651017064206757,0.0,0.0,0.0,0.0,0.0,0.0,0.0,0.002916279545664364,-0.02211372168514846,0.03975978381927479,0.010408320530655577,0.011679684151109159,0.013312297210929493,0.0009328101561221884
expanded_target_aligned,0.06,6.0,deterministic_plus,1.515644318200742,4.552353346220227,1.4382505025439762,4.213318175866016,0.18285358139334046,True,37,1.1928984240370393,0,0.17569927212639014,-0.016980269661042116,-0.16476371999783787,0.13987793726177078,0.01647566059133418,-0.008028499106968054,-0.1936561802360163,0.062350856709516456,0.22956208582521342,-0.005950886826992067,4.9831877626488283e-11,0.014200726155747358,0.12451533077357799,-0.16438035481616403,0.04494934695893986,-0.02452585773709556,-0.011159441378210422,0.06136838965784991,-0.07999526756600044,-0.1773852113032635,0.12960293438940293,0.15867761220529758,-0.10292138935668188,-0.13423187062992448,0.1232664455991005,0.0036211959613121065,-0.020509756208113558,0.04216727964945828,0.008538738186329893,0.014992678237343442,0.02268815116030116,0.0019242627995270923
expanded_target_aligned,0.06,6.0,deterministic_minus,1.3556443182007418,3.879259629161114,1.4356349143455178,4.202312270301784,0.18184219668040785,True,39,0.48045204992801305,0,-0.18389915114776656,0.01698027465887679,0.19162746293303765,0.07225974101737483,-0.333529646869114,0.09264426575313986,0.1468415719306371,-0.07047858141406785,-0.09839122863419582,-0.004053732615335593,8.346165869321289e-11,0.01434122923609994,0.10943487999441362,-0.16203597409580486,0.044619035139065906,-0.02522073253475976,-0.0027307948298407225,0.07337931796976241,0.08380614470907242,0.1350986662476531,-0.06370951543751513,-0.1355498003695922,0.11817795395521288,0.1391148773989921,-0.1236478172183349,0.0018876489408682646,-0.02373797273129972,0.03545565784536645,0.01264802523792263,0.007538364634837989,0.0019284916729596154,-0.0004606558108491065
shared_generic,0.0068999999999999,0.6899999999999901,dense_nearest_MAP,1.8289733058796032,6.227489648193561,1.8289733074842018,6.227489658186183,4.753374028821701,True,10,0.00019607503506164866,0,0.0411068391307292,-0.0347974412519588,0.017911038820994,-0.2614372721741519,0.0448062948413329,0.0256452281055147,-0.0413364535873139,0.1334232597587002,-0.3069771604658536,0.0411068402050322,-0.034797439893191597,0.01791103853996681,-0.2614372696078467,0.0448062943776374,0.025645227813191406,-0.04133645406759407,0.13342326369475374,-0.3069771481977028,-0.369922879048302,-0.4695516560078627,-1.6674787307188066,0.5238337490190933,0.0,0.0,0.0,-0.3699228784163248,-0.46955164981434944,-1.6674785521683766,0.5238337392167421,0.0,0.0,0.0
shared_generic,0.0068999999999999,0.6899999999999901,dense_zero_nuisance,1.8289733058796032,6.227489648193561,1.8289728047041072,6.22748652712913,4.75337402923589,True,12,6.081777038919824e-06,0,0.0,0.0,0.0,0.0,0.0,0.0,0.0,0.0,0.0,0.04110735111477426,-0.03479781461008017,0.017911042674011116,-0.261440919232137,0.04480679380785282,0.02564536581776898,-0.04133677220305589,0.13342583749216505,-0.30697823654609946,0.0,0.0,0.0,0.0,0.0,0.0,0.0,-0.3699274546882433,-0.4695509494918003,-1.6674704142835635,0.5238391445672235,0.0,0.0,0.0
shared_generic,0.0088666666666666,0.8866666666666599,dense_nearest_MAP,1.7693384746110603,5.866970927135302,1.7693384745821226,5.866970926965525,1.739673948744836,True,9,6.340546546009968e-05,0,0.0265624713697657,-0.0226654828648149,0.0101452465377238,-0.1733271172898062,0.0276944253648221,0.0144348708040111,-0.0231112849190587,0.0685832934421726,-0.2146346681835912,0.026562471365750476,-0.022665482858434723,0.010145246539252478,-0.17332711728981015,0.02769442535424703,0.014434870805773532,-0.02311128491143972,0.06858329345925102,-0.21463466817125115,-0.2151944963722997,-0.2298135480368595,-1.0037161356743551,0.3696188955741447,0.0,0.0,0.0,-0.21519449637638885,-0.22981354803419668,-1.0037161353123396,0.369618895594349,0.0,0.0,0.0
shared_generic,0.0088666666666666,0.8866666666666599,dense_zero_nuisance,1.7693384746110603,5.866970927135302,1.76933817249629,5.866969154636996,1.7396739488448614,True,9,7.28823053472164e-06,0,0.0,0.0,0.0,0.0,0.0,0.0,0.0,0.0,0.0,0.026562772846767807,-0.02266575141180697,0.010145368535622548,-0.17332958504030724,0.027694608079232953,0.014434871344056367,-0.0231110477738073,0.06858453378308141,-0.21463586009350624,0.0,0.0,0.0,0.0,0.0,0.0,0.0,-0.21519610236043926,-0.22981297292640568,-1.0037119169334343,0.3696242183805594,0.0,0.0,0.0
shared_generic,0.008501011645201955,0.8501011645201956,dense_nearest_MAP,1.7693384746110603,5.866970927135302,1.7791040098726283,5.924545705311976,2.15715081625341,True,6,9.746131363354134e-06,0,0.0265624713697657,-0.0226654828648149,0.0101452465377238,-0.1733271172898062,0.0276944253648221,0.0144348708040111,-0.0231112849190587,0.0685832934421726,-0.2146346681835912,0.029295428518536264,-0.024961354374539158,0.011435296644053012,-0.19040139924928018,0.030762640551838548,0.016290344508544097,-0.026108672596583827,0.07859870355911314,-0.23404771178992304,-0.2151944963722997,-0.2298135480368595,-1.0037161356743551,0.3696188955741447,0.0,0.0,0.0,-0.24126473687735583,-0.2659481817272677,-1.1185626749619575,0.4029296198972397,0.0,0.0,0.0
shared_generic,0.008501011645201955,0.8501011645201956,dense_zero_nuisance,1.7693384746110603,5.866970927135302,1.7791040296705847,5.924545822605875,2.1571508162214,True,10,3.6955151884672006e-06,0,0.0,0.0,0.0,0.0,0.0,0.0,0.0,0.0,0.0,0.02929537264892453,-0.024961310243671812,0.011435294870676444,-0.19040097221529464,0.030762603641474758,0.01629034297559128,-0.026108668156855395,0.07859892778382281,-0.23404712193588295,0.0,0.0,0.0,0.0,0.0,0.0,0.0,-0.2412648495891586,-0.2659485818079528,-1.1185630955379302,0.4029280948741026,0.0,0.0,0.0
shared_generic,0.008382778668442569,0.8382778668442569,dense_nearest_MAP,1.7693384746110603,5.866970927135302,1.7823743993307946,5.943952994530622,2.3045175344893134,True,7,4.500291156844821e-06,0,0.0265624713697657,-0.0226654828648149,0.0101452465377238,-0.1733271172898062,0.0276944253648221,0.0144348708040111,-0.0231112849190587,0.0685832934421726,-0.2146346681835912,0.030179084689933546,-0.02570224081341683,0.011866145804498464,-0.1958799427975586,0.0317668349514286,0.016910742564802766,-0.02711274674726711,0.08201045247033639,-0.24016009030397373,-0.2151944963722997,-0.2298135480368595,-1.0037161356743551,0.3696188955741447,0.0,0.0,0.0,-0.24993164995054132,-0.27835235146617415,-1.1564535994520646,0.413365173768451,0.0,0.0,0.0
shared_generic,0.008382778668442569,0.8382778668442569,dense_zero_nuisance,1.7693384746110603,5.866970927135302,1.7823743989146295,5.943952992056956,2.304517534490239,True,10,4.65733012022831e-06,0,0.0,0.0,0.0,0.0,0.0,0.0,0.0,0.0,0.0,0.03017908674703537,-0.02570224230980246,0.011866145228866443,-0.1958799540958291,0.03176683597395661,0.016910745535157222,-0.027112747104638218,0.08201044625318067,-0.24016010771559876,0.0,0.0,0.0,0.0,0.0,0.0,0.0,-0.24993164753556782,-0.27835234711270085,-1.1564535856533456,0.4133652149277075,0.0,0.0,0.0
shared_generic,0.008386403106555616,0.8386403106555615,dense_nearest_MAP,1.7693384746110603,5.866970927135302,1.7822732952656015,5.943352067098174,2.299906859520293,True,7,4.405026383463404e-06,0,0.0265624713697657,-0.0226654828648149,0.0101452465377238,-0.1733271172898062,0.0276944253648221,0.0144348708040111,-0.0231112849190587,0.0685832934421726,-0.2146346681835912,0.030151999353368746,-0.025679541906679964,0.011852836498894815,-0.19571232930903248,0.031735963004185144,0.016891575796404844,-0.027081706955088315,0.0819045593538478,-0.23997399219579138,-0.2151944963722997,-0.2298135480368595,-1.0037161356743551,0.3696188955741447,0.0,0.0,0.0,-0.24966418660025982,-0.2779666687507029,-1.1552864157080969,0.4130478645256359,0.0,0.0,0.0
shared_generic,0.008386403106555616,0.8386403106555615,dense_zero_nuisance,1.7693384746110603,5.866970927135302,1.782273294666552,5.943352063537811,2.299906859521523,True,10,4.624760860352926e-06,0,0.0,0.0,0.0,0.0,0.0,0.0,0.0,0.0,0.0,0.03015200139906357,-0.02567954340250036,0.011852837012508367,-0.19571234440329247,0.03173596431959697,0.016891575867325138,-0.027081707272857865,0.08190455180835053,-0.23997401545198335,0.0,0.0,0.0,0.0,0.0,0.0,0.0,-0.24966418291244236,-0.2779666596976646,-1.155286397951875,0.4130479212974904,0.0,0.0,0.0
shared_generic,0.00838632988909683,0.8386329889096831,dense_nearest_MAP,1.7693384746110603,5.866970927135302,1.7822753372212383,5.94336420317182,2.2999999411911354,True,7,4.40870603164989e-06,0,0.0265624713697657,-0.0226654828648149,0.0101452465377238,-0.1733271172898062,0.0276944253648221,0.0144348708040111,-0.0231112849190587,0.0685832934421726,-0.2146346681835912,0.030152544629438192,-0.025679999426974826,0.011853098436086906,-0.19571571466787696,0.03173658606531726,0.016891956751357136,-0.027082330238832233,0.08190669739382084,-0.2399777526979121,-0.2151944963722997,-0.2298135480368595,-1.0037161356743551,0.3696188955741447,0.0,0.0,0.0,-0.24966958838115272,-0.2779744564988384,-1.1553099906551432,0.4130542765288442,0.0,0.0,0.0
shared_generic,0.00838632988909683,0.8386329889096831,dense_zero_nuisance,1.7693384746110603,5.866970927135302,1.7822753365645714,5.943364199269008,2.299999941192336,True,10,4.625321409526691e-06,0,0.0,0.0,0.0,0.0,0.0,0.0,0.0,0.0,0.0,0.030152547818795377,-0.025680001368455014,0.011853103218456349,-0.1957157300960228,0.0317365881020963,0.016891960714585166,-0.02708233283904676,0.08190668989809685,-0.23997777512248872,0.0,0.0,0.0,0.0,0.0,0.0,0.0,-0.2496695850611105,-0.2779744475762182,-1.1553099729210496,0.4130543327760091,0.0,0.0,0.0
shared_generic,0.008386304888677514,0.8386304888677514,dense_nearest_MAP,1.7693384746110603,5.866970927135302,1.7822760342356956,5.943368345784037,2.300031724887127,True,7,4.409288103450116e-06,0,0.0265624713697657,-0.0226654828648149,0.0101452465377238,-0.1733271172898062,0.0276944253648221,0.0144348708040111,-0.0231112849190587,0.0685832934421726,-0.2146346681835912,0.030152732801285775,-0.025680156692539882,0.011853193451612721,-0.19571687203446742,0.031736800306892944,0.016892093331265345,-0.027082546070939524,0.08190742926212259,-0.23997903657296657,-0.2151944963722997,-0.2298135480368595,-1.0037161356743551,0.3696188955741447,0.0,0.0,0.0,-0.24967143298368064,-0.2779771156883755,-1.155318040008716,0.41305646579376376,0.0,0.0,0.0
shared_generic,0.008386304888677514,0.8386304888677514,dense_zero_nuisance,1.7693384746110603,5.866970927135302,1.7822760338251242,5.94336834334386,2.3000317248883273,True,10,4.625093767960825e-06,0,0.0,0.0,0.0,0.0,0.0,0.0,0.0,0.0,0.0,0.03015273452032659,-0.025680158267830436,0.011853194013010883,-0.19571688622039896,0.03173680026065279,0.016892092337824585,-0.02708254831004449,0.08190741905306109,-0.2399790591460075,0.0,0.0,0.0,0.0,0.0,0.0,0.0,-0.2496714296739774,-0.27797710671448606,-1.1553180227378852,0.41305652191863335,0.0,0.0,0.0
shared_generic,0.0167333333333333,1.6733333333333302,dense_nearest_MAP,1.6490148964128202,5.201852938346618,1.6490149081014045,5.201852999148915,1.4787707149330886,True,9,2.8622159183359397e-05,0,-0.03378169371070208,0.15511510132534012,-0.03261413084008479,0.17065036844854606,-0.041685820505269505,0.0028298817851017256,0.017112362041278927,-0.039556010096978934,0.24047628083098058,-0.03378165506055399,0.15511495550897397,-0.03261409593107559,0.1706501653104513,-0.041685796102830915,0.0028298680742183746,0.017112361921242634,-0.03955630877619667,0.24047543656849804,0.17858517785992073,0.10164257442729382,0.9127559879762105,-0.3787554895863761,0.0,0.0,0.0,0.17858515094457866,0.10164278123038376,0.9127572876449154,-0.37875315818206884,0.0,0.0,0.0
shared_generic,0.0167333333333333,1.6733333333333302,dense_zero_nuisance,1.6490148964128202,5.201852938346618,1.649015035499974,5.201853661857588,1.478770714982063,True,10,4.465402203657712e-06,0,0.0,0.0,0.0,0.0,0.0,0.0,0.0,0.0,0.0,-0.03378162811384609,0.15511505742003975,-0.03261392612126751,0.17065022396737942,-0.04168587996981261,0.002829875152740805,0.017112337120125293,-0.03955686671777294,0.2404734654810271,0.0,0.0,0.0,0.0,0.0,0.0,0.0,0.17858452599719252,0.10164321333216328,0.9127601192280123,-0.3787484745300932,0.0,0.0,0.0
shared_generic,0.0186999999999999,1.8699999999999901,dense_nearest_MAP,1.6352275164065582,5.130625165648206,1.6352274360192973,5.130624753211319,2.978722035341635,True,10,4.001453424971609e-05,0,-0.04870339414638805,0.22526825645924942,-0.04522563427711501,0.2501242889968325,-0.059508730281336214,0.004702408495279822,0.023112637843165085,-0.0507774644893743,0.3478141960241683,-0.04870326841868969,0.22526762227165037,-0.045225591980305055,0.25012356119884777,-0.05950865593744911,0.004702375847730833,0.023112642898965072,-0.05077790640795232,0.3478132379153928,0.249741695120984,0.12245157861768802,1.2952590551688337,-0.5290749632519446,0.0,0.0,0.0,0.24974200899899715,0.1224520855555425,1.2952601991590538,-0.5290715388434472,0.0,0.0,0.0
shared_generic,0.0186999999999999,1.8699999999999901,dense_zero_nuisance,1.6352275164065582,5.130625165648206,1.635227434214155,5.130624743949811,2.9787220355910056,True,12,8.818210682321873e-06,0,0.0,0.0,0.0,0.0,0.0,0.0,0.0,0.0,0.0,-0.048703083201404804,0.2252668850510451,-0.04522530709115414,0.25012292916355167,-0.0595086866917925,0.004702367381916025,0.023112557818761578,-0.05077903537975577,0.3478113585735547,0.0,0.0,0.0,0.0,0.0,0.0,0.0,0.24974294231169558,0.12245398419003425,1.2952642405335142,-0.5290634868184482,0.0,0.0,0.0
shared_generic,0.017810091117840356,1.7810091117840356,dense_nearest_MAP,1.6352275164065582,5.130625165648206,1.6410140501553092,5.1603997640998776,2.2469551102918137,True,12,3.0836230070945484e-05,0,-0.04870339414638805,0.22526825645924942,-0.04522563427711501,0.2501242889968325,-0.059508730281336214,0.004702408495279822,0.023112637843165085,-0.0507774644893743,0.3478141960241683,-0.041993251188839474,0.19362481088215533,-0.039670455811771525,0.21409525897169088,-0.05154833366115443,0.003814902101968536,0.0205148620341219,-0.04615764984426908,0.29960940832753513,0.249741695120984,0.12245157861768802,1.2952590551688337,-0.5290749632519446,0.0,0.0,0.0,0.21830839331493812,0.11450558194279244,1.1250761531719902,-0.46338104549862785,0.0,0.0,0.0
shared_generic,0.017810091117840356,1.7810091117840356,dense_zero_nuisance,1.6352275164065582,5.130625165648206,1.6410140425655027,5.160399724933442,2.246955110276619,True,12,3.408665081210716e-05,0,0.0,0.0,0.0,0.0,0.0,0.0,0.0,0.0,0.0,-0.041993268318150374,0.19362485968238977,-0.0396705043522421,0.21409527250527483,-0.05154832052034673,0.0038149000178349544,0.02051487752055578,-0.046157519701983354,0.29960957025172175,0.0,0.0,0.0,0.0,0.0,0.0,0.0,0.21830827122745355,0.11450531804047401,1.1250755592754718,-0.46338180870505813,0.0,0.0,0.0
shared_generic,0.01787459952468563,1.787459952468563,dense_nearest_MAP,1.6352275164065582,5.130625165648206,1.6405702808384346,5.158110245068485,2.2971461825372184,True,12,3.254034499365152e-05,0,-0.04870339414638805,0.22526825645924942,-0.04522563427711501,0.2501242889968325,-0.059508730281336214,0.004702408495279822,0.023112637843165085,-0.0507774644893743,0.3478141960241683,-0.04248161896203256,0.1959228032704387,-0.04008094223017695,0.2167016977017965,-0.05213081336354924,0.0038770051926482712,0.020709287140746574,-0.04651699281791078,0.30312281326161616,0.249741695120984,0.12245157861768802,1.2952590551688337,-0.5290749632519446,0.0,0.0,0.0,0.2206273560055265,0.11515758402054595,1.1375667355421333,-0.46827312382726494,0.0,0.0,0.0
shared_generic,0.01787459952468563,1.787459952468563,dense_zero_nuisance,1.6352275164065582,5.130625165648206,1.6405702765757413,5.158110223081043,2.2971461825197155,True,12,3.7754331316713646e-05,0,0.0,0.0,0.0,0.0,0.0,0.0,0.0,0.0,0.0,-0.0424816443958274,0.19592289555819484,-0.040081001046495514,0.2167017538929493,-0.052130802274323595,0.0038770097309287076,0.02070930039314472,-0.04651681693276882,0.3031230576847823,0.0,0.0,0.0,0.0,0.0,0.0,0.0,0.220627199036803,0.11515724949803736,1.1375659849806465,-0.46827419695809297,0.0,0.0,0.0
shared_generic,0.01787825205467085,1.787825205467085,dense_nearest_MAP,1.6352275164065582,5.130625165648206,1.6405452705412038,5.15798124081133,2.3000016907897014,True,12,3.263370969462766e-05,0,-0.04870339414638805,0.22526825645924942,-0.04522563427711501,0.2501242889968325,-0.059508730281336214,0.004702408495279822,0.023112637843165085,-0.0507774644893743,0.3478141960241683,-0.0425092577687841,0.1960528936584325,-0.0401041485037611,0.21684929582764792,-0.05216376661419851,0.003880547336672888,0.020720260881267168,-0.04653722155666637,0.30332165165447816,0.249741695120984,0.12245157861768802,1.2952590551688337,-0.5290749632519446,0.0,0.0,0.0,0.2207584622921481,0.11519412813292464,1.1382732229022192,-0.4685495111444498,0.0,0.0,0.0
shared_generic,0.01787825205467085,1.787825205467085,dense_zero_nuisance,1.6352275164065582,5.130625165648206,1.6405452664095066,5.1579812195001145,2.30000169077207,True,12,3.797248606218572e-05,0,0.0,0.0,0.0,0.0,0.0,0.0,0.0,0.0,0.0,-0.042509286294298364,0.19605298841305746,-0.04010420558800299,0.21684935522849544,-0.05216375651709616,0.0038805389256595865,0.020720281613378997,-0.04653704321326449,0.30332190133036485,0.0,0.0,0.0,0.0,0.0,0.0,0.0,0.22075830325398527,0.115193789014549,1.138272462687311,-0.46855060359182527,0.0,0.0,0.0
shared_generic,0.017878227053776934,1.7878227053776934,dense_nearest_MAP,1.6352275164065582,5.130625165648206,1.6405454418108074,5.157982124216809,2.299982140403075,True,12,3.2632250488899576e-05,0,-0.04870339414638805,0.22526825645924942,-0.04522563427711501,0.2501242889968325,-0.059508730281336214,0.004702408495279822,0.023112637843165085,-0.0507774644893743,0.3478141960241683,-0.04250906907764564,0.19605200338138656,-0.04010398975263271,0.21684828567251022,-0.0521635413656528,0.0038805204059055545,0.02072018647314033,-0.04653708585224426,0.3033202906888271,0.249741695120984,0.12245157861768802,1.2952590551688337,-0.5290749632519446,0.0,0.0,0.0,0.22075756523268117,0.11519387843818155,1.1382683872146337,-0.4685476193335758,0.0,0.0,0.0
shared_generic,0.017878227053776934,1.7878227053776934,dense_zero_nuisance,1.6352275164065582,5.130625165648206,1.6405454375054003,5.157982102009596,2.2999821403854224,True,12,3.797284483308101e-05,0,0.0,0.0,0.0,0.0,0.0,0.0,0.0,0.0,0.0,-0.042509096951147636,0.1960520978908488,-0.0401040469605647,0.21684834458433833,-0.052163530755748616,0.00388051487233046,0.020720205597990534,-0.0465369047473457,0.3033205405220938,0.0,0.0,0.0,0.0,0.0,0.0,0.0,0.2207574062073194,0.11519353898917586,1.1382676271712864,-0.4685487120716486,0.0,0.0,0.0
shared_generic,0.0049333333333333,0.49333333333333,dense_nearest_MAP,1.9142547586577998,6.781882773833554,1.9142547587764256,6.781882774638061,10.37506136618552,True,10,0.0004924980408603316,0,0.05389303304711559,-0.04518303410018727,0.028206479172472973,-0.32817544403597965,0.06268042918744034,0.040645330022119515,-0.06597301723042279,0.23515279450059548,-0.34722093701355283,0.053893033027157734,-0.045183034053763727,0.028206479175671543,-0.3281754438740639,0.06268042915325615,0.04064533002236627,-0.06597301724341141,0.23515279463336405,-0.3472209366496669,-0.5697028506914655,-0.8619416272002572,-2.4769445714359124,0.5674596458517926,0.0,0.0,0.0,-0.5697028506426712,-0.8619416268426745,-2.4769445659361735,0.5674596452481632,0.0,0.0,0.0
shared_generic,0.0049333333333333,0.49333333333333,dense_zero_nuisance,1.9142547586577998,6.781882773833554,1.9142538869084949,6.781876861734537,10.375061367601486,True,13,2.4102148506494368e-05,0,0.0,0.0,0.0,0.0,0.0,0.0,0.0,0.0,0.0,0.05389379156066441,-0.04518369401225078,0.028206648906414323,-0.3281807079028983,0.06268113555562387,0.040645683568508686,-0.06597367530568145,0.23515972900971072,-0.34722194044469634,0.0,0.0,0.0,0.0,0.0,0.0,0.0,-0.5697131334454522,-0.8619393882031915,-2.476929836322376,0.5674626090379367,0.0,0.0,0.0
shared_generic,0.006467384144527755,0.6467384144527755,dense_nearest_MAP,1.8289733058796032,6.227489648193561,1.8449431599973565,6.327740111415429,5.716274363729875,True,9,8.998717271064257e-06,0,0.0411068391307292,-0.0347974412519588,0.017911038820994,-0.2614372721741519,0.0448062948413329,0.0256452281055147,-0.0413364535873139,0.1334232597587002,-0.3069771604658536,0.04416467139708232,-0.03731512481634719,0.01992699123071897,-0.27878459750803297,0.048729378021560264,0.028569915183536087,-0.04612921257372866,0.15202877165094178,-0.32171034332359955,-0.369922879048302,-0.4695516560078627,-1.6674787307188066,0.5238337490190933,0.0,0.0,0.0,-0.40944650512658465,-0.5401664832271328,-1.8309303831265822,0.5460510408270085,0.0,0.0,0.0
shared_generic,0.006467384144527755,0.6467384144527755,dense_zero_nuisance,1.8289733058796032,6.227489648193561,1.8449431397372775,6.327739983214916,5.716274363782213,True,12,1.3536781490529946e-05,0,0.0,0.0,0.0,0.0,0.0,0.0,0.0,0.0,0.0,0.044164720961476826,-0.03731516344130323,0.01992699403130715,-0.2787849812300098,0.04872941586429942,0.02856991468010013,-0.04612921509347422,0.15202858755165544,-0.3217108422391072,0.0,0.0,0.0,0.0,0.0,0.0,0.0,-0.40944643019149635,-0.5401661314854133,-1.830930109928994,0.5460523277816567,0.0,0.0,0.0
shared_generic,0.006351629243269541,0.6351629243269541,dense_nearest_MAP,1.8289733058796032,6.227489648193561,1.8494395123764151,6.3562559212417,5.996542860072485,True,9,1.3881701346311852e-05,0,0.0411068391307292,-0.0347974412519588,0.017911038820994,-0.2614372721741519,0.0448062948413329,0.0256452281055147,-0.0413364535873139,0.1334232597587002,-0.3069771604658536,0.04496545390346249,-0.03797188409741705,0.02048812005109274,-0.2832250744056048,0.04978392592022197,0.029384962030628136,-0.04746668012458922,0.15733131381108928,-0.3251733518060354,-0.369922879048302,-0.4695516560078627,-1.6674787307188066,0.5238337490190933,0.0,0.0,0.0,-0.4204111538323234,-0.5603999765544188,-1.8759266408403492,0.5509763757884371,0.0,0.0,0.0
shared_generic,0.006351629243269541,0.6351629243269541,dense_zero_nuisance,1.8289733058796032,6.227489648193561,1.8494395031439435,6.356255862557747,5.996542860098107,True,12,1.5922137038772848e-05,0,0.0,0.0,0.0,0.0,0.0,0.0,0.0,0.0,0.0,0.04496547612521783,-0.03797190183038228,0.02048811695904715,-0.2832252481484699,0.04978394318199078,0.029384960717232546,-0.04746668424348739,0.15733123110827582,-0.32517357777690575,0.0,0.0,0.0,0.0,0.0,0.0,0.0,-0.4204111215477386,-0.5603998255255295,-1.875926517868382,0.5509769576397925,0.0,0.0,0.0
shared_generic,0.006354331538145777,0.6354331538145777,dense_nearest_MAP,1.8289733058796032,6.227489648193561,1.8493334042284761,6.3555815064791545,5.98988550956989,True,9,1.375147298011598e-05,0,0.0411068391307292,-0.0347974412519588,0.017911038820994,-0.2614372721741519,0.0448062948413329,0.0256452281055147,-0.0413364535873139,0.1334232597587002,-0.3069771604658536,0.044946854545932884,-0.0379566419831102,0.020474912375289093,-0.283122471831589,0.049759291589114026,0.029365775457340374,-0.04743518556385802,0.15720589562180617,-0.3250949715344103,-0.369922879048302,-0.4695516560078627,-1.6674787307188066,0.5238337490190933,0.0,0.0,0.0,-0.4201532444693155,-0.5599208965439417,-1.8748699142887115,0.5508666454964353,0.0,0.0,0.0
shared_generic,0.006354331538145777,0.6354331538145777,dense_zero_nuisance,1.8289733058796032,6.227489648193561,1.8493333947107227,6.355581445988296,5.9898855095963786,True,12,1.5868223193842038e-05,0,0.0,0.0,0.0,0.0,0.0,0.0,0.0,0.0,0.0,0.04494687739563415,-0.037956661213501226,0.020474915481863122,-0.2831226513677054,0.04975930850555249,0.02936577296122197,-0.047435187121038745,0.15720580980930204,-0.325095205816796,0.0,0.0,0.0,0.0,0.0,0.0,0.0,-0.4201532109132773,-0.5599207391333222,-1.8748697869469277,0.5508672488069666,0.0,0.0,0.0
shared_generic,0.006354285065167894,0.6354285065167894,dense_nearest_MAP,1.8289733058796032,6.227489648193561,1.8493352285968385,6.355593101411555,5.989999953250458,True,9,1.3754642998221745e-05,0,0.0411068391307292,-0.0347974412519588,0.017911038820994,-0.2614372721741519,0.0448062948413329,0.0256452281055147,-0.0413364535873139,0.1334232597587002,-0.3069771604658536,0.04494717406113778,-0.03795690512136542,0.020475138410703385,-0.28312423622292027,0.049759714523825924,0.029366103725866663,-0.04743572836806566,0.15720805184183667,-0.3250963207206335,-0.369922879048302,-0.4695516560078627,-1.6674787307188066,0.5238337490190933,0.0,0.0,0.0,-0.42015767925402453,-0.5599291327614062,-1.8748880848507279,0.5508685350136,0.0,0.0,0.0
shared_generic,0.006354285065167894,0.6354285065167894,dense_zero_nuisance,1.8289733058796032,6.227489648193561,1.8493352190780556,6.355593040914045,5.989999953276888,True,12,1.5869203380419527e-05,0,0.0,0.0,0.0,0.0,0.0,0.0,0.0,0.0,0.0,0.04494719692908237,-0.037956923069748766,0.020475135234861695,-0.2831244160292972,0.04975973182866433,0.029366102727483523,-0.047435731391858214,0.15720796560418157,-0.3250965543272784,0.0,0.0,0.0,0.0,0.0,0.0,0.0,-0.42015764576841635,-0.5599289755749637,-1.8748879576740325,0.5508691377927786,0.0,0.0,0.0
shared_generic,0.0063542600648501795,0.6354260064850179,dense_nearest_MAP,1.8289733058796032,6.227489648193561,1.8493362099965018,6.355599338791547,5.990061519346412,True,9,1.3755173222471507e-05,0,0.0411068391307292,-0.0347974412519588,0.017911038820994,-0.2614372721741519,0.0448062948413329,0.0256452281055147,-0.0413364535873139,0.1334232597587002,-0.3069771604658536,0.04494734585334964,-0.037957045934619106,0.020475260250725547,-0.2831251858049302,0.04975994238219677,0.02936628026589335,-0.047436017817070054,0.1572092112558449,-0.32509704600803935,-0.369922879048302,-0.4695516560078627,-1.6674787307188066,0.5238337490190933,0.0,0.0,0.0,-0.42016006470308176,-0.5599335636233161,-1.8748978599493051,0.5508695511545454,0.0,0.0,0.0
shared_generic,0.0063542600648501795,0.6354260064850179,dense_zero_nuisance,1.8289733058796032,6.227489648193561,1.8493362005222518,6.355599278577009,5.9900615193728575,True,12,1.5870256088428175e-05,0,0.0,0.0,0.0,0.0,0.0,0.0,0.0,0.0,0.0,0.0449473691766317,-0.03795706457773384,0.020475260365083285,-0.2831253652267138,0.049759959454731564,0.029366280985758452,-0.04743601960533942,0.15720912602995674,-0.3250972803400118,0.0,0.0,0.0,0.0,0.0,0.0,0.0,-0.42016003125908946,-0.559933406617718,-1.8748977326545075,0.5508701538852511,0.0,0.0,0.0
shared_generic,0.0206666666666666,2.06666666666666,dense_nearest_MAP,1.6248308201229738,5.07755994354461,1.6248308201229738,5.07755994354461,4.87729273893266,True,10,5.0320991583781345e-05,0,-0.06341492524904747,0.29509838961757484,-0.056818955600519014,0.33068877750877884,-0.0766104039043534,0.006899839473963396,0.02829719551410447,-0.058599962057749665,0.4526495483328399,-0.06341492524904747,0.29509838961757484,-0.056818955600519014,0.33068877750877884,-0.0766104039043534,0.006899839473963396,0.02829719551410447,-0.058599962057749665,0.4526495483328399,0.31539509612146116,0.1331908173726356,1.6565144960522868,-0.6604255090864262,0.0,0.0,0.0,0.31539509612146116,0.1331908173726356,1.6565144960522868,-0.6604255090864262,0.0,0.0,0.0
shared_generic,0.0206666666666666,2.06666666666666,dense_zero_nuisance,1.6248308201229738,5.07755994354461,1.6248310046807266,5.0775608806477495,4.877292739094683,True,25,4.571929974711286e-05,0,0.0,0.0,0.0,0.0,0.0,0.0,0.0,0.0,0.0,-0.06341494686316478,0.29509920684839785,-0.05681868536977181,0.33068929364046945,-0.07661054254685128,0.006899945951644159,0.028296988458539066,-0.058598732292693884,0.4526472528168529,0.0,0.0,0.0,0.0,0.0,0.0,0.0,0.3153922775040662,0.13318926088671695,1.6565177177166153,-0.6604240153117,0.0,0.0,0.0
shared_generic,0.0226333333333333,2.26333333333333,dense_nearest_MAP,1.6174017077839846,5.0399779535797835,1.6174017077839846,5.0399779535797835,7.126337056812506,True,10,9.72200031944664e-05,0,-0.07816272949319529,0.36557853065346235,-0.06775821918789048,0.41347108913444974,-0.09321255631140395,0.00943504110797248,0.03288777075143167,-0.06343974376308818,0.5558738499377863,-0.07816272949319529,0.36557853065346235,-0.06775821918789048,0.41347108913444974,-0.09321255631140395,0.00943504110797248,0.03288777075143167,-0.06343974376308818,0.5558738499377863,0.37660302926390316,0.13675929425146177,1.9999070514682438,-0.7727665600685416,0.0,0.0,0.0,0.37660302926390316,0.13675929425146177,1.9999070514682438,-0.7727665600685416,0.0,0.0,0.0
shared_generic,0.0226333333333333,2.26333333333333,dense_zero_nuisance,1.6174017077839846,5.0399779535797835,1.6174019239867459,5.039979043237052,7.126337056988476,True,31,0.00010522819942466743,0,0.0,0.0,0.0,0.0,0.0,0.0,0.0,0.0,0.0,-0.07816277347442115,0.3655794311985595,-0.06775789315752673,0.41347187587757483,-0.0932126751260103,0.009435232874542688,0.03288746375411052,-0.06343783817442314,0.5558706681800922,0.0,0.0,0.0,0.0,0.0,0.0,0.0,0.37659738736682513,0.13675613088632343,1.9999123342124037,-0.7727699227800978,0.0,0.0,0.0
shared_generic,0.021639668515808487,2.163966851580849,dense_nearest_MAP,1.6248308201229738,5.07755994354461,1.6208048953066774,5.0571591625217245,5.948500816543926,True,26,7.943658986740369e-05,0,-0.06341492524904747,0.29509838961757484,-0.056818955600519014,0.33068877750877884,-0.0766104039043534,0.006899839473963396,0.02829719551410447,-0.058599962057749665,0.4526495483328399,-0.07069286913409477,0.32983147588202705,-0.06229347659140332,0.37130007813267873,-0.08487477500043579,0.008110629768377422,0.030631306816271568,-0.06134835908658945,0.5038688839695402,0.31539509612146116,0.1331908173726356,1.6565144960522868,-0.6604255090864262,0.0,0.0,0.0,0.3461798612696058,0.13571028796340723,1.828487088350985,-0.7183725319273145,0.0,0.0,0.0
shared_generic,0.021639668515808487,2.163966851580849,dense_zero_nuisance,1.6248308201229738,5.07755994354461,1.6208051542904172,5.057160472243887,5.948500816839323,True,19,0.00012633993894587686,0,0.0,0.0,0.0,0.0,0.0,0.0,0.0,0.0,0.0,-0.07069298474881164,0.3298324135038198,-0.06229310562551977,0.3713014869229561,-0.08487507938416085,0.008110746324362912,0.030631115824432422,-0.06134839132749424,0.5038688500245292,0.0,0.0,0.0,0.0,0.0,0.0,0.0,0.34617964888612274,0.13571109790451122,1.8284920125698956,-0.7183745411980744,0.0,0.0,0.0
shared_generic,0.021676035026659223,2.1676035026659224,dense_nearest_MAP,1.6174017077839846,5.0399779535797835,1.6206681305410158,5.056467568627865,5.990137796924372,True,25,8.058539374398192e-05,0,-0.07816272949319529,0.36557853065346235,-0.06775821918789048,0.41347108913444974,-0.09321255631140395,0.00943504110797248,0.03288777075143167,-0.06343974376308818,0.5558738499377863,-0.07096537709589522,0.3311343756976647,-0.06249498730078814,0.3728308590408381,-0.08518187241474319,0.008157595660477253,0.030715813961475814,-0.061438222116252175,0.5057758754748536,0.37660302926390316,0.13675929425146177,1.9999070514682438,-0.7727665600685416,0.0,0.0,0.0,0.3473112189122818,0.1357760891481631,1.8348413882669607,-0.7204448805103891,0.0,0.0,0.0
shared_generic,0.021676035026659223,2.1676035026659224,dense_zero_nuisance,1.6174017077839846,5.0399779535797835,1.620668178017343,5.056467808690381,5.990137796947043,True,27,8.588927301886301e-05,0,0.0,0.0,0.0,0.0,0.0,0.0,0.0,0.0,0.0,-0.07096540748370336,0.33113457714408984,-0.0624949324723857,0.3728311646236552,-0.0851819484398284,0.008157608202611723,0.030715791374962068,-0.061438260548362746,0.5057761528211097,0.0,0.0,0.0,0.0,0.0,0.0,0.0,0.34731136137475527,0.13577627349615753,1.834841559392769,-0.7204451423833211,0.0,0.0,0.0
shared_generic,0.02167591467226994,2.167591467226994,dense_nearest_MAP,1.6174017077839846,5.0399779535797835,1.6206685821310802,5.056469852078896,5.98999981305815,True,25,8.056210275976557e-05,0,-0.07816272949319529,0.36557853065346235,-0.06775821918789048,0.41347108913444974,-0.09321255631140395,0.00943504110797248,0.03288777075143167,-0.06343974376308818,0.5558738499377863,-0.07096447479944633,0.33113006299712233,-0.06249431884352803,0.3728257929438033,-0.08518085691569476,0.00815744123960615,0.030715534539992595,-0.0614379280382401,0.5057695612631918,0.37660302926390316,0.13675929425146177,1.9999070514682438,-0.7727665600685416,0.0,0.0,0.0,0.3473074781500001,0.13577588063515336,1.8348203923074673,-0.7204380194668618,0.0,0.0,0.0
shared_generic,0.02167591467226994,2.167591467226994,dense_zero_nuisance,1.6174017077839846,5.0399779535797835,1.6206686298520687,5.056470093378642,5.989999813080821,True,28,8.587653477255786e-05,0,0.0,0.0,0.0,0.0,0.0,0.0,0.0,0.0,0.0,-0.07096450550718804,0.3311302653421703,-0.06249426513800084,0.3728260992496823,-0.08518093321498385,0.008157452526762365,0.030715509279231022,-0.06143797079990338,0.5057698385916825,0.0,0.0,0.0,0.0,0.0,0.0,0.0,0.34730762068390586,0.13577606489403918,1.8348205633888663,-0.7204382821547484,0.0,0.0,0.0
shared_generic,0.021675939673353736,2.1675939673353737,dense_nearest_MAP,1.6174017077839846,5.0399779535797835,1.620668488415879,5.05646937821083,5.990028476191546,True,25,8.056029552465759e-05,0,-0.07816272949319529,0.36557853065346235,-0.06775821918789048,0.41347108913444974,-0.09321255631140395,0.00943504110797248,0.03288777075143167,-0.06343974376308818,0.5558738499377863,-0.07096466206824414,0.33113095890899436,-0.06249445749542202,0.37282684499088903,-0.08518106742815022,0.008157472915423462,0.030715589800691376,-0.06143799127997702,0.5057708728709159,0.37660302926390316,0.13675929425146177,1.9999070514682438,-0.7727665600685416,0.0,0.0,0.0,0.34730825537696175,0.13577592412087586,1.8348247537237365,-0.7204394440297375,0.0,0.0,0.0
shared_generic,0.021675939673353736,2.1675939673353737,dense_zero_nuisance,1.6174017077839846,5.0399779535797835,1.6206685357920405,5.056469617766944,5.990028476214218,True,27,8.58660262389366e-05,0,0.0,0.0,0.0,0.0,0.0,0.0,0.0,0.0,0.0,-0.07096469323954442,0.3311311603105356,-0.062494403651444666,0.3728271509767406,-0.08518114371541634,0.00815748281336149,0.030715569480707024,-0.06143802989509575,0.5057711502980371,0.0,0.0,0.0,0.0,0.0,0.0,0.0,0.3473083976400568,0.13577610823442113,1.8348249251431052,-0.720439706193289,0.0,0.0,0.0
